連番,Year,Season,S,N,Shannon,Simpson,Margalef,Pielou
1,2009.0,Summer,8,427.0,0.3995696489678286,0.15862534210136614,1.1557288463170052,0.1921523836852101
10,2007.0,Summer,19,59.0,2.694196524629052,0.9192760700948004,4.414429112576947,0.9150118388229492
10,2008.0,Summer,28,64.0,3.0365732529676492,0.935546875,6.4921276840003355,0.9112805782763884
10,2009.0,Summer,24,553.0,1.3549450359331203,0.6295890572219915,3.641915469313978,0.4263442686195078
10,2011.0,Summer,27,67.0,2.738863855682357,0.8892849186901314,6.183567350463303,0.8310071059441688
10,2012.0,Summer,21,47.0,2.7426815170487164,0.9117247623358986,5.194606043445431,0.9008577118911262
10,2013.0,Summer,8,13.0,2.031759218569271,0.863905325443787,2.72909871675896,0.9770696496367745
10,2014.0,Summer,27,72.0,2.9378013374783483,0.9282407407407407,6.079501947648392,0.8913673391365268
10,2016.0,Summer,17,25.0,2.7334017778086714,0.9279999999999999,4.970679476476895,0.9647708964603958
10,2017.0,Summer,9,24.0,1.7287752219924015,0.7569444444444444,2.517263843552999,0.7867995105390013
10,2018.0,Summer,12,54.0,1.8129762757675432,0.7469135802469136,2.7575943828289655,0.7295953254108025
10,2019.0,Summer,31,78.0,2.9691275547122737,0.9243918474687706,6.8859318337313,0.864629766480866
10,2020.0,Summer,28,73.0,2.8865739774091,0.9198723963220117,6.29303233612975,0.8662655514073856
10,2021.0,Summer,24,48.0,2.899578881718965,0.9288194444444444,5.941308636568562,0.9123756350601235
10,2022.0,Summer,25,88.0,2.8185384031274823,0.9238119834710744,5.3603293641863266,0.8756281871304835
10,2023.0,Summer,20,99.0,1.7729607977189448,0.6852362003877156,4.134821423524676,0.5918288537899251
11,2007.0,Summer,16,107.0,1.8925076520945998,0.7520307450432352,3.210046961141753,0.6825778511303238
11,2008.0,Summer,15,146.0,2.1353024574748636,0.8543816851191594,2.809210490052869,0.7885017997841285
11,2009.0,Summer,12,79.0,1.666558318597527,0.7258452171126423,2.5174805539307035,0.670672404832475
11,2010.0,Summer,16,142.0,2.1566714516605927,0.8441777425114065,3.0267400023560063,0.7778548020343847
11,2011.0,Summer,23,465.0,1.9545895159854236,0.7569060006937218,3.5818733340807722,0.623375258055201
11,2012.0,Summer,9,42.0,1.315838280868806,0.5623582766439909,2.140371091352432,0.5988638095720046
11,2013.0,Summer,7,23.0,1.8132616328742581,0.8204158790170133,1.913573933422806,0.9318321474167487
11,2014.0,Summer,11,133.0,1.6331542727730946,0.7246311266889027,2.044843780639489,0.6810782319392895
11,2015.0,Summer,12,139.0,1.4203613834889548,0.6327829822472957,2.229214329443426,0.5715954696367096
11,2016.0,Summer,13,149.0,1.7671994367655879,0.7594252511148146,2.398107267006872,0.6889802450191606
11,2017.0,Summer,5,27.0,1.3731530496710267,0.7050754458161865,1.2136523021691166,0.8531879602576788
11,2018.0,Summer,9,18.0,1.9559838465843624,0.8209876543209876,2.767810050089549,0.8902066119047682
11,2019.0,Summer,27,231.0,2.4236892280992475,0.8535447236745939,4.777288584397768,0.7353790028562852
11,2021.0,Summer,10,59.0,1.7807858972574324,0.7888537776501006,2.2072145562884735,0.773385488630034
11,2022.0,Summer,8,36.0,1.7808951781919546,0.8040123456790123,1.9533871929293654,0.8564295473068667
11,2023.0,Summer,7,14.0,1.809514255849282,0.8163265306122449,2.2735390901397072,0.929906376575379
12,2003.0,Summer,19,322.0,1.7895016162146782,0.7336908298290961,3.1171251755278964,0.6077563939604139
12,2004.0,Summer,2,17.0,0.22371807606583377,0.11072664359861584,0.35295612386476116,0.3227569588973983
12,2005.0,Summer,11,130.0,1.3633378581169182,0.6586982248520711,2.054428191887587,0.5685560472897082
12,2007.0,Summer,5,500.0,0.26359586028135373,0.1036720000000001,0.64364476997601,0.1637813165980995
12,2008.0,Summer,4,107.0,0.5537155777342497,0.2667481876146389,0.6420093922283506,0.39942135903008474
12,2010.0,Summer,8,505.0,0.36917763016581406,0.1327634545632781,1.1245777639547219,0.17753691208245326
12,2011.0,Summer,2,13.0,0.2711893730418441,0.14201183431952646,0.3898712452512801,0.3912435636292556
12,2012.0,Summer,9,190.0,0.6888076894384032,0.2689196675900277,1.5246737750730317,0.31348988926451543
12,2014.0,Summer,10,1258.0,0.6647292618163161,0.2970420153624118,1.2609848528558474,0.288688250366448
12,2015.0,Summer,7,99.0,0.6507550685856026,0.27344148556269743,1.3057330811130556,0.3344219510348546
12,2016.0,Summer,4,45.0,0.9332430718573717,0.5609876543209877,0.7880919330415892,0.6731925758563063
12,2017.0,Summer,3,32.0,0.6747074674188231,0.365234375,0.5770780163555853,0.6141452033426616
12,2018.0,Summer,7,366.0,1.2927252326446244,0.6862999790976141,1.0164954624654836,0.6643293541956228
12,2019.0,Summer,5,391.0,0.8260986923528555,0.45479817635939057,0.6701618331607131,0.5132839769528423
12,2020.0,Summer,4,389.0,0.5469333988874541,0.27899630586633717,0.5030535903257938,0.39452905113573766
12,2021.0,Summer,3,257.0,0.6565154408933684,0.4334963436236733,0.36042035996660243,0.5975861071873568
12,2022.0,Summer,8,908.0,0.8442394334945873,0.3566074443517242,1.027712354880661,0.40599334800851633
12,2023.0,Summer,5,4516.0,0.2667040087145208,0.09925745759001936,0.47532007881767957,0.16571251780142293
13,2022.0,Summer,23,8840.0,1.4886889498698341,0.6088941667861018,2.4210298162164365,0.4747860615742475
13,2023.0,Summer,12,5335.0,0.3199330629929614,0.10080989803151374,1.2817459092650003,0.12875053596892924
143,2007.0,Summer,8,14.0,1.90853528164356,0.826530612244898,2.652462271829658,0.9178114620629284
143,2008.0,Summer,14,29.0,2.4416083837896,0.896551724137931,3.860664656853811,0.9251820172264148
143,2009.0,Summer,7,100.0,1.6792043316027068,0.7644444444444445,1.3028834457097553,0.8629403225107362
143,2010.0,Summer,6,60.0,1.7917594692280547,0.8333333333333333,1.2211966833798615,0.9999999999999999
143,2011.0,Summer,8,65.0,1.8392967479776603,0.7928994082840236,1.67689281022913,0.884514765676856
143,2012.0,Summer,10,80.0,2.1333819302645445,0.859375,2.053844202768018,0.9265160001059995
143,2013.0,Summer,3,25.0,0.9502705392332347,0.5599999999999999,0.6213349345596119,0.8649735207179272
143,2014.0,Summer,6,30.22,1.59243840166776,0.7809485349221525,1.4669192300509244,0.8887567940990603
143,2015.0,Summer,2,30.0,0.6365141682948128,0.4444444444444444,0.29401410379520604,0.9182958340544894
143,2016.0,Summer,8,50.0,2.0253262207700677,0.86,1.7893555304473203,0.9739760316291209
143,2017.0,Summer,11,115.0,2.125615691344483,0.8506616257088847,2.1075117050092493,0.8864505950102923
143,2019.0,Summer,1,9.0,-0.0,0.0,,
143,2020.0,Summer,11,117.0,2.3516733019046305,0.8994082840236686,2.0998813014637796,0.9807239409418417
143,2021.0,Summer,9,220.0,1.862614239224064,0.7930991735537191,1.4832318196332064,0.8477122723077235
143,2022.0,Summer,3,36.0,1.0397207708399179,0.625,0.5581106265512472,0.946394630357186
143,2023.0,Summer,3,27.0,1.0986122886681096,0.6666666666666667,0.6068261510845583,0.9999999999999998
15,2005.0,Summer,4,17.0,0.6598720137848266,0.31141868512110715,1.0588683715942835,0.47599704095439155
15,2010.0,Summer,1,3.0,-0.0,0.0,,
15,2015.0,Summer,2,8.0,0.37677016125643675,0.21875,0.48089834696298783,0.5435644431995964
15,2016.0,Summer,1,1.0,-0.0,0.0,,
15,2018.0,Summer,1,1.0,-0.0,0.0,,
15,2020.0,Summer,2,25.0,0.2787693717685874,0.1472,0.31066746727980593,0.4021791902022729
15,2021.0,Summer,1,1.0,-0.0,0.0,,
15,2022.0,Summer,1,3.0,-0.0,0.0,,
18,2004.0,Summer,1,1.0,-0.0,0.0,,
18,2007.0,Summer,1,2.0,-0.0,0.0,,
18,2008.0,Summer,1,2.0,-0.0,0.0,,
18,2009.0,Summer,60,710.0,3.085500708734789,0.915187462804999,8.986689839524058,0.7536006464146273
18,2010.0,Summer,1,1.0,-0.0,0.0,,
18,2011.0,Summer,2,2.0,0.6931471805599453,0.5,1.4426950408889634,1.0
18,2012.0,Summer,3,21.0,1.0124947110267577,0.6077097505668935,0.6569174775061022,0.9216124027287591
18,2016.0,Summer,1,1.0,-0.0,0.0,,
18,2017.0,Summer,1,8.0,-0.0,0.0,,
18,2020.0,Summer,6,132.0,0.9910130243251193,0.5071166207529845,1.02400221824922,0.5530948999265388
18,2021.0,Summer,1,1.0,-0.0,0.0,,
18,2022.0,Summer,8,85.0,0.8571305451271128,0.36733564013840847,1.5756357174724496,0.41219266228311324
181,2007.0,Summer,17,37.0,2.555001327493613,0.8984660336011687,4.431006294541718,0.9018033650214649
181,2008.0,Summer,12,117.0,0.6782794686162197,0.23814741763459712,2.3098694316101573,0.2729597382155531
181,2009.0,Summer,1,50.0,-0.0,0.0,,
181,2010.0,Summer,11,260.0,1.7304276404501977,0.6863905325443788,1.7983406825924928,0.7216443770835618
181,2011.0,Summer,3,41.0,0.9393535230803469,0.5520523497917906,0.538565016128782,0.85503642437785
181,2012.0,Summer,3,37.5,1.0986122886681096,0.6666666666666667,0.5518244660161065,0.9999999999999998
181,2013.0,Summer,1,8.0,-0.0,0.0,,
181,2014.0,Summer,3,156.0,0.5359610497090694,0.2721893491124261,0.39605089672434507,0.4878527713892913
181,2015.0,Summer,3,41.6666665,1.0549201679861442,0.6399999999999999,0.5362359507025259,0.9602297178607612
181,2016.0,Summer,4,341.0,0.41749413513778666,0.18059700208976537,0.5144136583145612,0.30115835918175576
181,2017.0,Summer,5,233.0,0.6977752120266199,0.31210742507690326,0.7338051334757089,0.4335521157018791
181,2019.0,Summer,3,125.0,0.6592855313193172,0.35942399999999997,0.4142232897064078,0.6001075521543588
181,2020.0,Summer,10,321.0,1.8982931076002971,0.8002445628439165,1.559402549205777,0.8244182216657848
181,2021.0,Summer,5,164.0,1.2987272973020973,0.6469363474122546,0.7843342676930767,0.8069446402799803
181,2022.0,Summer,3,89.0,0.8727238391309742,0.5037242772377226,0.4455696196480604,0.7943874723893823
181,2023.0,Summer,10,1375.0,1.5819391541382921,0.6894608925619834,1.2454663278380067,0.687027445348958
2,2003.0,Summer,10,100.0,1.224411121691796,0.5469999999999999,1.954325168564633,0.5317549937317179
2,2004.0,Summer,2,65.0,0.07948700320303707,0.030295857988165587,0.23955611574701857,0.11467550533614675
2,2005.0,Summer,11,169.0,1.176660585136246,0.5848534715171038,1.9493562262564004,0.4907055777140216
2,2007.0,Summer,2,3.0,0.6365141682948128,0.4444444444444444,0.9102392266268373,0.9182958340544894
2,2008.0,Summer,20,167.0,1.9561109903686307,0.7630965613682813,3.712392139651309,0.6529658900553206
2,2009.0,Summer,4,162.0,1.1517728615523546,0.6132449321749733,0.5896694238936648,0.8308284977960363
2,2010.0,Summer,12,314.0,1.6313155430155795,0.7494827376364153,1.913245455122127,0.6564896685977137
2,2011.0,Summer,28,146.0,2.7370199586082373,0.9063614186526553,5.417763087959105,0.8213841468164652
2,2012.0,Summer,3,3.0,1.0986122886681096,0.6666666666666667,1.8204784532536746,0.9999999999999998
2,2013.0,Summer,6,35.0,1.402420585493961,0.659591836734694,1.4063320703136417,0.7827058316584017
2,2014.0,Summer,3,68.0,0.680061017013043,0.3680795847750865,0.47398894367382777,0.6190182141850127
2,2015.0,Summer,4,12.0,0.8369882167858358,0.41666666666666674,1.207288813145534,0.603759374819711
2,2016.0,Summer,4,199.0,1.1396596220944155,0.6374081462589328,0.5667536821207241,0.8220906425485017
2,2017.0,Summer,15,276.0,1.7654569399792572,0.768982356647763,2.49092552906609,0.6519291774061996
2,2018.0,Summer,9,33.0,1.7450700293734644,0.7731864095500459,2.287997340021395,0.7942155969732873
2,2019.0,Summer,10,490.0,1.1731390505554447,0.6091295293627655,1.4529239582743867,0.5094878161614496
2,2020.0,Summer,20,480.0,1.2300705204364306,0.4757899305555553,3.0775280646654863,0.41060762715525806
2,2021.0,Summer,9,110.0,1.13283303356606,0.5249586776859503,1.7019537105653548,0.5155745321852522
2,2022.0,Summer,14,539.0,1.3517894332977536,0.5907455915407148,2.066866117146411,0.5122243530400409
2,2023.0,Summer,3,116.0,0.5391345419531922,0.2742271105826397,0.4207346278486228,0.49074140851528786
20,2022.0,Summer,5,4080.0,0.31776495154244827,0.12216455209534793,0.48112473873098865,0.19743846537196533
20,2023.0,Summer,13,2401.0,0.8486624497800851,0.3300915330815407,1.5416950271092522,0.3308690860937637
23,2007.0,Summer,5,7.0,1.5498260458782016,0.7755102040816326,2.055593369479003,0.9629610647945144
23,2008.0,Summer,12,245.0,1.1594533413738504,0.5913202832153269,1.9995425735362446,0.4665983494682865
23,2009.0,Summer,3,380.0,0.32644204095666557,0.14819944598337953,0.3366906297666176,0.29714035089888163
23,2010.0,Summer,5,90.0,1.5229550675313184,0.7654320987654322,0.8889264864632416,0.946265187221801
23,2011.0,Summer,1,5.0,-0.0,0.0,,
23,2013.0,Summer,1,5.0,-0.0,0.0,,
23,2014.0,Summer,1,85.0,-0.0,0.0,,
23,2015.0,Summer,2,60.0,0.45056120886630463,0.2777777777777777,0.2442393366759723,0.6500224216483541
23,2016.0,Summer,8,960.0,0.918849588858551,0.5303276909722223,1.0193778954921864,0.44187324838969816
23,2017.0,Summer,3,70.0,0.6559757323365467,0.3571428571428572,0.47075491110477363,0.5970948432879916
23,2019.0,Summer,6,119.0,1.579367310308059,0.7551726572982134,1.046216949029845,0.8814616791105889
23,2020.0,Summer,5,404.0,1.0839201613273297,0.5921233212430154,0.666509495067422,0.6734774625061604
23,2021.0,Summer,4,156.0,1.2409737358429083,0.6918145956607494,0.5940763450865176,0.8951733272870072
23,2022.0,Summer,30,344.0,2.4101805068499265,0.8298235532720389,4.965207883176594,0.7086270617061566
23,2023.0,Summer,43,371.0,2.8673831662822935,0.88679971810725,7.0991490073429695,0.7623585765400175
254,2007.0,Summer,23,443.0,1.734415673241477,0.7017615376384083,3.610363191071995,0.5531554370058096
254,2008.0,Summer,20,63.0,2.5881648124540755,0.8924162257495591,4.585899627876226,0.8639506391482716
254,2009.0,Summer,6,390.0,0.5892986246694031,0.23668639053254426,0.8380618544314249,0.32889382464002886
254,2010.0,Summer,19,530.0,2.4088807329802684,0.8629405482378071,2.8694967207576036,0.8181119561398462
254,2011.0,Summer,17,346.0,2.0561021694387698,0.800778509138294,2.7367087239944667,0.7257138519950346
254,2012.0,Summer,16,321.42852,2.1484006069574226,0.8345679012345679,2.5984036301995124,0.7748717253750782
254,2013.0,Summer,7,240.0,1.2141368187614339,0.5347222222222223,1.0947628705197225,0.6239428985715834
254,2014.0,Summer,18,900.0,1.6013066516987997,0.585925925925926,2.4991198822592513,0.5540140804808978
254,2015.0,Summer,8,680.0,1.0195501199793853,0.48269896193771633,1.0732751306396515,0.49029996734400233
254,2016.0,Summer,9,620.0,0.7684688674890592,0.29292403746097795,1.2442222444267115,0.34974525381502136
254,2019.0,Summer,16,568.0,2.0606049959062815,0.8018312338821663,2.36513920337789,0.7432061522062539
254,2020.0,Summer,9,355.0,1.88775610145654,0.7992699861138663,1.3623704916714006,0.8591548269249473
254,2021.0,Summer,8,281.0,1.885446391972587,0.8261293549980371,1.241496927831103,0.9067080531869467
254,2022.0,Summer,20,1319.0,2.294822641227789,0.846857700569216,2.644534546757221,0.7660306167831624
254,2023.0,Summer,1,22.0,-0.0,0.0,,
26,2003.0,Summer,7,19.0,1.3827187230197877,0.6260387811634349,2.0377396313706515,0.7105768597234874
26,2004.0,Summer,16,292.0,0.9919015112737858,0.3912084818915368,2.6423552125875873,0.3577528478412398
26,2005.0,Summer,7,7.0,1.945910149055313,0.8571428571428572,3.0833900542185044,0.9999999999999999
26,2007.0,Summer,5,30.0,1.0833071279684077,0.5511111111111111,1.1760564151808242,0.6730965634642117
26,2008.0,Summer,7,38.0,1.385624902857637,0.6468144044321329,1.6494454664549614,0.7120703407247866
26,2009.0,Summer,20,140.0,2.1444052518588497,0.8219387755102041,3.844875524192127,0.7158200586846273
26,2010.0,Summer,13,75.0,1.9323548084629778,0.8092444444444444,2.7793938707966013,0.75336957544276
26,2011.0,Summer,15,69.0,2.2269697193401137,0.8594833018273472,3.306482721868059,0.8223517121040479
26,2012.0,Summer,6,48.0,0.6995903985811894,0.29861111111111105,1.291588834036644,0.39044883568138444
26,2013.0,Summer,2,5.0,0.5004024235381879,0.31999999999999984,0.6213349345596119,0.7219280948873623
26,2015.0,Summer,18,224.0,1.9952867697848082,0.7833227040816326,3.1413732230644738,0.690321846777638
26,2016.0,Summer,9,126.0,1.402981588407108,0.6477702191987906,1.6541632919497766,0.6385244380016889
26,2017.0,Summer,11,136.0,1.9144852734591986,0.810553633217993,2.0355592307196484,0.7984023719371918
26,2018.0,Summer,9,53.0,1.489971331445449,0.6585973656105375,2.0149651900135974,0.6781151762155323
26,2019.0,Summer,8,45.0,1.1637679877899074,0.505679012345679,1.8388811770970415,0.5596541015766091
26,2020.0,Summer,9,197.0,0.9899412087864049,0.43721817104279936,1.5142327289943405,0.45054166014588687
26,2021.0,Summer,5,34.0,1.1285346566311303,0.5484429065743944,1.1343139682053336,0.7011980070261573
26,2022.0,Summer,9,21.0,1.8562701281920884,0.7891156462585034,2.6276699100244088,0.8448249429480333
27,2007.0,Summer,1,2.0,-0.0,0.0,,
27,2008.0,Summer,4,16.0,1.1432752061942137,0.6328125,1.0820212806667227,0.8246987351738496
27,2010.0,Summer,6,22.0,1.4289105655000567,0.7107438016528925,1.6175772657433625,0.7974901709969336
27,2011.0,Summer,2,3.0,0.6365141682948128,0.4444444444444444,0.9102392266268373,0.9182958340544894
27,2012.0,Summer,6,36.0,0.9318226383470305,0.44753086419753085,1.3952765663781181,0.5200601165224975
27,2013.0,Summer,2,5.0,0.5004024235381879,0.31999999999999984,0.6213349345596119,0.7219280948873623
27,2014.0,Summer,1,9.0,-0.0,0.0,,
27,2015.0,Summer,2,3.0,0.6365141682948128,0.4444444444444444,0.9102392266268373,0.9182958340544894
27,2017.0,Summer,3,8.0,0.7356219397587946,0.40625,0.9617966939259757,0.6695919455357792
27,2019.0,Summer,6,15.0,1.617053152509554,0.7733333333333333,1.8463468653442754,0.9024945481137767
27,2021.0,Summer,4,24.0,0.623848004006291,0.29513888888888873,0.9439739413323746,0.45001121082417717
27,2023.0,Summer,1,1.0,-0.0,0.0,,
274,2007.0,Summer,12,53.0,1.2314287838313274,0.47561409754360995,2.770577136268696,0.4955633983016572
274,2008.0,Summer,8,14.0,1.8468891232610354,0.8061224489795918,2.652462271829658,0.8881659264001538
274,2009.0,Summer,1,62.5,-0.0,0.0,,
274,2010.0,Summer,4,50.0,1.3200166381323717,0.7176,0.7668666559059943,0.952190728862247
274,2011.0,Summer,4,89.0,1.1669040639747552,0.6203762151243529,0.6683544294720906,0.8417433531447785
274,2012.0,Summer,1,8.333333333,-0.0,0.0,,
274,2013.0,Summer,1,17.0,-0.0,0.0,,
274,2014.0,Summer,3,40.0,1.0397207708399179,0.625,0.5421700613636335,0.946394630357186
274,2015.0,Summer,1,10.0,-0.0,0.0,,
274,2016.0,Summer,5,110.0,1.159588814308626,0.5619834710743803,0.8509768552826774,0.720493040054508
274,2017.0,Summer,3,116.0,0.7547005497075601,0.43683115338882283,0.4207346278486228,0.6869580447006585
274,2019.0,Summer,2,30.0,0.6931471805599453,0.5,0.29401410379520604,1.0
274,2020.0,Summer,2,177.0,0.5607781057608533,0.3735835807079704,0.19319379300543385,0.8090317922202898
274,2021.0,Summer,1,15.0,-0.0,0.0,,
274,2022.0,Summer,1,89.0,-0.0,0.0,,
274,2023.0,Summer,4,252.0,1.0082793278000588,0.5617598891408415,0.5425514917581086,0.7273197930240012
28,2018.0,Summer,4,22.0,0.9450230556973245,0.49586776859504134,0.9705463594460175,0.6816900379901324
28,2022.0,Summer,6,16.0,1.6631355916141728,0.7890625,1.8033688011112043,0.9282136470754653
28,2023.0,Summer,1,1.0,-0.0,0.0,,
3,2009.0,Summer,9,257.0,0.6072750463513789,0.26395554815364364,1.4416814398664097,0.2763827842703279
313,2007.0,Summer,20,130.0,1.9065746574464164,0.7436686390532544,3.903413564586415,0.6364302558935112
313,2008.0,Summer,3,9.0,0.8486855577264172,0.49382716049382713,0.9102392266268373,0.7725068857142601
313,2009.0,Summer,3,760.0,0.2868859390092572,0.125,0.3015082149479954,0.2611348352539003
313,2010.0,Summer,18,850.0,1.869646097535625,0.726643598615917,2.520297157756312,0.646853157358726
313,2011.0,Summer,13,1141.0,1.0735786710918391,0.4313666149210259,1.704627695601125,0.41855745337378975
313,2012.0,Summer,15,620.0,1.7069123085864784,0.6446409989594173,2.1773889277467453,0.6303104380752409
313,2013.0,Summer,10,1417.0,0.6024119074656504,0.2197272857214715,1.2403020028964042,0.2616241672451443
313,2014.0,Summer,21,1270.0,1.6002407776565035,0.5923491846983694,2.7984661463676006,0.5256130675302568
313,2015.0,Summer,3,40.0,1.0397207708399179,0.625,0.5421700613636335,0.946394630357186
313,2016.0,Summer,8,440.0,1.4972484350138824,0.703512396694215,1.1500343472627503,0.7200242973910965
313,2017.0,Summer,5,470.0,0.48060678619896585,0.19827976459936636,0.6501176304055847,0.2986177860518398
313,2019.0,Summer,9,419.0,1.3597810256921852,0.6248426472849893,1.3249703589395656,0.6188630146039511
313,2020.0,Summer,5,35.0,1.6094379124341005,0.7999999999999999,1.1250656562509134,1.0000000000000002
313,2021.0,Summer,3,1742.0,0.06468819971921932,0.020505746459788088,0.2679963158296508,0.05888173688430459
313,2022.0,Summer,20,891.0,1.5550263743445218,0.5891134817434857,2.7972668646125802,0.5190805560537338
313,2023.0,Summer,12,366.0,1.450082551716452,0.5579145391023919,1.8635750145200531,0.5835561476082676
32,2003.0,Summer,4,5.0,1.3321790402101223,0.72,1.8640048036788355,0.9609640474436812
32,2004.0,Summer,1,2.0,-0.0,0.0,,
32,2007.0,Summer,9,32.0,1.72895146475812,0.767578125,2.3083120654223412,0.7868797220783843
32,2009.0,Summer,6,920.0,0.7627019434650785,0.3275047258979207,0.7326679695088314,0.42567205953914894
32,2022.0,Summer,1,20.0,-0.0,0.0,,
32,2023.0,Summer,7,99.0,1.7677614722893296,0.7933884297520661,1.3057330811130556,0.9084496903145964
328,2007.0,Summer,18,130.0,1.0160061263658091,0.3558579881656804,3.4925279262088975,0.3515139959384798
328,2008.0,Summer,7,13.0,1.5171515848932915,0.6745562130177516,2.33922747150768,0.7796616846003026
328,2009.0,Summer,7,1075.0,0.6379379403425818,0.2717685235262305,0.8595895017607952,0.3278352500768257
328,2010.0,Summer,9,799.0,0.9595077386036092,0.40754635409405693,1.1970025358375684,0.4366907909645074
328,2011.0,Summer,7,540.0,1.4189037500152293,0.6882030178326475,0.9536571667431777,0.7291722851150495
328,2012.0,Summer,10,374.99999999984993,1.7848090666535368,0.7664197530864197,1.5184937285474294,0.7751327288985241
328,2013.0,Summer,3,50.0,1.0065819093461585,0.6088,0.5112444372706629,0.9162303386998126
328,2014.0,Summer,10,732.0,1.1696667560455904,0.486428379467885,1.364508715981326,0.5079798178162769
328,2015.0,Summer,1,10.0,-0.0,0.0,,
328,2016.0,Summer,9,199.0,1.848965289490125,0.7992222418625792,1.511343152321931,0.8415003675826789
328,2017.0,Summer,8,516.0,1.591713505321144,0.733497085511688,1.1206981024859752,0.7654523935476011
328,2019.0,Summer,11,359.0,1.3738002825871682,0.5842754168574111,1.6997198758930332,0.5729192171866322
328,2020.0,Summer,6,338.0,1.1783537775224988,0.5641083995658416,0.8586571512133432,0.6576517650721109
328,2021.0,Summer,13,437.0,1.539316633860751,0.6047787860856997,1.9737058969134502,0.6001352928792997
328,2022.0,Summer,8,197.0,1.8213591825052151,0.8070292973279394,1.324953637870048,0.8758886200926168
328,2023.0,Summer,9,392.0,0.9316510344280783,0.36476988754685535,1.3397503265877098,0.42401265853195347
35,2007.0,Summer,23,87.0,2.738154818688084,0.9023649094992734,4.926209723864136,0.8732769477862612
35,2008.0,Summer,58,593.0,2.104925950402977,0.6787336235848815,8.926901271627251,0.5183981021124378
35,2010.0,Summer,7,26.0,1.1504319086226074,0.5029585798816569,1.8415660585808091,0.5912050508504264
35,2011.0,Summer,43,165.0,3.149554110964471,0.9298071625344353,8.225704762161312,0.8373800952049837
35,2012.0,Summer,38,639.0,1.6029256310842168,0.5425682245096384,5.727638893316303,0.4406564025427199
35,2013.0,Summer,8,28.0,1.5297063618815705,0.6887755102040816,2.1007113995028917,0.7356332607676134
35,2014.0,Summer,18,188.0,1.8965778156715725,0.7529425079221368,3.2464792163594667,0.6561708923740828
35,2015.0,Summer,10,18.0,1.9795962153613327,0.8024691358024691,3.1137863063507423,0.859727712727988
35,2016.0,Summer,56,441.0,3.0790371305786595,0.8974244270648547,9.032615315708904,0.7649113337513959
35,2017.0,Summer,37,162.0,3.081172173844395,0.9346136259716507,7.076033086723978,0.8532933310544564
35,2018.0,Summer,19,52.0,2.684135348325084,0.9134615384615384,4.555527646991703,0.911594829207482
35,2019.0,Summer,17,71.0,2.1579798736813065,0.79071612775243,3.7535072915457692,0.7616722115927208
35,2020.0,Summer,18,128.0,2.266060236616767,0.8572998046875,3.5036879564446255,0.7840030371270236
35,2021.0,Summer,31,125.0,2.999540514664825,0.932352,6.213349345596118,0.8734862234626593
35,2022.0,Summer,38,244.0,3.0210731426455366,0.9255240526740124,6.730738169837713,0.8305158998275872
35,2023.0,Summer,56,4594.0,2.92975727190821,0.8982028573924953,6.522378697424538,0.7278264104603364
38,2022.0,Summer,33,2380.0,2.955064822172918,0.9153308382176399,4.115831979443158,0.8451475565903039
38,2023.0,Summer,37,2392.0,2.504888179469496,0.8546849308173287,4.627317687540644,0.6936984556470301
39,2022.0,Summer,19,95.0,2.036592671798867,0.752797783933518,3.952676022753347,0.6916742667139323
39,2023.0,Summer,10,58.0,1.7643453952840864,0.7782401902497027,2.21650691233045,0.7662454693432903
396,2007.0,Summer,18,47.0,2.549498015229675,0.8936170212765957,4.415415136928616,0.8820657786545065
396,2008.0,Summer,14,34.0,2.2104952696871023,0.8494809688581315,3.686520396667334,0.8376079007004236
396,2009.0,Summer,10,290.0,1.8446371359337521,0.7776456599286563,1.5873349233001028,0.8011157292498471
396,2010.0,Summer,13,370.0,2.0545700740497668,0.8049671292914535,2.0292540628724662,0.8010177932257972
396,2011.0,Summer,6,70.0,1.7478680974667573,0.8163265306122449,1.1768872777619341,0.9755037590061084
396,2012.0,Summer,17,570.0,2.427737581673309,0.8833487226839027,2.521417725536161,0.8568848465882202
396,2013.0,Summer,21,680.0,2.6240666185444947,0.9070069204152249,3.0665003732561473,0.8618976119311084
396,2014.0,Summer,13,520.0,1.9367766100343713,0.8002958579881657,1.918824509201259,0.7550935087276531
396,2015.0,Summer,11,220.0,1.9183861055319413,0.7603305785123967,1.854039774541508,0.800029145265032
396,2016.0,Summer,17,630.0,2.1437312934765576,0.7770219198790628,2.4822673725097095,0.7566430879530764
396,2017.0,Summer,19,1050.0,2.129256726713551,0.7807709750566894,2.587491183245307,0.7231451362311253
396,2019.0,Summer,16,313.0,2.1654467896631986,0.7896783676469087,2.6104193504145776,0.7810198361890057
396,2020.0,Summer,7,72.0,1.9061547465398496,0.84375,1.4029619879188597,0.979569764547061
396,2021.0,Summer,26,590.0,2.5888117541866995,0.8549899454179833,3.918420039021386,0.7945779764275451
396,2022.0,Summer,31,1238.0,2.758600978052484,0.8836833602584815,4.212742097962217,0.8033230218358014
396,2023.0,Summer,14,206.0,2.371642780434731,0.8746347440852107,2.4399966493503205,0.8986704281943306
4,2003.0,Summer,15,225.0,1.2192744397976059,0.5884049382716048,2.5848856114819854,0.4502407079829414
4,2004.0,Summer,5,21.0,0.7509687782493434,0.3356009070294784,1.3138349550122044,0.4666031366898674
4,2005.0,Summer,9,45.0,1.1572999329634175,0.47999999999999987,2.1015784881109045,0.5267098979779559
4,2007.0,Summer,4,20.0,0.8260651866153443,0.41500000000000004,1.0014246020860023,0.5958800740904867
4,2008.0,Summer,7,117.0,1.113316376949006,0.5360508437431513,1.2599287808782678,0.5721314406471907
4,2010.0,Summer,15,252.0,1.2579378207388991,0.559397833207357,2.5319069615378402,0.4645179104238551
4,2011.0,Summer,10,154.0,1.0703721374949553,0.5468038455051442,1.7867946574854288,0.4648567128970478
4,2012.0,Summer,11,158.0,1.0184126075472872,0.465870854029803,1.9752715622645642,0.4247110451820476
4,2013.0,Summer,7,80.0,0.8191295272261625,0.3787499999999999,1.3692294685120123,0.4209493062276425
4,2014.0,Summer,3,178.0,0.16885927041841448,0.06564827673273577,0.3859674918083494,0.15370233171442957
4,2015.0,Summer,9,58.0,1.7355093321310693,0.7556480380499405,1.9702283665159555,0.7898643361413217
4,2016.0,Summer,15,126.0,2.188291542792199,0.8653313177122701,2.894785760912109,0.8080690460987531
4,2017.0,Summer,6,37.0,0.9110962905654578,0.4119795471146822,1.3846894670442869,0.5084925215760049
4,2018.0,Summer,9,66.0,1.728278671078423,0.7736455463728191,1.9094652167282433,0.7865735204790409
4,2019.0,Summer,19,325.0,1.6195838377644296,0.6720189349112426,3.1121272570602767,0.5500483620899923
4,2020.0,Summer,21,153.0,1.732003352541247,0.617283950617284,3.975797000684179,0.5688916366917541
4,2021.0,Summer,15,169.0,1.3273402978046382,0.5382164490038863,2.72909871675896,0.4901461196193461
4,2022.0,Summer,23,281.0,1.3237127683701793,0.4617216094021098,3.901847487469181,0.42217037481535263
4,2023.0,Summer,7,85.0,0.950666919714228,0.444567474048443,1.3505449006906711,0.4885461541868987
40,2022.0,Summer,17,92.0,2.485390961068194,0.8979206049149339,3.5384228447146335,0.8772339599071433
40,2023.0,Summer,9,31.0,1.7400875227152515,0.7533818938605619,2.3296534097596995,0.7919479604696699
410,2007.0,Summer,11,21.0,2.13650705762401,0.8480725623582767,3.2845873875305105,0.8909926475357208
410,2008.0,Summer,6,25.0,1.297389524725291,0.6304,1.5533373363990297,0.724086880525457
410,2009.0,Summer,5,140.0,1.4327570529970874,0.7346938775510203,0.80944747877729,0.8902220097637676
410,2010.0,Summer,10,390.0,1.624809216816813,0.7034845496383958,1.508511337976565,0.7056456770090861
410,2011.0,Summer,4,70.0,1.351783994289646,0.7346938775510204,0.7061323666571605,0.9751060324573735
410,2012.0,Summer,9,320.0,1.6989117234101692,0.744140625,1.3868853702548032,0.7732080466120699
410,2013.0,Summer,7,320.0,1.5310109001067378,0.724609375,1.0401640276911024,0.7867839637148726
410,2014.0,Summer,10,150.0,2.0791512728828505,0.8355555555555556,1.7961794207221955,0.902963924855144
410,2015.0,Summer,3,50.0,1.0549201679861442,0.6399999999999999,0.5112444372706629,0.9602297178607612
410,2016.0,Summer,10,200.0,2.1081697690535046,0.855,1.6986524923597937,0.9155664976151897
410,2017.0,Summer,17,810.0,1.6577804321028538,0.6060051821368695,2.389117243289452,0.5851237555338721
410,2019.0,Summer,7,144.0,1.7868083399845722,0.8125,1.207288813145534,0.9182378440505177
410,2020.0,Summer,1,9.0,-0.0,0.0,,
410,2021.0,Summer,9,170.0,1.9134548104661184,0.8053287197231834,1.5576935306274964,0.8708508134320406
410,2022.0,Summer,16,518.0,1.9893303398093658,0.7511515928504345,2.4000095070100183,0.7174992539832321
410,2023.0,Summer,7,72.0,1.9061547465398496,0.84375,1.4029619879188597,0.979569764547061
426,2007.0,Summer,4,5.0,1.3321790402101223,0.72,1.8640048036788355,0.9609640474436812
426,2008.0,Summer,4,5.0,1.3321790402101223,0.72,1.8640048036788355,0.9609640474436812
426,2009.0,Summer,2,2.0,0.6931471805599453,0.5,1.4426950408889634,1.0
426,2010.0,Summer,5,8.0,1.559581156259877,0.78125,1.9235933878519513,0.9690222556651344
426,2011.0,Summer,4,9.0,1.1490596969706204,0.6172839506172839,1.365358839940256,0.8288713632524446
426,2012.0,Summer,7,7.0,1.945910149055313,0.8571428571428572,3.0833900542185044,0.9999999999999999
426,2013.0,Summer,4,9.0,1.310783678099714,0.7160493827160495,1.365358839940256,0.9455305560363264
426,2014.0,Summer,14,25.0,2.2966816262010967,0.8576,4.038677074637477,0.8702659091289707
426,2015.0,Summer,6,10.0,1.6094379124341005,0.76,2.1714724095162588,0.8982444017039273
426,2016.0,Summer,17,52.0,2.3713481231022735,0.8653846153846154,4.04935790843707,0.8369818418641549
426,2017.0,Summer,11,33.0,1.7729265974041584,0.7456382001836548,2.8599966750267436,0.7393678187351082
426,2018.0,Summer,5,21.0,1.301467358086001,0.6575963718820862,1.3138349550122044,0.8086471357678363
426,2019.0,Summer,5,11.0,1.4681399390162087,0.743801652892562,1.6681295656969852,0.9122066329329885
426,2022.0,Summer,4,8.0,1.0735428464085233,0.5625,1.4426950408889636,0.7743974703476993
426,2023.0,Summer,9,88.0,1.3449102620806146,0.6064049586776858,1.7867764547287757,0.6120950384193778
44,2007.0,Summer,21,161.0,1.211194117348542,0.4123297712279619,3.9359197897766895,0.3978272921694171
44,2008.0,Summer,14,51.0,2.282391246377311,0.8465974625144175,3.3063521158725493,0.864850952938584
44,2009.0,Summer,16,30.0,2.4963801622956447,0.8911111111111111,4.410211556928091,0.9003788200793781
44,2010.0,Summer,24,90.0,2.2320723870924857,0.7550617283950617,5.11132729716364,0.7023393895276184
44,2011.0,Summer,17,36.0,2.5721146737487586,0.904320987654321,4.464885012409978,0.9078436253820366
44,2012.0,Summer,29,218.0,1.8593249669085699,0.6583620907331033,5.200116199103062,0.5521715527192151
44,2013.0,Summer,34,153.0,2.9457399423537716,0.9193899782135077,6.560065051128896,0.8353484908280643
44,2014.0,Summer,41,159.0,3.1595610207282094,0.9298682805268779,7.891251916435824,0.8508145160441796
44,2015.0,Summer,30,345.0,1.1009310891625617,0.3570006301197226,4.962741434030648,0.32368926752041066
44,2016.0,Summer,25,53.0,2.919602462256307,0.9255962976148095,6.044895570040792,0.907025502413052
44,2017.0,Summer,28,119.0,2.687166452063872,0.8971117858908269,5.649571524761163,0.8064230283160453
44,2018.0,Summer,16,31.0,2.6040124243839116,0.9136316337148803,4.368100143299437,0.939198952767979
44,2019.0,Summer,6,9.0,1.6769877743224173,0.7901234567901234,2.275598066567093,0.935944697445866
44,2020.0,Summer,10,16.0,2.0963525794641384,0.84375,3.2460638420001677,0.9104343573849235
44,2021.0,Summer,23,105.0,2.6131944997194774,0.8985034013605442,4.727156732062697,0.833423479604507
44,2022.0,Summer,30,141.0,2.7560426173002477,0.8998541320859113,5.860053961475167,0.8103154001469264
44,2023.0,Summer,32,175.0,2.363477914846138,0.7814530612244898,6.002184825569905,0.6819555733998222
5,2009.0,Summer,4,99.0,0.31176895467315346,0.13365983062952758,0.6528665405565278,0.22489376240504727
528,2008.0,Summer,9,25.0,1.7201877092785527,0.7456,2.4853397382384474,0.7828911650733503
528,2009.0,Summer,4,320.0,0.970547944345888,0.537109375,0.5200820138455512,0.7001023531263951
528,2010.0,Summer,6,190.0,1.6341665579811735,0.775623268698061,0.9529211094206448,0.9120457215639679
528,2011.0,Summer,5,810.0,0.5175331142169597,0.24295076969974094,0.597279310822363,0.32156140365442676
528,2012.0,Summer,5,200.0,1.094408629847781,0.5399999999999999,0.7549566632710194,0.6799943144079456
528,2013.0,Summer,6,960.0,0.5831350822010636,0.24696180555555558,0.7281270682087045,0.3254538860912487
528,2014.0,Summer,5,170.3,1.1982552953384888,0.6586421875113139,0.778579474278409,0.7445178755148484
528,2015.0,Summer,8,320.0,1.2106791197608946,0.51171875,1.2135246989729527,0.5822135873956193
528,2016.0,Summer,4,1050.0,0.4595156417806467,0.222766439909297,0.43124853054088447,0.33147046880392417
528,2017.0,Summer,3,1250.0,0.1879602446757005,0.07731200000000005,0.28046955195925616,0.17108878775020073
528,2019.0,Summer,2,27.0,0.6365141682948128,0.4444444444444444,0.30341307554227914,0.9182958340544894
528,2020.0,Summer,2,18.0,0.6931471805599453,0.5,0.3459762562611936,1.0
528,2021.0,Summer,4,458.0,0.35706792525527686,0.14870997883335546,0.4896464915194262,0.2575700625131495
528,2022.0,Summer,1,138.0,-0.0,0.0,,
528,2023.0,Summer,4,63.0,1.351783994289646,0.7346938775510204,0.7240894149278252,0.9751060324573735
550,2007.0,Summer,12,141.0,1.9705330940838999,0.8239022181982798,2.2227790888354084,0.7930008534735161
550,2008.0,Summer,12,141.0,1.9705330940838999,0.8239022181982798,2.2227790888354084,0.7930008534735161
550,2009.0,Summer,7,42.0,1.2313993126275307,0.5759637188208617,1.6052783185143238,0.6328140655545385
550,2010.0,Summer,9,41.0,1.7977981052502998,0.793575252825699,2.154260064515128,0.8182131784771132
550,2011.0,Summer,9,79.0,1.3362820100342816,0.6329113924050633,1.8308949483132388,0.60816815168448
550,2012.0,Summer,11,58.0,2.0204844856238693,0.8341260404280618,2.4627854581449444,0.8426074768753105
550,2013.0,Summer,6,42.0,1.4613509177819857,0.7199546485260772,1.3377319320952699,0.8155954763345442
550,2014.0,Summer,9,75.0,1.3091390379685015,0.5859555555555556,1.852929247197734,0.5958148527337254
550,2015.0,Summer,14,85.0,1.4001108906272977,0.5373010380622838,2.9261806181631207,0.530534473395247
550,2016.0,Summer,15,78.0,1.7208274146011777,0.6788297172912559,3.2134348557412733,0.6354488605494756
550,2017.0,Summer,8,18.0,1.7485471551746843,0.7716049382716049,2.421833793828355,0.8408734365103406
550,2018.0,Summer,6,46.0,1.3952190286248871,0.6833648393194707,1.3059462828211212,0.7786865662420583
550,2019.0,Summer,6,17.0,1.3945573191650285,0.6643598615916955,1.7647806193238058,0.7783172591608217
550,2022.0,Summer,2,7.0,0.410116318288409,0.24489795918367352,0.5138983423697507,0.5916727785823274
550,2023.0,Summer,7,58.0,1.0238970033217452,0.45778834720570727,1.4776712748869667,0.5261789727644
59,2007.0,Summer,2,2.0,0.6931471805599453,0.5,1.4426950408889634,1.0
59,2008.0,Summer,0,0.0,,,,
59,2009.0,Summer,3,10.0,0.8979457248567798,0.54,0.8685889638065035,0.8173454221465101
59,2011.0,Summer,1,1.0,-0.0,0.0,,
59,2012.0,Summer,2,3.0,0.6365141682948128,0.4444444444444444,0.9102392266268373,0.9182958340544894
59,2013.0,Summer,9,14.0,2.1065773332321154,0.8673469387755102,3.0313854535196096,0.958744661315413
59,2014.0,Summer,1,1.0,-0.0,0.0,,
59,2016.0,Summer,1,1.0,-0.0,0.0,,
59,2017.0,Summer,4,9.0,1.2730283365896256,0.691358024691358,1.365358839940256,0.9182958340544894
59,2018.0,Summer,1,1.0,-0.0,0.0,,
59,2019.0,Summer,11,17.0,2.2623862541833204,0.8788927335640139,3.5295612386476116,0.9434883499074129
59,2022.0,Summer,2,2.0,0.6931471805599453,0.5,1.4426950408889634,1.0
59,2023.0,Summer,1,1.0,-0.0,0.0,,
598,2007.0,Summer,2,3.0,0.6365141682948128,0.4444444444444444,0.9102392266268373,0.9182958340544894
598,2008.0,Summer,2,3.0,0.6365141682948128,0.4444444444444444,0.9102392266268373,0.9182958340544894
598,2009.0,Summer,3,3.0,1.0986122886681096,0.6666666666666667,1.8204784532536746,0.9999999999999998
598,2010.0,Summer,3,6.0,0.8675632284814612,0.5,1.1162212531024944,0.7896900821428474
598,2011.0,Summer,5,5.0,1.6094379124341005,0.7999999999999999,2.4853397382384474,1.0000000000000002
598,2012.0,Summer,4,6.0,1.242453324894,0.6666666666666666,1.6743318796537419,0.8962406251802889
598,2013.0,Summer,3,6.0,1.0114042647073518,0.6111111111111112,1.1162212531024944,0.920619835714305
598,2014.0,Summer,6,7.0,1.7478680974667573,0.8163265306122449,2.5694917118487535,0.9755037590061084
598,2015.0,Summer,5,9.0,1.303092403761719,0.6419753086419753,1.8204784532536746,0.809656833416415
598,2016.0,Summer,6,10.0,1.6957425341696346,0.7999999999999999,2.1714724095162588,0.9464119282150146
598,2017.0,Summer,2,5.0,0.5004024235381879,0.31999999999999984,0.6213349345596119,0.7219280948873623
598,2018.0,Summer,1,1.0,-0.0,0.0,,
598,2019.0,Summer,4,6.0,1.242453324894,0.6666666666666666,1.6743318796537419,0.8962406251802889
598,2022.0,Summer,2,3.0,0.6365141682948128,0.4444444444444444,0.9102392266268373,0.9182958340544894
598,2023.0,Summer,4,8.0,1.2130075659799042,0.65625,1.4426950408889636,0.875
61,2007.0,Summer,4,4.0,1.3862943611198906,0.75,2.1640425613334453,1.0
61,2009.0,Summer,1,2.0,-0.0,0.0,,
61,2011.0,Summer,1,2.0,-0.0,0.0,,
61,2012.0,Summer,4,6.0,1.3296613488547582,0.7222222222222222,1.6743318796537419,0.9591479170272448
61,2013.0,Summer,2,2.0,0.6931471805599453,0.5,1.4426950408889634,1.0
61,2014.0,Summer,1,4.0,-0.0,0.0,,
61,2017.0,Summer,1,1.0,-0.0,0.0,,
61,2018.0,Summer,1,1.0,-0.0,0.0,,
61,2019.0,Summer,1,1.0,-0.0,0.0,,
617,2007.0,Summer,2,3.0,0.6365141682948128,0.4444444444444444,0.9102392266268373,0.9182958340544894
617,2008.0,Summer,24,91.0,2.300011204095741,0.7706798695809685,5.098806550452712,0.7237168804796257
617,2009.0,Summer,12,450.0,1.9395971885162182,0.8128395061728395,1.800549061235234,0.7805513292347198
617,2010.0,Summer,7,220.0,1.285615574410434,0.5702479338842975,1.1124238647249047,0.660675712614257
617,2011.0,Summer,6,70.0,1.7478680974667573,0.8163265306122449,1.1768872777619341,0.9755037590061084
617,2012.0,Summer,27,510.0,3.15857438192197,0.9519415609381008,4.170402166919168,0.9583527675479983
617,2013.0,Summer,10,480.0,1.5390296600117368,0.6501736111111112,1.4577764516836513,0.668392088828535
617,2014.0,Summer,17,720.0,2.1869067598646237,0.829861111111111,2.4318876851506723,0.7718821332154616
617,2015.0,Summer,2,20.0,0.6931471805599453,0.5,0.33380820069533407,1.0
617,2016.0,Summer,15,330.0,2.302846753623138,0.8539944903581267,2.4141707736349978,0.8503707769840643
617,2017.0,Summer,8,360.0,1.3409563061456191,0.5941358024691357,1.1892416380339466,0.6448636709750225
617,2019.0,Summer,4,196.0,0.6678873915182968,0.32096001665972507,0.5683847725349268,0.48177891380785615
617,2020.0,Summer,4,63.0,1.277034259466139,0.6938775510204082,0.7240894149278252,0.9211854965885543
617,2021.0,Summer,8,347.0,1.2050436952633303,0.5313390195085085,1.1967193245958885,0.579503521070306
617,2022.0,Summer,5,46.0,1.4079510653975973,0.7315689981096408,1.0447570262568968,0.8748091830819519
617,2023.0,Summer,6,294.0,0.6743250829854772,0.27800916284881283,0.8797272501976751,0.3763479945642465
79,2007.0,Summer,15,59.0,2.084306448403034,0.8124102269462798,3.4334448653376257,0.7696705354851603
79,2008.0,Summer,10,23.0,2.000797681430619,0.8279773156899811,2.870360900134209,0.8689353924501381
79,2009.0,Summer,7,120.0,1.791759469228055,0.8055555555555556,1.2532658691361747,0.9207822211616018
79,2010.0,Summer,3,70.0,0.9556998911125343,0.5714285714285714,0.47075491110477363,0.8699155297736259
79,2011.0,Summer,12,280.0,2.1930663217051514,0.8596938775510204,1.9521580706071304,0.8825548122269513
79,2012.0,Summer,8,130.0,1.9251211907908181,0.8284023668639053,1.4380997343213107,0.9257875983547231
79,2013.0,Summer,9,130.0,2.098147389135067,0.863905325443787,1.6435425535100694,0.9549080284177106
79,2014.0,Summer,13,280.0,2.22428579273227,0.8545918367346939,2.1296269861168695,0.8671850718072608
79,2015.0,Summer,5,60.0,1.5607104090414063,0.7777777777777778,0.9769573467038892,0.9697238998682473
79,2016.0,Summer,8,300.0,1.4981727034911145,0.6688888888888889,1.2272557782670226,0.7204687765739475
79,2017.0,Summer,9,140.0,1.615223332821734,0.6811224489795918,1.61889495755458,0.735119818648639
79,2019.0,Summer,18,286.0,2.648631908226103,0.911071446036481,3.0056620604505087,0.9163637518220085
79,2020.0,Summer,8,90.0,1.9730014063936128,0.84,1.555621351310673,0.9488131148903386
79,2021.0,Summer,7,178.0,1.6396855596531918,0.76644363085469,1.1579024754250482,0.8426316911133923
79,2022.0,Summer,9,267.0,1.7687278730416045,0.7807936708328074,1.4318317456611236,0.8049827456353605
79,2023.0,Summer,9,223.0,1.8157951113859,0.7854973958857006,1.4795165269624364,0.8264039689503468
8,2009.0,Summer,2,2.0,0.6931471805599453,0.5,1.4426950408889634,1.0
9,2009.0,Summer,1,1.0,-0.0,0.0,,
9,2010.0,Summer,1,2.0,-0.0,0.0,,
9,2016.0,Summer,2,4.0,0.5623351446188083,0.375,0.7213475204444817,0.8112781244591328
9,2018.0,Summer,1,1.0,-0.0,0.0,,
9,2020.0,Summer,3,23.0,0.4702359623552492,0.2344045368620038,0.637857977807602,0.4280272187063686
9,2022.0,Summer,1,1.0,-0.0,0.0,,
Afk-1,2010.0,Summer,19,500.0,1.7291351809463569,0.7161919999999999,2.896401464892045,0.5872545477019424
Afk-1,2012.0,Summer,25,1816.0,2.0959492107962947,0.8268232451629179,3.1981273645964268,0.6511432328651929
Afk-1,2013.0,Summer,29,2182.0,1.5386374240344998,0.6104440884127362,3.642040884509949,0.4569356248217372
Afk-1,2014.0,Summer,35,862.0,2.6386350617163754,0.8877751519425499,5.030139954554717,0.7421594218291508
Afk-1,2015.0,Summer,45,1742.0,2.471444386670282,0.838987083482174,5.8959189482523175,0.6492417946985891
Afk-2,2010.0,Summer,48,474.0,3.0503324511356746,0.8861115561964785,7.628375015802798,0.7879550667972928
Afk-2,2012.0,Summer,89,23982.0,1.0828800451215443,0.524139762036661,8.725779541930597,0.2412492249146405
Afk-2,2013.0,Summer,50,9210.0,1.3367644034101995,0.5962764827448803,5.368071619517675,0.34170668259245046
Afk-2,2014.0,Summer,58,518.0,3.4324702286324684,0.9447682652315857,9.12003612663807,0.8453437764591496
Afk-2,2015.0,Summer,103,4228.0,3.349959521172282,0.9317560364788869,12.216323279505227,0.7227951256006216
Akm-1,2010.0,Summer,29,3756.0,0.7679472460242923,0.2505520453748973,3.4017283869563464,0.2280605223887849
Akm-1,2012.0,Summer,64,5884.0,1.114876326064445,0.35499650852350073,7.258071137261507,0.2680710911362803
Akm-1,2013.0,Summer,22,154.0,2.629963989021346,0.9043683589138135,4.169187534132667,0.8508339916729312
Akm-1,2014.0,Summer,36,362.0,2.646315510342719,0.8678001282012149,5.940616700809533,0.7384684037648294
Akm-1,2015.0,Summer,74,1340.0,3.3896545607050204,0.9432568500779683,10.13829059886814,0.7875472343708411
Akm-2,2010.0,Summer,45,1848.0,2.6797575787295904,0.9005242592904931,5.849617564583027,0.7039651101012838
Akm-2,2012.0,Summer,75,1456.0,3.4690235535867644,0.9525910216157469,10.160022790830306,0.8034819002073414
Akm-2,2013.0,Summer,52,1644.0,1.2914456614861936,0.40296647545302267,6.887342917661587,0.32684535641599133
Akm-2,2014.0,Summer,43,386.0,3.058820258520599,0.922065021879782,7.051905113348312,0.813256451247491
Akm-2,2015.0,Summer,62,1574.0,2.6131871462375234,0.8549410771284969,8.286494906900055,0.6331722940029666
Akm-3,2010.0,Summer,56,872.0,3.3141926346366155,0.9411876104704991,8.12312960225646,0.8233299570481368
Akm-3,2012.0,Summer,43,302.0,3.01608898209438,0.9026797070303934,7.3549666027091165,0.8018953762948653
Akm-3,2013.0,Summer,35,428.0,2.9746473146575907,0.9231810638483711,5.611372949933117,0.8366683832950649
Akm-3,2014.0,Summer,50,494.0,2.9496966681338126,0.8935075152846301,7.899995068825563,0.7540080066096102
Akm-3,2015.0,Summer,57,722.0,3.2287594895638563,0.9314385248731978,8.508019768733345,0.7985947433442201
Akm-4,2010.0,Summer,107,2712.0,3.948842385856568,0.9713857780562299,13.408485535099755,0.8450646333831083
Akm-4,2012.0,Summer,157,3344.0,4.2087114390673115,0.9746206874842609,19.22384235757836,0.8323787254598054
Akm-4,2013.0,Summer,160,3192.0,4.272146573841097,0.9754846075087468,19.706502119000046,0.8417734504023617
Akm-4,2014.0,Summer,187,4000.06,4.289108092350206,0.9714728555957507,22.42567523566284,0.8199233482804652
Akm-4,2015.0,Summer,143,2082.0,4.218265246554119,0.9753663670397469,18.58375007648073,0.8499692335387913
Ang-1,2010.0,Summer,61,6132.0,2.8510848247837037,0.8545172650908115,6.879727043258645,0.6935471432561338
Ang-1,2012.0,Summer,127,3114.0,3.8817087844821456,0.9638358105953637,15.664504403021796,0.801312731156286
Ang-1,2013.0,Summer,111,4606.0,3.3936036979483917,0.9347761203316334,13.040723090530296,0.7205822136999456
Ang-1,2014.0,Summer,102,2142.0,3.5756384837856943,0.950792517442707,13.16905437639193,0.7731155680559717
Ang-1,2015.0,Summer,117,6436.0,2.9908929572798093,0.9122879730663557,13.22741894487907,0.6280520195671578
Ang-2,2010.0,Summer,32,1179.0,2.435218247505801,0.8737411342543133,4.383222669117715,0.7026554578317863
Ang-2,2012.0,Summer,35,928.0,2.6443937144432366,0.8915632431629013,4.975829372613837,0.7437791374314676
Ang-2,2013.0,Summer,53,1654.0,3.143995419810219,0.9394834843967722,7.016642514077159,0.7918801660599721
Ang-2,2014.0,Summer,22,96.0,2.737193089574074,0.9088541666666666,4.600875989096412,0.8855242627289714
Ang-2,2015.0,Summer,42,622.0,2.636719806338388,0.8535891895245087,6.373446574805889,0.7054448561853834
Ang-3,2010.0,Summer,59,4455.0,2.998675432810197,0.9154042986291396,6.903297140241844,0.7354133405425896
Ang-3,2012.0,Summer,111,1532.0,3.8274716728854106,0.9594823061033888,14.997962969237612,0.8127077456300984
Ang-3,2013.0,Summer,75,606.0,3.616883855170698,0.9477066518533042,11.55008368517915,0.8377287348703849
Ang-3,2014.0,Summer,83,834.0,3.6672110707284324,0.9513655262840087,12.19107263973985,0.8299034512034692
Ang-3,2015.0,Summer,79,1026.0,3.702974984145747,0.9634797411549233,11.24985446734365,0.847469774025343
Asg-2,2010.0,Summer,9,138.0,1.606541020936114,0.7242176013442554,1.6236225108723539,0.731168328220589
Asg-2,2012.0,Summer,18,1686.0,1.872694002021868,0.7830813805408858,2.2879863866116303,0.647907659942318
Asg-2,2013.0,Summer,13,1844.0,0.35286372673857835,0.13024124674738025,1.5958099553953544,0.13757142054757696
Asg-2,2014.0,Summer,12,84.0,1.3466180041917608,0.5136054421768708,2.482612235936183,0.5419189506803596
Asg-2,2015.0,Summer,21,734.0,1.7438401492294076,0.6957361031710088,3.0309877448480793,0.5727795360028236
Asg-3,2010.0,Summer,14,486.0,1.4298556818664234,0.5887313925722706,2.10144868858356,0.5418054643302799
Asg-3,2012.0,Summer,42,918.0,2.612078474985963,0.8488093373393899,6.0097938614864646,0.6988521570254876
Asg-3,2013.0,Summer,37,550.0,2.4401918408335503,0.8258380165289256,5.70530368423698,0.6757815879139253
Asg-3,2014.0,Summer,30,424.0,2.5535227783519208,0.8444286222855109,4.793599621305645,0.7507717111977845
Asg-3,2015.0,Summer,37,950.0,2.401733855640484,0.8471047091412742,5.250521344811136,0.6651311145098084
Asg-4,2010.0,Summer,41,858.0,3.0464717662128478,0.9347808368787389,5.921886673274045,0.8203615579531507
Asg-4,2012.0,Summer,61,3222.0,2.228030978177031,0.7830530404524142,7.427804007061941,0.5419847584219379
Asg-4,2013.0,Summer,89,7718.0,2.20384866247733,0.7464102083544718,9.830962693802256,0.4909840051509553
Asg-4,2014.0,Summer,38,1266.0,2.0805865629751934,0.7251209791134772,5.1794485732262805,0.5719690123110904
Asg-4,2015.0,Summer,85,6038.0,2.6260095759147912,0.7729439288173905,9.64870876567604,0.5910906403194321
Tng-1,2013.0,Summer,31,552.0,2.4122739026447384,0.8475897920604915,4.751686338665004,0.7024702653213316
Tng-1,2014.0,Summer,24,254.0,2.1315621607598825,0.8077376154752309,4.153623185978237,0.6707130446958196
Tng-1,2015.0,Summer,55,678.0,2.9674889248083005,0.8902463431400701,8.283291911488673,0.7405146484309995
Tng-2,2013.0,Summer,10,414.0,1.426210668895108,0.7080211906928984,1.4935612639068803,0.6193954235326911
Tng-2,2014.0,Summer,12,36.0,2.3992042962026154,0.9012345679012346,3.06960844603186,0.9655108357520406
Tng-2,2015.0,Summer,9,144.0,1.3227160388579986,0.5679012345679013,1.6097184175273787,0.6019940121285092
Tng-3,2013.0,Summer,67,1576.0,2.8416458034668928,0.8330123167306553,8.964169476584678,0.6758272389191899
Tng-3,2014.0,Summer,63,492.0,3.2676400855152465,0.9196576112102584,10.002454285280749,0.7886878659051478
Tng-3,2015.0,Summer,90,1328.0,3.4171939392548616,0.9366834809115981,12.375842953538386,0.7594085504963269
Tng-4,2013.0,Summer,98,1040.0,3.901028137884854,0.9679289940828403,13.96290992077883,0.8508300562724975
Tng-4,2014.0,Summer,35,198.0,3.0845347103397165,0.930109172533415,6.429327377504726,0.8675760170292686
Tng-4,2015.0,Summer,38,358.0,2.933011792311078,0.9110202552978995,6.291946679929535,0.8063071673144081
Tng-5,2013.0,Summer,55,1356.0,2.4457415754113137,0.8278904638838854,7.487215093039355,0.6103165028613493
Tng-5,2014.0,Summer,35,156.0,3.309448112505421,0.9543063773833005,6.732865244313866,0.9308366031310646
Tng-5,2015.0,Summer,63,720.0,3.35903206680513,0.9456327160493827,9.423564779958856,0.8107465213255767
Tng-6,2013.0,Summer,131,1448.0,4.323092949784785,0.9799571136412197,17.862200772516825,0.8867524047100839
Tng-6,2014.0,Summer,107,1074.0,3.9090022044533486,0.9631617822997618,15.188106254021902,0.836538709833459
Tng-6,2015.0,Summer,89,580.0,3.9450956623032827,0.9692984542211652,13.829893341353584,0.8789073868638433
YKM-1,2012.0,Summer,5,10.0,1.6094379124341005,0.7999999999999999,1.737177927613007,1.0000000000000002
YKM-2,2012.0,Summer,5,20.0,1.3592367006650063,0.6799999999999999,1.3352328027813363,0.8445412464587144
YKM-3,2012.0,Summer,6,36.0,1.7399668199837608,0.8148148148148149,1.3952765663781181,0.971093972079518
YKM-4,2012.0,Summer,2,4.0,0.6931471805599453,0.5,0.7213475204444817,1.0
YKM-5,2012.0,Summer,1,4.0,-0.0,0.0,,
YKM-6,2012.0,Summer,10,46.0,1.9898119623342838,0.8241965973534972,2.350703309078018,0.8641643552668605
YKM-7,2012.0,Summer,25,264.0,1.792885873302147,0.644398530762167,4.3041999767282,0.5569913133805211
Ykg-1,2010.0,Summer,51,476.0,3.218791248383969,0.9153308382176399,8.10975041467534,0.8186505580497215
Ykg-1,2011.0,Summer,64,1778.0,3.5489381767831407,0.9624848637452377,8.418808273143844,0.8533392513444261
Ykg-1,2013.0,Summer,93,1984.0,3.507502254160171,0.9347867618366286,12.116630011088144,0.7738389988920151
Ykg-1,2014.0,Summer,122,1286.0,4.179966287024436,0.9766863627678384,16.901112792860957,0.8700974138335666
Ykg-1,2015.0,Summer,136,2748.0,3.567161266426734,0.920105981536923,17.04840647414627,0.7261168043340529
Ykg-2,2010.0,Summer,22,166.0,2.534334787119359,0.8901146755697489,4.107991033904896,0.8198964670853638
Ykg-2,2011.0,Summer,21,232.0,2.632087321982382,0.9007134363852556,3.6719229577763612,0.864532082066229
Ykg-2,2013.0,Summer,60,1278.0,2.982726566390327,0.9130071683797796,8.248227890852585,0.728499158060974
Ykg-2,2014.0,Summer,40,232.0,3.14440849859258,0.9344530321046374,7.160249767663904,0.852402074317135
Ykg-2,2015.0,Summer,28,172.0,2.8458215589969873,0.9145484045429962,5.245270319690426,0.8540356842765803
Ykg-3,2010.0,Summer,17,312.0,2.249988811879768,0.8251150558842866,2.7859988018050847,0.7941473297801621
Ykg-3,2011.0,Summer,26,878.0,1.9676791268426375,0.7030162774165762,3.6885959830772945,0.6039351823618873
Ykg-3,2013.0,Summer,42,1734.0,2.6818126768727315,0.8702375583519248,5.497315182947938,0.7175092907501093
Ykg-3,2014.0,Summer,28,474.0,2.6126081458914427,0.8884972137656002,4.382257987801608,0.7840479592154668
Ykg-3,2015.0,Summer,22,316.0,2.1653355828991723,0.8074026598301554,3.6485303234095054,0.7005195223205706
Ykm-1,2011.0,Summer,16,254.0,1.5940437803778873,0.5980531961063922,2.7088846865075458,0.5749297642277685
Ykm-1,2013.0,Summer,48,714.0,2.710700415991134,0.8532824894663747,7.152767789256971,0.7002220779425269
Ykm-1,2014.0,Summer,29,170.0,2.7763020913383634,0.8869204152249135,5.4519273571962374,0.8244901046753339
Ykm-1,2015.0,Summer,55,1664.0,2.4677020210709677,0.8188736593934911,7.280591663530064,0.6157965676936376
Ykm-2,2011.0,Summer,11,74.0,1.7174055949529548,0.7012417823228635,2.3233849357411738,0.7162137623086112
Ykm-2,2013.0,Summer,42,270.0,3.320532287618206,0.9493552812071331,7.323492280552464,0.8883964145400458
Ykm-2,2014.0,Summer,12,44.0,2.224300499627058,0.859504132231405,2.9068310693009,0.8951243700912563
Ykm-2,2015.0,Summer,33,226.0,2.941211694332437,0.9134622914871955,5.903476318167126,0.8411855666340544
Ykm-3,2011.0,Summer,25,210.0,2.6671504239550887,0.8770975056689342,4.488407959280315,0.8285968670643881
Ykm-3,2013.0,Summer,65,734.0,3.361473546563408,0.9373742473401688,9.699160783513854,0.8052615460010848
Ykm-3,2014.0,Summer,49,940.0,2.387132691611764,0.8021638750565867,7.011516543466754,0.6133717666179634
Ykm-3,2015.0,Summer,70,1576.0,2.809066963866547,0.8499671467958464,9.371631725520345,0.6611910344311764
Ykm-4,2011.0,Summer,16,194.0,2.285843285696059,0.8746944414921883,2.8474570778244215,0.8244436931307596
Ykm-4,2013.0,Summer,36,398.0,2.6648815573833096,0.8657357137446025,5.8465348037709735,0.7436493578380312
Ykm-4,2014.0,Summer,9,28.0,2.0449311748495913,0.8469387755102041,2.400813028003305,0.930688285550101
Ykm-4,2015.0,Summer,17,78.0,2.5747673891461575,0.905982905982906,3.6724969779900265,0.9087799175264188
Ykm-5,2011.0,Summer,14,84.0,1.9264357523624136,0.7267573696145124,2.9339962788336713,0.7299711646064407
Ykm-5,2013.0,Summer,24,166.0,2.7359692426518682,0.9017273914936856,4.4992282752291715,0.8608945564500786
Ykm-5,2014.0,Summer,20,110.0,2.4989461089386884,0.8601652892561984,4.0421400625927175,0.8341687042594299
Ykm-5,2015.0,Summer,33,348.0,2.843246914495464,0.9108865107676047,5.4680268002677135,0.8131676721737074
Ykm-6,2011.0,Summer,24,188.0,2.707001891509927,0.9067451335445903,4.39229541036869,0.8517797482409397
Ykm-6,2013.0,Summer,40,622.0,2.874206052107567,0.8995771342314492,6.062546741888529,0.7791542358214434
Ykm-6,2014.0,Summer,45,644.0,2.8323891211261993,0.8813896068824505,6.803037968112381,0.7440610058647714
Ykm-6,2015.0,Summer,55,634.0,3.0766721074019956,0.8961577884146523,8.369434327193524,0.7677604943706505
Ykm-7,2011.0,Summer,19,224.0,2.290049687811266,0.8354591836734694,3.326159883244737,0.7777541677768341
Ykm-7,2013.0,Summer,83,1034.0,3.529396731694759,0.937457209237941,11.813536201926148,0.7987155557200898
Ykm-7,2014.0,Summer,114,4624.0,1.6120702086823202,0.5576894583398189,13.390187658785635,0.340372183777221
Ykm-7,2015.0,Summer,133,1908.0,4.029493134914405,0.9638661445354219,17.474623416723084,0.8239683976059239
1,2010.0,Winter,11,159.0,0.7389384071504781,0.27570111941774467,1.972812979108956,0.3081612510491873
10,2008.0,Winter,11,45.0,1.8201319450021316,0.7891358024691358,2.6269731101386307,0.7590539777319038
10,2009.0,Winter,31,462.0,1.5074486690016198,0.6375161634901894,4.889525338344325,0.43897911647216803
10,2010.0,Winter,28,105.0,2.389666994004281,0.7996371882086167,5.801510534804218,0.7171429564743717
10,2012.0,Winter,44,177.0,2.737412724847035,0.8461170161830891,8.307333099233656,0.723381487098636
10,2013.0,Winter,10,36.0,1.4704127615483291,0.6234567901234567,2.5114978194806126,0.6385921484605613
10,2014.0,Winter,8,32.0,1.606744625827416,0.720703125,2.019773057244549,0.7726808345520688
10,2015.0,Winter,17,48.0,2.262560248070983,0.8394097222222222,4.13308426891726,0.7985844951696266
10,2017.0,Winter,18,100.0,1.465227580772708,0.5170000000000001,3.69150309617764,0.5069339529663871
10,2018.0,Winter,9,17.0,1.9721037385162656,0.8304498269896193,2.8236489909180893,0.8975430908874701
10,2019.0,Winter,12,26.0,2.3218302371746207,0.8875739644970414,3.3762044407314833,0.9343732237879872
10,2021.0,Winter,22,59.0,2.8097430196200293,0.9238724504452743,5.150167298006439,0.9089952862236932
10,2022.0,Winter,13,42.0,1.7635654784592985,0.6938775510204083,3.2105566370286476,0.6875634691690962
10,2023.0,Winter,13,24.0,2.1230455536602144,0.8125,3.775895765329498,0.8277144137307011
10,2024.0,Winter,10,327.0,0.7896856380145221,0.3911754528705965,1.5544148378149025,0.3429561150279557
11,2008.0,Winter,15,90.0,1.78102447298336,0.6958024691358025,3.111242702621346,0.6576777905588533
11,2009.0,Winter,4,24.0,0.9972460116410686,0.5173611111111112,0.9439739413323746,0.7193609377704336
11,2010.0,Winter,13,160.0,1.130327538200899,0.476171875,2.3644510388945426,0.4406822048601983
11,2011.0,Winter,18,294.0,1.7307681699379296,0.7126660187884677,2.9910726506720953,0.5988046918911621
11,2012.0,Winter,18,250.0,1.8995089242482148,0.757344,3.0788952874779962,0.6571849863461245
11,2013.0,Winter,6,100.0,1.0762764401569234,0.5307999999999999,1.0857362047581294,0.6006813183583265
11,2014.0,Winter,8,256.0,0.9393294314794047,0.446533203125,1.2623581607778431,0.4517219708521289
11,2015.0,Winter,8,58.0,1.4663512906162106,0.6646848989298455,1.723949820701461,0.7051659117243795
11,2016.0,Winter,17,79.0,2.2229816261993114,0.8296747316135235,3.6617898966264777,0.7846149782058923
11,2017.0,Winter,9,35.0,1.7677281666160185,0.7477551020408164,2.2501313125018267,0.8045277596335209
11,2018.0,Winter,16,31.0,2.640003319757171,0.9198751300728408,4.368100143299437,0.9521799243360178
11,2019.0,Winter,18,109.0,1.7542206264096973,0.639845130881239,3.62369204475245,0.606918684981393
11,2020.0,Winter,6,456.0,0.1616162552322995,0.05177554632194503,0.8166608202838512,0.09019974946856497
11,2022.0,Winter,19,97.0,2.5775158684617474,0.9021149962801573,3.934674799038059,0.8753843726085411
11,2023.0,Winter,10,54.0,1.7975331691665337,0.7853223593964335,2.256213585950972,0.78065873640709
11,2024.0,Winter,9,83.0,1.3586395348482094,0.6099579039047758,1.8104296375580526,0.6183434997324401
12,2004.0,Winter,19,539.0,0.45004096424583495,0.14873967802671773,2.8618146237411843,0.15284438476400006
12,2005.0,Winter,12,589.0,0.2884445600148861,0.09240720509856715,1.7245633457660565,0.11607863017288586
12,2006.0,Winter,15,561.0,0.5599671202950952,0.20045055779563503,2.2117878827461364,0.20677870745054197
12,2008.0,Winter,13,370.0,1.024858207413693,0.45434623813002195,2.0292540628724662,0.39956274553037113
12,2009.0,Winter,3,95.0,0.2640260866707414,0.1194459833795013,0.4391862247503719,0.24032690094048598
12,2011.0,Winter,5,70.0,0.8001925181242444,0.3693877551020408,0.9415098222095473,0.4971875658838184
12,2012.0,Winter,2,13.0,0.2711893730418441,0.14201183431952646,0.3898712452512801,0.3912435636292556
12,2013.0,Winter,11,49.0,1.8231634664019625,0.793002915451895,2.5694917118487535,0.760318220350929
12,2014.0,Winter,6,165.0,0.8046334198514395,0.36503213957759406,0.9792505669239657,0.44907446209735974
12,2015.0,Winter,14,267.0,1.3498122436625744,0.5386244722187153,2.326726586699326,0.5114751500526743
12,2016.0,Winter,14,77.0,1.8832464227186108,0.7282847023106763,2.9927675707104657,0.7136057264027548
12,2017.0,Winter,8,299.0,0.5496012796319409,0.23717855504971974,1.2279746145853563,0.26430234686374326
12,2018.0,Winter,9,641.0,0.3932253124401099,0.1454192333059936,1.2378096144113235,0.17896455214279106
12,2019.0,Winter,17,237.0,1.3739765061253026,0.5345297228008332,2.926083398321678,0.4849534218832341
12,2020.0,Winter,10,249.0,0.9220610067595321,0.38312285285721204,1.6311874643763111,0.40044600721382173
12,2021.0,Winter,14,81.0,1.6019377979931264,0.66026520347508,2.9582774865372214,0.6070113672849498
12,2022.0,Winter,14,347.0,1.0185263678496121,0.391648464815753,2.2224787456780786,0.3859432519406847
12,2023.0,Winter,15,137.0,1.9622843311495406,0.7460173690660131,2.8455394870547264,0.7246115047464284
12,2024.0,Winter,13,1122.0,1.368728924419611,0.5490053094645734,1.70870360270338,0.533628050174919
13,2023.0,Winter,13,2940.0,1.189025744024235,0.5098801425332038,1.5025985826568629,0.4635669474585583
13,2024.0,Winter,16,2695.0,1.4297894835897202,0.6423742173543393,1.8989376559944582,0.5156875493725204
143,2008.0,Winter,7,8.0,1.9061547465398496,0.84375,2.885390081777927,0.979569764547061
143,2009.0,Winter,12,24.0,2.268015842667635,0.8715277777777778,3.4612377848853733,0.9127167182964924
143,2010.0,Winter,11,106.66666666666667,2.339371734389815,0.8984375,2.1414611975133844,0.9755937888228713
143,2011.0,Winter,16,260.0,2.5884253066207537,0.908284023668639,2.697511023888739,0.933577088393314
143,2012.0,Winter,2,10.0,0.6931471805599453,0.5,0.43429448190325176,1.0
143,2013.0,Winter,17,135.0,2.585964699787042,0.8943758573388203,3.2617948479317445,0.912732076887935
143,2015.0,Winter,5,60.0,1.4241299173467736,0.7222222222222222,0.9769573467038892,0.8848616689990431
143,2016.0,Winter,4,45.0,1.2730283365896256,0.691358024691358,0.7880919330415892,0.9182958340544894
143,2017.0,Winter,4,40.0,1.3862943611198906,0.75,0.8132550920454504,1.0
143,2018.0,Winter,4,50.0,1.3321790402101223,0.72,0.7668666559059943,0.9609640474436812
143,2020.0,Winter,5,45.0,1.6094379124341005,0.7999999999999999,1.0507892440554523,1.0000000000000002
143,2021.0,Winter,8,81.0,2.0431918705451206,0.8641975308641976,1.5929186465969654,0.9825675930733636
143,2022.0,Winter,10,164.0,2.1616903914872183,0.8687537180249851,1.7647521023094226,0.938810208606179
143,2023.0,Winter,6,81.0,1.7351264569629223,0.8148148148148149,1.1377990332835466,0.9683925140412224
143,2024.0,Winter,2,18.0,0.6931471805599453,0.5,0.3459762562611936,1.0
15,2004.0,Winter,2,2.0,0.6931471805599453,0.5,1.4426950408889634,1.0
15,2005.0,Winter,3,9.0,0.6837389058487535,0.37037037037037024,0.9102392266268373,0.6223659728744494
15,2006.0,Winter,4,4.0,1.3862943611198906,0.75,2.1640425613334453,1.0
15,2008.0,Winter,3,7.0,0.9556998911125343,0.5714285714285714,1.0277966847395015,0.8699155297736259
15,2009.0,Winter,1,2.0,-0.0,0.0,,
15,2011.0,Winter,1,1.0,-0.0,0.0,,
15,2014.0,Winter,1,4.0,-0.0,0.0,,
15,2015.0,Winter,2,2.0,0.6931471805599453,0.5,1.4426950408889634,1.0
15,2016.0,Winter,2,2.0,0.6931471805599453,0.5,1.4426950408889634,1.0
15,2017.0,Winter,2,2.0,0.6931471805599453,0.5,1.4426950408889634,1.0
15,2018.0,Winter,2,5.0,0.6730116670092565,0.48,0.6213349345596119,0.9709505944546688
15,2019.0,Winter,7,148.0,0.7659646212677668,0.3408509861212565,1.2006694275327516,0.39362794918337923
15,2020.0,Winter,7,9.0,1.8310204811135162,0.8148148148148149,2.730717679880512,0.9409583900892994
15,2021.0,Winter,7,43.0,1.4068523200840661,0.6792861005949162,1.5952355140491121,0.7229790752502395
15,2022.0,Winter,4,7.0,1.277034259466139,0.6938775510204082,1.5416950271092522,0.9211854965885543
15,2023.0,Winter,4,5.0,1.3321790402101223,0.72,1.8640048036788355,0.9609640474436812
15,2024.0,Winter,5,63.0,1.4750763110546947,0.7346938775510204,0.9654525532371003,0.9165164431996023
18,2004.0,Winter,10,31.0,1.9141129072998835,0.8033298647242456,2.620860085979662,0.8312886733801299
18,2005.0,Winter,12,682.0,0.5729958277828118,0.21311736225178657,1.685816092311146,0.23059048428708454
18,2006.0,Winter,15,422.0,1.2766527317923693,0.6096224253722962,2.315961570371681,0.4714287538956094
18,2008.0,Winter,11,326.0,0.7468588410328754,0.3504083706575334,1.7280417019660839,0.311464328532281
18,2009.0,Winter,3,33.0,0.2706407936167973,0.11570247933884281,0.5719993350053487,0.2463478666754271
18,2010.0,Winter,56,382.0,3.25033995042298,0.9294290178449056,9.250817329960162,0.8074673221482843
18,2011.0,Winter,10,15.0,2.2110688711446103,0.88,3.323424357619696,0.9602550098461563
18,2012.0,Winter,4,5.0,1.3321790402101223,0.72,1.8640048036788355,0.9609640474436812
18,2013.0,Winter,4,17.0,1.1407201964134568,0.6366782006920415,1.0588683715942835,0.8228556852037893
18,2014.0,Winter,5,13.0,1.438882950216986,0.7337278106508875,1.5594849810051203,0.8940282437120122
18,2015.0,Winter,6,11.0,1.5403058252265167,0.7272727272727273,2.0851619571212314,0.8596610491977072
18,2016.0,Winter,8,14.0,1.90853528164356,0.826530612244898,2.652462271829658,0.9178114620629284
18,2017.0,Winter,20,67.0,2.7115410614717788,0.9169079973267988,4.518760756107798,0.9051346428414107
18,2018.0,Winter,6,155.0,0.4999541825363896,0.22268470343392277,0.9913897567798582,0.2790297420623011
18,2020.0,Winter,17,58.0,2.1612659744990332,0.8043995243757431,3.940456733031911,0.7628320609999745
18,2021.0,Winter,10,187.0,0.8820638184884001,0.42523377848951915,1.7204766062402295,0.38307544905602364
18,2022.0,Winter,19,838.0,0.8342515591571447,0.2914855805104778,2.6741868364179293,0.28333124410454524
18,2023.0,Winter,7,163.0,0.46493513077107507,0.1739621363242877,1.1779140639935,0.23892939301271876
181,2008.0,Winter,17,26.0,2.7581004844121146,0.9319526627218935,4.910842822882158,0.97348845620762
181,2009.0,Winter,5,8.0,1.3862943611198906,0.6875,1.9235933878519513,0.8613531161467861
181,2010.0,Winter,3,70.0,0.9556998911125343,0.5714285714285714,0.47075491110477363,0.8699155297736259
181,2011.0,Winter,11,420.0,1.7553847203430049,0.7154195011337868,1.655559322908945,0.7320522877942252
181,2012.0,Winter,4,32.0,1.3862943611198906,0.75,0.8656170245333781,1.0
181,2013.0,Winter,3,33.33333332,1.0397207708399179,0.625,0.570359896739968,0.946394630357186
181,2014.0,Winter,5,40.0,1.6094379124341005,0.7999999999999999,1.084340122727267,1.0000000000000002
181,2015.0,Winter,3,40.0,1.0397207708399179,0.625,0.5421700613636335,0.946394630357186
181,2016.0,Winter,1,10.0,-0.0,0.0,,
181,2017.0,Winter,3,24.0,1.0986122886681096,0.6666666666666667,0.6293159608882497,0.9999999999999998
181,2018.0,Winter,1,10.0,-0.0,0.0,,
181,2020.0,Winter,3,27.0,1.0986122886681096,0.6666666666666667,0.6068261510845583,0.9999999999999998
181,2021.0,Winter,2,30.0,0.6931471805599453,0.5,0.29401410379520604,1.0
181,2022.0,Winter,1,18.0,-0.0,0.0,,
181,2023.0,Winter,2,30.0,0.6931471805599453,0.5,0.29401410379520604,1.0
181,2024.0,Winter,7,105.0,1.945910149055313,0.8571428571428572,1.2892245632898263,0.9999999999999999
2,2004.0,Winter,19,532.0,1.0368078905610905,0.38964893436599013,2.867774795647668,0.35212408811902324
2,2005.0,Winter,17,123.0,1.567662055608031,0.583647299887633,3.324893399426247,0.5533159226772743
2,2006.0,Winter,19,407.0,1.183437522981779,0.46532125156203796,2.99559987047162,0.4019229236385146
2,2008.0,Winter,14,247.0,1.2070367599079228,0.513694700781852,2.359608581876923,0.45737420948103985
2,2009.0,Winter,24,564.0,1.0573997013792462,0.40780141843971607,3.6305924285591016,0.33271925455821433
2,2010.0,Winter,10,86.0,0.9689470748675608,0.39913466738777703,2.020498044139886,0.4208083678712786
2,2011.0,Winter,28,346.0,2.3964071310106063,0.8431120318086137,4.618195971740663,0.7191656825662858
2,2012.0,Winter,24,115.0,2.275175203836965,0.8030245746691871,4.847276921521273,0.7159020347958895
2,2013.0,Winter,14,154.0,1.576497730541405,0.7000337325012649,2.5809256163678413,0.5973715359837365
2,2014.0,Winter,16,240.0,0.964362875544964,0.3957291666666667,2.7369071762993062,0.3478203845415351
2,2015.0,Winter,26,250.0,2.0614482009440356,0.8016,4.527787187467641,0.6327155063968346
2,2016.0,Winter,15,108.0,2.1581727071791135,0.8326474622770919,2.9900913325316694,0.796947082554345
2,2017.0,Winter,29,1343.0,1.4102725597556036,0.5354522969823952,3.887452045296223,0.4188145713830164
2,2018.0,Winter,15,237.0,1.0070609938965958,0.42678345706706544,2.560322973531468,0.371876781858294
2,2019.0,Winter,22,488.0,1.5838350797813776,0.6810501209352324,3.3923958026668246,0.5123951235482362
2,2020.0,Winter,23,271.0,2.256948913039301,0.8432347054097847,3.9270855730520435,0.719806434843157
2,2021.0,Winter,34,553.0,2.5481997494550286,0.8792089179847552,5.2253569777113595,0.7226146423960426
2,2022.0,Winter,28,262.0,2.483940293519546,0.8691509818775129,4.848837923329466,0.7454345271830098
2,2023.0,Winter,23,285.0,2.219549226592591,0.8225053862726993,3.892090599093263,0.7078785906593886
2,2024.0,Winter,20,1010.0,2.0562542391367407,0.7858092343887854,2.7465753924229723,0.6863945277383886
20,2023.0,Winter,6,600.0,1.2495468548096262,0.6444444444444444,0.7816249778396313,0.6973853780429409
20,2024.0,Winter,11,3565.0,0.37671386684457747,0.12528600288373215,1.2226554136360936,0.15710188477286924
23,2008.0,Winter,9,193.0,1.0908026396760009,0.5254369244811942,1.520135085448517,0.4964456755705979
23,2009.0,Winter,4,211.0,0.15393290519240183,0.055659127153478094,0.5605529752806584,0.11103911947535454
23,2010.0,Winter,2,40.0,0.4505612088663047,0.2777777777777777,0.2710850306818168,0.6500224216483542
23,2011.0,Winter,2,570.0,0.15200531083620292,0.06771314250538629,0.15758860784601006,0.21929730813217538
23,2012.0,Winter,2,195.0,0.11924692639624491,0.04996712689020377,0.18964537904728723,0.17203694935311378
23,2013.0,Winter,9,5780.0,0.22604552937192907,0.08215149483363471,0.923557283513643,0.10287775391897938
23,2015.0,Winter,4,605.0,0.37368586021058936,0.16884092616624558,0.46836736888574454,0.26955736868807184
23,2016.0,Winter,4,1455.0,0.06874382291323672,0.02047684840755304,0.41193167344291093,0.04958818620433786
23,2017.0,Winter,4,1330.0,0.13260868792682362,0.044434394256317566,0.41707596757264925,0.0956569482254103
23,2018.0,Winter,3,1580.0,0.10615713756112427,0.037413875981413214,0.2715480091157643,0.09662839079455654
23,2020.0,Winter,5,1542.0,0.2254138158949155,0.0807523370696166,0.5448970993163359,0.1400574785478997
23,2021.0,Winter,3,45.0,1.0549201679861442,0.6399999999999999,0.5253946220277261,0.9602297178607612
23,2022.0,Winter,6,624.0,0.5591443398391543,0.2392854207758055,0.7768618994007017,0.31206439784021395
23,2023.0,Winter,43,1435.0,0.7992280189713847,0.23443577073899147,5.778024694080209,0.21249281994771174
23,2024.0,Winter,30,274.0,2.5561803605160964,0.8638179977622676,5.166459672815287,0.7515530778360467
254,2008.0,Winter,15,72.0,1.955501873502665,0.7380401234567902,3.273577971810673,0.7221069508633007
254,2009.0,Winter,15,135.0,1.5162530203516598,0.5790946502057612,2.8540704919402766,0.5599058022390153
254,2010.0,Winter,7,800.0,0.588737978027641,0.23124999999999996,0.8975839202695519,0.3025514709985235
254,2011.0,Winter,8,690.0,1.1744599081998746,0.5141776937618148,1.0708781186157565,0.5647958284276221
254,2012.0,Winter,2,116.0,0.2509548043576197,0.1284185493460166,0.2103673139243114,0.36205125173399794
254,2013.0,Winter,8,550.0,0.6920017008416957,0.2664462809917355,1.1093646052683015,0.3327824740303475
254,2014.0,Winter,2,26.0,0.6931471805599453,0.5,0.30692767643013485,1.0
254,2015.0,Winter,7,291.66666666666663,0.8499760430315394,0.3526530612244895,1.05715479234741,0.436801279567908
254,2016.0,Winter,6,200.0,1.189885755092003,0.5499999999999999,0.9436958290887743,0.6640878842988017
254,2017.0,Winter,11,140.0,2.3046193848206715,0.8877551020408163,2.023618696943225,0.96110093337444
254,2018.0,Winter,3,30.0,1.0986122886681096,0.6666666666666667,0.5880282075904121,0.9999999999999998
254,2020.0,Winter,3,27.0,1.0986122886681096,0.6666666666666667,0.6068261510845583,0.9999999999999998
254,2021.0,Winter,5,37.0,1.5474971313341352,0.7713659605551497,1.1077515736354295,0.961514028828682
254,2022.0,Winter,10,198.0,1.5240912780831783,0.6185593306805428,1.7018807763983097,0.6619044319883988
254,2023.0,Winter,10,283.0,2.1906562582494846,0.8761752550287805,1.5942050581960416,0.9513899247045761
254,2024.0,Winter,10,209.0,2.148187578411857,0.8584968292850439,1.6846568513922482,0.9329460113973785
26,2004.0,Winter,4,4.0,1.3862943611198906,0.75,2.1640425613334453,1.0
26,2005.0,Winter,9,25.0,1.4831421553172834,0.6176,2.4853397382384474,0.6750070842168323
26,2006.0,Winter,16,51.0,2.132739589918544,0.7835447904652058,3.815021672160634,0.7692232074707613
26,2008.0,Winter,18,179.0,1.9954735257779783,0.7826846852470273,3.277180575398651,0.6903864599169893
26,2009.0,Winter,12,367.0,0.6057891660511894,0.21857761212868154,1.8627139679211662,0.24378749443278774
26,2010.0,Winter,9,29.0,1.8777844367314909,0.7966706302021404,2.3757936349869606,0.8546165267311918
26,2011.0,Winter,19,420.0,1.9404693627626393,0.7906462585034013,2.980006781236101,0.659028553993664
26,2012.0,Winter,16,40.0,2.5579903354990403,0.9075,4.066275460227252,0.9225999929165903
26,2013.0,Winter,9,17.0,2.0177460728092216,0.8442906574394464,2.8236489909180893,0.918315812421602
26,2014.0,Winter,1,1.0,-0.0,0.0,,
26,2015.0,Winter,9,52.0,0.9331939885429497,0.37130177514792906,2.024678954218535,0.42471488721207407
26,2016.0,Winter,18,118.0,2.231599012258664,0.847888537776501,3.563429850889392,0.77208027173743
26,2017.0,Winter,7,75.0,0.9303450443672674,0.4231111111111109,1.3896969353983006,0.4781027761322509
26,2018.0,Winter,16,141.0,2.0950483212177415,0.8319501031135255,3.0310623938664656,0.755628955860896
26,2019.0,Winter,5,14.0,1.331664310293015,0.673469387755102,1.5156927267598048,0.8274095570912812
26,2020.0,Winter,19,219.0,1.8521936044538807,0.6877254435895832,3.3400928587404244,0.6290480521278216
26,2021.0,Winter,18,69.0,2.4633580013190133,0.8859483301827347,4.015014733696929,0.8522633791274086
26,2022.0,Winter,20,212.0,2.1253384729512557,0.8384211463154148,3.54703518728696,0.7094554115244276
26,2023.0,Winter,17,227.0,1.988906130273144,0.7766500417240777,2.949335929076115,0.7019965984720705
27,2008.0,Winter,7,15.0,1.5065950881316383,0.6755555555555557,2.2156162384131304,0.7742367184132575
27,2009.0,Winter,3,6.0,1.0986122886681096,0.6666666666666667,1.1162212531024944,0.9999999999999998
27,2010.0,Winter,6,7.0,1.7478680974667573,0.8163265306122449,2.5694917118487535,0.9755037590061084
27,2011.0,Winter,5,29.0,0.7668750081804474,0.3567181926278239,1.1878968174934803,0.4764862330232001
27,2012.0,Winter,9,200.0,0.8700904740679907,0.3779999999999999,1.5099133265420388,0.395995240105513
27,2013.0,Winter,5,86.0,0.34580404629827155,0.1333153055705787,0.8979991307288381,0.21486013447718555
27,2014.0,Winter,2,211.0,0.053592005410827676,0.01877765548842114,0.18685099176021946,0.07731692043749558
27,2015.0,Winter,9,99.0,1.301609131888221,0.642791551882461,1.740977441484074,0.5923878447901817
27,2016.0,Winter,8,12.0,1.9072839993213793,0.8194444444444444,2.8170072306729126,0.9172097224626077
27,2017.0,Winter,4,57.0,0.551525640218058,0.2536164973838103,0.7420138408501542,0.3978416530328515
27,2018.0,Winter,2,2.0,0.6931471805599453,0.5,1.4426950408889634,1.0
27,2019.0,Winter,3,96.0,0.15895186621395402,0.06098090277777779,0.4381786656282297,0.14468422377348203
27,2020.0,Winter,21,673.0,0.8482938746218984,0.3080880226260627,3.0713731860719395,0.2786295361502476
27,2022.0,Winter,6,11.0,1.4205719259467045,0.6611570247933886,2.0851619571212314,0.7928362876512273
27,2023.0,Winter,4,77.0,0.30204181879965386,0.1237982796424355,0.6906386701639536,0.21787711706167176
27,2024.0,Winter,3,3.0,1.0986122886681096,0.6666666666666667,1.8204784532536746,0.9999999999999998
274,2008.0,Winter,11,16.0,2.252728336819822,0.875,3.6067376022224087,0.9394606855331354
274,2009.0,Winter,3,4.0,1.0397207708399179,0.625,1.4426950408889634,0.946394630357186
274,2010.0,Winter,5,41.66666666666667,1.6094379124341005,0.8,1.072471900254856,1.0000000000000002
274,2011.0,Winter,3,41.0,0.9393535230803469,0.5520523497917906,0.538565016128782,0.85503642437785
274,2012.0,Winter,6,275.0,1.540305825226517,0.7272727272727273,0.8901911637590496,0.8596610491977074
274,2014.0,Winter,1,8.0,-0.0,0.0,,
274,2015.0,Winter,1,30.0,-0.0,0.0,,
274,2016.0,Winter,1,16.666,-0.0,0.0,,
274,2017.0,Winter,1,10.0,-0.0,0.0,,
274,2018.0,Winter,1,50.0,-0.0,0.0,,
274,2020.0,Winter,1,44.0,-0.0,0.0,,
274,2022.0,Winter,2,133.0,0.63476280642804,0.4427610379331788,0.2044843780639489,0.9157691529744942
274,2023.0,Winter,3,36.0,1.0397207708399179,0.625,0.5581106265512472,0.946394630357186
274,2024.0,Winter,2,74.0,0.5041264147315941,0.3232286340394449,0.23233849357411737,0.7273006785144037
28,2019.0,Winter,8,114.0,0.8750179530182703,0.3674976915974145,1.4779786101177625,0.4207946871694236
28,2023.0,Winter,3,4.0,1.0397207708399179,0.625,1.4426950408889634,0.946394630357186
28,2024.0,Winter,1,2.0,-0.0,0.0,,
3,2010.0,Winter,27,208.0,2.5726207314896747,0.8663091715976332,4.871159626734678,0.7805667683451101
313,2008.0,Winter,26,65.0,2.6739558346419354,0.8724260355029585,5.988902893675464,0.8207110512034511
313,2009.0,Winter,10,17.0,2.1700483464601645,0.8719723183391004,3.1766051147828502,0.9424400223309254
313,2010.0,Winter,12,360.0,1.6923747223269268,0.683641975308642,1.8688082883390589,0.6810616899718593
313,2011.0,Winter,6,130.0,1.484457535817486,0.7100591715976332,1.0272140959437934,0.8284915254038178
313,2012.0,Winter,5,5400.0,0.322785825012262,0.12414266117969819,0.4654326524475283,0.20055810946076413
313,2013.0,Winter,7,140.0,1.450805020083924,0.6428571428571429,1.2141712181659348,0.7455662949228414
313,2014.0,Winter,3,24.0,1.0986122886681096,0.6666666666666667,0.6293159608882497,0.9999999999999998
313,2015.0,Winter,4,52.0,1.0767453018340145,0.591715976331361,0.7592546078319506,0.7767075536282114
313,2016.0,Winter,2,20.0,0.6931471805599453,0.5,0.33380820069533407,1.0
313,2017.0,Winter,2,20.0,0.6931471805599453,0.5,0.33380820069533407,1.0
313,2018.0,Winter,9,380.0,1.3839663075527242,0.5803324099722992,1.3467625190664705,0.6298702107321957
313,2020.0,Winter,12,162.0,2.3221879428070653,0.8827160493827161,2.1621212209434377,0.934517175124137
313,2021.0,Winter,9,269.0,1.9185042921787887,0.8079490333190531,1.4299218417535846,0.8731489315965443
313,2022.0,Winter,8,2031.0,0.36998183898089043,0.12781211749638355,0.9190834274226385,0.17792365477223654
313,2023.0,Winter,10,366.0,1.8976634648257549,0.8085640060915524,1.5247431936982252,0.8241447712832309
313,2024.0,Winter,3,89.0,0.8067931707326723,0.46357783108193407,0.4455696196480604,0.7343747917755216
32,2004.0,Winter,6,69.0,1.2856093049828081,0.6763285024154588,1.1808866863814496,0.7175122147040686
32,2005.0,Winter,1,1.0,-0.0,0.0,,
32,2006.0,Winter,6,46.0,0.928498435120564,0.45179584120982985,1.3059462828211212,0.5182048433769906
32,2008.0,Winter,9,68.0,1.1199349548270363,0.48183391003460185,1.895955774695311,0.5097043635770617
32,2010.0,Winter,7,1100.0,0.6512247690277227,0.28409090909090906,0.856767659150186,0.3346633293134705
32,2023.0,Winter,2,1279.0,0.04189033863836194,0.013974463288302541,0.139785187598194,0.060434983814724105
32,2024.0,Winter,11,804.0,1.2020940682949215,0.48665874607064186,1.4948578528572054,0.5013121640179323
328,2008.0,Winter,14,30.0,2.176185661560307,0.8088888888888889,3.8221833493376787,0.8246071948264828
328,2009.0,Winter,10,16.0,2.0140355237092673,0.8125,3.2460638420001677,0.8746845143040606
328,2010.0,Winter,5,50.0,1.5607104090414068,0.7777777777777777,1.0224888745413259,0.9697238998682475
328,2011.0,Winter,3,33.0,1.0287593337139636,0.6170798898071626,0.5719993350053487,0.9364171003049386
328,2013.0,Winter,3,33.33333332,1.0397207708399179,0.625,0.570359896739968,0.946394630357186
328,2014.0,Winter,5,74.0,1.419524912424905,0.7132943754565376,0.9293539742964695,0.8820004185672671
328,2015.0,Winter,8,25.0,1.721904941357862,0.7649999999999999,2.1746722709586415,0.8280612399263964
328,2016.0,Winter,4,49.998000000000005,1.3296613488547582,0.7222222222222221,0.766874497269239,0.9591479170272448
328,2017.0,Winter,2,17.0,0.649248354870898,0.45674740484429055,0.35295612386476116,0.9366673818775625
328,2018.0,Winter,7,128.0,1.8409218426203393,0.8221435546875,1.2365957493333972,0.9460466833548594
328,2020.0,Winter,10,170.0,2.087477636242961,0.8489273356401383,1.7524052219559334,0.9065800185167614
328,2021.0,Winter,11,153.0,2.3131536787336344,0.8927335640138409,1.9878985003420895,0.9646600103740803
328,2022.0,Winter,9,143.0,1.8416266450353727,0.7684483348819013,1.6119787331688107,0.8381604065561873
328,2023.0,Winter,9,108.0,2.0947290475276485,0.8611111111111112,1.7086236185895254,0.9533522741071692
328,2024.0,Winter,2,45.0,0.6365141682948128,0.4444444444444444,0.26269731101386307,0.9182958340544894
35,2008.0,Winter,43,366.0,2.302807442547444,0.767640120636627,7.115468237258384,0.6122533690613822
35,2009.0,Winter,34,309.0,1.8576279798575028,0.6188456342099475,5.755805978787987,0.5267833413203553
35,2011.0,Winter,10,36.0,1.5379902795663567,0.6342592592592592,2.5114978194806126,0.6679406916365083
35,2012.0,Winter,43,165.0,3.149554110964471,0.9298071625344353,8.225704762161312,0.8373800952049837
35,2013.0,Winter,6,13.0,1.6715952780212542,0.7928994082840236,1.9493562262564004,0.9329350879565486
35,2014.0,Winter,14,37.0,1.8042660943555957,0.6851716581446311,3.600192614315146,0.683678249088524
35,2015.0,Winter,5,16.0,1.331660286822432,0.6875,1.4426950408889634,0.8274070571684498
35,2016.0,Winter,24,72.0,2.2122507144335817,0.7619598765432098,5.378020953688963,0.6961023420397432
35,2017.0,Winter,4,5.0,1.3321790402101223,0.72,1.8640048036788355,0.9609640474436812
35,2018.0,Winter,7,38.0,0.9218820409346145,0.4030470914127422,1.6494454664549614,0.473753652696741
35,2020.0,Winter,24,82.0,2.4727815786047858,0.8438429506246281,5.219302322079785,0.7780804576032169
35,2021.0,Winter,23,138.0,1.9153674265414828,0.7446964923335435,4.464961904898973,0.6108661967261505
35,2022.0,Winter,26,197.0,2.0843708157171448,0.7840964724677265,4.731977278107315,0.639751091286848
35,2023.0,Winter,15,162.0,0.7648922089352876,0.26192653558908685,2.7517906448371026,0.2824512664587854
35,2024.0,Winter,14,296.0,2.243608971808512,0.8464663988312637,2.2845656947245048,0.8501554500658014
38,2023.0,Winter,30,2040.0,2.646804055772224,0.8675509419454056,3.8054221583887258,0.778197722379387
38,2024.0,Winter,40,2268.0,2.465836006756513,0.8314728497709098,5.047463195798491,0.6684512295479179
39,2023.0,Winter,22,85.0,2.641179753868686,0.897439446366782,4.726907152417349,0.8544624649199272
39,2024.0,Winter,25,85.0,2.5245092524836883,0.8467820069204153,5.4021796027626845,0.7842828955935436
396,2008.0,Winter,7,23.0,1.7757378842935911,0.8128544423440454,1.913573933422806,0.9125487552216447
396,2009.0,Winter,11,21.0,2.199224814389626,0.8662131519274376,3.2845873875305105,0.9171479836244499
396,2010.0,Winter,7,180.0,1.347974960012722,0.5987654320987654,1.1554111024379956,0.6927220975064688
396,2011.0,Winter,8,100.0,2.0253262207700677,0.86,1.5200306866613813,0.9739760316291209
396,2013.0,Winter,6,250.0,1.3664332221137183,0.6432,0.9055574374935282,0.762620901734327
396,2014.0,Winter,5,140.0,1.2700181519104903,0.653061224489796,0.80944747877729,0.7891066453068236
396,2015.0,Winter,13,460.0,1.8408270730678984,0.7551984877126654,1.9571940492792974,0.7176855432692506
396,2016.0,Winter,13,370.0,1.9670063945575103,0.758217677136596,2.0292540628724662,0.7668792324633672
396,2017.0,Winter,5,60.0,1.5607104090414063,0.7777777777777778,0.9769573467038892,0.9697238998682473
396,2018.0,Winter,7,310.0,1.351744759143989,0.6659729448491155,1.0459207500333545,0.6946593910310939
396,2020.0,Winter,10,144.0,2.1873223188492537,0.875,1.810933219718301,0.9499420132200559
396,2021.0,Winter,17,242.0,2.6261550977307198,0.9063930059422171,2.914953821347702,0.9269175239627179
396,2022.0,Winter,8,231.0,1.7897522316332037,0.802608646764491,1.2861930804147836,0.8606888896657262
396,2023.0,Winter,15,696.0,1.2613655350013904,0.46217300832342434,2.1389231632408623,0.4657836603206244
396,2024.0,Winter,11,196.0,2.0938412905519934,0.8406393169512703,1.894615908449756,0.873199640661728
4,2004.0,Winter,17,449.0,0.5703982458636772,0.20033630785561585,2.619934507223559,0.2013255539193025
4,2005.0,Winter,13,33.0,1.9263215158543443,0.7382920110192837,3.431996010032092,0.7510173681404666
4,2006.0,Winter,5,365.0,0.320515950932097,0.13473447175830366,0.6779778969495376,0.19914775739770627
4,2008.0,Winter,9,285.0,1.1219195480601758,0.5944721452754694,1.4153056723975501,0.5106075908819127
4,2009.0,Winter,11,116.0,1.135222297115506,0.5260107015457789,2.103673139243114,0.47342446936420574
4,2010.0,Winter,2,10.0,0.6931471805599453,0.5,0.43429448190325176,1.0
4,2011.0,Winter,12,224.0,1.0925599585052608,0.4772401147959183,2.0326532619828948,0.4396784718647167
4,2012.0,Winter,12,420.0,0.6213630139174444,0.22954648526077104,1.8211152551998395,0.25005487186830777
4,2013.0,Winter,6,362.0,0.2070964422025375,0.0702054271847623,0.8486595286870763,0.11558272511419238
4,2014.0,Winter,5,897.0,0.22431026839017792,0.08232321537541842,0.5883169782912734,0.13937180593126017
4,2015.0,Winter,12,130.03,1.096908538763585,0.44238751356481865,2.259763888298364,0.44142846929769686
4,2016.0,Winter,19,136.0,2.1489804867624134,0.8224480968858132,3.6640066152953668,0.729843784152994
4,2017.0,Winter,14,494.0,0.4748401515431918,0.15822255732760737,2.0959170590761698,0.17992794101688483
4,2018.0,Winter,11,286.0,0.8741322636115485,0.35104406083427053,1.768036506147358,0.3645414683150138
4,2019.0,Winter,23,224.0,1.8447276209789982,0.6896922831632653,4.0653065239657895,0.5883371149617461
4,2020.0,Winter,22,173.0,2.1172077720267013,0.7793110361188146,4.0750653470535045,0.6849494317771095
4,2021.0,Winter,7,23.0,1.727228416616589,0.8015122873345937,1.913573933422806,0.8876198201931943
4,2022.0,Winter,22,242.0,1.4436228016580541,0.5194658834779045,3.8258768905188587,0.46703428485416154
4,2023.0,Winter,25,125.0,2.591239391734377,0.87232,4.970679476476894,0.8050137789457837
4,2024.0,Winter,13,286.0,2.045128099431979,0.8258105530832803,2.1216438073768296,0.7973366388239295
40,2023.0,Winter,18,68.0,2.4613136645029177,0.8901384083044983,4.028906021227536,0.8515560871292389
40,2024.0,Winter,13,43.0,2.2915159046963653,0.8718226068144943,3.1904710280982242,0.8933961592770856
410,2008.0,Winter,10,23.0,2.0888704238652562,0.8544423440453687,2.870360900134209,0.9071848984955874
410,2009.0,Winter,6,6.0,1.7917594692280547,0.8333333333333333,2.7905531327562363,0.9999999999999999
410,2010.0,Winter,2,20.0,0.6931471805599453,0.5,0.33380820069533407,1.0
410,2011.0,Winter,2,20.0,0.6931471805599453,0.5,0.33380820069533407,1.0
410,2012.0,Winter,2,20.0,0.6931471805599453,0.5,0.33380820069533407,1.0
410,2013.0,Winter,9,120.0,2.1383330595080277,0.875,1.6710211588482329,0.973197315178593
410,2014.0,Winter,4,50.0,1.3321790402101223,0.72,0.7668666559059943,0.9609640474436812
410,2015.0,Winter,1,10.0,-0.0,0.0,,
410,2016.0,Winter,3,60.0,0.8675632284814612,0.5,0.4884786733519446,0.7896900821428474
410,2017.0,Winter,3,60.0,0.8675632284814612,0.5,0.4884786733519446,0.7896900821428474
410,2018.0,Winter,8,210.0,1.8146441668225959,0.7981859410430839,1.3091189881234253,0.8726593801510147
410,2020.0,Winter,8,152.0,1.6977044646994002,0.7362361495844876,1.393345237999578,0.8164232707056257
410,2021.0,Winter,12,224.0,2.2346553938108644,0.862045599489796,2.0326532619828948,0.8992914860610615
410,2022.0,Winter,7,143.0,1.6341963527693661,0.7446818915350384,1.208984049876608,0.8398107967948696
410,2023.0,Winter,7,170.0,1.4153261960027212,0.6340484429065745,1.1682701479706221,0.7273337860382834
410,2024.0,Winter,6,134.0,1.6436885410641935,0.7839162396970372,1.0208582159118624,0.9173600415084425
426,2008.0,Winter,1,2.0,-0.0,0.0,,
426,2009.0,Winter,1,2.0,-0.0,0.0,,
426,2010.0,Winter,2,16.0,0.2337916587064593,0.1171875,0.36067376022224085,0.3372900666170139
426,2011.0,Winter,7,26.0,1.6846644346978235,0.7840236686390533,1.8415660585808091,0.8657462604404846
426,2012.0,Winter,3,3.0,1.0986122886681096,0.6666666666666667,1.8204784532536746,0.9999999999999998
426,2013.0,Winter,6,8.0,1.7328679513998633,0.8125,2.4044917348149393,0.967132018086354
426,2014.0,Winter,8,13.0,1.9915093613566135,0.8520710059171597,2.72909871675896,0.957713559837711
426,2015.0,Winter,11,23.0,2.2006631885058168,0.8657844990548205,3.18928988903801,0.9177478322218877
426,2016.0,Winter,10,30.0,2.1357208861486354,0.8644444444444445,2.6461269341568543,0.9275317957398754
426,2017.0,Winter,12,41.0,1.884003160856342,0.7590719809637121,2.9621075887083013,0.7581786466775625
426,2018.0,Winter,14,46.0,2.3203387197305654,0.8799621928166351,3.395460335334915,0.8792301302786938
426,2019.0,Winter,10,15.0,2.1186492470699507,0.8533333333333333,3.323424357619696,0.9201176770909587
426,2020.0,Winter,16,31.0,2.3576198431085,0.8595213319458896,4.368100143299437,0.8503316139885123
426,2023.0,Winter,6,10.0,1.6094379124341003,0.7599999999999999,2.1714724095162588,0.8982444017039272
426,2024.0,Winter,10,31.0,2.0555468607133887,0.8428720083246618,2.620860085979662,0.8927126589013767
44,2008.0,Winter,19,29.0,2.8053739589572357,0.929845422116528,5.345535678720662,0.9527702828303906
44,2009.0,Winter,2,2.0,0.6931471805599453,0.5,1.4426950408889634,1.0
44,2010.0,Winter,6,7.0,1.7478680974667573,0.8163265306122449,2.5694917118487535,0.9755037590061084
44,2011.0,Winter,11,19.0,2.260233853174674,0.8808864265927978,3.396232718951086,0.9425907289674731
44,2012.0,Winter,14,25.0,2.3413103364639394,0.8672,4.038677074637477,0.8871767620164861
44,2013.0,Winter,21,40.0,2.804778023065548,0.9199999999999999,5.421700613636336,0.9212538519383858
44,2014.0,Winter,30,172.0,2.369515000245137,0.8280151433207139,5.633808861889716,0.6966708292263714
44,2015.0,Winter,22,41.0,2.7206969557065466,0.8982748364069006,5.6549326693522115,0.8801875085056171
44,2016.0,Winter,19,35.0,2.8222052982295187,0.9338775510204081,5.062795453129111,0.95848659734442
44,2017.0,Winter,21,32.0,2.89465783299428,0.93359375,5.7707801635558535,0.9507756609469411
44,2018.0,Winter,23,59.0,2.6334208713286418,0.8951450732548119,5.395413359816269,0.8398742558510104
44,2019.0,Winter,17,42.0,2.663397376057568,0.9206349206349207,4.280742182704864,0.9400624141648548
44,2020.0,Winter,18,69.0,2.227582381479485,0.8040327662255828,4.015014733696929,0.7706906128576662
44,2021.0,Winter,11,14.0,2.341994252232425,0.8979591836734694,3.789231816899512,0.9766874637103277
44,2022.0,Winter,30,147.0,2.3264639088388304,0.8181776111805267,5.8111194762615055,0.6840132011691407
44,2023.0,Winter,15,46.0,1.9238962556650743,0.724007561436673,3.6566495918991393,0.7104359641789597
44,2024.0,Winter,38,111.0,3.152971347189706,0.929145361577794,7.8564099641382,0.8667757157474087
5,2010.0,Winter,12,238.0,0.8482630365621141,0.33556952192641776,2.0101344863885986,0.3413661582154338
52,2023.0,Winter,7,114.0,1.8998180791878871,0.84533702677747,1.2668388086723679,0.976313361698739
52,2024.0,Winter,6,392.0,0.7315437652431896,0.32306851311953344,0.8373439541173185,0.4082823491695351
528,2009.0,Winter,6,19.0,1.530605242058942,0.736842105263158,1.698116359475543,0.8542470506481395
528,2010.0,Winter,10,1180.0,0.9312071389095545,0.40031600114909527,1.2723959865102181,0.4044181219373344
528,2011.0,Winter,5,110.0,1.499030672979008,0.7603305785123967,0.8509768552826774,0.9314001250982628
528,2012.0,Winter,2,50.0,0.5004024235381879,0.31999999999999984,0.25562221863533147,0.7219280948873623
528,2013.0,Winter,6,190.0,1.264332376784249,0.6094182825484765,0.9529211094206448,0.7056373349760848
528,2014.0,Winter,3,260.0,0.431071102348777,0.2100591715976332,0.35966813651849855,0.392377826823129
528,2015.0,Winter,2,90.0,0.5297061990576545,0.345679012345679,0.2222316216158104,0.7642045065086203
528,2016.0,Winter,3,40.0,1.0397207708399179,0.625,0.5421700613636335,0.946394630357186
528,2017.0,Winter,3,130.0,0.6870920273799715,0.37869822485207094,0.41088563837751735,0.625418115623811
528,2018.0,Winter,2,70.0,0.5982695885852573,0.40816326530612246,0.23537745555238682,0.8631205685666311
528,2020.0,Winter,1,9.0,-0.0,0.0,,
528,2021.0,Winter,4,128.0,0.8865514895235654,0.4537353515625,0.6182978746666986,0.6395117187141859
528,2022.0,Winter,3,36.0,1.0397207708399179,0.625,0.5581106265512472,0.946394630357186
528,2023.0,Winter,3,55.0,0.8590785459617755,0.4938842975206611,0.4990850292584237,0.7819669912879544
528,2024.0,Winter,2,18.0,0.6931471805599453,0.5,0.3459762562611936,1.0
550,2008.0,Winter,7,35.0,1.0581089921378573,0.4702040816326529,1.6875984843763703,0.5437604571061724
550,2009.0,Winter,7,35.0,1.0581089921378573,0.4702040816326529,1.6875984843763703,0.5437604571061724
550,2010.0,Winter,8,123.0,1.125617377760196,0.5509947782404654,1.4546408622489833,0.5413075362776913
550,2011.0,Winter,2,3.0,0.6365141682948128,0.4444444444444444,0.9102392266268373,0.9182958340544894
550,2012.0,Winter,6,46.0,1.0981430141216428,0.5340264650283554,1.3059462828211212,0.6128852856543052
550,2013.0,Winter,6,37.0,1.4399140366441665,0.7216946676406136,1.3846894670442869,0.8036313251714113
550,2014.0,Winter,11,42.0,2.0808424832981003,0.8401360544217686,2.6754638641905397,0.8677787169869741
550,2015.0,Winter,15,79.0,2.0207161907833786,0.7851305880467874,3.204066159548168,0.7461886009206632
550,2016.0,Winter,11,68.0,1.8146553952367763,0.7664359861591695,2.3699447183691387,0.7567700790865037
550,2017.0,Winter,7,25.0,1.6651420577436549,0.7712000000000001,1.8640048036788355,0.8557137432846199
550,2018.0,Winter,7,29.0,1.4314141888347227,0.6944114149821641,1.7818452262402205,0.7356013788867053
550,2019.0,Winter,11,20.0,2.0253262207700677,0.7999999999999999,3.3380820069533406,0.8446266372619724
550,2020.0,Winter,7,17.0,1.6100124371857243,0.726643598615917,2.117736743188567,0.8273827226644261
550,2023.0,Winter,5,7.0,1.5498260458782016,0.7755102040816326,2.055593369479003,0.9629610647945144
550,2024.0,Winter,4,9.0,1.2148896539491203,0.6666666666666667,1.365358839940256,0.8763576394898523
59,2008.0,Winter,6,76.0,1.2852865051975104,0.6191135734072022,1.1545388753188437,0.7173320567136454
59,2009.0,Winter,7,30.0,1.6148445133015106,0.7622222222222222,1.7640846227712363,0.8298659185705332
59,2010.0,Winter,1,10.0,-0.0,0.0,,
59,2012.0,Winter,5,14.0,1.252762968495368,0.6224489795918368,1.5156927267598048,0.7783853970487746
59,2013.0,Winter,5,10.0,1.2275294114572126,0.6,1.737177927613007,0.7627069065377661
59,2014.0,Winter,2,21.0,0.19144408195771734,0.09070294784580502,0.3284587387530511,0.2761954276479391
59,2015.0,Winter,2,17.0,0.22371807606583377,0.11072664359861584,0.35295612386476116,0.3227569588973983
59,2018.0,Winter,1,1.0,-0.0,0.0,,
59,2019.0,Winter,0,0.0,,,,
59,2021.0,Winter,2,2.0,0.6931471805599453,0.5,1.4426950408889634,1.0
59,2022.0,Winter,4,7.0,1.277034259466139,0.6938775510204083,1.5416950271092522,0.9211854965885543
59,2023.0,Winter,2,3.0,0.6365141682948128,0.4444444444444444,0.9102392266268373,0.9182958340544894
59,2024.0,Winter,3,10.0,0.639031859650177,0.33999999999999986,0.8685889638065035,0.5816718657178868
598,2008.0,Winter,2,2.0,0.6931471805599453,0.5,1.4426950408889634,1.0
598,2009.0,Winter,2,2.0,0.6931471805599453,0.5,1.4426950408889634,1.0
598,2010.0,Winter,1,1.0,-0.0,0.0,,
598,2011.0,Winter,3,4.0,1.0397207708399179,0.625,1.4426950408889634,0.946394630357186
598,2012.0,Winter,4,10.0,1.0888999753452235,0.5800000000000001,1.3028834457097553,0.7854752972273343
598,2013.0,Winter,5,6.0,1.5607104090414063,0.7777777777777777,2.232442506204989,0.9697238998682473
598,2014.0,Winter,5,10.0,1.4184836619456564,0.72,1.737177927613007,0.881353453268883
598,2015.0,Winter,3,3.0,1.0986122886681096,0.6666666666666667,1.8204784532536746,0.9999999999999998
598,2016.0,Winter,6,7.0,1.7478680974667573,0.8163265306122449,2.5694917118487535,0.9755037590061084
598,2017.0,Winter,7,9.0,1.8891591637540217,0.8395061728395061,2.730717679880512,0.9708357627258162
598,2018.0,Winter,4,5.0,1.3321790402101223,0.72,1.8640048036788355,0.9609640474436812
598,2019.0,Winter,2,3.0,0.6365141682948128,0.4444444444444444,0.9102392266268373,0.9182958340544894
598,2020.0,Winter,2,3.0,0.6365141682948128,0.4444444444444444,0.9102392266268373,0.9182958340544894
598,2024.0,Winter,7,11.0,1.8462202193216333,0.8264462809917356,2.502194348545478,0.948769510358905
61,2008.0,Winter,2,10.0,0.6730116670092565,0.48,0.43429448190325176,0.9709505944546688
61,2009.0,Winter,1,1.0,-0.0,0.0,,
61,2010.0,Winter,4,42.0,0.5546026418180308,0.25736961451247165,0.8026391592571619,0.4000612405073955
61,2012.0,Winter,10,144.0,0.5911130507355,0.22993827160493818,1.810933219718301,0.25671713611542457
61,2013.0,Winter,4,124.0,0.17604524709725128,0.06308532778355869,0.6223702825590942,0.12698980247963831
61,2014.0,Winter,4,25.0,0.6060252027357298,0.28480000000000005,0.9320024018394177,0.437154777320283
61,2015.0,Winter,2,8.0,0.37677016125643675,0.21875,0.48089834696298783,0.5435644431995964
61,2017.0,Winter,5,11.0,1.4142790651247086,0.7107438016528926,1.6681295656969852,0.8787409903782898
61,2018.0,Winter,2,2.0,0.6931471805599453,0.5,1.4426950408889634,1.0
61,2019.0,Winter,2,29.0,0.14999492361041503,0.06658739595719365,0.2969742043733701,0.21639693245126465
61,2021.0,Winter,2,40.0,0.11690684913753106,0.04875000000000007,0.2710850306818168,0.16866093149667025
61,2022.0,Winter,2,10.0,0.3250829733914482,0.17999999999999994,0.43429448190325176,0.46899559358928117
61,2023.0,Winter,4,12.0,0.9830877585747855,0.5138888888888888,1.207288813145534,0.7091479170272448
61,2024.0,Winter,1,1.0,-0.0,0.0,,
617,2008.0,Winter,18,39.0,2.670507400566009,0.9165023011176857,4.640293146959756,0.9239321527656394
617,2009.0,Winter,8,14.0,1.9459101490553132,0.8367346938775511,2.652462271829658,0.9357849740192015
617,2010.0,Winter,15,1190.0,1.7582521715191803,0.7143563307676011,1.9769240473221708,0.6492686770738407
617,2011.0,Winter,3,30.0,1.0986122886681096,0.6666666666666667,0.5880282075904121,0.9999999999999998
617,2012.0,Winter,2,20.0,0.6931471805599453,0.5,0.33380820069533407,1.0
617,2013.0,Winter,10,510.0,1.4977936335084963,0.6105344098423684,1.4436007500874044,0.6504835100625613
617,2014.0,Winter,4,40.0,1.3862943611198906,0.75,0.8132550920454504,1.0
617,2015.0,Winter,12,180.0,2.3221879428070658,0.8827160493827161,2.118253687802992,0.9345171751241372
617,2016.0,Winter,4,50.0,1.3321790402101223,0.72,0.7668666559059943,0.9609640474436812
617,2017.0,Winter,5,360.0,0.7992634359420777,0.37808641975308643,0.6795666503051123,0.4966102946669614
617,2018.0,Winter,10,410.0,1.8467386020361496,0.793575252825699,1.4959715581052497,0.8020283843820251
617,2020.0,Winter,9,251.0,1.7303764156128956,0.7388454151521404,1.4478451066596258,0.7875282451604004
617,2021.0,Winter,2,62.0,0.41422321384689104,0.24817898022892826,0.2422988705246811,0.5975977764379983
617,2022.0,Winter,15,269.0,2.5029359578118138,0.9007338207045231,2.502363223068773,0.9242575919726628
617,2023.0,Winter,14,295.0,2.2076969217311126,0.8406090203964378,2.2859251509693364,0.8365475417894643
617,2024.0,Winter,7,187.0,1.7948535420656733,0.8174668992536247,1.146984404160153,0.9223722600640252
79,2008.0,Winter,26,49.0,3.0503687125050596,0.9429404414827155,6.423729279621884,0.93624258118436
79,2009.0,Winter,16,43.0,2.3279553596418694,0.8501892915089238,3.9880887851227804,0.8396324131915521
79,2010.0,Winter,16,537.5,1.4651008927209481,0.5478637101135749,2.3859026517735926,0.5284234480826263
79,2011.0,Winter,10,480.0,1.3302157890473145,0.5746527777777777,1.4577764516836513,0.5777053769238287
79,2012.0,Winter,7,100.0,1.8343719702816235,0.82,1.3028834457097553,0.9426807148172599
79,2013.0,Winter,7,340.0,1.2585471081070956,0.6107266435986158,1.029345681639748,0.6467652726504799
79,2014.0,Winter,7,80.0,1.9061547465398496,0.84375,1.3692294685120123,0.979569764547061
79,2015.0,Winter,3,90.0,0.6837389058487535,0.37037037037037024,0.4444632432316208,0.6223659728744494
79,2016.0,Winter,2,30.0,0.6365141682948128,0.4444444444444444,0.29401410379520604,0.9182958340544894
79,2017.0,Winter,4,70.0,1.15374194270109,0.6122448979591837,0.7061323666571605,0.8322488896002306
79,2018.0,Winter,9,100.0,2.163955656882057,0.88,1.737177927613007,0.9848586617875466
79,2020.0,Winter,14,189.0,2.532591160801122,0.9115646258503401,2.4800891692503937,0.959657500570608
79,2021.0,Winter,24,539.0,2.7546490958510237,0.9068673176809938,3.6567631303359573,0.8667723213327176
79,2022.0,Winter,12,250.0,2.2353423416175406,0.8686400000000001,1.9922263624857621,0.8995679341951331
79,2023.0,Winter,13,455.0,1.8965402621126795,0.776814394396812,1.9606890284192855,0.7394065136590594
79,2024.0,Winter,14,277.0,2.268245764045311,0.8567555943645818,2.3115148531628638,0.8594909017668035
9,2004.0,Winter,4,5.0,1.3321790402101223,0.72,1.8640048036788355,0.9609640474436812
9,2005.0,Winter,2,2.0,0.6931471805599453,0.5,1.4426950408889634,1.0
9,2006.0,Winter,3,3.0,1.0986122886681096,0.6666666666666667,1.8204784532536746,0.9999999999999998
9,2008.0,Winter,3,5.0,0.9502705392332347,0.56,1.2426698691192237,0.8649735207179272
9,2009.0,Winter,3,4.0,1.0397207708399179,0.625,1.4426950408889634,0.946394630357186
9,2010.0,Winter,2,2.0,0.6931471805599453,0.5,1.4426950408889634,1.0
9,2011.0,Winter,1,1.0,-0.0,0.0,,
9,2013.0,Winter,2,4.0,0.5623351446188083,0.375,0.7213475204444817,0.8112781244591328
9,2014.0,Winter,2,3.0,0.6365141682948128,0.4444444444444444,0.9102392266268373,0.9182958340544894
9,2015.0,Winter,5,8.0,1.4941751382893083,0.75,1.9235933878519513,0.9283832117695864
9,2016.0,Winter,2,3.0,0.6365141682948128,0.4444444444444444,0.9102392266268373,0.9182958340544894
9,2017.0,Winter,3,3.0,1.0986122886681096,0.6666666666666667,1.8204784532536746,0.9999999999999998
9,2018.0,Winter,1,1.0,-0.0,0.0,,
9,2019.0,Winter,9,146.0,0.5915250154044343,0.22809157440420358,1.6052631371730681,0.2692146362760801
9,2020.0,Winter,5,12.0,1.2342678660790765,0.611111111111111,1.6097184175273787,0.7668937437992748
9,2021.0,Winter,6,18.0,1.5229550675313182,0.7283950617283951,1.7298812813059679,0.849977406949301
9,2022.0,Winter,10,50.0,1.7762394831079211,0.7671999999999999,2.300599967717983,0.7714110060524544
9,2023.0,Winter,3,7.0,0.9556998911125343,0.5714285714285714,1.0277966847395015,0.8699155297736259
9,2024.0,Winter,3,107.0,0.7255031932276308,0.40562494541007954,0.4280062614855671,0.6603814655188196
Afk-1,2011.0,Winter,37,628.0,2.196664457311538,0.7427684693090997,5.587858060609532,0.6083396273339683
Afk-1,2013.0,Winter,36,334.0,2.9185161893979434,0.9073828391121948,6.022913579674064,0.8144274495324224
Afk-1,2014.0,Winter,42,1056.0,2.4197535650192714,0.8109934573002755,5.8889063863441375,0.6473963223455294
Afk-1,2015.0,Winter,45,1178.0,2.5099923153087094,0.8648020730944509,6.222094820182344,0.6593682318970583
Afk-1,2016.0,Winter,30,404.0,2.4762897815319214,0.8240368591314577,4.832193839238809,0.7280641208543345
Afk-1,2017.0,Winter,37,710.0,2.5163903658316125,0.8654632017456854,5.483403969879086,0.6968838469077507
Afk-2,2011.0,Winter,60,13682.0,0.5558904236960824,0.1661906728866197,6.194982531210468,0.13577030834805637
Afk-2,2013.0,Winter,40,664.0,2.207607412949341,0.7270830309188562,6.001586127364788,0.5984493232727782
Afk-2,2014.0,Winter,58,4092.0,1.2168427894670828,0.3867532576737006,6.853606497543923,0.2996822726748062
Afk-2,2015.0,Winter,30,144.0,2.965867974404407,0.9139660493827161,5.835229263536748,0.8720070144694149
Afk-2,2016.0,Winter,64,3990.0,1.438561501650317,0.45658456919240453,7.598100055870285,0.3459009240741155
Afk-2,2017.0,Winter,31,230.0,2.8131350536352095,0.9025330812854442,5.516653637392492,0.8192037087269752
Akm-1,2011.0,Winter,45,2896.0,1.8269927347027446,0.6688440523793536,5.519950651722599,0.4799460786482751
Akm-1,2013.0,Winter,77,1690.0,3.435450594528081,0.9497566611813312,10.225383864145714,0.7908850100062792
Akm-1,2014.0,Winter,85,2010.0,3.5165486413710387,0.9497764906809237,11.044072421290506,0.7915428059390607
Akm-1,2015.0,Winter,52,712.0,3.067324554471992,0.9268873879560662,7.764828719736707,0.7762934338996483
Akm-1,2016.0,Winter,37,500.0,2.6891809088452643,0.887296,5.79280292978409,0.744736095890924
Akm-1,2017.0,Winter,20,106.0,2.6583027953318865,0.9042363830544677,4.074246412693347,0.8873632730131139
Akm-2,2011.0,Winter,37,1054.0,2.6823276528341395,0.8973063669980449,5.172155386645916,0.7428381696082116
Akm-2,2013.0,Winter,80,1556.0,3.5333790731881587,0.9563940233014585,10.748484011238189,0.8063344584054815
Akm-2,2014.0,Winter,92,1736.0,3.644571112144247,0.9574237082970545,12.199472537480482,0.8060021051498888
Akm-2,2015.0,Winter,80,2276.0,2.9868728382150564,0.9029531042960702,10.219691286745824,0.6816190514636945
Akm-2,2016.0,Winter,90,2564.0,3.1290837711977657,0.899625438995719,11.33855629646035,0.6953813606449949
Akm-2,2017.0,Winter,42,448.0,3.0709416874426965,0.9286511479591837,6.716034178242083,0.8216193513789253
Akm-3,2011.0,Winter,59,846.0,3.3662893925635156,0.9377909673669445,8.604678201441784,0.8255692164384084
Akm-3,2013.0,Winter,51,312.0,3.2754411920538926,0.9294049967126891,8.70624625564089,0.8330586089048841
Akm-3,2014.0,Winter,88,1366.0,3.283773890113581,0.9088745929700379,12.050458944696457,0.7334212336885081
Akm-3,2015.0,Winter,58,652.0,2.4901320022733042,0.74244420188942,8.796235805985368,0.6132660884060047
Akm-3,2016.0,Winter,40,426.0,2.7096844878242043,0.8507571249090788,6.441554332199405,0.7345549025198674
Akm-3,2017.0,Winter,35,290.0,2.772662986084145,0.8815219976218787,5.996598599133722,0.7798569755003439
Akm-4,2011.0,Winter,57,856.0,3.277333925568955,0.9443182810725828,8.293506758536894,0.8106090446199778
Akm-4,2013.0,Winter,134,2250.0,4.0365907375608865,0.9646238024691358,17.230913227742576,0.824157363742551
Akm-4,2014.0,Winter,173,4054.0,4.146241751399324,0.9725158315381716,20.704284334048676,0.8045812419825626
Akm-4,2015.0,Winter,170,6054.0,4.100951837902869,0.9685531461205499,19.40638400011187,0.79850326841453
Akm-4,2016.0,Winter,159,2530.0,4.310871543733881,0.9784211595244419,20.163414052995478,0.850454333274966
Akm-4,2017.0,Winter,120,2150.0,4.137824666164628,0.976411898323418,15.508476440941028,0.8642990710956523
Ang-1,2011.0,Winter,58,5092.0,3.270896500366863,0.9524946792066048,6.678049844176145,0.80555163362007
Ang-1,2013.0,Winter,114,2268.0,3.9112648749589427,0.9678900366731055,14.624701054493062,0.8258236890991775
Ang-1,2014.0,Winter,104,1358.0,3.8208569304294078,0.9577716515450904,14.278251754229476,0.8226820294423937
Ang-1,2015.0,Winter,143,6006.0,3.97776491759321,0.9695568057206418,16.320874369440293,0.8015090565881552
Ang-1,2016.0,Winter,105,1808.0,3.68449198525354,0.9521644216461743,13.866710039975299,0.79168959510556
Ang-1,2017.0,Winter,85,1324.0,3.6482169980448917,0.9601956900721972,11.685472590286288,0.8211801438870928
Ang-2,2011.0,Winter,32,3642.0,1.7323902734688295,0.6646983556596556,3.7803549114397774,0.4998621712835511
Ang-2,2013.0,Winter,64,13126.0,1.8857535718529537,0.6666165037288236,6.64392246359791,0.4534278877418177
Ang-2,2014.0,Winter,51,3336.0,1.7989240959037647,0.6646179459310249,6.163307104487504,0.45752896082965583
Ang-2,2015.0,Winter,63,3354.0,3.066388668789436,0.9235206833908834,7.637434767998126,0.7401131923750185
Ang-2,2016.0,Winter,22,152.0,2.4446807088318026,0.8642659279778393,4.180035713998735,0.7908919873215385
Ang-2,2017.0,Winter,66,12340.0,1.7008156544372461,0.6658162437054919,6.899771887971705,0.4059560415268506
Ang-3,2011.0,Winter,28,386.0,1.8738943704377942,0.6979918923997961,4.533367572866772,0.5623587522061384
Ang-3,2013.0,Winter,130,1992.0,3.988243202505017,0.9665549749197594,16.98062294406539,0.8193559271330341
Ang-3,2014.0,Winter,122,1554.0,4.047420846564382,0.9682456863924046,16.46574930090361,0.8425068934703459
Ang-3,2015.0,Winter,90,994.0,3.2541088388968427,0.8900404438704662,12.895304085783135,0.7231658841823873
Ang-3,2016.0,Winter,61,560.0,3.2919241223480307,0.9264540816326531,9.48176349584843,0.800784512275477
Ang-3,2017.0,Winter,64,404.0,3.614511832196702,0.9584844623076169,10.497524547311896,0.8691063825907772
Asg-2,2011.0,Winter,7,686.0,0.38367795889816203,0.1491725386531123,0.9187126665071595,0.19717146708157482
Asg-2,2013.0,Winter,23,2860.0,1.6303813926341815,0.7006445302948799,2.7643133019745263,0.5199758890803905
Asg-2,2014.0,Winter,17,478.0,1.5295362861959994,0.5720838220619386,2.593356484508507,0.5398591988862419
Asg-2,2015.0,Winter,23,1108.0,1.836493962888207,0.7472272543627573,3.138234135145623,0.5857111627118705
Asg-2,2016.0,Winter,21,6346.0,1.9014480523592747,0.8090796031636696,2.284257589289601,0.6245472290823728
Asg-2,2017.0,Winter,24,2392.0,2.1918230010872746,0.8443194147716468,2.9563418559287444,0.6896745990131027
Asg-3,2011.0,Winter,12,466.0,0.8585515498125044,0.367809316804509,1.790310491093319,0.34550656053246576
Asg-3,2013.0,Winter,41,1336.0,1.5889530477345788,0.5418310086414,5.557535154134181,0.4278772618905254
Asg-3,2014.0,Winter,26,1060.0,1.9680180905413436,0.7840939836240655,3.5888477169335986,0.6040392197023253
Asg-3,2015.0,Winter,25,570.0,2.29915123533325,0.8586518928901201,3.782126588304241,0.7142714911742178
Asg-3,2016.0,Winter,28,458.0,2.6842318164177783,0.9008600141110963,4.406818423674835,0.8055423393795972
Asg-3,2017.0,Winter,33,1406.0,2.015723872672218,0.746477704776724,4.41470401071796,0.5764963573614574
Asg-4,2011.0,Winter,31,2370.0,1.5863192078307846,0.6707756947782585,3.8606832632428074,0.46194674393628665
Asg-4,2013.0,Winter,82,4820.0,2.4304058911841273,0.7472636490418554,9.551290729912768,0.551522743976248
Asg-4,2014.0,Winter,66,3970.0,2.8153616314461622,0.8847885590289895,7.8440635181906435,0.6719793884697158
Asg-4,2015.0,Winter,80,3186.0,2.630052617573683,0.8328850837921241,9.793564685017294,0.60019092461984
Asg-4,2016.0,Winter,30,400.0,2.374351363187539,0.8236,4.840218910082344,0.6980927881425101
Asg-4,2017.0,Winter,67,1724.0,3.0061497965972284,0.8982725114528883,8.856204483315741,0.7149511435707893
Tng-1,2014.0,Winter,36,402.0,2.582085747873983,0.8521076210984877,5.836784732496792,0.7205447472774973
Tng-1,2015.0,Winter,36,438.0,2.2554110267953247,0.7451053981359855,5.754478836710227,0.6293844306476652
Tng-1,2016.0,Winter,51,428.0,3.434099185568562,0.9510437592802865,8.25201904401929,0.8734108544862165
Tng-1,2017.0,Winter,9,38.0,1.9514406714516626,0.8254847645429363,2.1992606219399486,0.8881389237951587
Tng-2,2014.0,Winter,30,188.0,2.922364711376361,0.9194205522861023,5.538111604377914,0.8592164415780568
Tng-2,2015.0,Winter,20,180.0,2.093641896150865,0.7486419753086421,3.658801824386986,0.6988748342544877
Tng-2,2016.0,Winter,25,198.0,2.449620884946208,0.8378736863585349,4.53834873706216,0.7610175161219553
Tng-2,2017.0,Winter,19,424.0,1.955346749184752,0.7879583481666074,2.9753376959828137,0.6640812606475898
Tng-3,2014.0,Winter,96,1344.0,3.6983679670307605,0.9559461805555556,13.188206567289845,0.8102729703978637
Tng-3,2015.0,Winter,46,420.0,3.0917648941899056,0.9238095238095239,7.450016953090252,0.8075357741848288
Tng-3,2016.0,Winter,78,1510.0,3.304676833384001,0.9377764133152054,10.519319787777764,0.7585259802397747
Tng-3,2017.0,Winter,29,162.0,2.798615223146572,0.9026063100137174,5.503581289674205,0.8311165292411549
Tng-4,2014.0,Winter,45,278.0,3.3003200740655956,0.9416696858340665,7.818578953895576,0.8669852089421054
Tng-4,2015.0,Winter,39,176.0,3.1780878334605376,0.9266528925619835,7.349408689102733,0.8674858349437123
Tng-4,2016.0,Winter,88,1724.0,3.3788235059097214,0.9296649996500881,11.674087728007112,0.754650285630453
Tng-4,2017.0,Winter,72,474.0,3.7252750368624348,0.961811675479357,11.523715449404227,0.8710698785435042
Tng-5,2014.0,Winter,60,476.0,3.4412672909341553,0.932737801002754,9.5695054893169,0.8404928404624783
Tng-5,2015.0,Winter,24,78.0,2.894681472481517,0.9230769230769231,5.279214405860663,0.9108346261600596
Tng-5,2016.0,Winter,76,932.0,3.599191255304713,0.9566302565897327,10.969189599621503,0.8310812447913842
Tng-5,2017.0,Winter,28,124.0,3.037799639457786,0.9339229968782519,5.601332543031848,0.9116486188592493
Tng-6,2014.0,Winter,162,1576.0,4.42368348527102,0.9780785384833415,21.867140692880803,0.8695036307492272
Tng-6,2015.0,Winter,124,1446.0,4.312070282761888,0.9812426706763926,16.903600163676874,0.8945681334323965
Tng-6,2016.0,Winter,100,928.0,3.8915855811539797,0.9621637187871581,14.488444349669702,0.8450470718747163
Tng-6,2017.0,Winter,94,784.0,3.8897136033249637,0.9591185964181591,13.954725725269208,0.8561437876548073
YKM-1,2013.0,Winter,6,30.0,1.71408754118701,0.8088888888888889,1.4700705189760301,0.956650471575569
YKM-2,2013.0,Winter,4,14.0,1.351783994289646,0.7346938775510204,1.1367695450698536,0.9751060324573735
YKM-3,2013.0,Winter,8,42.0,1.8289099116457375,0.8117913832199547,1.8728247049333777,0.8795197532546593
YKM-4,2013.0,Winter,4,14.0,1.277034259466139,0.6938775510204082,1.1367695450698536,0.9211854965885543
YKM-5,2013.0,Winter,4,8.0,1.3862943611198906,0.75,1.4426950408889636,1.0
YKM-6,2013.0,Winter,6,44.0,1.1988181878247777,0.5619834710743802,1.3212868496822272,0.6690731699279175
YKM-7,2013.0,Winter,11,60.0,2.123860847183852,0.8466666666666667,2.442393366759723,0.8857187681534076
Ykg-1,2011.0,Winter,58,1072.0,3.0856532335067772,0.9179382936065938,8.16937102133219,0.7599301912358417
Ykg-1,2012.0,Winter,58,922.0,2.6695257817166502,0.8294050940848199,8.349757913169336,0.6574469275354782
Ykg-1,2014.0,Winter,166,3006.0,4.081839096564714,0.9654295312679144,20.603455043518046,0.7984837338347764
Ykg-1,2015.0,Winter,150,2976.0,3.956738760269597,0.9534565050872933,18.62887621284191,0.7896680815966781
Ykg-1,2016.0,Winter,120,1330.0,4.055013523542361,0.9711843518570863,16.544013380381752,0.8470016746568766
Ykg-1,2017.0,Winter,111,2054.0,3.910753521515028,0.9665876258261601,14.421417217469001,0.83039143064106
Ykg-2,2011.0,Winter,8,156.0,0.8413135032705679,0.3412228796844181,1.3861781385352077,0.40458627300045635
Ykg-2,2012.0,Winter,18,152.0,2.4759954075135098,0.8871191135734072,3.3838384351418327,0.8566356216114325
Ykg-2,2014.0,Winter,48,266.0,3.2757335882182317,0.9405845440669343,8.417664739220585,0.8461801851642915
Ykg-2,2015.0,Winter,29,242.0,2.8968299919596037,0.9267126562393279,5.101169187358479,0.8602837820671193
Ykg-2,2016.0,Winter,38,436.0,2.8701772433358856,0.912759868697921,6.087887130982468,0.7890334736570959
Ykg-2,2017.0,Winter,72,932.0,3.194601316348501,0.9131499935530217,10.384166154308357,0.7469840355654166
Ykg-3,2011.0,Winter,38,698.0,3.137341537796448,0.9396146172855724,5.650391262013746,0.8624789627065313
Ykg-3,2012.0,Winter,17,346.0,1.3167201607204047,0.5231046810785526,2.7367087239944667,0.46474444414245936
Ykg-3,2014.0,Winter,38,792.0,2.387470117052615,0.8110014284256708,5.543435415153451,0.6563336268115221
Ykg-3,2015.0,Winter,28,312.0,2.427956297236744,0.8648915187376727,4.701372978046081,0.7286336387285799
Ykg-3,2016.0,Winter,36,576.0,2.697280173761815,0.8987991898148148,5.506514657772185,0.7526903638812318
Ykg-3,2017.0,Winter,22,114.0,2.77820032433178,0.9196675900277008,4.433935830353287,0.8987907368639847
Ykm-1,2012.0,Winter,11,254.0,1.1408833240108232,0.47157294314588627,1.805923124338364,0.4757853009482768
Ykm-1,2014.0,Winter,58,982.0,2.908675662803855,0.8576951315118155,8.273349963571944,0.7163444124813442
Ykm-1,2015.0,Winter,78,1606.0,3.1596261654780835,0.9108495694073748,10.431481438391716,0.7252323465185299
Ykm-1,2016.0,Winter,68,7000.0,1.4460065160268747,0.47492097959183677,7.567487222617082,0.34269555053852513
Ykm-1,2017.0,Winter,58,1718.0,2.725959065248756,0.8707853976454198,7.652120015223621,0.6713452345393023
Ykm-2,2012.0,Winter,8,220.0,0.8486921073435303,0.36314049586776864,1.2978278421790557,0.4081346315020383
Ykm-2,2014.0,Winter,37,242.0,3.244406887400598,0.9506181271771054,6.558646098032329,0.8984992087579096
Ykm-2,2015.0,Winter,44,634.0,2.9499008648506586,0.9058702942610634,6.664549556839288,0.7795330441186809
Ykm-2,2016.0,Winter,52,976.0,2.826766450101308,0.8768224267669982,7.4090618434777635,0.7154118175013946
Ykm-2,2017.0,Winter,53,726.0,3.3247533482423766,0.9490244291145868,7.893678208587082,0.837407782761193
Ykm-3,2012.0,Winter,14,144.0,2.1163624346252927,0.8410493827160495,2.6157924284819902,0.8019387873373073
Ykm-3,2014.0,Winter,80,1866.0,3.4352752038593977,0.9454685814524939,10.489205412024056,0.783946673595483
Ykm-3,2015.0,Winter,71,970.0,3.231967328299007,0.9183887767031566,10.178418854193454,0.7582008083005014
Ykm-3,2016.0,Winter,64,816.0,3.109215338249899,0.9042195309496348,9.396793912857326,0.7476082582581718
Ykm-3,2017.0,Winter,77,2088.0,3.099348181912443,0.9219770702132969,9.942488006486917,0.7135099022436924
Ykm-4,2012.0,Winter,8,16.0,2.0794415416798357,0.875,2.5247163215556863,1.0
Ykm-4,2014.0,Winter,28,202.0,2.9765402212405263,0.9352024311342025,5.086405121056447,0.8932645676912618
Ykm-4,2015.0,Winter,20,82.0,2.7834099700171047,0.925639500297442,4.311597570413736,0.9291250738888635
Ykm-4,2016.0,Winter,17,62.0,2.6487315973232626,0.9157127991675338,3.8767819283948977,0.9348860377493361
Ykm-4,2017.0,Winter,39,264.0,3.293082436110504,0.9522497704315886,6.814983296486316,0.8988745800386536
Ykm-5,2012.0,Winter,4,10.0,1.3321790402101223,0.72,1.3028834457097553,0.9609640474436812
Ykm-5,2014.0,Winter,56,366.0,3.4729023750224814,0.9512377198483084,9.317875072600266,0.8627575034041872
Ykm-5,2015.0,Winter,30,110.0,3.191248317966997,0.9467768595041323,6.169582200799412,0.9382720141950254
Ykm-5,2016.0,Winter,17,76.0,2.4653527485155893,0.8822714681440443,3.6945244010203,0.8701613500753977
Ykm-5,2017.0,Winter,24,84.0,2.906478414302107,0.9240362811791383,5.190916493321111,0.9145466280487434
Ykm-6,2012.0,Winter,8,34.0,1.691559164310424,0.7335640138408305,1.9850494443593336,0.813468005906976
Ykm-6,2014.0,Winter,70,1188.0,3.0501412365234866,0.8951410853767756,9.745726234323334,0.7179344833283091
Ykm-6,2015.0,Winter,32,240.0,2.8751653421602965,0.9113888888888889,5.656274831018567,0.8295973561740959
Ykm-6,2016.0,Winter,60,2576.0,2.0687316605676425,0.6742650746498978,7.512102359241032,0.5052656485376237
Ykm-6,2017.0,Winter,54,828.0,2.4889209805151826,0.7840556372377419,7.8880631399581045,0.6239485922885298
Ykm-7,2012.0,Winter,11,46.0,2.1631394399251493,0.8582230623818525,2.6118925656422425,0.9020992136160898
Ykm-7,2014.0,Winter,120,2150.0,3.515218969147765,0.9309594375338021,15.508476440941028,0.7342506594288236
Ykm-7,2015.0,Winter,175,5998.0,3.9939412427715437,0.9548311146507544,20.00188210972328,0.7733023716639086
Ykm-7,2016.0,Winter,117,1712.0,3.6439509232371856,0.9428006812822081,15.580052981123584,0.7651864407157442
Ykm-7,2017.0,Winter,141,3470.0,3.7419256245738883,0.9563697065833949,17.173889577056034,0.7561340027527467
