年,月,Season,lat_dd,lon_dd,水深,sea_area,study_region,pH,ORP,乾燥減量,強熱減量,COD,TN,TP,TOC,硫化物,礫分,砂分,粘土分,is_censored_礫分,is_estimated_礫分,is_censored_砂分,is_estimated_砂分,is_censored_粘土分,is_estimated_粘土分,is_censored_pH,is_estimated_pH,is_censored_ORP,is_estimated_ORP,is_censored_乾燥減量,is_estimated_乾燥減量,is_censored_強熱減量,is_estimated_強熱減量,is_censored_COD,is_estimated_COD,is_censored_TN,is_estimated_TN,is_censored_TP,is_estimated_TP,is_censored_TOC,is_estimated_TOC,is_censored_硫化物,is_estimated_硫化物,Year,Month,do_nearest,wtemp_nearest,salt_nearest,env_zettaicode,env_dist_km,env_year_matched,env_join_suspect,is_hypoxic
1991,8,Summer,35.608333333333334,139.8983333333333,6.0,100,Tokyo,8.8,-76.0,35.7,4.9,13.9,1.47,0.58,11.3,0.57,0.0,74.4,25.6,False,False,False,False,False,False,False,False,False,False,False,False,False,False,False,False,False,False,False,False,False,False,False,False,1991,8,0.0,21.8,28.74,1212,0.47768825343807475,1991,False,True
1991,8,Summer,35.64388888888889,139.9933333333333,6.0,100,Tokyo,8.3,-130.0,25.0,2.1,4.4,0.47,0.29,2.6,0.08,4.0,97.4,2.2,False,False,False,False,False,False,False,False,False,False,False,False,False,False,False,False,False,False,False,False,False,False,False,False,1991,8,0.0,20.5,31.24,122,0.47760326398878117,1991,False,True
1991,8,Summer,35.60166666666667,140.0641666666667,8.0,100,Tokyo,7.9,-212.0,50.9,6.9,15.6,1.36,0.58,12.0,0.26,0.0,75.7,24.3,False,False,False,False,False,False,False,False,False,False,False,False,False,False,False,False,False,False,False,False,False,False,False,False,1991,8,1.8,20.3,32.28,124,0.47770570703910215,1991,False,True
1991,8,Summer,35.551111111111105,139.9088888888889,17.0,100,Tokyo,7.6,-202.0,67.6,11.0,40.0,4.15,0.69,26.7,0.82,0.1,78.7,21.2,False,False,False,False,False,False,False,False,False,False,False,False,False,False,False,False,False,False,False,False,False,False,False,False,1991,8,2.1,17.9,33.14,1215,0.4778209472004934,1991,False,False
1991,8,Summer,35.53722222222222,140.0225,15.0,100,Tokyo,7.7,-182.0,68.1,10.0,32.5,4.2,0.67,23.5,0.71,0.2,77.9,21.9,False,False,False,False,False,False,False,False,False,False,False,False,False,False,False,False,False,False,False,False,False,False,False,False,1991,8,3.2,19.2,32.85,129,0.47785531385173174,1991,False,False
1991,8,Summer,35.559999999999995,139.82444444444445,16.5,100,Tokyo,7.7,-170.0,63.1,9.7,35.2,3.51,0.78,28.1,1.86,0.0,77.3,22.7,False,False,False,False,False,False,False,False,False,False,False,False,False,False,False,False,False,False,False,False,False,False,False,False,1991,8,0.0,17.6,33.2,1318,0.4778031123312593,1991,False,True
1991,8,Summer,35.46416666666667,139.85611111111112,28.3,100,Tokyo,7.7,-108.0,66.2,10.9,31.2,5.15,0.73,24.0,1.24,0.0,76.2,23.8,False,False,False,False,False,False,False,False,False,False,False,False,False,False,False,False,False,False,False,False,False,False,False,False,1991,8,2.4,17.8,33.5,1326,0.4780288373718018,1991,False,False
1991,7,Summer,34.93333333333333,136.805,5.2,201,Ise,7.8,160.0,19.8,0.9,0.7,0.2,0.15,1.1,0.3,4.8,94.8,0.4,False,False,False,False,False,False,False,False,False,False,False,False,False,False,False,False,False,False,False,False,False,False,False,False,1991,7,6.4,22.5,23.38,2310,0.4636454643677789,1991,False,False
1991,7,Summer,34.72,137.12166666666667,15.0,202,Ise,7.4,-170.0,57.1,8.5,22.0,2.6,0.82,27.0,1.1,0.0,64.5,35.5,False,False,False,False,False,False,False,False,False,False,False,False,False,False,False,False,False,False,False,False,False,False,False,False,1991,7,1.3,19.8,32.76,2359,0.464077457640257,1991,False,True
1991,7,Summer,34.75,137.3,9.0,202,Ise,7.5,-250.0,46.8,6.6,16.0,1.5,0.56,21.0,0.5,8.2,63.8,28.0,False,False,False,False,False,False,False,False,False,False,False,False,False,False,False,False,False,False,False,False,False,False,False,False,1991,7,3.5,22.6,30.68,2361,1.1045482885685012,1991,False,False
1991,7,Summer,34.98388888888889,136.68333333333334,12.0,201,Ise,7.6,-260.0,50.0,7.8,13.0,1.5,0.58,16.0,0.93,0.0,12.8,87.2,False,False,False,False,False,False,False,False,False,False,False,False,False,False,False,False,False,False,False,False,False,False,False,False,1991,7,5.4,22.5,28.4,244,0.4635381402903914,1991,False,False
1991,7,Summer,34.88638888888889,136.66666666666666,12.0,201,Ise,7.7,-230.0,49.0,8.6,12.0,1.9,0.71,19.0,0.73,0.5,52.1,47.4,False,False,False,False,False,False,False,False,False,False,False,False,False,False,False,False,False,False,False,False,False,False,False,False,1991,7,5.7,23.8,23.9,2411,0.46373887583865075,1991,False,False
1991,7,Summer,34.655,135.41194444444446,131.0,301,SIS,8.1,-161.0,49.3,9.4,8.1,1.3,0.72,11.0,0.37,0.7,7.8,91.5,False,False,False,False,False,False,False,False,False,False,False,False,False,False,False,False,False,False,False,False,False,False,False,False,1991,7,0.9,21.4,31.4,272,0.44936871922644356,1991,False,True
1991,7,Summer,34.436388888888885,135.14,351.0,301,SIS,8.1,-142.0,54.2,8.2,10.0,0.75,0.41,6.5,0.12,0.0,20.9,79.1,False,False,False,False,False,False,False,False,False,False,False,False,False,False,False,False,False,False,False,False,False,False,False,False,1991,7,5.3,21.6,32.0,2744,0.44974990038693574,1991,False,False
1991,7,Summer,34.656666666666666,135.275,15.0,301,SIS,7.6,-80.0,61.3,8.9,13.0,1.6,0.59,25.0,0.26,0.0,2.0,98.0,False,False,False,False,False,False,False,False,False,False,False,False,False,False,False,False,False,False,False,False,False,False,False,False,1991,7,6.2,23.0,31.6,2823,1.033038041069995,1991,False,False
1992,8,Summer,35.608333333333334,139.8983333333333,5.0,100,Tokyo,8.0,-150.0,26.5,2.3,4.3,0.53,0.32,6.0,0.13,0.2,93.1,6.7,False,False,False,False,False,False,False,False,False,False,False,False,False,False,False,False,False,False,False,False,False,False,False,False,1992,8,3.4,22.8,27.5,1212,0.47768825343807475,1992,False,False
1992,8,Summer,35.64388888888889,139.9933333333333,5.0,100,Tokyo,8.0,-180.0,31.4,3.6,10.2,0.67,0.38,8.5,0.14,0.1,52.1,47.8,False,False,False,False,False,False,False,False,False,False,False,False,False,False,False,False,False,False,False,False,False,False,False,False,1992,8,3.3,21.4,31.43,122,0.47760326398878117,1992,False,False
1992,8,Summer,35.60166666666667,140.0641666666667,6.0,100,Tokyo,8.0,-130.0,47.3,6.0,10.0,0.98,0.37,8.8,0.18,0.1,32.9,67.0,False,False,False,False,False,False,False,False,False,False,False,False,False,False,False,False,False,False,False,False,False,False,False,False,1992,8,2.8,20.4,32.09,124,0.47770570703910215,1992,False,False
1992,8,Summer,35.551111111111105,139.9088888888889,16.0,100,Tokyo,7.6,-150.0,69.3,9.9,34.9,3.67,0.66,22.4,0.68,0.1,50.4,49.5,False,False,False,False,False,False,False,False,False,False,False,False,False,False,False,False,False,False,False,False,False,False,False,False,1992,8,0.0,18.8,32.01,1215,0.4778209472004934,1992,False,True
1992,8,Summer,35.53722222222222,140.0225,15.0,100,Tokyo,7.5,-180.0,68.4,10.8,39.5,4.23,0.71,27.7,0.73,0.2,58.6,41.2,False,False,False,False,False,False,False,False,False,False,False,False,False,False,False,False,False,False,False,False,False,False,False,False,1992,8,2.3,19.3,32.81,129,0.47785531385173174,1992,False,False
1992,8,Summer,35.559999999999995,139.82444444444445,16.4,100,Tokyo,7.5,-189.0,65.1,10.4,36.0,2.29,0.7,23.5,1.03,0.1,67.2,32.7,False,False,False,False,False,False,False,False,False,False,False,False,False,False,False,False,False,False,False,False,False,False,False,False,1992,8,0.0,18.0,33.5,1318,0.4778031123312593,1992,False,True
1992,8,Summer,35.46416666666667,139.85611111111112,28.3,100,Tokyo,7.6,-243.0,65.8,11.5,37.6,3.76,0.65,27.0,1.12,0.2,46.8,53.0,False,False,False,False,False,False,False,False,False,False,False,False,False,False,False,False,False,False,False,False,False,False,False,False,1992,8,3.1,17.1,33.6,1326,0.4780288373718018,1992,False,False
1992,8,Summer,35.4575,139.7513888888889,27.8,100,Tokyo,7.6,-241.0,63.0,10.4,33.0,4.35,0.71,25.5,1.24,0.5,59.5,40.0,False,False,False,False,False,False,False,False,False,False,False,False,False,False,False,False,False,False,False,False,False,False,False,False,1992,8,8.1,16.0,32.06,1432,0.47804308011402175,1992,False,False
1992,7,Summer,34.93333333333333,136.805,11.0,201,Ise,8.1,-60.0,21.8,1.1,1.6,0.1,0.22,1.3,0.3,1.0,93.0,6.0,False,False,False,False,False,False,False,False,False,False,False,False,False,False,False,False,False,False,False,False,False,False,False,False,1992,7,3.7,21.2,30.43,2310,0.4636454643677789,1992,False,False
1992,7,Summer,34.72,137.12166666666667,16.0,202,Ise,7.9,-200.0,53.0,7.7,15.0,2.1,0.54,22.0,0.48,1.1,6.6,92.3,False,False,False,False,False,False,False,False,False,False,False,False,False,False,False,False,False,False,False,False,False,False,False,False,1992,7,2.0,21.2,32.38,2359,0.464077457640257,1992,False,True
1992,7,Summer,34.75,137.3,8.0,202,Ise,7.9,-280.0,53.4,8.0,15.0,2.0,0.49,21.0,0.36,0.0,4.0,96.0,False,False,False,False,False,False,False,False,False,False,False,False,False,False,False,False,False,False,False,False,False,False,False,False,1992,7,4.2,24.0,30.41,2361,1.1045482885685012,1992,False,False
1992,7,Summer,34.98388888888889,136.68333333333334,12.0,201,Ise,8.1,-290.0,49.0,17.0,12.0,1.3,1.2,13.0,0.85,0.0,20.4,79.6,False,False,False,False,False,False,False,False,False,False,False,False,False,False,False,False,False,False,False,False,False,False,False,False,1992,7,5.3,22.5,29.0,244,0.4635381402903914,1992,False,False
1992,7,Summer,34.88638888888889,136.66666666666666,13.0,201,Ise,7.9,-320.0,44.0,8.4,12.0,1.2,1.1,16.0,0.18,13.9,40.9,45.2,False,False,False,False,False,False,False,False,False,False,False,False,False,False,False,False,False,False,False,False,False,False,False,False,1992,7,6.5,22.5,29.1,2411,0.46373887583865075,1992,False,False
1992,7,Summer,34.655,135.41194444444446,13.5,301,SIS,8.5,-182.0,62.4,9.1,34.0,1.5,1.4,21.0,3.1,1.0,5.0,94.0,False,False,False,False,False,False,False,False,False,False,False,False,False,False,False,False,False,False,False,False,False,False,False,False,1992,7,1.2,20.3,31.0,272,0.44936871922644356,1992,False,True
1992,7,Summer,34.436388888888885,135.14,30.5,301,SIS,8.2,-140.0,56.1,7.0,16.0,1.4,0.35,16.0,0.2,0.0,13.0,87.0,False,False,False,False,False,False,False,False,False,False,False,False,False,False,False,False,False,False,False,False,False,False,False,False,1992,7,4.3,21.2,32.4,2744,0.44974990038693574,1992,False,False
1992,7,Summer,34.656666666666666,135.275,16.0,301,SIS,7.6,-270.0,58.9,9.7,17.0,2.6,0.64,22.0,0.39,1.0,25.4,74.5,False,False,False,False,False,False,False,False,False,False,False,False,False,False,False,False,False,False,False,False,False,False,False,False,1992,7,0.8,21.1,32.7,2823,1.033038041069995,1992,False,True
1993,8,Summer,35.608333333333334,139.8983333333333,5.0,100,Tokyo,7.9,-179.0,30.3,4.2,10.6,0.85,0.53,11.4,0.12,0.6,69.2,30.2,False,False,False,False,False,False,False,False,False,False,False,False,False,False,False,False,False,False,False,False,False,False,False,False,1993,8,6.5,22.4,25.56,1212,0.47768825343807475,1993,False,False
1993,8,Summer,35.64388888888889,139.9933333333333,5.0,100,Tokyo,7.7,-237.0,43.9,6.1,23.5,1.9,0.7,11.6,0.4,0.7,46.7,52.6,False,False,False,False,False,False,False,False,False,False,False,False,False,False,False,False,False,False,False,False,False,False,False,False,1993,8,3.1,20.4,29.03,122,0.47760326398878117,1993,False,False
1993,8,Summer,35.60166666666667,140.0641666666667,6.0,100,Tokyo,7.7,-150.0,46.1,6.7,11.9,1.19,0.54,13.4,0.22,0.8,42.1,57.1,False,False,False,False,False,False,False,False,False,False,False,False,False,False,False,False,False,False,False,False,False,False,False,False,1993,8,3.2,20.0,30.04,124,0.47770570703910215,1993,False,False
1993,8,Summer,35.551111111111105,139.9088888888889,16.0,100,Tokyo,7.4,-214.0,72.4,12.9,51.9,3.68,0.82,29.3,0.36,0.5,42.4,57.1,False,False,False,False,False,False,False,False,False,False,False,False,False,False,False,False,False,False,False,False,False,False,False,False,1993,8,3.0,19.1,30.78,1215,0.4778209472004934,1993,False,False
1993,8,Summer,35.53722222222222,140.0225,15.0,100,Tokyo,7.5,-223.0,67.1,11.0,39.5,2.9,0.74,25.9,0.61,0.1,37.1,62.8,False,False,False,False,False,False,False,False,False,False,False,False,False,False,False,False,False,False,False,False,False,False,False,False,1993,8,2.9,19.1,30.31,129,0.47785531385173174,1993,False,False
1993,8,Summer,35.559999999999995,139.82444444444445,16.1,100,Tokyo,7.5,-223.0,64.8,10.9,40.1,2.71,0.67,25.1,1.06,3.5,57.9,38.6,False,False,False,False,False,False,False,False,False,False,False,False,False,False,False,False,False,False,False,False,False,False,False,False,1993,8,1.1,17.1,33.1,1318,0.4778031123312593,1993,False,True
1993,8,Summer,35.46416666666667,139.85611111111112,27.2,100,Tokyo,7.5,-216.0,67.3,12.9,37.2,3.09,0.91,26.1,1.04,0.5,69.3,30.2,False,False,False,False,False,False,False,False,False,False,False,False,False,False,False,False,False,False,False,False,False,False,False,False,1993,8,1.5,17.3,33.0,1326,0.4780288373718018,1993,False,True
1993,8,Summer,35.4575,139.7513888888889,27.5,100,Tokyo,7.5,-206.0,72.5,11.1,37.7,2.78,0.89,23.7,0.15,0.2,40.5,59.3,False,False,False,False,False,False,False,False,False,False,False,False,False,False,False,False,False,False,False,False,False,False,False,False,1993,8,2.3,16.0,33.59,1432,0.47804308011402175,1993,False,False
1993,7,Summer,34.93333333333333,136.805,6.0,201,Ise,8.0,140.0,24.1,1.9,3.2,0.21,0.56,3.3,0.03,1.8,90.6,7.6,False,False,False,False,False,False,False,False,False,False,False,False,False,False,False,False,False,False,False,False,False,False,False,False,1993,7,5.1,21.0,24.73,2310,0.4636454643677789,1993,False,False
1993,7,Summer,34.72,137.12166666666667,15.0,202,Ise,8.2,-180.0,54.7,9.7,21.0,2.3,0.95,22.0,0.67,2.1,53.2,44.7,False,False,False,False,False,False,False,False,False,False,False,False,False,False,False,False,False,False,False,False,False,False,False,False,1993,7,1.6,20.0,31.89,2359,0.464077457640257,1993,False,True
1993,7,Summer,34.75,137.3,8.0,202,Ise,7.9,-120.0,48.6,9.0,20.0,1.6,0.5,20.0,0.29,1.3,46.3,52.4,False,False,False,False,False,False,False,False,False,False,False,False,False,False,False,False,False,False,False,False,False,False,False,False,1993,7,3.0,22.2,28.59,2361,1.1045482885685012,1993,False,False
1993,7,Summer,34.98388888888889,136.68333333333334,9.0,201,Ise,7.7,,46.0,7.7,11.0,1.1,0.59,12.0,0.98,0.4,0.0,99.5,False,False,False,False,False,False,False,False,False,False,False,False,False,False,False,False,False,False,False,False,False,False,False,False,1993,7,3.5,20.5,27.8,244,0.4635381402903914,1993,False,False
1993,7,Summer,34.88638888888889,136.66666666666666,12.0,201,Ise,7.6,-390.0,50.0,9.4,13.0,1.5,0.81,16.0,0.2,2.5,0.3,97.1,False,False,False,False,False,False,False,False,False,False,False,False,False,False,False,False,False,False,False,False,False,False,False,False,1993,7,3.3,20.0,31.0,2411,0.46373887583865075,1993,False,False
1993,7,Summer,34.655,135.41194444444446,12.5,301,SIS,7.9,-227.0,67.7,9.6,46.0,2.0,0.82,24.0,0.84,3.6,3.7,92.7,False,False,False,False,False,False,False,False,False,False,False,False,False,False,False,False,False,False,False,False,False,False,False,False,1993,7,1.7,19.6,31.3,272,0.44936871922644356,1993,False,True
1993,7,Summer,34.436388888888885,135.14,31.1,301,SIS,7.8,-215.0,54.1,6.1,23.0,1.4,0.35,11.0,0.25,0.3,9.7,90.0,False,False,False,False,False,False,False,False,False,False,False,False,False,False,False,False,False,False,False,False,False,False,False,False,1993,7,5.5,19.9,31.6,2744,0.44974990038693574,1993,False,False
1993,7,Summer,34.656666666666666,135.275,15.8,301,SIS,7.6,-265.0,57.7,9.6,23.0,2.6,0.67,2.3,0.9,0.7,24.6,74.7,False,False,False,False,False,False,False,False,False,False,False,False,False,False,False,False,False,False,False,False,False,False,False,False,1993,7,1.1,20.0,31.2,2823,1.033038041069995,1993,False,True
1994,8,Summer,35.608333333333334,139.8983333333333,5.0,100,Tokyo,7.8,-141.0,44.0,6.3,14.5,1.24,0.66,10.1,0.69,2.5,72.2,25.3,False,False,False,False,False,False,False,False,False,False,False,False,False,False,False,False,False,False,False,False,False,False,False,False,1994,8,11.1,27.8,28.12,1212,0.47768825343807475,1994,False,False
1994,8,Summer,35.64388888888889,139.9933333333333,5.0,100,Tokyo,8.0,-223.0,56.8,6.3,17.5,1.63,0.54,10.6,0.72,0.2,79.4,20.4,False,False,False,False,False,False,False,False,False,False,False,False,False,False,False,False,False,False,False,False,False,False,False,False,1994,8,4.6,27.7,28.59,122,0.47760326398878117,1994,False,False
1994,8,Summer,35.60166666666667,140.0641666666667,7.0,100,Tokyo,7.8,-220.0,58.5,8.0,12.9,1.1,0.5,12.3,0.07,1.3,83.0,15.7,False,False,False,False,False,False,False,False,False,False,False,False,False,False,False,False,False,False,False,False,False,False,False,False,1994,8,4.6,28.0,28.73,124,0.47770570703910215,1994,False,False
1994,8,Summer,35.551111111111105,139.9088888888889,16.0,100,Tokyo,7.6,-217.0,78.3,13.4,44.0,3.45,0.82,24.5,0.78,0.2,79.3,20.5,False,False,False,False,False,False,False,False,False,False,False,False,False,False,False,False,False,False,False,False,False,False,False,False,1994,8,1.5,23.9,31.68,1215,0.4778209472004934,1994,False,True
1994,8,Summer,35.53722222222222,140.0225,14.0,100,Tokyo,7.8,-227.0,74.9,12.7,36.2,3.99,0.72,25.0,0.72,0.5,86.4,13.1,False,False,False,False,False,False,False,False,False,False,False,False,False,False,False,False,False,False,False,False,False,False,False,False,1994,8,0.5,23.2,31.83,129,0.47785531385173174,1994,False,True
1994,8,Summer,35.559999999999995,139.82444444444445,16.0,100,Tokyo,7.8,-218.0,61.7,11.7,36.2,2.43,0.82,21.4,0.92,0.9,82.4,16.7,False,False,False,False,False,False,False,False,False,False,False,False,False,False,False,False,False,False,False,False,False,False,False,False,1994,8,0.0,21.2,32.0,1318,0.4778031123312593,1994,False,True
1994,8,Summer,35.46416666666667,139.85611111111112,28.0,100,Tokyo,7.9,-220.0,63.4,13.4,39.0,2.3,0.7,25.1,0.76,0.4,83.3,16.3,False,False,False,False,False,False,False,False,False,False,False,False,False,False,False,False,False,False,False,False,False,False,False,False,1994,8,0.9,18.3,33.5,1326,0.4780288373718018,1994,False,True
1994,8,Summer,35.4575,139.7513888888889,25.7,100,Tokyo,7.7,-196.0,72.2,11.9,31.8,1.99,0.68,20.0,0.74,0.4,78.3,21.3,False,False,False,False,False,False,False,False,False,False,False,False,False,False,False,False,False,False,False,False,False,False,False,False,1994,8,1.7,18.6,32.82,1432,0.47804308011402175,1994,False,True
1994,7,Summer,34.93333333333333,136.805,6.0,201,Ise,7.7,-180.0,24.1,1.7,3.8,0.23,0.22,3.8,0.07,0.9,91.0,8.8,False,False,False,False,False,False,False,False,False,False,False,False,False,False,False,False,False,False,False,False,False,False,False,False,1994,7,6.4,25.6,30.73,2310,0.4636454643677789,1994,False,False
1994,7,Summer,34.72,137.12166666666667,15.0,202,Ise,7.9,,59.6,9.8,57.0,2.5,0.93,26.0,0.36,1.0,9.9,89.0,False,False,False,False,False,False,False,False,False,False,False,False,False,False,False,False,False,False,False,False,False,False,False,False,1994,7,0.9,21.4,32.89,2359,0.464077457640257,1994,False,True
1994,7,Summer,34.75,137.3,9.0,202,Ise,7.7,-380.0,46.4,7.2,26.0,1.3,0.46,20.0,0.11,2.5,10.0,87.0,False,False,False,False,False,False,False,False,False,False,False,False,False,False,False,False,False,False,False,False,False,False,False,False,1994,7,4.9,25.6,32.09,2361,1.1045482885685012,1994,False,False
1994,7,Summer,34.98388888888889,136.68333333333334,12.5,201,Ise,8.1,,55.0,9.8,13.0,0.63,0.4,13.0,1.1,0.0,56.6,43.4,False,False,False,False,False,False,False,False,False,False,False,False,False,False,False,False,False,False,False,False,False,False,False,False,1994,7,4.3,24.0,30.1,244,0.4635381402903914,1994,False,False
1994,7,Summer,34.88638888888889,136.66666666666666,12.5,201,Ise,8.0,,45.0,9.1,11.0,0.92,0.39,14.0,0.57,0.0,57.4,52.6,False,False,False,False,False,False,False,False,False,False,False,False,False,False,False,False,False,False,False,False,False,False,False,False,1994,7,6.6,24.0,30.7,2411,0.46373887583865075,1994,False,False
1994,7,Summer,34.655,135.41194444444446,13.6,301,SIS,7.9,-237.0,64.7,8.1,26.0,0.93,0.43,16.0,0.73,1.0,3.0,96.0,False,False,False,False,False,False,False,False,False,False,False,False,False,False,False,False,False,False,False,False,False,False,False,False,1994,7,3.1,24.3,31.9,272,0.44936871922644356,1994,False,False
1994,7,Summer,34.436388888888885,135.14,31.0,301,SIS,7.9,-290.0,55.6,5.6,16.0,1.1,0.27,11.0,0.25,0.0,34.0,66.0,False,False,False,False,False,False,False,False,False,False,False,False,False,False,False,False,False,False,False,False,False,False,False,False,1994,7,4.7,23.8,32.7,2744,0.44974990038693574,1994,False,False
1994,7,Summer,34.656666666666666,135.275,15.5,301,SIS,7.9,-270.0,58.3,4.2,19.6,2.74,0.72,4.9,0.62,0.0,8.6,91.4,False,False,False,False,False,False,False,False,False,False,False,False,False,False,False,False,False,False,False,False,False,False,False,False,1994,7,2.3,22.5,32.8,2823,1.033038041069995,1994,False,False
1995,8,Summer,35.608333333333334,139.8983333333333,5.0,100,Tokyo,7.6,-127.0,46.7,5.9,14.7,1.4,0.69,12.8,0.83,0.2,54.4,45.4,False,False,False,False,False,False,False,False,False,False,False,False,False,False,False,False,False,False,False,False,False,False,False,False,1995,8,4.2,27.2,21.7,1212,0.47768825343807475,1995,False,False
1995,8,Summer,35.64388888888889,139.9933333333333,5.0,100,Tokyo,8.1,-213.0,36.7,3.5,8.2,0.83,0.38,7.4,0.43,0.5,76.6,22.9,False,False,False,False,False,False,False,False,False,False,False,False,False,False,False,False,False,False,False,False,False,False,False,False,1995,8,2.1,27.5,25.02,122,0.47760326398878117,1995,False,False
1995,8,Summer,35.60166666666667,140.0641666666667,7.0,100,Tokyo,7.9,-173.0,57.2,6.6,12.3,1.25,0.42,14.6,0.27,0.4,77.4,22.2,False,False,False,False,False,False,False,False,False,False,False,False,False,False,False,False,False,False,False,False,False,False,False,False,1995,8,3.0,27.5,23.62,124,0.47770570703910215,1995,False,False
1995,8,Summer,35.551111111111105,139.9088888888889,16.0,100,Tokyo,7.7,-215.0,78.1,11.8,42.0,3.85,0.77,28.3,1.21,0.2,76.0,23.8,False,False,False,False,False,False,False,False,False,False,False,False,False,False,False,False,False,False,False,False,False,False,False,False,1995,8,0.7,22.5,28.77,1215,0.4778209472004934,1995,False,True
1995,8,Summer,35.53722222222222,140.0225,15.0,100,Tokyo,7.7,-214.0,74.7,10.8,36.8,3.32,0.61,22.6,1.08,0.2,70.7,29.1,False,False,False,False,False,False,False,False,False,False,False,False,False,False,False,False,False,False,False,False,False,False,False,False,1995,8,1.9,22.8,29.96,129,0.47785531385173174,1995,False,True
1995,8,Summer,35.559999999999995,139.82444444444445,15.6,100,Tokyo,7.4,-227.0,65.1,11.4,39.0,4.96,0.84,24.1,2.0,7.2,69.1,23.7,False,False,False,False,False,False,False,False,False,False,False,False,False,False,False,False,False,False,False,False,False,False,False,False,1995,8,1.7,18.8,32.7,1318,0.4778031123312593,1995,False,True
1995,8,Summer,35.46416666666667,139.85611111111112,27.5,100,Tokyo,7.5,-223.0,66.6,12.6,39.3,3.7,0.74,30.2,2.11,0.6,79.9,19.5,False,False,False,False,False,False,False,False,False,False,False,False,False,False,False,False,False,False,False,False,False,False,False,False,1995,8,1.5,17.2,33.5,1326,0.4780288373718018,1995,False,True
1995,8,Summer,35.4575,139.7513888888889,27.5,100,Tokyo,7.5,-188.0,73.0,10.1,29.3,2.71,0.65,24.2,0.98,2.3,71.1,26.6,False,False,False,False,False,False,False,False,False,False,False,False,False,False,False,False,False,False,False,False,False,False,False,False,1995,8,0.6,17.0,33.15,1432,0.47804308011402175,1995,False,True
1995,7,Summer,34.93333333333333,136.805,6.0,201,Ise,7.7,-74.0,21.2,1.7,3.1,0.14,0.23,4.1,0.02,2.6,93.0,4.4,False,False,False,False,False,False,False,False,False,False,False,False,False,False,False,False,False,False,False,False,False,False,False,False,1995,7,4.3,21.2,28.0,2310,0.4636454643677789,1995,False,False
1995,7,Summer,34.72,137.12166666666667,17.0,202,Ise,7.5,-320.0,50.9,8.9,31.0,2.4,0.47,21.0,0.41,2.4,9.3,88.3,False,False,False,False,False,False,False,False,False,False,False,False,False,False,False,False,False,False,False,False,False,False,False,False,1995,7,1.2,20.2,33.03,2359,0.464077457640257,1995,False,True
1995,7,Summer,34.75,137.3,9.0,202,Ise,7.5,-335.0,43.1,7.7,26.0,1.5,0.39,19.0,0.11,0.3,5.6,94.1,False,False,False,False,False,False,False,False,False,False,False,False,False,False,False,False,False,False,False,False,False,False,False,False,1995,7,4.1,24.4,29.58,2361,1.1045482885685012,1995,False,False
1995,7,Summer,34.98388888888889,136.68333333333334,13.0,201,Ise,8.2,-372.0,52.2,7.8,16.0,1.6,0.69,12.0,1.3,0.0,0.3,99.7,False,False,False,False,False,False,False,False,False,False,False,False,False,False,False,False,False,False,False,False,False,False,False,False,1995,7,4.1,21.0,30.6,244,0.4635381402903914,1995,False,False
1995,7,Summer,34.88638888888889,136.66666666666666,14.0,201,Ise,8.0,-390.0,47.8,8.3,16.0,1.8,0.53,13.0,1.4,3.5,6.7,89.8,False,False,False,False,False,False,False,False,False,False,False,False,False,False,False,False,False,False,False,False,False,False,False,False,1995,7,3.4,21.0,30.8,2411,0.46373887583865075,1995,False,False
1995,7,Summer,34.655,135.41194444444446,14.0,301,SIS,7.6,-247.0,72.4,10.0,38.0,1.4,0.68,20.0,2.9,0.0,2.0,98.0,False,False,False,False,False,False,False,False,False,False,False,False,False,False,False,False,False,False,False,False,False,False,False,False,1995,7,3.6,22.2,32.0,272,0.44936871922644356,1995,False,False
1995,7,Summer,34.436388888888885,135.14,30.5,301,SIS,7.8,-380.0,53.8,5.9,17.0,0.85,0.3,10.0,0.2,2.0,26.0,72.0,False,False,False,False,False,False,False,False,False,False,False,False,False,False,False,False,False,False,False,False,False,False,False,False,1995,7,6.5,21.3,30.7,2744,0.44974990038693574,1995,False,False
1995,7,Summer,34.656666666666666,135.275,15.6,301,SIS,7.5,-331.0,70.1,10.1,29.7,2.4,0.57,8.9,0.72,2.0,23.0,75.0,False,False,False,False,False,False,False,False,False,False,False,False,False,False,False,False,False,False,False,False,False,False,False,False,1995,7,0.9,20.5,32.5,2823,1.033038041069995,1995,False,True
1996,8,Summer,35.608333333333334,139.8983333333333,5.0,100,Tokyo,7.5,-141.0,35.0,5.2,11.5,0.9,0.51,9.5,0.14,3.8,65.4,30.8,False,False,False,False,False,False,False,False,False,False,False,False,False,False,False,False,False,False,False,False,False,False,False,False,1996,8,6.6,26.4,27.74,1212,0.47768825343807475,1996,False,False
1996,8,Summer,35.64388888888889,139.9933333333333,6.0,100,Tokyo,7.9,-190.0,24.4,2.4,3.3,0.74,0.27,3.1,0.03,0.9,96.7,2.4,False,False,False,False,False,False,False,False,False,False,False,False,False,False,False,False,False,False,False,False,False,False,False,False,1996,8,0.7,22.8,29.09,122,0.47760326398878117,1996,False,True
1996,8,Summer,35.60166666666667,140.0641666666667,7.0,100,Tokyo,7.4,-160.0,57.9,7.2,12.0,1.46,0.48,12.9,0.09,0.2,75.6,24.2,False,False,False,False,False,False,False,False,False,False,False,False,False,False,False,False,False,False,False,False,False,False,False,False,1996,8,2.6,22.3,32.29,124,0.47770570703910215,1996,False,False
1996,8,Summer,35.551111111111105,139.9088888888889,17.0,100,Tokyo,7.3,-201.0,78.6,12.6,44.0,4.06,0.76,29.3,0.49,0.9,74.4,24.7,False,False,False,False,False,False,False,False,False,False,False,False,False,False,False,False,False,False,False,False,False,False,False,False,1996,8,0.6,21.0,32.66,1215,0.4778209472004934,1996,False,True
1996,8,Summer,35.53722222222222,140.0225,15.0,100,Tokyo,7.3,-197.0,75.9,11.5,33.9,3.17,0.67,24.1,0.57,0.9,74.7,24.4,False,False,False,False,False,False,False,False,False,False,False,False,False,False,False,False,False,False,False,False,False,False,False,False,1996,8,2.7,21.0,32.5,129,0.47785531385173174,1996,False,False
1996,8,Summer,35.559999999999995,139.82444444444445,16.2,100,Tokyo,7.3,-188.0,72.6,10.0,25.9,1.87,0.64,19.1,0.4,0.2,74.2,25.5,False,False,False,False,False,False,False,False,False,False,False,False,False,False,False,False,False,False,False,False,False,False,False,False,1996,8,0.0,18.8,33.3,1318,0.4778031123312593,1996,False,True
1996,8,Summer,35.46416666666667,139.85611111111112,27.7,100,Tokyo,7.2,-179.0,76.8,13.3,36.8,3.81,0.86,28.2,1.61,1.4,79.8,18.8,False,False,False,False,False,False,False,False,False,False,False,False,False,False,False,False,False,False,False,False,False,False,False,False,1996,8,2.9,17.7,33.9,1326,0.4780288373718018,1996,False,False
1996,8,Summer,35.4575,139.7513888888889,27.2,100,Tokyo,7.1,-168.0,74.2,11.0,33.6,2.71,0.701,23.2,0.68,5.7,68.9,25.4,False,False,False,False,False,False,False,False,False,False,False,False,False,False,False,False,False,False,False,False,False,False,False,False,1996,8,1.3,16.9,33.95,1432,0.47804308011402175,1996,False,True
1996,7,Summer,34.93333333333333,136.805,6.0,201,Ise,7.9,-139.0,22.7,1.4,3.9,0.26,0.34,5.9,0.015,3.1,87.5,9.4,False,False,False,False,False,False,False,False,False,False,False,False,False,False,False,False,False,False,False,False,False,False,True,False,1996,7,5.8,20.9,26.37,2310,0.4636454643677789,1996,False,False
1996,7,Summer,34.72,137.12166666666667,16.0,202,Ise,7.9,-356.0,48.2,6.1,9.9,2.4,0.58,28.0,0.2,6.2,35.5,58.3,False,False,False,False,False,False,False,False,False,False,False,False,False,False,False,False,False,False,False,False,False,False,False,False,1996,7,3.6,20.2,33.01,2359,0.464077457640257,1996,False,False
1996,7,Summer,34.75,137.3,9.0,202,Ise,7.8,-310.0,47.1,6.0,10.0,1.8,0.54,23.0,0.1,3.5,22.4,74.1,False,False,False,False,False,False,False,False,False,False,False,False,False,False,False,False,False,False,False,False,False,False,False,False,1996,7,3.7,21.1,30.62,2361,1.1045482885685012,1996,False,False
1996,7,Summer,34.98388888888889,136.68333333333334,10.0,201,Ise,7.9,-284.0,41.2,6.1,11.0,1.3,0.51,14.0,0.35,1.6,9.5,88.9,False,False,False,False,False,False,False,False,False,False,False,False,False,False,False,False,False,False,False,False,False,False,False,False,1996,7,4.1,20.0,27.9,244,0.4635381402903914,1996,False,False
1996,7,Summer,34.88638888888889,136.66666666666666,14.0,201,Ise,8.3,-336.0,28.6,4.4,9.3,0.81,0.35,5.2,0.33,5.9,62.5,31.6,False,False,False,False,False,False,False,False,False,False,False,False,False,False,False,False,False,False,False,False,False,False,False,False,1996,7,4.0,20.1,29.9,2411,0.46373887583865075,1996,False,False
1996,7,Summer,34.655,135.41194444444446,12.3,301,SIS,7.9,-336.0,67.7,8.1,30.0,1.3,1.0,18.0,1.1,0.0,2.0,98.0,False,False,False,False,False,False,False,False,False,False,False,False,False,False,False,False,False,False,False,False,False,False,False,False,1996,7,1.3,22.6,31.9,272,0.44936871922644356,1996,False,True
1996,7,Summer,34.436388888888885,135.14,31.3,301,SIS,7.9,-262.0,53.5,6.6,16.0,1.1,0.5,10.0,0.1,0.0,17.0,83.0,False,False,False,False,False,False,False,False,False,False,False,False,False,False,False,False,False,False,False,False,False,False,False,False,1996,7,5.4,22.4,32.4,2744,0.44974990038693574,1996,False,False
1996,7,Summer,34.656666666666666,135.275,15.5,301,SIS,7.4,,72.0,10.2,22.6,1.8,0.58,34.3,0.64,1.0,6.0,93.0,False,False,False,False,False,False,False,False,False,False,False,False,False,False,False,False,False,False,False,False,False,False,False,False,1996,7,0.6,20.4,32.6,2823,1.033038041069995,1996,False,True
1997,8,Summer,35.608333333333334,139.8983333333333,4.0,100,Tokyo,7.9,-154.0,33.9,4.5,7.7,0.7,0.5,5.4,0.21,0.0,68.6,31.4,False,False,False,False,False,False,False,False,False,False,False,False,False,False,False,False,False,False,False,False,False,False,False,False,1997,8,3.4,26.7,25.44,1212,0.47768825343807475,1997,False,False
1997,8,Summer,35.64388888888889,139.9933333333333,5.0,100,Tokyo,7.4,-165.0,41.9,2.2,3.0,0.36,0.38,1.9,0.03,0.0,97.6,2.4,False,False,False,False,False,False,False,False,False,False,False,False,False,False,False,False,False,False,False,False,False,False,False,False,1997,8,2.6,27.1,24.85,122,0.47760326398878117,1997,False,False
1997,8,Summer,35.60166666666667,140.0641666666667,6.0,100,Tokyo,7.8,-210.0,57.6,7.5,13.2,1.19,0.53,11.8,0.17,0.0,23.6,76.4,False,False,False,False,False,False,False,False,False,False,False,False,False,False,False,False,False,False,False,False,False,False,False,False,1997,8,4.1,27.4,25.89,124,0.47770570703910215,1997,False,False
1997,8,Summer,35.551111111111105,139.9088888888889,16.0,100,Tokyo,7.5,-209.0,77.0,11.9,46.5,3.66,0.75,25.8,0.8,0.0,8.4,91.6,False,False,False,False,False,False,False,False,False,False,False,False,False,False,False,False,False,False,False,False,False,False,False,False,1997,8,5.0,24.8,30.75,1215,0.4778209472004934,1997,False,False
1997,8,Summer,35.53722222222222,140.0225,15.0,100,Tokyo,7.5,-202.0,75.9,11.8,36.9,3.11,0.71,24.8,0.34,0.0,26.1,73.9,False,False,False,False,False,False,False,False,False,False,False,False,False,False,False,False,False,False,False,False,False,False,False,False,1997,8,3.5,25.3,29.37,129,0.47785531385173174,1997,False,False
1997,8,Summer,35.559999999999995,139.82444444444445,15.4,100,Tokyo,7.6,-190.0,74.8,10.9,27.5,2.66,0.75,24.2,1.14,0.0,47.1,52.9,False,False,False,False,False,False,False,False,False,False,False,False,False,False,False,False,False,False,False,False,False,False,False,False,1997,8,1.6,22.5,31.6,1318,0.4778031123312593,1997,False,True
1997,8,Summer,35.46416666666667,139.85611111111112,26.5,100,Tokyo,7.6,-200.0,74.8,12.8,43.7,2.79,0.73,28.0,1.56,0.0,53.3,46.7,False,False,False,False,False,False,False,False,False,False,False,False,False,False,False,False,False,False,False,False,False,False,False,False,1997,8,0.0,18.2,33.7,1326,0.4780288373718018,1997,False,True
1997,8,Summer,35.4575,139.7513888888889,26.7,100,Tokyo,7.4,-211.0,74.8,11.4,34.1,2.5,0.697,24.3,0.85,0.0,2.0,98.0,False,False,False,False,False,False,False,False,False,False,False,False,False,False,False,False,False,False,False,False,False,False,False,False,1997,8,1.1,18.9,33.31,1432,0.47804308011402175,1997,False,True
1997,7,Summer,34.93333333333333,136.805,6.0,201,Ise,7.9,50.0,18.9,2.1,2.4,0.19,0.29,6.6,0.015,2.3,96.1,1.6,False,False,False,False,False,False,False,False,False,False,False,False,False,False,False,False,False,False,False,False,False,False,True,False,1997,7,3.1,21.5,22.92,2310,0.4636454643677789,1997,False,False
1997,7,Summer,34.72,137.12166666666667,15.0,202,Ise,7.9,-180.0,37.9,3.1,7.2,0.68,0.16,9.6,0.17,2.4,74.3,23.3,False,False,False,False,False,False,False,False,False,False,False,False,False,False,False,False,False,False,False,False,False,False,False,False,1997,7,5.9,20.2,33.07,2359,0.464077457640257,1997,False,False
1997,7,Summer,34.75,137.3,8.0,202,Ise,7.8,-250.0,48.1,9.8,26.0,1.8,0.21,23.0,0.29,0.0,17.9,82.1,False,False,False,False,False,False,False,False,False,False,False,False,False,False,False,False,False,False,False,False,False,False,False,False,1997,7,7.2,26.8,29.2,2361,1.1045482885685012,1997,False,False
1997,7,Summer,34.98388888888889,136.68333333333334,13.0,201,Ise,7.7,-308.0,52.6,8.7,13.0,1.6,0.68,24.0,0.89,0.0,0.8,99.2,False,False,False,False,False,False,False,False,False,False,False,False,False,False,False,False,False,False,False,False,False,False,False,False,1997,7,2.4,19.0,30.5,244,0.4635381402903914,1997,False,False
1997,7,Summer,34.88638888888889,136.66666666666666,14.0,201,Ise,7.6,-252.0,54.6,9.7,12.0,2.0,0.73,19.0,0.23,0.8,3.8,95.4,False,False,False,False,False,False,False,False,False,False,False,False,False,False,False,False,False,False,False,False,False,False,False,False,1997,7,3.1,19.0,30.5,2411,0.46373887583865075,1997,False,False
1997,7,Summer,34.655,135.41194444444446,13.1,301,SIS,7.9,-294.0,55.6,9.6,35.0,2.7,0.84,17.0,2.3,1.0,9.0,90.0,False,False,False,False,False,False,False,False,False,False,False,False,False,False,False,False,False,False,False,False,False,False,False,False,1997,7,2.4,22.6,31.5,272,0.44936871922644356,1997,False,False
1997,7,Summer,34.436388888888885,135.14,34.3,301,SIS,7.8,-309.0,34.4,5.4,20.0,1.4,0.37,12.0,0.2,0.0,33.0,67.0,False,False,False,False,False,False,False,False,False,False,False,False,False,False,False,False,False,False,False,False,False,False,False,False,1997,7,8.3,24.5,32.3,2744,0.44974990038693574,1997,False,False
1997,7,Summer,34.656666666666666,135.275,15.0,301,SIS,7.3,-141.0,50.59,19.99,10.26,2.8,0.88,22.6,0.75,0.2,4.5,95.3,False,False,False,False,False,False,False,False,False,False,False,False,False,False,False,False,False,False,False,False,False,False,False,False,1997,7,1.6,22.4,32.2,2823,1.033038041069995,1997,False,True
1998,8,Summer,35.608333333333334,139.8983333333333,4.0,100,Tokyo,7.3,-139.0,52.6,6.7,11.8,1.27,0.74,11.1,1.33,0.0,51.5,48.5,False,False,False,False,False,False,False,False,False,False,False,False,False,False,False,False,False,False,False,False,False,False,False,False,1998,8,11.1,28.0,25.15,1212,0.47768825343807475,1998,False,False
1998,8,Summer,35.64388888888889,139.9933333333333,5.0,100,Tokyo,7.9,-58.0,30.4,2.6,3.6,0.52,0.32,2.3,0.09,0.0,98.0,2.0,False,False,False,False,False,False,False,False,False,False,False,False,False,False,False,False,False,False,False,False,False,False,False,False,1998,8,2.6,26.4,27.04,122,0.47760326398878117,1998,False,False
1998,8,Summer,35.60166666666667,140.0641666666667,7.0,100,Tokyo,7.4,31.0,52.7,6.5,6.2,0.84,0.36,6.5,0.08,0.0,53.9,46.1,False,False,False,False,False,False,False,False,False,False,False,False,False,False,False,False,False,False,False,False,False,False,False,False,1998,8,2.4,26.0,26.33,124,0.47770570703910215,1998,False,False
1998,8,Summer,35.551111111111105,139.9088888888889,16.0,100,Tokyo,7.6,-164.0,76.2,10.6,41.3,3.36,0.74,25.6,0.41,0.0,32.5,67.5,False,False,False,False,False,False,False,False,False,False,False,False,False,False,False,False,False,False,False,False,False,False,False,False,1998,8,0.6,23.2,32.12,1215,0.4778209472004934,1998,False,True
1998,8,Summer,35.53722222222222,140.0225,14.0,100,Tokyo,7.4,-163.0,79.4,12.0,37.3,3.82,0.68,28.5,0.39,0.0,28.3,71.7,False,False,False,False,False,False,False,False,False,False,False,False,False,False,False,False,False,False,False,False,False,False,False,False,1998,8,2.3,23.5,29.82,129,0.47785531385173174,1998,False,False
1998,8,Summer,35.559999999999995,139.82444444444445,16.0,100,Tokyo,7.7,-157.0,77.6,10.7,27.2,3.12,0.74,23.7,1.61,0.0,38.3,61.7,False,False,False,False,False,False,False,False,False,False,False,False,False,False,False,False,False,False,False,False,False,False,False,False,1998,8,0.7,19.9,32.6,1318,0.4778031123312593,1998,False,True
1998,8,Summer,35.46416666666667,139.85611111111112,27.8,100,Tokyo,7.6,-130.0,77.4,12.5,41.2,3.92,0.8,28.3,1.42,0.0,42.6,57.4,False,False,False,False,False,False,False,False,False,False,False,False,False,False,False,False,False,False,False,False,False,False,False,False,1998,8,0.9,19.4,33.5,1326,0.4780288373718018,1998,False,True
1998,8,Summer,35.4575,139.7513888888889,27.1,100,Tokyo,7.7,-75.0,73.1,10.7,34.3,2.65,0.619,22.9,0.92,0.4,6.6,93.0,False,False,False,False,False,False,False,False,False,False,False,False,False,False,False,False,False,False,False,False,False,False,False,False,1998,8,1.4,18.8,33.28,1432,0.47804308011402175,1998,False,True
1998,7,Summer,34.93333333333333,136.805,6.0,201,Ise,8.2,-60.0,20.2,1.3,1.3,0.094,0.3,1.2,0.04,0.5,98.7,0.8,False,False,False,False,False,False,False,False,False,False,False,False,False,False,False,False,False,False,False,False,False,False,False,False,1998,7,6.8,25.2,29.28,2310,0.4636454643677789,1998,False,False
1998,7,Summer,34.72,137.12166666666667,15.0,202,Ise,8.1,-400.0,40.1,5.0,11.0,2.1,0.52,28.0,0.39,6.0,74.9,19.1,False,False,False,False,False,False,False,False,False,False,False,False,False,False,False,False,False,False,False,False,False,False,False,False,1998,7,2.7,22.7,32.69,2359,0.464077457640257,1998,False,False
1998,7,Summer,34.75,137.3,9.0,202,Ise,8.0,-380.0,43.8,8.6,12.0,1.5,0.48,21.0,0.2,1.0,61.0,38.0,False,False,False,False,False,False,False,False,False,False,False,False,False,False,False,False,False,False,False,False,False,False,False,False,1998,7,5.9,24.4,30.59,2361,1.1045482885685012,1998,False,False
1998,7,Summer,34.98388888888889,136.68333333333334,12.0,201,Ise,7.9,,67.0,10.9,19.0,1.8,0.62,15.0,0.89,0.0,1.1,98.9,False,False,False,False,False,False,False,False,False,False,False,False,False,False,False,False,False,False,False,False,False,False,False,False,1998,7,3.6,22.0,25.8,244,0.4635381402903914,1998,False,False
1998,7,Summer,34.88638888888889,136.66666666666666,13.0,201,Ise,7.9,,56.2,10.4,15.0,1.8,0.6,16.0,0.21,10.3,8.5,81.2,False,False,False,False,False,False,False,False,False,False,False,False,False,False,False,False,False,False,False,False,False,False,False,False,1998,7,6.6,23.2,26.2,2411,0.46373887583865075,1998,False,False
1998,7,Summer,34.655,135.41194444444446,12.5,301,SIS,7.6,-111.0,60.7,8.3,31.0,1.6,0.58,15.0,2.8,1.0,4.0,95.0,False,False,False,False,False,False,False,False,False,False,False,False,False,False,False,False,False,False,False,False,False,False,False,False,1998,7,3.2,22.5,31.5,272,0.44936871922644356,1998,False,False
1998,7,Summer,34.436388888888885,135.14,32.3,301,SIS,7.7,-336.0,56.4,6.9,21.0,1.8,0.41,12.0,0.48,1.0,25.0,74.0,False,False,False,False,False,False,False,False,False,False,False,False,False,False,False,False,False,False,False,False,False,False,False,False,1998,7,5.9,23.4,32.1,2744,0.44974990038693574,1998,False,False
1998,7,Summer,34.656666666666666,135.275,14.4,301,SIS,7.2,-101.0,30.88,26.92,28.0,2.8,0.13,23.0,0.78,0.04,0.73,99.23,False,False,False,False,False,False,False,False,False,False,False,False,False,False,False,False,False,False,False,False,False,False,False,False,1998,7,3.0,23.9,32.23,2823,1.033038041069995,1998,False,False
1999,8,Summer,35.608333333333334,139.8983333333333,6.0,100,Tokyo,7.3,-7.0,46.9,6.1,10.0,1.17,0.62,8.2,0.15,2.0,18.0,80.0,False,False,False,False,False,False,False,False,False,False,False,False,False,False,False,False,False,False,False,False,False,False,False,False,1999,8,8.1,27.9,22.23,1212,0.47768825343807475,1999,False,False
1999,8,Summer,35.64388888888889,139.9933333333333,6.0,100,Tokyo,8.0,-58.0,27.5,2.3,4.4,0.52,0.34,2.3,0.02,2.0,85.0,13.0,False,False,False,False,False,False,False,False,False,False,False,False,False,False,False,False,False,False,False,False,False,False,False,False,1999,8,6.8,28.6,20.6,122,0.47760326398878117,1999,False,False
1999,8,Summer,35.60166666666667,140.0641666666667,7.0,100,Tokyo,7.7,-21.0,51.4,6.9,7.1,1.08,0.41,9.7,0.16,2.0,10.0,89.0,False,False,False,False,False,False,False,False,False,False,False,False,False,False,False,False,False,False,False,False,False,False,False,False,1999,8,4.5,28.5,21.02,124,0.47770570703910215,1999,False,False
1999,8,Summer,35.551111111111105,139.9088888888889,17.0,100,Tokyo,7.8,-186.0,77.4,11.8,47.0,3.12,0.8,26.4,0.79,0.0,1.0,99.0,False,False,False,False,False,False,False,False,False,False,False,False,False,False,False,False,False,False,False,False,False,False,False,False,1999,8,0.5,22.2,31.13,1215,0.4778209472004934,1999,False,True
1999,8,Summer,35.53722222222222,140.0225,15.0,100,Tokyo,7.8,-180.0,71.0,9.8,32.0,1.98,0.64,18.9,0.29,0.0,18.0,82.0,False,False,False,False,False,False,False,False,False,False,False,False,False,False,False,False,False,False,False,False,False,False,False,False,1999,8,2.6,23.7,28.68,129,0.47785531385173174,1999,False,False
1999,8,Summer,35.559999999999995,139.82444444444445,16.5,100,Tokyo,7.5,-200.0,77.7,11.0,38.7,3.05,0.8,24.1,1.83,0.0,38.0,62.0,False,False,False,False,False,False,False,False,False,False,False,False,False,False,False,False,False,False,False,False,False,False,False,False,1999,8,0.0,19.7,32.4,1318,0.4778031123312593,1999,False,True
1999,8,Summer,35.46416666666667,139.85611111111112,27.9,100,Tokyo,7.6,-185.0,77.0,12.4,44.4,3.82,0.91,27.5,1.59,0.0,40.7,59.3,False,False,False,False,False,False,False,False,False,False,False,False,False,False,False,False,False,False,False,False,False,False,False,False,1999,8,1.9,18.3,33.5,1326,0.4780288373718018,1999,False,True
1999,8,Summer,35.4575,139.7513888888889,28.0,100,Tokyo,7.4,-1.0,62.6,8.6,22.3,1.84,0.458,20.0,0.71,19.0,19.2,61.8,False,False,False,False,False,False,False,False,False,False,False,False,False,False,False,False,False,False,False,False,False,False,False,False,1999,8,0.5,18.0,33.49,1432,0.47804308011402175,1999,False,True
1999,7,Summer,34.93333333333333,136.805,6.0,201,Ise,7.5,-80.0,21.7,2.3,2.2,0.21,0.46,3.8,0.03,2.3,96.3,1.4,False,False,False,False,False,False,False,False,False,False,False,False,False,False,False,False,False,False,False,False,False,False,False,False,1999,7,9.3,23.6,26.04,2310,0.4636454643677789,1999,False,False
1999,7,Summer,34.72,137.12166666666667,14.5,202,Ise,8.0,80.0,19.1,1.2,0.9,0.091,0.66,2.5,0.03,17.4,82.5,0.1,False,False,False,False,False,False,False,False,False,False,False,False,False,False,False,False,False,False,False,False,False,False,False,False,1999,7,2.7,19.9,32.81,2359,0.464077457640257,1999,False,False
1999,7,Summer,34.75,137.3,7.0,202,Ise,7.9,-190.0,41.5,7.8,9.9,1.2,0.5,19.0,0.26,,19.8,80.2,False,False,False,False,False,False,False,False,False,False,False,False,False,False,False,False,False,False,False,False,False,False,False,False,1999,7,2.2,21.2,30.5,2361,1.1045482885685012,1999,False,False
1999,7,Summer,34.98388888888889,136.68333333333334,14.0,201,Ise,7.6,-329.0,51.3,7.5,21.0,1.6,0.61,13.0,0.43,0.0,0.6,99.4,False,False,False,False,False,False,False,False,False,False,False,False,False,False,False,False,False,False,False,False,False,False,False,False,1999,7,3.7,20.7,29.7,244,0.4635381402903914,1999,False,False
1999,7,Summer,34.88638888888889,136.66666666666666,12.0,201,Ise,7.8,-318.0,51.6,8.7,20.0,2.3,0.66,17.0,0.26,10.1,7.1,83.8,False,False,False,False,False,False,False,False,False,False,False,False,False,False,False,False,False,False,False,False,False,False,False,False,1999,7,4.4,21.0,29.6,2411,0.46373887583865075,1999,False,False
1999,7,Summer,34.655,135.41194444444446,12.3,301,SIS,7.6,-308.0,59.5,8.6,17.0,1.9,0.48,14.0,0.4,0.0,6.0,94.0,False,False,False,False,False,False,False,False,False,False,False,False,False,False,False,False,False,False,False,False,False,False,False,False,1999,7,3.9,22.5,31.3,272,0.44936871922644356,1999,False,False
1999,7,Summer,34.436388888888885,135.14,31.0,301,SIS,7.5,-319.0,36.9,5.6,15.0,1.4,0.38,11.0,0.3,0.0,27.0,63.0,False,False,False,False,False,False,False,False,False,False,False,False,False,False,False,False,False,False,False,False,False,False,False,False,1999,7,6.1,23.5,32.11,2744,0.44974990038693574,1999,False,False
1999,7,Summer,34.656666666666666,135.275,15.0,301,SIS,7.3,-102.0,72.07,5.52,19.0,3.0,0.083,23.8,0.74,0.06,5.54,94.4,False,False,False,False,False,False,False,False,False,False,False,False,False,False,False,False,False,False,False,False,False,False,False,False,1999,7,1.8,21.6,31.92,2823,1.033038041069995,1999,False,True
2000,8,Summer,35.608333333333334,139.8983333333333,5.0,100,Tokyo,7.4,-81.0,46.6,6.0,14.0,1.45,0.64,13.0,1.4,10.0,27.0,63.0,False,False,False,False,False,False,False,False,False,False,False,False,False,False,False,False,False,False,False,False,False,False,False,False,2000,8,7.8,28.1,23.99,1212,0.47768825343807475,2000,False,False
2000,8,Summer,35.64388888888889,139.9933333333333,5.0,100,Tokyo,7.7,-81.0,26.7,2.0,2.7,0.41,0.26,2.1,0.07,2.0,88.0,10.0,False,False,False,False,False,False,False,False,False,False,False,False,False,False,False,False,False,False,False,False,False,False,False,False,2000,8,3.0,27.7,23.32,122,0.47760326398878117,2000,False,False
2000,8,Summer,35.60166666666667,140.0641666666667,7.0,100,Tokyo,7.3,-124.0,56.8,7.4,10.0,1.02,0.44,11.0,0.19,0.0,3.0,97.0,False,False,False,False,False,False,False,False,False,False,False,False,False,False,False,False,False,False,False,False,False,False,False,False,2000,8,9.3,26.6,24.7,124,0.47770570703910215,2000,False,False
2000,8,Summer,35.551111111111105,139.9088888888889,17.0,100,Tokyo,7.4,-200.0,73.6,10.3,36.0,2.76,0.67,25.7,0.71,0.0,1.0,99.0,False,False,False,False,False,False,False,False,False,False,False,False,False,False,False,False,False,False,False,False,False,False,False,False,2000,8,0.0,22.5,31.11,1215,0.4778209472004934,2000,False,True
2000,8,Summer,35.53722222222222,140.0225,15.0,100,Tokyo,7.4,-205.0,76.9,11.1,35.0,2.83,0.61,26.0,0.97,0.0,2.0,98.0,False,False,False,False,False,False,False,False,False,False,False,False,False,False,False,False,False,False,False,False,False,False,False,False,2000,8,1.7,22.9,29.63,129,0.47785531385173174,2000,False,True
2000,8,Summer,35.559999999999995,139.82444444444445,15.3,100,Tokyo,7.5,-188.0,72.8,9.9,33.2,2.9,0.68,24.1,1.35,0.0,38.0,62.0,False,False,False,False,False,False,False,False,False,False,False,False,False,False,False,False,False,False,False,False,False,False,False,False,2000,8,5.3,24.0,29.6,1318,0.4778031123312593,2000,False,False
2000,8,Summer,35.46416666666667,139.85611111111112,27.0,100,Tokyo,7.5,-194.0,74.6,12.0,45.8,3.94,0.77,27.5,1.66,0.0,40.7,59.3,False,False,False,False,False,False,False,False,False,False,False,False,False,False,False,False,False,False,False,False,False,False,False,False,2000,8,2.2,17.7,33.9,1326,0.4780288373718018,2000,False,False
2000,8,Summer,35.4575,139.7513888888889,27.5,100,Tokyo,7.4,-181.0,73.1,10.1,32.0,2.9,0.656,24.2,0.95,1.5,5.0,93.5,False,False,False,False,False,False,False,False,False,False,False,False,False,False,False,False,False,False,False,False,False,False,False,False,2000,8,0.5,18.0,33.49,1432,0.47804308011402175,2000,False,True
2000,7,Summer,34.93333333333333,136.805,5.0,201,Ise,7.5,60.0,22.0,1.8,2.5,0.25,0.44,5.3,0.03,26.2,69.9,3.9,False,False,False,False,False,False,False,False,False,False,False,False,False,False,False,False,False,False,False,False,False,False,False,False,2000,7,8.9,23.1,29.5,2310,0.4636454643677789,2000,False,False
2000,7,Summer,34.72,137.12166666666667,15.0,202,Ise,7.8,-260.0,56.0,3.9,21.0,1.2,0.65,22.0,0.19,3.1,17.0,79.9,False,False,False,False,False,False,False,False,False,False,False,False,False,False,False,False,False,False,False,False,False,False,False,False,2000,7,3.4,23.0,31.3,2359,0.464077457640257,2000,False,False
2000,7,Summer,34.75,137.3,9.0,202,Ise,7.8,-240.0,48.6,3.8,150.0,1.0,0.51,21.0,0.23,1.5,7.9,90.6,False,False,False,False,False,False,False,False,False,False,False,False,False,False,False,False,False,False,False,False,False,False,False,False,2000,7,9.0,24.9,30.89,2361,1.1045482885685012,2000,False,False
2000,7,Summer,34.98388888888889,136.68333333333334,9.0,201,Ise,7.9,-394.0,46.8,7.3,20.0,1.4,0.76,18.0,0.61,0.8,4.7,94.5,False,False,False,False,False,False,False,False,False,False,False,False,False,False,False,False,False,False,False,False,False,False,False,False,2000,7,5.8,22.9,27.4,244,0.4635381402903914,2000,False,False
2000,7,Summer,34.88638888888889,136.66666666666666,13.0,201,Ise,7.7,-323.0,53.2,9.5,22.0,2.3,0.93,24.0,0.5,1.3,5.0,93.7,False,False,False,False,False,False,False,False,False,False,False,False,False,False,False,False,False,False,False,False,False,False,False,False,2000,7,5.5,22.2,28.4,2411,0.46373887583865075,2000,False,False
2000,7,Summer,34.655,135.41194444444446,14.0,301,SIS,8.0,-312.0,71.4,10.0,38.0,2.3,0.59,18.0,2.1,0.2,3.4,96.4,False,False,False,False,False,False,False,False,False,False,False,False,False,False,False,False,False,False,False,False,False,False,False,False,2000,7,2.5,23.2,30.9,272,0.44936871922644356,2000,False,False
2000,7,Summer,34.436388888888885,135.14,31.4,301,SIS,8.0,-258.0,54.8,7.8,23.0,1.9,0.34,12.0,0.4,0.2,21.2,78.6,False,False,False,False,False,False,False,False,False,False,False,False,False,False,False,False,False,False,False,False,False,False,False,False,2000,7,6.5,23.2,32.9,2744,0.44974990038693574,2000,False,False
2000,7,Summer,34.656666666666666,135.275,14.4,301,SIS,7.4,,57.2,7.12,19.4,2.5,0.011,23.2,1.63,0.0,0.2,99.8,False,False,False,False,False,False,False,False,False,False,False,False,False,False,False,False,False,False,False,False,False,False,False,False,2000,7,2.5,22.9,32.2,2823,1.033038041069995,2000,False,False
2001,8,Summer,35.608333333333334,139.8983333333333,6.0,100,Tokyo,7.4,-108.0,52.1,6.4,12.0,1.14,0.75,12.3,1.0,7.0,10.0,83.0,False,False,False,False,False,False,False,False,False,False,False,False,False,False,False,False,False,False,False,False,False,False,False,False,2001,8,3.3,23.8,29.21,1212,0.47768825343807475,2001,False,False
2001,8,Summer,35.64388888888889,139.9933333333333,5.0,100,Tokyo,7.3,-113.0,27.3,2.2,3.3,0.44,0.25,1.9,0.07,1.0,89.0,10.0,False,False,False,False,False,False,False,False,False,False,False,False,False,False,False,False,False,False,False,False,False,False,False,False,2001,8,0.0,23.0,30.09,122,0.47760326398878117,2001,False,True
2001,8,Summer,35.60166666666667,140.0641666666667,7.0,100,Tokyo,7.3,-180.0,58.4,6.7,10.0,1.32,0.46,10.7,0.38,6.0,10.0,84.0,False,False,False,False,False,False,False,False,False,False,False,False,False,False,False,False,False,False,False,False,False,False,False,False,2001,8,2.9,23.0,31.54,124,0.47770570703910215,2001,False,False
2001,8,Summer,35.551111111111105,139.9088888888889,17.0,100,Tokyo,7.3,-187.0,78.1,11.4,51.0,3.56,0.76,28.0,0.62,0.0,2.0,98.0,False,False,False,False,False,False,False,False,False,False,False,False,False,False,False,False,False,False,False,False,False,False,False,False,2001,8,2.2,21.2,33.1,1215,0.4778209472004934,2001,False,False
2001,8,Summer,35.53722222222222,140.0225,15.0,100,Tokyo,7.3,-196.0,76.8,11.0,39.0,3.22,0.69,25.6,1.2,0.0,1.0,99.0,False,False,False,False,False,False,False,False,False,False,False,False,False,False,False,False,False,False,False,False,False,False,False,False,2001,8,3.1,22.1,32.49,129,0.47785531385173174,2001,False,False
2001,8,Summer,35.559999999999995,139.82444444444445,15.4,100,Tokyo,7.5,-190.0,69.6,8.9,27.7,2.39,0.57,17.4,0.77,0.0,36.0,64.0,False,False,False,False,False,False,False,False,False,False,False,False,False,False,False,False,False,False,False,False,False,False,False,False,2001,8,2.3,19.5,32.6,1318,0.4778031123312593,2001,False,False
2001,8,Summer,35.46416666666667,139.85611111111112,27.0,100,Tokyo,7.5,-173.0,74.7,10.8,38.2,3.39,0.59,25.1,0.95,0.0,36.8,63.2,False,False,False,False,False,False,False,False,False,False,False,False,False,False,False,False,False,False,False,False,False,False,False,False,2001,8,3.1,17.3,33.9,1326,0.4780288373718018,2001,False,False
2001,8,Summer,35.4575,139.7513888888889,24.3,100,Tokyo,7.4,-109.0,76.4,10.6,37.1,3.2,0.759,26.9,0.5,0.0,4.0,96.0,False,False,False,False,False,False,False,False,False,False,False,False,False,False,False,False,False,False,False,False,False,False,False,False,2001,8,2.4,19.0,33.08,1432,0.47804308011402175,2001,False,False
2001,7,Summer,34.93333333333333,136.805,6.4,201,Ise,7.5,260.0,20.5,2.3,3.8,0.071,0.48,6.2,0.03,6.0,91.3,2.7,False,False,False,False,False,False,False,False,False,False,False,False,False,False,False,False,False,False,False,False,False,False,False,False,2001,7,9.8,24.9,29.76,2310,0.4636454643677789,2001,False,False
2001,7,Summer,34.72,137.12166666666667,15.6,202,Ise,7.9,-220.0,53.2,9.5,53.0,2.3,0.85,20.0,0.09,6.9,75.8,17.3,False,False,False,False,False,False,False,False,False,False,False,False,False,False,False,False,False,False,False,False,False,False,False,False,2001,7,4.9,20.4,32.36,2359,0.464077457640257,2001,False,False
2001,7,Summer,34.75,137.29166666666666,8.2,202,Ise,8.0,-230.0,46.7,8.5,24.0,1.6,0.48,20.0,0.12,,21.9,78.1,False,False,False,False,False,False,False,False,False,False,False,False,False,False,False,False,False,False,False,False,False,False,False,False,2001,7,3.0,22.4,31.69,2361,0.4640164657415807,2001,False,False
2001,7,Summer,34.98388888888889,136.68333333333334,15.0,201,Ise,7.7,-120.0,58.0,7.8,16.0,1.8,0.68,19.0,0.27,0.0,16.6,83.4,False,False,False,False,False,False,False,False,False,False,False,False,False,False,False,False,False,False,False,False,False,False,False,False,2001,7,2.6,20.0,32.2,244,0.4635381402903914,2001,False,False
2001,7,Summer,34.88638888888889,136.66666666666666,12.0,201,Ise,7.8,-190.0,60.6,8.8,20.0,2.7,0.72,26.0,0.58,0.0,31.0,69.0,False,False,False,False,False,False,False,False,False,False,False,False,False,False,False,False,False,False,False,False,False,False,False,False,2001,7,3.7,21.0,31.9,2411,0.46373887583865075,2001,False,False
2001,7,Summer,34.655,135.41194444444446,14.1,301,SIS,8.1,-333.0,74.1,11.0,31.0,1.5,0.58,19.0,2.5,0.9,2.3,96.8,False,False,False,False,False,False,False,False,False,False,False,False,False,False,False,False,False,False,False,False,False,False,False,False,2001,7,0.7,21.2,31.2,272,0.44936871922644356,2001,False,True
2001,7,Summer,34.436388888888885,135.14,31.3,301,SIS,8.0,-197.0,57.9,7.6,18.0,1.1,0.34,12.0,0.0,1.2,29.1,69.7,False,False,False,False,False,False,False,False,False,False,False,False,False,False,False,False,False,False,False,False,False,False,False,False,2001,7,5.1,22.1,32.8,2744,0.44974990038693574,2001,False,False
2001,7,Summer,34.656666666666666,135.275,,301,SIS,7.4,-185.0,55.7,8.2,19.0,2.58,0.59,20.7,1.3,0.0,1.6,98.4,False,False,False,False,False,False,False,False,False,False,False,False,False,False,False,False,False,False,False,False,False,False,False,False,2001,7,0.8,21.3,32.0,2823,1.033038041069995,2001,False,True
2002,8,Summer,35.611666666666665,139.89499999999998,7.0,100,Tokyo,7.9,-178.0,49.4,5.2,12.0,1.24,0.53,10.8,0.36,1.0,22.0,77.0,False,False,False,False,False,False,False,False,False,False,False,False,False,False,False,False,False,False,False,False,False,False,False,False,2002,8,1.5,28.1,25.23,1212,3.7064932313149e-07,2002,False,True
2002,8,Summer,35.64722222222222,139.98999999999998,5.0,100,Tokyo,7.5,-171.0,49.7,4.0,8.2,0.86,0.44,7.3,0.27,2.0,31.0,67.0,False,False,False,False,False,False,False,False,False,False,False,False,False,False,False,False,False,False,False,False,False,False,False,False,2002,8,2.5,28.7,24.67,122,2.4709907721300975e-07,2002,False,False
2002,8,Summer,35.605000000000004,140.0608333333333,7.0,100,Tokyo,7.6,-177.0,58.4,7.1,10.0,1.2,0.52,11.7,0.18,0.0,4.0,96.0,False,False,False,False,False,False,False,False,False,False,False,False,False,False,False,False,False,False,False,False,False,False,False,False,2002,8,3.9,28.7,25.29,124,3.013564076846484e-06,2002,False,False
2002,8,Summer,35.55444444444444,139.90555555555557,16.0,100,Tokyo,7.5,-196.0,80.2,11.9,57.0,3.91,0.79,28.9,1.4,0.0,1.0,99.0,False,False,False,False,False,False,False,False,False,False,False,False,False,False,False,False,False,False,False,False,False,False,False,False,2002,8,0.5,23.8,32.98,1215,4.050886401350578e-06,2002,False,True
2002,8,Summer,35.54055555555556,140.01916666666668,14.0,100,Tokyo,7.7,-192.0,76.6,10.2,37.0,3.07,0.65,24.6,0.55,0.0,2.0,98.0,False,False,False,False,False,False,False,False,False,False,False,False,False,False,False,False,False,False,False,False,False,False,False,False,2002,8,1.6,24.1,31.83,129,3.0562134915148567e-06,2002,False,True
2002,8,Summer,35.559999999999995,139.82444444444445,15.0,100,Tokyo,7.5,-185.0,68.0,12.2,31.6,2.36,0.78,21.4,0.59,0.0,7.0,93.0,False,False,False,False,False,False,False,False,False,False,False,False,False,False,False,False,False,False,False,False,False,False,False,False,2002,8,0.5,21.5,32.6,1318,0.4778031123312593,2002,False,True
2002,8,Summer,35.46416666666667,139.85611111111112,27.0,100,Tokyo,7.4,-197.0,74.0,14.8,34.8,2.91,0.62,34.7,0.79,0.0,15.3,84.7,False,False,False,False,False,False,False,False,False,False,False,False,False,False,False,False,False,False,False,False,False,False,False,False,2002,8,2.6,19.5,34.1,1326,0.4780288373718018,2002,False,False
2002,8,Summer,35.4575,139.7513888888889,25.5,100,Tokyo,7.8,-181.0,71.2,8.9,34.6,2.5,0.658,20.7,0.86,0.6,3.9,95.5,False,False,False,False,False,False,False,False,False,False,False,False,False,False,False,False,False,False,False,False,False,False,False,False,2002,8,1.7,19.9,33.5,1432,0.47804308011402175,2002,False,True
2002,7,Summer,34.93666666666666,136.80194444444444,6.0,201,Ise,7.32,-120.0,19.1,1.7,2.68,0.15,0.21,1.4,0.03,11.6,83.0,5.4,False,False,False,False,False,False,False,False,False,False,False,False,False,False,False,False,False,False,False,False,False,False,False,False,2002,7,6.3,24.1,29.14,2310,4.068297542329713e-06,2002,False,False
2002,7,Summer,34.723333333333336,137.1186111111111,14.0,202,Ise,7.94,-380.0,50.2,6.7,24.8,1.55,0.57,12.7,0.43,,26.1,73.9,False,False,False,False,False,False,False,False,False,False,False,False,False,False,False,False,False,False,False,False,False,False,False,False,2002,7,5.4,22.4,32.34,2359,1.0810001764324187e-06,2002,False,False
2002,7,Summer,34.75333333333333,137.28861111111112,7.0,202,Ise,7.8,-340.0,52.2,7.9,25.1,1.9,0.58,14.7,0.32,,4.4,95.6,False,False,False,False,False,False,False,False,False,False,False,False,False,False,False,False,False,False,False,False,False,False,False,False,2002,7,6.3,24.3,30.61,2361,1.0806565858142234e-06,2002,False,False
2002,7,Summer,34.98388888888889,136.68333333333334,,201,Ise,7.5,-321.0,69.8,9.1,18.0,2.2,0.64,14.0,1.4,,4.1,95.9,False,False,False,False,False,False,False,False,False,False,False,False,False,False,False,False,False,False,False,False,False,False,False,False,2002,7,4.3,23.1,28.9,244,0.4635381402903914,2002,False,False
2002,7,Summer,34.88638888888889,136.66666666666666,,201,Ise,7.5,-298.0,64.4,8.9,17.0,2.5,0.68,17.0,0.38,,25.4,74.6,False,False,False,False,False,False,False,False,False,False,False,False,False,False,False,False,False,False,False,False,False,False,False,False,2002,7,4.0,23.2,28.9,2411,0.46373887583865075,2002,False,False
2002,7,Summer,34.655,135.41194444444446,13.0,301,SIS,8.2,,72.9,9.7,40.0,2.2,0.53,17.5,2.3,0.1,3.8,96.1,False,False,False,False,False,False,False,False,False,False,False,False,False,False,False,False,False,False,False,False,False,False,False,False,2002,7,3.3,23.6,31.52,272,0.44936871922644356,2002,False,False
2002,7,Summer,34.436388888888885,135.14,32.5,301,SIS,8.1,-373.0,56.4,5.7,19.0,1.3,0.42,10.2,0.34,0.9,18.2,80.9,False,False,False,False,False,False,False,False,False,False,False,False,False,False,False,False,False,False,False,False,False,False,False,False,2002,7,6.8,24.7,33.05,2744,0.44974990038693574,2002,False,False
2002,7,Summer,34.655,135.26666666666668,14.8,301,SIS,7.35,-272.0,52.2,12.1,16.7,1.365844572,0.589,14.93981047,0.539,0.1,5.2,94.7,False,False,False,False,False,False,False,False,False,False,False,False,False,False,False,False,False,False,False,False,False,False,False,False,2002,7,1.0,22.8,32.35,2823,0.44936986843242344,2002,False,True
2003,8,Summer,35.611666666666665,139.89499999999998,8.0,100,Tokyo,7.6,-133.0,53.1,6.1,11.0,1.39,0.7,12.6,0.76,4.0,27.0,69.0,False,False,False,False,False,False,False,False,False,False,False,False,False,False,False,False,False,False,False,False,False,False,False,False,2003,8,8.3,24.8,28.4,1212,3.7064932313149e-07,2003,False,False
2003,8,Summer,35.64722222222222,139.98999999999998,6.0,100,Tokyo,7.7,-95.0,28.9,1.7,2.8,0.35,0.28,1.4,0.08,0.0,93.0,7.0,False,False,False,False,False,False,False,False,False,False,False,False,False,False,False,False,False,False,False,False,False,False,False,False,2003,8,9.0,26.1,25.75,122,2.4709907721300975e-07,2003,False,False
2003,8,Summer,35.605000000000004,140.0608333333333,8.0,100,Tokyo,7.4,-90.0,58.3,6.7,7.5,1.32,0.44,10.4,0.21,2.0,7.0,91.0,False,False,False,False,False,False,False,False,False,False,False,False,False,False,False,False,False,False,False,False,False,False,False,False,2003,8,4.4,25.4,27.39,124,3.013564076846484e-06,2003,False,False
2003,8,Summer,35.55444444444444,139.90555555555557,17.0,100,Tokyo,7.6,-177.0,80.9,11.2,46.0,3.69,0.74,25.8,1.3,0.0,1.0,99.0,False,False,False,False,False,False,False,False,False,False,False,False,False,False,False,False,False,False,False,False,False,False,False,False,2003,8,2.3,21.4,31.88,1215,4.050886401350578e-06,2003,False,False
2003,8,Summer,35.54055555555556,140.01916666666668,15.0,100,Tokyo,7.5,-186.0,78.1,10.5,35.0,3.27,0.63,23.4,1.0,0.0,2.0,98.0,False,False,False,False,False,False,False,False,False,False,False,False,False,False,False,False,False,False,False,False,False,False,False,False,2003,8,1.9,22.8,30.86,129,3.0562134915148567e-06,2003,False,True
2003,8,Summer,35.4675,139.85277777777776,16.0,100,Tokyo,7.9,-141.0,69.0,13.6,33.7,2.18,0.66,26.8,0.99,0.0,5.4,94.6,False,False,False,False,False,False,False,False,False,False,False,False,False,False,False,False,False,False,False,False,False,False,False,False,2003,8,1.3,20.4,33.7,1326,2.012494465836712e-06,2003,False,True
2003,8,Summer,35.4675,139.85277777777776,27.0,100,Tokyo,8.0,-150.0,71.0,15.5,40.2,3.11,0.62,32.2,1.18,0.0,5.0,95.0,False,False,False,False,False,False,False,False,False,False,False,False,False,False,False,False,False,False,False,False,False,False,False,False,2003,8,1.3,20.4,33.7,1326,2.012494465836712e-06,2003,False,True
2003,8,Summer,35.46083333333333,139.74805555555554,27.5,100,Tokyo,7.6,-152.0,74.0,10.2,33.3,3.27,0.715,22.8,1.63,0.3,3.9,95.8,False,False,False,False,False,False,False,False,False,False,False,False,False,False,False,False,False,False,False,False,False,False,False,False,2003,8,2.3,19.3,33.3,1432,4.0423459997519365e-06,2003,False,False
2003,7,Summer,34.93333333333333,136.805,6.0,201,Ise,7.57,120.0,22.6,1.6,1.4,0.12,0.21,2.1,0.015,5.9,92.7,1.4,False,False,False,False,False,False,False,False,False,False,False,False,False,False,False,False,False,False,False,False,False,False,True,False,2003,7,7.2,22.1,27.5,2310,0.4636454643677789,2003,False,False
2003,7,Summer,34.72,137.12166666666667,15.5,202,Ise,7.83,-260.0,62.3,11.4,47.0,3.3,0.7,28.0,1.1,0.05,22.8,77.2,True,False,False,False,False,False,False,False,False,False,False,False,False,False,False,False,False,False,False,False,False,False,False,False,2003,7,5.7,21.0,32.4,2359,0.464077457640257,2003,False,False
2003,7,Summer,34.75,137.29166666666666,9.5,202,Ise,7.7,-270.0,52.1,8.6,30.0,1.8,0.52,22.0,0.17,0.05,4.0,96.0,True,False,False,False,False,False,False,False,False,False,False,False,False,False,False,False,False,False,False,False,False,False,False,False,2003,7,3.3,22.1,31.2,2361,0.4640164657415807,2003,False,False
2003,7,Summer,34.98388888888889,136.68333333333334,14.4,201,Ise,7.7,-310.0,65.8,7.9,13.0,1.8,0.64,14.0,0.87,0.0,1.2,98.8,False,False,False,False,False,False,False,False,False,False,False,False,False,False,False,False,False,False,False,False,False,False,False,False,2003,7,2.6,19.8,26.8,244,0.4635381402903914,2003,False,False
2003,7,Summer,34.88638888888889,136.66666666666666,13.3,201,Ise,7.5,-270.0,63.6,8.3,13.0,2.5,0.67,18.0,0.63,2.8,3.9,93.3,False,False,False,False,False,False,False,False,False,False,False,False,False,False,False,False,False,False,False,False,False,False,False,False,2003,7,2.7,20.5,29.0,2411,0.46373887583865075,2003,False,False
2003,7,Summer,34.65833333333333,135.40916666666666,14.5,301,SIS,8.0,-387.0,71.3,11.0,43.0,2.2,0.59,17.0,2.4,0.2,5.6,94.2,False,False,False,False,False,False,False,False,False,False,False,False,False,False,False,False,False,False,False,False,False,False,False,False,2003,7,2.6,22.1,31.93,272,3.0712552024428725e-06,2003,False,False
2003,7,Summer,34.439722222222215,135.13722222222222,31.0,301,SIS,7.9,-325.0,56.1,8.2,22.0,1.4,0.34,10.0,0.29,0.5,16.9,82.6,False,False,False,False,False,False,False,False,False,False,False,False,False,False,False,False,False,False,False,False,False,False,False,False,2003,7,5.7,22.8,32.98,2744,2.052811989601796e-06,2003,False,False
2003,7,Summer,34.655,135.26666666666668,14.6,301,SIS,7.51,-286.0,58.9300411522634,8.91783567134273,19.6,2.06,0.557,13.15,0.61,0.0,1.4,98.6,False,False,False,False,False,False,False,False,False,False,False,False,False,False,False,False,False,False,False,False,False,False,False,False,2003,7,1.9,21.6,32.23,2823,0.44936986843242344,2003,False,True
2004,8,Summer,35.611666666666665,139.89499999999998,7.0,100,Tokyo,7.6,-156.0,53.6,5.7,12.0,1.63,0.55,11.2,0.79,2.0,25.0,73.0,False,False,False,False,False,False,False,False,False,False,False,False,False,False,False,False,False,False,False,False,False,False,False,False,2004,8,4.8,27.9,26.55,1212,3.7064932313149e-07,2004,False,False
2004,8,Summer,35.64722222222222,139.98999999999998,5.0,100,Tokyo,7.7,-111.0,27.3,2.0,2.6,0.32,0.28,1.4,0.17,0.0,95.0,5.0,False,False,False,False,False,False,False,False,False,False,False,False,False,False,False,False,False,False,False,False,False,False,False,False,2004,8,7.9,28.3,25.68,122,2.4709907721300975e-07,2004,False,False
2004,8,Summer,35.605000000000004,140.0608333333333,6.0,100,Tokyo,7.6,-159.0,59.8,7.4,7.9,1.25,0.46,11.5,0.19,2.0,10.0,88.0,False,False,False,False,False,False,False,False,False,False,False,False,False,False,False,False,False,False,False,False,False,False,False,False,2004,8,7.6,28.3,26.81,124,3.013564076846484e-06,2004,False,False
2004,8,Summer,35.55444444444444,139.90555555555557,17.0,100,Tokyo,7.7,-176.0,81.4,12.1,40.0,3.8,0.75,29.0,1.3,0.0,0.0,100.0,False,False,False,False,False,False,False,False,False,False,False,False,False,False,False,False,False,False,False,False,False,False,False,False,2004,8,3.3,24.3,31.07,1215,4.050886401350578e-06,2004,False,False
2004,8,Summer,35.54055555555556,140.01916666666668,15.0,100,Tokyo,7.6,-171.0,78.9,11.5,38.0,3.56,0.66,27.3,1.3,0.0,1.0,99.0,False,False,False,False,False,False,False,False,False,False,False,False,False,False,False,False,False,False,False,False,False,False,False,False,2004,8,2.2,25.5,30.73,129,3.0562134915148567e-06,2004,False,False
2004,8,Summer,35.56333333333333,139.8211111111111,15.2,100,Tokyo,8.0,-193.0,78.3,9.9,31.1,3.46,0.81,21.5,2.68,0.0,10.6,89.4,False,False,False,False,False,False,False,False,False,False,False,False,False,False,False,False,False,False,False,False,False,False,False,False,2004,8,1.5,23.2,31.5,1318,1.0712120489505561e-06,2004,False,True
2004,8,Summer,35.4675,139.85277777777776,26.4,100,Tokyo,7.7,-127.0,74.6,11.2,30.7,3.14,0.69,24.8,1.19,0.0,11.1,88.9,False,False,False,False,False,False,False,False,False,False,False,False,False,False,False,False,False,False,False,False,False,False,False,False,2004,8,2.3,20.0,33.7,1326,2.012494465836712e-06,2004,False,False
2004,8,Summer,35.46083333333333,139.74805555555554,24.0,100,Tokyo,7.2,-179.0,71.0,10.0,31.6,3.07,0.701,25.4,0.73,0.0,3.3,96.7,False,False,False,False,False,False,False,False,False,False,False,False,False,False,False,False,False,False,False,False,False,False,False,False,2004,8,2.2,22.0,30.95,1432,4.0423459997519365e-06,2004,False,False
2004,7,Summer,34.93666666666666,136.80194444444444,6.5,201,Ise,7.64,50.0,14.3,1.2,1.0,0.092,0.2,2.6,0.015,7.6,90.9,1.5,False,False,False,False,False,False,False,False,False,False,False,False,False,False,False,False,False,False,False,False,False,False,True,False,2004,7,4.5,21.4,32.18,2310,4.068297542329713e-06,2004,False,False
2004,7,Summer,34.723333333333336,137.1186111111111,15.0,202,Ise,7.94,-300.0,59.4,10.9,28.0,3.2,0.79,30.0,1.0,0.4,36.8,62.8,False,False,False,False,False,False,False,False,False,False,False,False,False,False,False,False,False,False,False,False,False,False,False,False,2004,7,4.2,21.9,33.16,2359,1.0810001764324187e-06,2004,False,False
2004,7,Summer,34.75333333333333,137.28861111111112,8.0,202,Ise,7.8,-280.0,48.0,7.8,19.0,1.6,0.45,20.0,0.12,1.2,34.0,64.8,False,False,False,False,False,False,False,False,False,False,False,False,False,False,False,False,False,False,False,False,False,False,False,False,2004,7,4.7,26.4,29.82,2361,1.0806565858142234e-06,2004,False,False
2004,7,Summer,34.98722222222222,136.68027777777775,15.3,201,Ise,7.4,-180.0,69.1,8.6,15.0,1.8,0.66,18.0,1.3,0.0,0.6,99.4,False,False,False,False,False,False,False,False,False,False,False,False,False,False,False,False,False,False,False,False,False,False,False,False,2004,7,5.8,22.8,30.6,244,2.0394666780280975e-06,2004,False,False
2004,7,Summer,34.88638888888889,136.66666666666666,14.2,201,Ise,7.4,-132.0,62.7,8.6,13.0,2.6,0.68,18.0,0.28,6.4,6.0,87.6,False,False,False,False,False,False,False,False,False,False,False,False,False,False,False,False,False,False,False,False,False,False,False,False,2004,7,5.3,22.0,30.2,2411,0.46373887583865075,2004,False,False
2004,7,Summer,34.65833333333333,135.40916666666666,14.6,301,SIS,8.2,,74.6,8.9,39.0,2.1,0.65,18.0,3.3,0.6,4.6,94.8,False,False,False,False,False,False,False,False,False,False,False,False,False,False,False,False,False,False,False,False,False,False,False,False,2004,7,1.9,22.7,31.57,272,3.0712552024428725e-06,2004,False,True
2004,7,Summer,34.439722222222215,135.13722222222222,30.3,301,SIS,8.0,-373.0,57.0,6.5,22.0,1.5,0.5,10.0,0.44,0.4,33.7,65.9,False,False,False,False,False,False,False,False,False,False,False,False,False,False,False,False,False,False,False,False,False,False,False,False,2004,7,6.1,23.5,32.44,2744,2.052811989601796e-06,2004,False,False
2004,7,Summer,34.65833333333333,135.26388888888889,14.6,301,SIS,7.7,-203.4,57.5,10.0,12.0,1.61,0.569,16.41,0.5,0.0,1.51,98.49,False,False,False,False,False,False,False,False,False,False,False,False,False,False,False,False,False,False,False,False,False,False,False,False,2004,7,1.0,23.5,32.12,2823,1.0817522709564292e-06,2004,False,True
2004,7,Summer,34.93666666666666,136.80194444444444,6.5,201,Ise,7.82,,20.3,1.1,0.9,0.088,0.43,4.2,0.015,1.2,97.9,0.9,False,False,False,False,False,False,False,False,False,False,False,False,False,False,False,False,False,False,False,False,False,False,True,False,2004,7,4.5,21.4,32.18,2310,4.068297542329713e-06,2004,False,False
2004,8,Summer,34.723333333333336,137.1186111111111,15.0,202,Ise,7.95,-100.0,59.6,4.1,47.0,3.0,0.64,29.0,0.89,1.3,9.1,89.6,False,False,False,False,False,False,False,False,False,False,False,False,False,False,False,False,False,False,False,False,False,False,False,False,2004,8,4.2,21.9,33.16,2359,1.0810001764324187e-06,2004,False,False
2004,9,Summer,34.75333333333333,137.28861111111112,8.0,202,Ise,7.8,-170.0,45.7,4.1,27.0,1.4,0.45,17.0,0.13,0.05,4.7,95.3,True,False,False,False,False,False,False,False,False,False,False,False,False,False,False,False,False,False,False,False,False,False,False,False,2004,9,4.7,26.4,29.82,2361,1.0806565858142234e-06,2004,False,False
2005,8,Summer,35.611666666666665,139.89499999999998,6.0,100,Tokyo,7.7,-89.0,58.7,6.7,10.0,1.39,0.69,12.5,0.69,2.0,14.0,84.0,False,False,False,False,False,False,False,False,False,False,False,False,False,False,False,False,False,False,False,False,False,False,False,False,2005,8,6.5,27.0,24.94,1212,3.7064932313149e-07,2005,False,False
2005,8,Summer,35.64722222222222,139.98999999999998,5.0,100,Tokyo,7.8,-139.0,26.6,2.1,3.3,0.48,1.05,2.4,0.11,5.0,82.0,13.0,False,False,False,False,False,False,False,False,False,False,False,False,False,False,False,False,False,False,False,False,False,False,False,False,2005,8,6.0,28.4,21.36,122,2.4709907721300975e-07,2005,False,False
2005,8,Summer,35.605000000000004,140.0608333333333,7.0,100,Tokyo,7.6,-57.0,50.5,5.6,5.4,0.88,0.42,7.5,0.12,0.0,10.0,90.0,False,False,False,False,False,False,False,False,False,False,False,False,False,False,False,False,False,False,False,False,False,False,False,False,2005,8,7.5,29.3,21.85,124,3.013564076846484e-06,2005,False,False
2005,8,Summer,35.55444444444444,139.90555555555557,16.0,100,Tokyo,7.8,-172.0,79.9,12.4,34.0,3.81,0.76,27.6,1.0,0.0,1.0,99.0,False,False,False,False,False,False,False,False,False,False,False,False,False,False,False,False,False,False,False,False,False,False,False,False,2005,8,0.0,21.5,30.72,1215,4.050886401350578e-06,2005,False,True
2005,8,Summer,35.54055555555556,140.01916666666668,14.0,100,Tokyo,7.9,-175.0,76.1,10.8,26.0,3.11,0.63,23.5,0.84,0.0,2.0,98.0,False,False,False,False,False,False,False,False,False,False,False,False,False,False,False,False,False,False,False,False,False,False,False,False,2005,8,0.0,22.6,29.94,129,3.0562134915148567e-06,2005,False,True
2005,8,Summer,35.4675,139.85277777777776,27.1,100,Tokyo,8.3,-109.0,63.5,11.3,37.0,2.86,0.65,25.8,1.29,0.0,87.0,13.0,False,False,False,False,False,False,False,False,False,False,False,False,False,False,False,False,False,False,False,False,False,False,False,False,2005,8,2.0,16.4,33.7,1326,2.012494465836712e-06,2005,False,True
2005,8,Summer,35.56333333333333,139.8211111111111,15.1,100,Tokyo,8.4,-152.0,66.0,11.9,31.0,2.54,0.74,24.6,0.86,0.0,93.9,6.1,False,False,False,False,False,False,False,False,False,False,False,False,False,False,False,False,False,False,False,False,False,False,False,False,2005,8,0.6,19.2,32.1,1318,1.0712120489505561e-06,2005,False,True
2005,8,Summer,35.46083333333333,139.74805555555554,27.1,100,Tokyo,7.7,-118.0,73.8,10.5,26.9,3.19,0.724,21.1,1.17,0.0,4.7,95.3,False,False,False,False,False,False,False,False,False,False,False,False,False,False,False,False,False,False,False,False,False,False,False,False,2005,8,1.9,17.4,33.5,1432,4.0423459997519365e-06,2005,False,True
2005,7,Summer,34.98722222222222,136.68027777777775,12.0,201,Ise,7.7,-355.0,66.4,18.7,19.0,1.5,0.62,16.0,0.91,0.0,0.5,99.5,False,False,False,False,False,False,False,False,False,False,False,False,False,False,False,False,False,False,False,False,False,False,False,False,2005,7,2.7,22.0,29.4,244,2.0394666780280975e-06,2005,False,False
2005,7,Summer,34.88972222222222,136.66361111111112,13.3,201,Ise,7.8,-325.0,59.5,18.9,13.0,2.0,0.65,17.0,0.5,2.4,4.1,93.5,False,False,False,False,False,False,False,False,False,False,False,False,False,False,False,False,False,False,False,False,False,False,False,False,2005,7,2.6,21.9,30.6,2411,1.0431147913434693e-06,2005,False,False
2005,7,Summer,34.65833333333333,135.40916666666666,12.0,301,SIS,8.1,,77.9,10.0,52.0,2.0,0.71,20.0,3.1,0.0,2.5,97.5,False,False,False,False,False,False,False,False,False,False,False,False,False,False,False,False,False,False,False,False,False,False,False,False,2005,7,1.7,21.3,31.95,272,3.0712552024428725e-06,2005,False,True
2005,7,Summer,34.439722222222215,135.13722222222222,31.5,301,SIS,7.9,-326.0,56.6,5.8,21.0,1.1,0.41,9.9,0.26,0.6,29.3,70.1,False,False,False,False,False,False,False,False,False,False,False,False,False,False,False,False,False,False,False,False,False,False,False,False,2005,7,6.8,21.6,32.4,2744,2.052811989601796e-06,2005,False,False
2005,7,Summer,34.65833333333333,135.26388888888889,16.0,301,SIS,7.75,-204.24,54.2,12.0,15.217696763099518,1.8145931462025764,0.469,17.333110717863157,0.5862216505536584,0.0235017626321927,1.598332175121591,98.40166782487842,False,False,False,False,False,False,False,False,False,False,False,False,False,False,False,False,False,False,False,False,False,False,False,False,2005,7,1.9,22.1,32.37,2823,1.0817522709564292e-06,2005,False,True
2006,8,Summer,35.611666666666665,139.89499999999998,7.0,100,Tokyo,7.5,-178.0,53.2,6.2,9.2,1.25,0.63,11.6,0.61,3.0,25.0,72.0,False,False,False,False,False,False,False,False,False,False,False,False,False,False,False,False,False,False,False,False,False,False,False,False,2006,8,0.0,22.3,29.56,1212,3.7064932313149e-07,2006,False,True
2006,8,Summer,35.64722222222222,139.98999999999998,5.0,100,Tokyo,7.8,-178.0,23.3,2.0,2.6,0.37,0.29,1.9,0.32,1.0,91.0,8.0,False,False,False,False,False,False,False,False,False,False,False,False,False,False,False,False,False,False,False,False,False,False,False,False,2006,8,0.0,22.2,29.93,122,2.4709907721300975e-07,2006,False,True
2006,8,Summer,35.605000000000004,140.0608333333333,8.0,100,Tokyo,7.3,-178.0,63.8,7.3,9.0,1.52,0.56,14.9,0.16,0.0,6.0,94.0,False,False,False,False,False,False,False,False,False,False,False,False,False,False,False,False,False,False,False,False,False,False,False,False,2006,8,1.7,23.1,30.27,124,3.013564076846484e-06,2006,False,True
2006,8,Summer,35.55444444444444,139.90555555555557,18.0,100,Tokyo,7.2,-184.0,78.1,11.9,29.0,3.42,0.79,28.0,0.91,0.0,1.0,99.0,False,False,False,False,False,False,False,False,False,False,False,False,False,False,False,False,False,False,False,False,False,False,False,False,2006,8,2.8,20.0,33.14,1215,4.050886401350578e-06,2006,False,False
2006,8,Summer,35.54055555555556,140.01916666666668,15.0,100,Tokyo,7.4,-190.0,76.6,11.3,25.0,3.07,0.73,24.8,0.97,0.0,2.0,98.0,False,False,False,False,False,False,False,False,False,False,False,False,False,False,False,False,False,False,False,False,False,False,False,False,2006,8,3.3,19.8,30.95,129,3.0562134915148567e-06,2006,False,False
2006,8,Summer,35.56333333333333,139.8211111111111,16.2,100,Tokyo,7.6,-191.0,70.1,11.7,30.7,5.6,1.01,25.2,2.34,0.0,11.9,88.1,False,False,False,False,False,False,False,False,False,False,False,False,False,False,False,False,False,False,False,False,False,False,False,False,2006,8,0.0,17.1,33.2,1318,1.0712120489505561e-06,2006,False,True
2006,8,Summer,35.4675,139.85277777777776,27.3,100,Tokyo,7.7,-113.0,73.3,11.8,25.6,3.97,0.76,25.8,1.13,0.2,10.5,89.3,False,False,False,False,False,False,False,False,False,False,False,False,False,False,False,False,False,False,False,False,False,False,False,False,2006,8,2.3,16.4,33.8,1326,2.012494465836712e-06,2006,False,False
2006,8,Summer,35.46083333333333,139.74805555555554,27.7,100,Tokyo,7.8,-130.0,73.6,10.8,20.5,4.18,0.754,25.1,1.26,0.0,0.2,99.8,False,False,False,False,False,False,False,False,False,False,False,False,False,False,False,False,False,False,False,False,False,False,False,False,2006,8,1.1,16.4,33.7,1432,4.0423459997519365e-06,2006,False,True
2006,7,Summer,34.93666666666666,136.80194444444444,5.5,201,Ise,7.71,70.0,16.7,1.1,1.6,0.12,0.209,2.3,0.015,,98.1,1.9,False,False,False,False,False,False,False,False,False,False,False,False,False,False,False,False,False,False,False,False,False,False,True,False,2006,7,6.8,20.6,16.16,2310,4.068297542329713e-06,2006,False,False
2006,7,Summer,34.723333333333336,137.1186111111111,15.5,202,Ise,7.9,-380.0,59.4,10.4,41.0,3.25,0.622,27.0,0.8,,13.1,86.9,False,False,False,False,False,False,False,False,False,False,False,False,False,False,False,False,False,False,False,False,False,False,False,False,2006,7,1.6,19.1,32.97,2359,1.0810001764324187e-06,2006,False,True
2006,7,Summer,34.75333333333333,137.28861111111112,9.0,202,Ise,7.88,-340.0,46.6,7.6,22.0,1.73,0.449,20.0,0.09,,6.3,93.7,False,False,False,False,False,False,False,False,False,False,False,False,False,False,False,False,False,False,False,False,False,False,False,False,2006,7,1.0,19.9,32.22,2361,1.0806565858142234e-06,2006,False,True
2006,7,Summer,34.98722222222222,136.68027777777775,13.5,201,Ise,7.6,-351.0,62.1,24.8,13.0,2.2,0.63,4.6,1.2,0.1,1.4,98.5,False,False,False,False,False,False,False,False,False,False,False,False,False,False,False,False,False,False,False,False,False,False,False,False,2006,7,0.8,18.6,14.0,244,2.0394666780280975e-06,2006,False,True
2006,7,Summer,34.88972222222222,136.66361111111112,14.4,201,Ise,7.6,-319.0,61.8,20.0,14.0,2.5,0.64,6.0,0.19,2.2,4.6,93.2,False,False,False,False,False,False,False,False,False,False,False,False,False,False,False,False,False,False,False,False,False,False,False,False,2006,7,2.7,20.2,14.0,2411,1.0431147913434693e-06,2006,False,False
2006,7,Summer,34.65833333333333,135.40916666666666,14.0,301,SIS,7.9,-51.0,51.0,9.0,15.0,0.9,0.43,11.0,0.27,0.8,2.2,97.0,False,False,False,False,False,False,False,False,False,False,False,False,False,False,False,False,False,False,False,False,False,False,False,False,2006,7,2.8,21.4,31.81,272,3.0712552024428725e-06,2006,False,False
2006,7,Summer,34.439722222222215,135.13722222222222,30.1,301,SIS,7.8,-238.0,44.0,7.4,24.0,1.8,0.49,13.0,0.23,0.5,27.8,71.7,False,False,False,False,False,False,False,False,False,False,False,False,False,False,False,False,False,False,False,False,False,False,False,False,2006,7,6.1,21.5,33.26,2744,2.052811989601796e-06,2006,False,False
2006,7,Summer,34.65833333333333,135.26388888888889,15.0,301,SIS,7.45,-212.76,53.2,14.5,15.5,2.25,0.466,18.2,0.38,0.0,1.5,98.5,False,False,False,False,False,False,False,False,False,False,False,False,False,False,False,False,False,False,False,False,False,False,False,False,2006,7,1.1,21.0,31.64,2823,1.0817522709564292e-06,2006,False,True
2007,8,Summer,35.61055555555556,139.89777777777778,7.0,100,Tokyo,7.5,-106.0,49.4,5.8,10.0,1.24,0.61,10.6,0.31,8.0,21.0,71.0,False,False,False,False,False,False,False,False,False,False,False,False,False,False,False,False,False,False,False,False,False,False,False,False,2007,8,6.5,22.9,24.13,2355,254.37993632871024,2007,True,False
2007,8,Summer,35.645833333333336,139.99027777777778,5.0,100,Tokyo,7.6,-179.0,69.9,8.1,21.0,2.05,0.74,16.1,2.1,0.0,14.0,86.0,False,False,False,False,False,False,False,False,False,False,False,False,False,False,False,False,False,False,False,False,False,False,False,False,2007,8,6.5,22.9,24.13,2355,263.5790580060021,2007,True,False
2007,8,Summer,35.60527777777778,140.06111111111113,8.0,100,Tokyo,7.5,-144.0,61.2,7.1,10.0,1.31,0.48,11.6,0.24,0.0,6.0,94.0,False,False,False,False,False,False,False,False,False,False,False,False,False,False,False,False,False,False,False,False,False,False,False,False,2007,8,6.5,22.9,24.13,2355,268.1141484140823,2007,True,False
2007,8,Summer,35.550555555555555,139.91,17.0,100,Tokyo,7.4,-174.0,80.4,12.6,38.0,3.76,0.86,28.7,0.89,0.0,1.0,99.0,False,False,False,False,False,False,False,False,False,False,False,False,False,False,False,False,False,False,False,False,False,False,False,False,2007,8,6.5,22.9,24.13,2355,253.2200719676108,2007,True,False
2007,8,Summer,35.536944444444444,140.02,15.0,100,Tokyo,7.5,-150.0,73.7,10.4,25.0,2.95,0.64,24.3,0.45,0.0,10.0,90.0,False,False,False,False,False,False,False,False,False,False,False,False,False,False,False,False,False,False,False,False,False,False,False,False,2007,8,6.5,22.9,24.13,2355,262.2185510399047,2007,True,False
2007,8,Summer,35.34805555555556,139.80583333333334,12.0,100,Tokyo,7.8,-52.0,40.4,5.0,5.8,1.1,0.58,7.2,0.15,11.0,52.0,37.0,False,False,False,False,False,False,False,False,False,False,False,False,False,False,False,False,False,False,False,False,False,False,False,False,2007,8,6.5,22.9,24.13,2355,237.81721530664058,2007,True,False
2007,8,Summer,35.56333333333333,139.8211111111111,15.6,100,Tokyo,7.7,-155.0,64.9,10.1,25.9,4.26,0.82,22.5,1.33,0.6,10.3,89.1,False,False,False,False,False,False,False,False,False,False,False,False,False,False,False,False,False,False,False,False,False,False,False,False,2007,8,6.5,22.9,24.13,2355,246.0799695322144,2007,True,False
2007,8,Summer,35.4675,139.85277777777776,27.0,100,Tokyo,7.6,-163.0,68.0,11.6,31.0,3.12,0.78,24.9,0.79,0.8,9.8,89.4,False,False,False,False,False,False,False,False,False,False,False,False,False,False,False,False,False,False,False,False,False,False,False,False,2007,8,6.5,22.9,24.13,2355,245.47537053084338,2007,True,False
2007,8,Summer,35.46083333333333,139.74805555555554,26.5,100,Tokyo,7.7,-162.0,65.6,11.3,23.0,3.71,0.744,27.0,1.3,0.0,2.5,97.5,False,False,False,False,False,False,False,False,False,False,False,False,False,False,False,False,False,False,False,False,False,False,False,False,2007,8,6.5,22.9,24.13,2355,236.19524791506478,2007,True,False
2007,7,Summer,34.93666666666666,136.80194444444444,9.5,201,Ise,7.75,30.0,17.7,1.1,1.9,0.11,0.17,2.1,0.03,0.5,98.0,1.5,False,False,False,False,False,False,False,False,False,False,False,False,False,False,False,False,False,False,False,False,False,False,False,False,2007,7,6.5,22.3,27.29,2310,4.068297542329713e-06,2007,False,False
2007,7,Summer,34.723333333333336,137.1186111111111,16.5,202,Ise,7.76,-370.0,32.3,3.6,14.0,1.1,0.35,14.0,0.21,13.7,59.4,26.9,False,False,False,False,False,False,False,False,False,False,False,False,False,False,False,False,False,False,False,False,False,False,False,False,2007,7,4.9,22.2,32.22,2359,1.0810001764324187e-06,2007,False,False
2007,7,Summer,34.75333333333333,137.28861111111112,9.0,202,Ise,7.85,-350.0,52.3,7.8,18.0,1.8,0.47,21.0,0.27,,8.1,91.9,False,False,False,False,False,False,False,False,False,False,False,False,False,False,False,False,False,False,False,False,False,False,False,False,2007,7,4.8,22.6,30.64,2361,1.0806565858142234e-06,2007,False,False
2007,7,Summer,34.98388888888889,136.68333333333334,14.5,201,Ise,7.7,-390.0,73.0,10.0,17.0,1.8,0.83,16.0,0.87,0.0,0.8,99.2,False,False,False,False,False,False,False,False,False,False,False,False,False,False,False,False,False,False,False,False,False,False,False,False,2007,7,2.7,21.4,31.1,244,0.4635381402903914,2007,False,False
2007,7,Summer,34.88638888888889,136.66666666666666,13.8,201,Ise,7.7,-337.0,62.0,12.0,13.0,2.1,1.1,16.0,0.34,3.2,3.1,93.7,False,False,False,False,False,False,False,False,False,False,False,False,False,False,False,False,False,False,False,False,False,False,False,False,2007,7,4.6,22.2,30.1,2411,0.46373887583865075,2007,False,False
2007,7,Summer,34.666666666666664,136.60027777777776,25.5,201,Ise,7.4,-368.0,72.0,27.0,15.0,3.5,1.8,26.0,0.2,0.0,0.3,99.6,False,False,False,False,False,False,False,False,False,False,False,False,False,False,False,False,False,False,False,False,False,False,False,False,2007,7,0.7,20.2,29.5,2427,0.44935052538877784,2007,False,True
2007,7,Summer,34.65833333333333,135.40916666666666,14.7,301,SIS,8.0,-339.0,77.2,8.9,32.0,2.5,0.52,19.0,2.3,0.0,1.4,98.6,False,False,False,False,False,False,False,False,False,False,False,False,False,False,False,False,False,False,False,False,False,False,False,False,2007,7,0.7,20.3,32.02,272,3.0712552024428725e-06,2007,False,True
2007,7,Summer,34.439722222222215,135.13722222222222,31.0,301,SIS,8.0,-289.0,61.7,6.9,23.0,1.6,0.48,12.0,0.43,1.6,20.8,77.6,False,False,False,False,False,False,False,False,False,False,False,False,False,False,False,False,False,False,False,False,False,False,False,False,2007,7,6.6,20.8,32.8,2744,2.052811989601796e-06,2007,False,False
2007,7,Summer,34.65833333333333,135.26388888888889,15.0,301,SIS,7.21,-370.4,53.7,10.79,14.1,2.8,0.194,17.6,0.96,0.1,1.2,98.7,False,False,False,False,False,False,False,False,False,False,False,False,False,False,False,False,False,False,False,False,False,False,False,False,2007,7,2.2,20.1,32.37,2823,1.0817522709564292e-06,2007,False,False
2007,7,Summer,34.60333333333333,134.61388888888888,36.0,305,SIS,7.86,24.8,36.7,5.09,15.0,1.5,0.129,8.6,0.16,1.5,47.7,50.8,False,False,False,False,False,False,False,False,False,False,False,False,False,False,False,False,False,False,False,False,False,False,False,False,2007,7,5.4,20.1,32.57,28143,1.0823854829045792e-06,2007,False,False
2007,7,Summer,34.11277777777778,135.00833333333333,28.6,303,SIS,7.7,18.0,31.5,5.1,4.9,0.93,0.36,5.7,0.005,0.3,34.5,65.2,False,False,False,False,False,False,False,False,False,False,False,False,False,False,False,False,False,False,False,False,False,False,True,False,2007,7,6.5,19.1,34.7,3079,3.0786714110954903e-06,2007,False,False
2007,7,Summer,34.38666666666666,133.24749999999997,12.0,309,SIS,7.6,10.0,44.8,5.9,6.8,1.07,0.41,7.0,0.09,1.0,16.4,82.6,False,False,False,False,False,False,False,False,False,False,False,False,False,False,False,False,False,False,False,False,False,False,False,False,2007,7,7.3,23.4,32.2,34312,0.8064028823361243,2007,False,False
2007,7,Summer,34.333333333333336,132.45583333333332,20.3,312,SIS,7.5,53.0,59.0,10.4,19.3,2.63,0.61,20.3,0.05,0.5,4.3,95.2,False,False,False,False,False,False,False,False,False,False,False,False,False,False,False,False,False,False,False,False,False,False,False,False,2007,7,4.1,21.0,32.9,34396,3.0830756027894546e-06,2007,False,False
2007,7,Summer,34.30305555555555,132.35305555555556,24.2,312,SIS,7.7,-90.0,65.8,11.3,20.5,2.39,0.67,18.7,0.27,0.0,0.6,99.4,False,False,False,False,False,False,False,False,False,False,False,False,False,False,False,False,False,False,False,False,False,False,False,False,2007,7,3.1,21.2,32.8,34411,1.4739665288241262,2007,False,False
2007,7,Summer,33.99666666666667,132.29222222222222,15.0,312,SIS,7.5,118.0,47.9,8.5,22.7,2.0,0.58,15.9,0.13,0.0,15.0,85.0,False,False,False,False,False,False,False,False,False,False,False,False,False,False,False,False,False,False,False,False,False,False,False,False,2007,7,7.2,21.3,32.62,35426,2.0818909855812816e-06,2007,False,False
2007,7,Summer,34.03805555555555,131.70083333333332,10.0,315,SIS,7.5,107.0,49.9,8.5,20.5,1.9,0.65,14.5,0.17,0.0,19.0,81.0,False,False,False,False,False,False,False,False,False,False,False,False,False,False,False,False,False,False,False,False,False,False,False,False,2007,7,7.4,21.8,32.56,35550,3.1109519614069765e-06,2007,False,False
2007,7,Summer,33.78333333333333,131.3252777777778,19.0,316,SIS,7.4,86.0,47.2,8.9,24.5,2.2,0.62,17.9,0.21,0.0,16.0,84.0,False,False,False,False,False,False,False,False,False,False,False,False,False,False,False,False,False,False,False,False,False,False,False,False,2007,7,7.6,22.4,32.52,35598,2.0869368062898815e-06,2007,False,False
2007,7,Summer,34.282222222222224,134.3538888888889,19.5,306,SIS,7.4,-59.0,59.2,8.7,19.1,2.08,0.59,14.3,0.05,0.0,0.7,99.3,False,False,False,False,False,False,False,False,False,False,False,False,False,False,False,False,False,False,False,False,False,False,False,False,2007,7,6.5,22.6,32.7,37181,1.0503382490329312e-06,2007,False,False
2007,7,Summer,34.11138888888889,133.6275,9.0,310,SIS,7.4,-13.0,32.5,5.0,7.1,1.04,0.4,9.6,0.04,0.0,8.3,91.7,False,False,False,False,False,False,False,False,False,False,False,False,False,False,False,False,False,False,False,False,False,False,False,False,2007,7,7.7,23.8,32.2,37254,1.2354953859983198e-07,2007,False,False
2007,7,Summer,34.05333333333333,133.5,21.0,310,SIS,7.6,-28.0,64.0,9.0,12.3,2.12,0.58,14.4,0.06,0.0,0.3,99.7,False,False,False,False,False,False,False,False,False,False,False,False,False,False,False,False,False,False,False,False,False,False,False,False,2007,7,5.8,21.0,32.95,38274,0.43637760206084014,2007,False,False
2007,7,Summer,34.0,133.17499999999998,13.5,310,SIS,7.5,-50.0,45.2,6.5,7.7,1.37,0.54,8.9,0.02,0.0,7.0,93.0,False,False,False,False,False,False,False,False,False,False,False,False,False,False,False,False,False,False,False,False,False,False,False,False,2007,7,5.9,24.0,32.79,38328,0.43645341499088813,2007,False,False
2007,7,Summer,33.635,131.13333333333333,8.4,316,SIS,7.6,-58.0,45.2,5.4,5.9,0.84,0.45,8.4,0.09,9.5,57.4,33.1,False,False,False,False,False,False,False,False,False,False,False,False,False,False,False,False,False,False,False,False,False,False,False,False,2007,7,4.7,23.9,31.23,40617,0.4369762901225157,2007,False,False
2008,8,Summer,35.645833333333336,139.99027777777778,5.0,100,Tokyo,7.9,-122.0,27.5,2.2,2.8,0.44,0.29,1.9,0.13,1.0,92.0,7.0,False,False,False,False,False,False,False,False,False,False,False,False,False,False,False,False,False,False,False,False,False,False,False,False,2008,8,6.1,28.4,24.15,122,0.1564635574419385,2008,False,False
2008,8,Summer,35.60527777777778,140.06111111111113,8.0,100,Tokyo,7.4,-163.0,62.6,7.1,15.0,1.76,0.5,13.7,0.29,1.0,7.0,92.0,False,False,False,False,False,False,False,False,False,False,False,False,False,False,False,False,False,False,False,False,False,False,False,False,2008,8,4.7,26.7,27.12,124,0.03981019418112153,2008,False,False
2008,8,Summer,35.536944444444444,140.02,15.0,100,Tokyo,7.4,-179.0,76.9,11.1,30.0,3.75,0.65,24.7,0.61,0.0,1.0,99.0,False,False,False,False,False,False,False,False,False,False,False,False,False,False,False,False,False,False,False,False,False,False,False,False,2008,8,0.6,24.1,30.48,129,0.4085553603445186,2008,False,True
2008,8,Summer,35.61055555555556,139.89777777777778,7.0,100,Tokyo,7.6,-93.0,46.4,5.0,9.7,1.22,0.52,8.7,0.32,0.0,42.0,68.0,False,False,False,False,False,False,False,False,False,False,False,False,False,False,False,False,False,False,False,False,False,False,False,False,2008,8,5.7,27.2,24.38,1212,0.2798600340455486,2008,False,False
2008,8,Summer,35.550555555555555,139.91,17.0,100,Tokyo,7.3,-185.0,78.5,11.5,35.0,4.19,0.69,27.0,0.74,0.0,1.0,99.0,False,False,False,False,False,False,False,False,False,False,False,False,False,False,False,False,False,False,False,False,False,False,False,False,2008,8,2.1,24.5,29.61,1215,0.5904657166575917,2008,False,False
2008,8,Summer,35.34805555555556,139.80583333333334,12.0,100,Tokyo,7.8,20.0,26.4,3.2,3.8,0.57,0.34,2.2,0.05,12.0,75.0,13.0,False,False,False,False,False,False,False,False,False,False,False,False,False,False,False,False,False,False,False,False,False,False,False,False,2008,8,4.9,24.9,32.23,1235,0.6980006225924245,2008,False,False
2008,8,Summer,35.56333333333333,139.8211111111111,15.4,100,Tokyo,7.5,-94.0,60.1,9.4,19.9,1.99,0.72,17.0,1.02,0.3,9.4,90.3,False,False,False,False,False,False,False,False,False,False,False,False,False,False,False,False,False,False,False,False,False,False,False,False,2008,8,0.0,19.9,33.0,1318,1.0712120489505561e-06,2008,False,True
2008,8,Summer,35.4675,139.85277777777776,27.6,100,Tokyo,7.6,-179.0,66.7,12.6,27.4,4.26,0.82,26.9,1.46,1.0,9.5,89.5,False,False,False,False,False,False,False,False,False,False,False,False,False,False,False,False,False,False,False,False,False,False,False,False,2008,8,3.0,18.7,33.9,1326,2.012494465836712e-06,2008,False,False
2008,7,Summer,34.93666666666666,136.80194444444444,8.0,200,Ise,7.88,-100.0,17.9,1.7,2.6,0.19,0.23,4.9,0.015,1.1,96.7,2.2,False,False,False,False,False,False,False,False,False,False,False,False,False,False,False,False,False,False,False,False,False,False,True,False,2008,7,2.4,22.5,28.83,2310,4.068297542329713e-06,2008,False,False
2008,7,Summer,34.723333333333336,137.1186111111111,15.0,200,Ise,7.92,-320.0,53.2,8.2,27.0,2.7,0.65,34.0,0.67,1.0,57.7,41.3,False,False,False,False,False,False,False,False,False,False,False,False,False,False,False,False,False,False,False,False,False,False,False,False,2008,7,1.4,21.3,31.99,2359,1.0810001764324187e-06,2008,False,True
2008,7,Summer,34.75333333333333,137.28861111111112,8.0,200,Ise,7.98,-360.0,47.0,7.8,22.0,1.8,0.53,25.0,0.17,0.05,14.0,86.0,True,False,False,False,False,False,False,False,False,False,False,False,False,False,False,False,False,False,False,False,False,False,False,False,2008,7,8.7,28.2,27.94,2361,1.0806565858142234e-06,2008,False,False
2008,7,Summer,34.98722222222222,136.68027777777775,14.6,200,Ise,7.6,-361.2,74.0,12.0,20.0,1.7,0.66,16.0,1.03,0.0,1.7,98.3,False,False,False,False,False,False,False,False,False,False,False,False,False,False,False,False,False,False,False,False,False,False,False,False,2008,7,2.0,21.3,31.27,244,2.0394666780280975e-06,2008,False,True
2008,7,Summer,34.88972222222222,136.66361111111112,13.0,200,Ise,7.5,-313.8,65.0,18.0,15.0,2.0,0.62,18.0,0.36,0.6,2.6,96.8,False,False,False,False,False,False,False,False,False,False,False,False,False,False,False,False,False,False,False,False,False,False,False,False,2008,7,3.3,20.5,31.37,2411,1.0431147913434693e-06,2008,False,False
2008,7,Summer,34.669999999999995,136.5975,23.0,200,Ise,7.3,-373.0,71.0,37.0,18.0,3.1,0.61,24.0,0.23,0.3,1.3,98.5,False,False,False,False,False,False,False,False,False,False,False,False,False,False,False,False,False,False,False,False,False,False,False,False,2008,7,2.5,20.5,31.98,2427,7.073230889886872e-13,2008,False,False
2008,7,Summer,34.65833333333333,135.40916666666666,11.7,301,SIS,8.1,-324.0,59.4,9.6,34.0,2.2,0.76,19.0,0.98,0.0,2.0,98.0,False,False,False,False,False,False,False,False,False,False,False,False,False,False,False,False,False,False,False,False,False,False,False,False,2008,7,2.5,21.5,31.97,272,3.0712552024428725e-06,2008,False,False
2008,7,Summer,34.439722222222215,135.13722222222222,26.8,302,SIS,8.0,-276.0,49.9,7.9,22.0,1.9,0.53,11.0,0.36,0.2,10.7,89.1,False,False,False,False,False,False,False,False,False,False,False,False,False,False,False,False,False,False,False,False,False,False,False,False,2008,7,6.5,22.3,32.72,2744,2.052811989601796e-06,2008,False,False
2008,7,Summer,34.65833333333333,135.26388888888889,16.0,301,SIS,7.43,-209.0,57.8817576191473,10.9539260220532,15.9856555930589,3.5,0.692004638397551,20.4,0.574179083498009,0.183390096934766,1.44092219020176,98.3756877128635,False,False,False,False,False,False,False,False,False,False,False,False,False,False,False,False,False,False,False,False,False,False,False,False,2008,7,2.1,19.9,31.8,2823,1.0817522709564292e-06,2008,False,False
2008,7,Summer,34.60333333333333,134.61388888888888,37.0,305,SIS,7.56,-186.0,36.3833709088221,5.52154017711723,12.8108302865535,2.4,0.297636565741732,8.4,0.275453442314833,0.739657693300077,43.3387804248731,55.9215618818268,False,False,False,False,False,False,False,False,False,False,False,False,False,False,False,False,False,False,False,False,False,False,False,False,2008,7,5.8,19.2,32.0,28143,1.0823854829045792e-06,2008,False,False
2008,7,Summer,34.11277777777778,135.00833333333333,,303,SIS,7.7,110.0,25.3,5.1,5.5,1.07,0.38,6.5,0.005,1.0,26.6,72.4,False,False,False,False,False,False,False,False,False,False,False,False,False,False,False,False,False,False,False,False,False,False,True,False,2008,7,6.5,16.4,34.7,3079,3.0786714110954903e-06,2008,False,False
2008,7,Summer,34.38666666666666,133.24749999999997,,309,SIS,7.5,-100.0,39.5,6.4,6.3,1.18,0.44,8.6,0.22,1.2,14.4,84.4,False,False,False,False,False,False,False,False,False,False,False,False,False,False,False,False,False,False,False,False,False,False,False,False,2008,7,7.1,23.7,33.3,34312,0.8064028823361243,2008,False,False
2008,7,Summer,34.333333333333336,132.45583333333332,,312,SIS,7.4,-1.0,50.6,9.6,14.5,1.91,0.64,19.4,0.24,2.7,7.5,89.8,False,False,False,False,False,False,False,False,False,False,False,False,False,False,False,False,False,False,False,False,False,False,False,False,2008,7,3.8,22.1,32.8,34396,3.0830756027894546e-06,2008,False,False
2008,7,Summer,34.30305555555555,132.35305555555556,,312,SIS,7.6,-62.0,64.4,10.9,23.0,3.0,0.72,18.8,0.68,0.0,1.0,99.0,False,False,False,False,False,False,False,False,False,False,False,False,False,False,False,False,False,False,False,False,False,False,False,False,2008,7,5.3,22.1,32.8,34411,1.4739665288241262,2008,False,False
2008,7,Summer,,,,312,SIS,7.5,118.0,47.9,8.5,22.7,2.0,0.58,15.9,0.13,0.0,15.0,85.0,False,False,False,False,False,False,False,False,False,False,False,False,False,False,False,False,False,False,False,False,False,False,False,False,2008,7,6.1,28.4,24.15,122,,2008,False,False
2008,7,Summer,,,,315,SIS,7.5,107.0,49.9,8.5,20.5,1.9,0.65,14.5,0.17,0.0,19.0,81.0,False,False,False,False,False,False,False,False,False,False,False,False,False,False,False,False,False,False,False,False,False,False,False,False,2008,7,6.1,28.4,24.15,122,,2008,False,False
2008,7,Summer,,,,316,SIS,7.4,86.0,47.2,8.9,24.5,2.2,0.62,17.9,0.21,0.0,16.0,84.0,False,False,False,False,False,False,False,False,False,False,False,False,False,False,False,False,False,False,False,False,False,False,False,False,2008,7,6.1,28.4,24.15,122,,2008,False,False
2008,7,Summer,34.282222222222224,134.3538888888889,,306,SIS,7.4,16.0,53.4,8.0,9.5,2.03,0.58,13.8,0.22,0.0,0.7,99.3,False,False,False,False,False,False,False,False,False,False,False,False,False,False,False,False,False,False,False,False,False,False,False,False,2008,7,6.7,22.5,31.9,37181,1.0503382490329312e-06,2008,False,False
2008,7,Summer,34.11138888888889,133.6275,,310,SIS,7.6,-151.0,26.9,3.4,5.3,0.77,0.34,5.7,0.1,0.0,33.7,66.3,False,False,False,False,False,False,False,False,False,False,False,False,False,False,False,False,False,False,False,False,False,False,False,False,2008,7,8.2,23.2,32.6,37254,1.2354953859983198e-07,2008,False,False
2008,7,Summer,34.05333333333333,133.5,,310,SIS,7.5,-32.0,58.3,9.0,11.4,2.22,0.62,14.1,0.31,0.0,0.0,100.0,False,False,False,False,False,False,False,False,False,False,False,False,False,False,False,False,False,False,False,False,False,False,False,False,2008,7,5.4,22.0,33.04,38274,0.43637760206084014,2008,False,False
2008,7,Summer,34.0,133.17499999999998,,310,SIS,7.6,73.0,39.0,6.2,6.6,1.19,0.57,8.6,0.08,0.2,5.7,94.1,False,False,False,False,False,False,False,False,False,False,False,False,False,False,False,False,False,False,False,False,False,False,False,False,2008,7,7.0,23.7,33.0,38328,0.43645341499088813,2008,False,False
2008,7,Summer,33.635,131.13333333333333,,316,SIS,7.5,-65.0,46.7,8.0,9.7,1.3,0.56,10.8,0.28,3.5,29.9,66.6,False,False,False,False,False,False,False,False,False,False,False,False,False,False,False,False,False,False,False,False,False,False,False,False,2008,7,5.4,24.0,32.0,40617,0.4369762901225157,2008,False,False
2008,7,Summer,33.30333333333333,131.61333333333332,,314,SIS,7.7,-37.0,61.8,11.6,17.8,2.52,0.72,18.8,0.29,0.0,0.3,99.7,False,False,False,False,False,False,False,False,False,False,False,False,False,False,False,False,False,False,False,False,False,False,False,False,2008,7,5.8,20.3,33.36,44578,9.243698658432523,2008,False,False
2009,8,Summer,35.611666666666665,139.89499999999998,6.0,100,Tokyo,7.7,-104.0,46.2,4.9,10.0,1.0,0.66,7.8,0.3,1.0,15.0,84.0,False,False,False,False,False,False,False,False,False,False,False,False,False,False,False,False,False,False,False,False,False,False,False,False,2009,8,1.1,22.4,27.9,1212,3.7064932313149e-07,2009,False,True
2009,8,Summer,35.64722222222222,139.98999999999998,5.0,100,Tokyo,7.8,-19.0,30.6,2.4,3.6,0.52,0.35,3.7,0.07,0.0,79.0,21.0,False,False,False,False,False,False,False,False,False,False,False,False,False,False,False,False,False,False,False,False,False,False,False,False,2009,8,1.2,22.0,30.79,122,2.4709907721300975e-07,2009,False,True
2009,8,Summer,35.605000000000004,140.0608333333333,8.0,100,Tokyo,7.5,-175.0,64.0,7.3,18.0,1.56,0.61,14.3,0.54,0.0,4.0,96.0,False,False,False,False,False,False,False,False,False,False,False,False,False,False,False,False,False,False,False,False,False,False,False,False,2009,8,2.3,20.7,31.46,124,3.013564076846484e-06,2009,False,False
2009,8,Summer,35.55444444444444,139.90555555555557,17.0,100,Tokyo,7.6,-202.0,77.9,11.6,36.0,3.25,0.83,27.2,0.71,0.0,1.0,99.0,False,False,False,False,False,False,False,False,False,False,False,False,False,False,False,False,False,False,False,False,False,False,False,False,2009,8,2.9,18.5,32.68,1215,4.050886401350578e-06,2009,False,False
2009,8,Summer,35.54055555555556,140.01916666666668,14.0,100,Tokyo,7.6,-213.0,77.9,11.3,34.0,3.22,0.7,25.7,1.0,0.0,1.0,99.0,False,False,False,False,False,False,False,False,False,False,False,False,False,False,False,False,False,False,False,False,False,False,False,False,2009,8,0.6,19.0,32.26,129,3.0562134915148567e-06,2009,False,True
2009,8,Summer,35.35333333333333,139.80166666666668,12.0,100,Tokyo,8.0,70.0,19.9,2.3,2.3,0.33,0.3,0.7,0.04,6.0,86.0,8.0,False,False,False,False,False,False,False,False,False,False,False,False,False,False,False,False,False,False,False,False,False,False,False,False,2009,8,2.9,21.1,32.18,1235,3.045653748155101e-06,2009,False,False
2009,8,Summer,35.56333333333333,139.8211111111111,16.5,100,Tokyo,7.6,-195.0,68.7,10.0,29.0,3.17,0.92,19.0,2.17,1.8,7.3,90.9,False,False,False,False,False,False,False,False,False,False,False,False,False,False,False,False,False,False,False,False,False,False,False,False,2009,8,0.0,17.5,33.3,1318,1.0712120489505561e-06,2009,False,True
2009,8,Summer,35.4675,139.85277777777776,27.3,100,Tokyo,7.6,-135.0,65.1,11.6,30.8,3.64,0.83,24.0,0.81,0.8,7.8,91.4,False,False,False,False,False,False,False,False,False,False,False,False,False,False,False,False,False,False,False,False,False,False,False,False,2009,8,3.6,16.5,34.0,1326,2.012494465836712e-06,2009,False,False
2009,8,Summer,,,,100,Tokyo,7.6,-311.0,55.0,10.1,35.0,2.17,0.62,21.6,11.3,3.3,29.8,66.9,False,False,False,False,False,False,False,False,False,False,False,False,False,False,False,False,False,False,False,False,False,False,False,False,2009,8,1.2,22.0,30.79,122,,2009,False,True
2009,7,Summer,34.93666666666666,136.80194444444444,6.5,200,Ise,7.37,-90.0,27.0,2.8,5.9,0.1,0.25,4.0,0.03,8.8,80.9,10.3,False,False,False,False,False,False,False,False,False,False,False,False,False,False,False,False,False,False,False,False,False,False,False,False,2009,7,5.0,21.3,30.92,2310,4.068297542329713e-06,2009,False,False
2009,7,Summer,34.723333333333336,137.1186111111111,16.5,200,Ise,7.94,-200.0,50.8,8.7,32.0,2.1,0.33,25.0,0.58,0.05,9.4,90.6,True,False,False,False,False,False,False,False,False,False,False,False,False,False,False,False,False,False,False,False,False,False,False,False,2009,7,5.1,20.1,32.92,2359,1.0810001764324187e-06,2009,False,False
2009,7,Summer,34.75333333333333,137.28861111111112,9.3,200,Ise,7.93,-220.0,36.5,5.7,23.0,1.4,0.15,20.0,0.09,0.05,5.9,94.1,True,False,False,False,False,False,False,False,False,False,False,False,False,False,False,False,False,False,False,False,False,False,False,False,2009,7,7.1,25.6,29.56,2361,1.0806565858142234e-06,2009,False,False
2009,7,Summer,34.98722222222222,136.68027777777775,15.5,200,Ise,7.1,-330.0,81.0,11.0,21.0,1.6,0.67,15.0,1.1,0.05,0.7,99.3,True,False,False,False,False,False,False,False,False,False,False,False,False,False,False,False,False,False,False,False,False,False,False,False,2009,7,0.0,21.6,32.1,244,2.0394666780280975e-06,2009,False,True
2009,7,Summer,34.88972222222222,136.66361111111112,14.9,200,Ise,7.2,-138.0,66.0,10.0,14.0,2.1,0.62,17.0,0.25,1.0,3.0,96.0,False,False,False,False,False,False,False,False,False,False,False,False,False,False,False,False,False,False,False,False,False,False,False,False,2009,7,0.7,20.4,32.0,2411,1.0431147913434693e-06,2009,False,True
2009,7,Summer,34.669999999999995,136.5975,25.9,200,Ise,6.9,-257.0,78.0,12.0,20.0,2.7,0.53,24.0,0.32,0.05,0.4,99.6,True,False,False,False,False,False,False,False,False,False,False,False,False,False,False,False,False,False,False,False,False,False,False,False,2009,7,1.8,19.8,32.2,2427,7.073230889886872e-13,2009,False,True
2009,7,Summer,34.65833333333333,135.40916666666666,14.3,301,SIS,7.3,-393.0,62.6,10.7,32.0,2.6,0.54,22.0,1.3,0.0,0.0,100.0,False,False,False,False,False,False,False,False,False,False,False,False,False,False,False,False,False,False,False,False,False,False,False,False,2009,7,2.7,24.2,31.88,272,3.0712552024428725e-06,2009,False,False
2009,7,Summer,34.439722222222215,135.13722222222222,30.6,302,SIS,7.2,,52.5,8.3,21.0,2.2,0.42,15.0,0.6,0.0,0.0,100.0,False,False,False,False,False,False,False,False,False,False,False,False,False,False,False,False,False,False,False,False,False,False,False,False,2009,7,6.1,24.2,32.76,2744,2.052811989601796e-06,2009,False,False
2009,7,Summer,34.65833333333333,135.26388888888889,15.0,301,SIS,7.49,-271.6,58.58269550720646,11.374868215252784,13.53808287936859,3.166666666666667,0.62299658041408,25.066666666666663,1.041747147667662,0.4,2.1300292356953943,97.52192677154392,False,False,False,False,False,False,False,False,False,False,False,False,False,False,False,False,False,False,False,False,False,False,False,False,2009,7,1.5,21.5,32.38,2823,1.0817522709564292e-06,2009,False,True
2009,7,Summer,34.60333333333333,134.61388888888888,37.0,305,SIS,7.67,-229.2,37.22733785534643,4.749606997864336,12.770354630448782,1.04,0.3136787125235239,7.86,0.0217969770837118,1.4305566909180083,56.60917191204119,41.9602713970408,False,False,False,False,False,False,False,False,False,False,False,False,False,False,False,False,False,False,False,False,False,False,False,False,2009,7,5.5,20.1,32.71,28143,1.0823854829045792e-06,2009,False,False
2009,7,Summer,,,,303,SIS,7.5,-133.0,33.6,6.6,14.0,1.14,0.51,13.0,0.56,0.0,12.2,87.8,False,False,False,False,False,False,False,False,False,False,False,False,False,False,False,False,False,False,False,False,False,False,False,False,2009,7,1.2,22.0,30.79,122,,2009,False,True
2009,7,Summer,,,,309,SIS,7.6,-130.0,33.4,6.4,9.1,0.71,0.44,12.8,0.91,4.6,22.7,72.7,False,False,False,False,False,False,False,False,False,False,False,False,False,False,False,False,False,False,False,False,False,False,False,False,2009,7,1.2,22.0,30.79,122,,2009,False,True
2009,7,Summer,,,,312,SIS,7.7,-152.0,54.5,12.4,25.0,2.13,0.62,25.5,4.92,0.7,7.1,92.2,False,False,False,False,False,False,False,False,False,False,False,False,False,False,False,False,False,False,False,False,False,False,False,False,2009,7,1.2,22.0,30.79,122,,2009,False,True
2009,7,Summer,,,,312,SIS,7.6,-245.0,61.2,13.4,22.0,2.58,0.66,25.1,7.19,0.0,0.7,99.3,False,False,False,False,False,False,False,False,False,False,False,False,False,False,False,False,False,False,False,False,False,False,False,False,2009,7,1.2,22.0,30.79,122,,2009,False,True
2009,7,Summer,33.99666666666667,132.29222222222222,19.8,312,SIS,7.3,-76.0,56.0,11.0,13.0,2.1,0.56,18.0,0.26,0.0,28.0,72.0,False,False,False,False,False,False,False,False,False,False,False,False,False,False,False,False,False,False,False,False,False,False,False,False,2009,7,7.5,20.9,33.26,35426,2.0818909855812816e-06,2009,False,False
2009,7,Summer,34.03805555555555,131.70083333333332,11.4,315,SIS,7.0,-89.0,51.0,11.0,12.0,2.1,0.59,18.0,0.26,0.0,26.0,74.0,False,False,False,False,False,False,False,False,False,False,False,False,False,False,False,False,False,False,False,False,False,False,False,False,2009,7,7.2,23.4,32.25,35550,3.1109519614069765e-06,2009,False,False
2009,7,Summer,33.78333333333333,131.3252777777778,24.8,316,SIS,7.2,-119.0,51.0,11.0,11.0,1.7,0.61,14.0,0.22,0.0,30.0,70.0,False,False,False,False,False,False,False,False,False,False,False,False,False,False,False,False,False,False,False,False,False,False,False,False,2009,7,6.0,19.8,33.66,35598,2.0869368062898815e-06,2009,False,False
2009,7,Summer,,,,306,SIS,7.5,-174.0,51.2,9.1,26.0,1.74,0.54,16.4,2.1,0.0,1.0,99.0,False,False,False,False,False,False,False,False,False,False,False,False,False,False,False,False,False,False,False,False,False,False,False,False,2009,7,1.2,22.0,30.79,122,,2009,False,True
2009,7,Summer,,,,310,SIS,7.7,-121.0,27.6,3.4,7.8,0.46,0.3,5.41,0.38,0.0,73.7,26.3,False,False,False,False,False,False,False,False,False,False,False,False,False,False,False,False,False,False,False,False,False,False,False,False,2009,7,1.2,22.0,30.79,122,,2009,False,True
2009,7,Summer,,,,310,SIS,7.6,-228.0,61.5,11.0,18.0,1.83,0.58,16.8,2.48,0.0,0.8,99.2,False,False,False,False,False,False,False,False,False,False,False,False,False,False,False,False,False,False,False,False,False,False,False,False,2009,7,1.2,22.0,30.79,122,,2009,False,True
2009,7,Summer,,,,310,SIS,7.5,-160.0,46.9,8.0,12.0,1.25,0.56,14.7,2.63,0.1,9.7,90.2,False,False,False,False,False,False,False,False,False,False,False,False,False,False,False,False,False,False,False,False,False,False,False,False,2009,7,1.2,22.0,30.79,122,,2009,False,True
2009,7,Summer,,,,316,SIS,7.6,-206.0,35.1,6.3,18.0,0.58,0.37,9.82,0.76,6.8,56.1,37.1,False,False,False,False,False,False,False,False,False,False,False,False,False,False,False,False,False,False,False,False,False,False,False,False,2009,7,1.2,22.0,30.79,122,,2009,False,True
2009,7,Summer,,,,314,SIS,7.8,-153.0,64.8,14.3,33.0,2.43,0.69,25.2,4.81,0.0,0.4,99.6,False,False,False,False,False,False,False,False,False,False,False,False,False,False,False,False,False,False,False,False,False,False,False,False,2009,7,1.2,22.0,30.79,122,,2009,False,True
2010,8,Summer,35.611666666666665,139.89499999999998,8.0,100,Tokyo,7.5,3.0,39.7,4.5,6.9,0.97,0.46,8.7,0.32,0.5,83.6,15.9,False,False,False,False,False,False,False,False,False,False,False,False,False,False,False,False,False,False,False,False,False,False,False,False,2010,8,7.4,28.2,24.8,1212,3.7064932313149e-07,2010,False,False
2010,8,Summer,35.64722222222222,139.98999999999998,6.2,100,Tokyo,7.4,1.0,70.6,12.3,23.0,4.37,1.04,22.6,2.53,0.05,74.7,25.3,True,False,False,False,False,False,False,False,False,False,False,False,False,False,False,False,False,False,False,False,False,False,False,False,2010,8,8.1,21.0,22.3,122,2.4709907721300975e-07,2010,False,False
2010,8,Summer,35.605000000000004,140.0608333333333,8.8,100,Tokyo,7.8,6.0,63.2,14.3,8.8,1.86,0.65,14.8,0.76,0.05,63.1,36.9,True,False,False,False,False,False,False,False,False,False,False,False,False,False,False,False,False,False,False,False,False,False,False,False,2010,8,5.8,29.2,24.6,124,3.013564076846484e-06,2010,False,False
2010,8,Summer,35.55444444444444,139.90555555555557,17.6,100,Tokyo,7.6,-50.0,71.8,13.6,27.0,4.88,0.87,34.5,1.18,0.05,42.9,57.1,True,False,False,False,False,False,False,False,False,False,False,False,False,False,False,False,False,False,False,False,False,False,False,False,2010,8,1.7,24.9,30.3,1215,4.050886401350578e-06,2010,False,True
2010,8,Summer,35.54055555555556,140.01916666666668,15.2,100,Tokyo,7.7,-60.0,68.1,15.3,24.0,3.88,0.7,30.9,0.32,0.05,48.3,51.7,True,False,False,False,False,False,False,False,False,False,False,False,False,False,False,False,False,False,False,False,False,False,False,False,2010,8,2.9,26.2,28.7,129,3.0562134915148567e-06,2010,False,False
2010,8,Summer,35.35333333333333,139.80166666666668,10.5,100,Tokyo,7.8,-19.0,32.3,4.9,4.7,1.22,0.42,9.8,0.23,0.7,87.4,11.9,False,False,False,False,False,False,False,False,False,False,False,False,False,False,False,False,False,False,False,False,False,False,False,False,2010,8,7.4,26.4,30.2,1235,3.045653748155101e-06,2010,False,False
2010,8,Summer,35.559999999999995,139.8211111111111,16.0,100,Tokyo,7.6,-192.0,65.0,10.4,24.9,3.02,0.91,21.6,2.17,0.1,7.6,92.3,False,False,False,False,False,False,False,False,False,False,False,False,False,False,False,False,False,False,False,False,False,False,False,False,2010,8,0.5,21.3,32.5,1318,0.3706493848336432,2010,False,True
2010,8,Summer,35.4675,139.85277777777776,26.3,100,Tokyo,7.7,-110.0,65.6,11.9,30.9,3.86,1.02,25.5,1.12,0.2,4.4,95.5,False,False,False,False,False,False,False,False,False,False,False,False,False,False,False,False,False,False,False,False,False,False,False,False,2010,8,0.6,19.9,33.6,1326,2.012494465836712e-06,2010,False,True
2010,7,Summer,34.93666666666666,136.80194444444444,14.6,200,Ise,7.9,-80.0,25.5,2.4,5.1,0.23,0.25,8.2,0.02,0.05,93.6,6.4,True,False,False,False,False,False,False,False,False,False,False,False,False,False,False,False,False,False,False,False,False,False,False,False,2010,7,2.9,19.8,32.65,2310,4.068297542329713e-06,2010,False,False
2010,7,Summer,34.723333333333336,137.1186111111111,15.5,200,Ise,7.8,-300.0,56.3,10.6,33.0,2.6,0.58,33.0,0.43,0.05,15.1,84.9,True,False,False,False,False,False,False,False,False,False,False,False,False,False,False,False,False,False,False,False,False,False,False,False,2010,7,1.5,20.8,32.77,2359,1.0810001764324187e-06,2010,False,True
2010,7,Summer,34.75333333333333,137.28861111111112,8.0,200,Ise,7.8,-340.0,48.0,9.1,24.0,1.7,0.54,27.0,0.1,0.05,6.5,93.5,True,False,False,False,False,False,False,False,False,False,False,False,False,False,False,False,False,False,False,False,False,False,False,False,2010,7,5.1,23.8,29.95,2361,1.0806565858142234e-06,2010,False,False
2010,7,Summer,34.98722222222222,136.68027777777775,11.4,200,Ise,7.6,,72.0,9.3,18.0,1.8,0.62,16.0,0.41,0.05,0.5,99.4,True,False,False,False,False,False,False,False,False,False,False,False,False,False,False,False,False,False,False,False,False,False,False,False,2010,7,3.8,19.8,31.3,244,2.0394666780280975e-06,2010,False,False
2010,7,Summer,34.88972222222222,136.66361111111112,12.6,200,Ise,7.7,,70.0,9.1,17.0,2.2,0.62,14.0,0.2,0.5,2.4,97.1,False,False,False,False,False,False,False,False,False,False,False,False,False,False,False,False,False,False,False,False,False,False,False,False,2010,7,3.3,18.8,31.6,2411,1.0431147913434693e-06,2010,False,False
2010,7,Summer,34.669999999999995,136.5975,23.2,200,Ise,7.3,,82.0,12.0,26.0,3.5,0.61,23.0,0.18,0.05,0.2,99.8,True,False,False,False,False,False,False,False,False,False,False,False,False,False,False,False,False,False,False,False,False,False,False,False,2010,7,4.0,18.0,31.9,2427,7.073230889886872e-13,2010,False,False
2010,7,Summer,34.65833333333333,135.40916666666666,14.9,301,SIS,7.6,,76.4,10.0,37.0,2.5,0.61,19.0,1.3,0.1,1.6,98.3,False,False,False,False,False,False,False,False,False,False,False,False,False,False,False,False,False,False,False,False,False,False,False,False,2010,7,2.0,20.2,31.43,272,3.0712552024428725e-06,2010,False,True
2010,7,Summer,34.439722222222215,135.13722222222222,30.2,302,SIS,7.3,,58.2,6.2,18.0,1.5,0.39,10.0,0.27,1.2,22.7,76.1,False,False,False,False,False,False,False,False,False,False,False,False,False,False,False,False,False,False,False,False,False,False,False,False,2010,7,6.1,21.6,32.81,2744,2.052811989601796e-06,2010,False,False
2010,7,Summer,34.65833333333333,135.26388888888889,16.0,301,SIS,7.1,-150.0,58.2,11.0,15.3,2.5,0.73,18.1,0.9,0.05,1.3,98.7,True,False,False,False,False,False,False,False,False,False,False,False,False,False,False,False,False,False,False,False,False,False,False,False,2010,7,2.1,20.3,31.77,2823,1.0817522709564292e-06,2010,False,False
2010,7,Summer,34.60333333333333,134.61388888888888,36.0,305,SIS,7.3,-4.3,47.6,7.4,8.0,1.6,0.54,11.4,0.03,0.3,29.0,70.7,False,False,False,False,False,False,False,False,False,False,False,False,False,False,False,False,False,False,False,False,False,False,False,False,2010,7,6.1,19.7,31.83,28143,1.0823854829045792e-06,2010,False,False
2010,7,Summer,34.11277777777778,135.00833333333333,,303,SIS,7.8,173.0,51.3,7.1,6.2,1.38,0.41,11.7,0.05,9.5,41.1,49.4,False,False,False,False,False,False,False,False,False,False,False,False,False,False,False,False,False,False,False,False,False,False,False,False,2010,7,6.4,17.4,34.56,3079,3.0786714110954903e-06,2010,False,False
2010,7,Summer,34.38666666666666,133.24749999999997,,309,SIS,7.6,96.0,49.7,7.1,7.0,0.89,0.39,8.0,0.06,1.5,23.6,74.9,False,False,False,False,False,False,False,False,False,False,False,False,False,False,False,False,False,False,False,False,False,False,False,False,2010,7,7.5,24.5,31.91,34312,0.8064028823361243,2010,False,False
2010,7,Summer,34.333333333333336,132.45583333333332,,312,SIS,7.6,66.0,66.3,11.3,15.4,2.3,0.52,25.9,0.22,0.3,7.7,92.0,False,False,False,False,False,False,False,False,False,False,False,False,False,False,False,False,False,False,False,False,False,False,False,False,2010,7,4.8,17.2,27.88,34396,3.0830756027894546e-06,2010,False,False
2010,7,Summer,34.30305555555555,132.35305555555556,,312,SIS,7.7,-69.0,75.5,13.2,23.8,2.81,0.63,21.7,0.31,0.3,1.7,98.0,False,False,False,False,False,False,False,False,False,False,False,False,False,False,False,False,False,False,False,False,False,False,False,False,2010,7,6.2,18.7,29.83,34411,1.4739665288241262,2010,False,False
2010,7,Summer,33.99666666666667,132.29222222222222,14.8,312,SIS,7.5,10.0,52.9,9.8,12.4,1.88,0.43,16.4,0.19,0.05,18.0,82.0,True,False,False,False,False,False,False,False,False,False,False,False,False,False,False,False,False,False,False,False,False,False,False,False,2010,7,8.1,20.61,32.1,35426,2.0818909855812816e-06,2010,False,False
2010,7,Summer,34.03805555555555,131.70083333333332,11.7,315,SIS,7.5,16.0,53.1,10.2,13.8,2.09,0.48,18.5,0.33,0.05,25.3,74.7,True,False,False,False,False,False,False,False,False,False,False,False,False,False,False,False,False,False,False,False,False,False,False,False,2010,7,8.6,21.82,32.1,35550,3.1109519614069765e-06,2010,False,False
2010,7,Summer,33.78333333333333,131.3252777777778,24.0,316,SIS,7.3,27.0,53.2,9.3,11.5,1.66,0.51,14.2,0.27,0.5,29.6,69.9,False,False,False,False,False,False,False,False,False,False,False,False,False,False,False,False,False,False,False,False,False,False,False,False,2010,7,7.9,19.83,33.1,35598,2.0869368062898815e-06,2010,False,False
2010,7,Summer,34.282222222222224,134.3538888888889,,306,SIS,7.6,124.0,67.0,11.5,20.2,2.01,0.52,15.5,0.2,0.05,1.7,98.3,True,False,False,False,False,False,False,False,False,False,False,False,False,False,False,False,False,False,False,False,False,False,False,False,2010,7,7.0,22.1,31.5,37181,1.0503382490329312e-06,2010,False,False
2010,7,Summer,34.11138888888889,133.6275,,310,SIS,7.7,115.0,35.3,3.4,7.1,0.53,0.26,4.3,0.02,0.05,73.8,26.2,True,False,False,False,False,False,False,False,False,False,False,False,False,False,False,False,False,False,False,False,False,False,False,False,2010,7,7.7,21.9,32.29,37254,1.2354953859983198e-07,2010,False,False
2010,7,Summer,34.05333333333333,133.5,,310,SIS,7.5,-154.0,70.0,9.6,21.8,1.87,0.55,15.0,0.17,0.05,0.2,99.8,True,False,False,False,False,False,False,False,False,False,False,False,False,False,False,False,False,False,False,False,False,False,False,False,2010,7,6.6,21.0,32.503,38274,0.43637760206084014,2010,False,False
2010,7,Summer,34.0,133.17499999999998,,310,SIS,7.7,55.0,54.6,7.3,13.7,1.3,0.49,10.8,0.15,0.2,11.7,88.1,False,False,False,False,False,False,False,False,False,False,False,False,False,False,False,False,False,False,False,False,False,False,False,False,2010,7,7.5,23.2,32.184,38328,0.43645341499088813,2010,False,False
2010,7,Summer,33.635,131.13333333333333,,316,SIS,7.6,-194.0,67.1,12.2,32.5,2.31,0.55,24.1,0.53,0.1,4.6,95.3,False,False,False,False,False,False,False,False,False,False,False,False,False,False,False,False,False,False,False,False,False,False,False,False,2010,7,5.12,23.9,31.26,40617,0.4369762901225157,2010,False,False
2010,7,Summer,33.086666666666666,130.3477777777778,5.1,400,SIS,7.4,-160.0,,8.5,8.2,2.14,0.95,,0.08,0.05,6.1,93.9,True,False,False,False,False,False,False,False,False,False,False,False,False,False,False,False,False,False,False,False,False,False,False,False,2010,7,5.12,23.9,31.26,40617,95.1390112217963,2010,True,False
2010,7,Summer,32.99166666666667,130.34944444444446,7.6,400,SIS,8.0,-247.0,,3.2,2.2,0.2,0.35,,0.02,0.3,96.5,3.2,False,False,False,False,False,False,False,False,False,False,False,False,False,False,False,False,False,False,False,False,False,False,False,False,2010,7,5.12,23.9,31.26,40617,102.18722696229352,2010,True,False
2010,7,Summer,33.09,130.15444444444444,3.0,400,SIS,7.67,-81.0,,8.6,15.1,1.79,0.71,,0.41,0.1,2.2,97.7,False,False,False,False,False,False,False,False,False,False,False,False,False,False,False,False,False,False,False,False,False,False,False,False,2010,7,5.12,23.9,31.26,40617,109.26833575480886,2010,True,False
2010,7,Summer,32.81666666666667,130.5011111111111,8.0,400,SIS,7.77,-72.0,,6.6,6.9,1.33,0.72,,0.15,0.2,34.0,65.8,False,False,False,False,False,False,False,False,False,False,False,False,False,False,False,False,False,False,False,False,False,False,False,False,2010,7,6.2,23.1,33.09,44578,107.89349129950863,2010,True,False
2010,7,Summer,33.12027777777778,130.23055555555555,4.6,400,SIS,7.68,-120.0,,8.3,9.9,2.06,0.64,,0.4,0.4,3.4,96.2,False,False,False,False,False,False,False,False,False,False,False,False,False,False,False,False,False,False,False,False,False,False,False,False,2010,7,5.12,23.9,31.26,40617,101.51878605157084,2010,True,False
2010,7,Summer,32.74333333333333,130.56194444444446,7.2,400,SIS,7.76,-96.0,,6.7,10.4,1.37,0.65,,0.35,1.9,35.8,62.3,False,False,False,False,False,False,False,False,False,False,False,False,False,False,False,False,False,False,False,False,False,False,False,False,2010,7,6.2,23.1,33.09,44578,107.30442609795942,2010,True,False
2010,7,Summer,33.04555555555555,130.2372222222222,14.3,400,SIS,7.82,-29.0,,8.1,8.6,1.49,0.51,,0.09,1.5,23.8,74.7,False,False,False,False,False,False,False,False,False,False,False,False,False,False,False,False,False,False,False,False,False,False,False,False,2010,7,5.12,23.9,31.26,40617,105.9958743807086,2010,True,False
2010,7,Summer,32.74861111111111,130.45916666666665,49.0,400,SIS,7.78,-106.0,,5.8,5.3,1.15,0.64,,0.06,0.6,64.8,34.6,False,False,False,False,False,False,False,False,False,False,False,False,False,False,False,False,False,False,False,False,False,False,False,False,2010,7,6.2,23.1,33.09,44578,115.079641224355,2010,True,False
2010,7,Summer,32.62305555555555,130.37583333333333,53.0,400,SIS,7.16,33.0,,3.8,1.7,0.43,0.63,,0.07,18.5,79.7,1.8,False,False,False,False,False,False,False,False,False,False,False,False,False,False,False,False,False,False,False,False,False,False,False,False,2010,7,6.2,23.1,33.09,44578,129.23381187265835,2010,True,False
2010,7,Summer,32.93666666666666,130.33333333333334,22.3,400,SIS,,5.0,,3.0,2.5,0.49,0.46,,0.05,14.8,76.4,8.8,False,False,False,False,False,False,False,False,False,False,False,False,False,False,False,False,False,False,False,False,False,False,False,False,2010,7,5.12,23.9,31.26,40617,107.62071483510371,2010,True,False
2010,7,Summer,32.89666666666667,130.20777777777778,6.5,400,SIS,,-47.0,,9.6,14.7,1.92,0.65,,0.35,0.9,91.3,7.8,False,False,False,False,False,False,False,False,False,False,False,False,False,False,False,False,False,False,False,False,False,False,False,False,2010,7,5.12,23.9,31.26,40617,119.01997409460549,2010,True,False
2010,7,Summer,32.81333333333333,130.39777777777778,43.6,400,SIS,,-171.0,,2.2,1.9,0.38,0.38,,0.1,0.05,11.1,88.9,True,False,False,False,False,False,False,False,False,False,False,False,False,False,False,False,False,False,False,False,False,False,False,False,2010,7,5.12,23.9,31.26,40617,114.30057398616711,2010,True,False
2010,7,Summer,33.30333333333333,131.61333333333332,54.0,314,SIS,7.8,-177.0,72.9,12.4,30.7,2.42,0.6,21.4,0.24,0.05,0.3,99.7,True,False,False,False,False,False,False,False,False,False,False,False,False,False,False,False,False,False,False,False,False,False,False,False,2010,7,6.2,23.1,33.09,44578,9.243698658432523,2010,False,False
2010,7,Summer,32.24027777777778,130.2313888888889,40.5,500,SIS,8.06,-6.7,,9.4,3.4,4.3,0.42,,0.005,0.1,94.0,5.9,False,False,False,False,False,False,False,False,False,False,False,False,False,False,False,False,False,False,False,False,False,False,True,False,2010,7,6.2,23.1,33.09,44578,166.90264830916988,2010,True,False
2010,7,Summer,32.19083333333333,130.2713888888889,38.0,500,SIS,7.78,17.1,,7.7,8.5,4.2,0.36,,0.005,0.5,53.4,46.1,False,False,False,False,False,False,False,False,False,False,False,False,False,False,False,False,False,False,False,False,False,False,True,False,2010,7,6.2,23.1,33.09,44578,168.1702387314479,2010,True,False
2010,7,Summer,32.13,130.30472222222224,15.2,500,SIS,7.58,42.8,,5.4,8.0,5.1,0.33,,0.03,2.4,43.3,54.3,False,False,False,False,False,False,False,False,False,False,False,False,False,False,False,False,False,False,False,False,False,False,False,False,2010,7,6.2,23.1,33.09,44578,171.05204477934865,2010,True,False
2011,8,Summer,35.611666666666665,139.89499999999998,6.5,100,Tokyo,8.0,-55.0,43.7,6.1,11.0,1.4,0.64,12.0,0.26,0.05,10.5,89.5,True,False,False,False,False,False,False,False,False,False,False,False,False,False,False,False,False,False,False,False,False,False,False,False,2011,8,10.8,21.4,27.6,1212,3.7064932313149e-07,2011,False,False
2011,8,Summer,35.64722222222222,139.98999999999998,5.1,100,Tokyo,8.0,100.0,29.7,3.4,5.1,0.62,0.31,5.0,0.2,0.05,74.8,25.3,True,False,False,False,False,False,False,False,False,False,False,False,False,False,False,False,False,False,False,False,False,False,False,False,2011,8,9.9,22.1,27.32,122,2.4709907721300975e-07,2011,False,False
2011,8,Summer,35.605000000000004,140.0608333333333,8.2,100,Tokyo,8.0,73.0,39.8,5.3,4.9,0.84,0.24,8.8,0.38,0.05,41.4,58.6,True,False,False,False,False,False,False,False,False,False,False,False,False,False,False,False,False,False,False,False,False,False,False,False,2011,8,1.7,26.1,29.48,124,3.013564076846484e-06,2011,False,True
2011,8,Summer,35.55444444444444,139.90555555555557,16.9,100,Tokyo,7.5,87.0,70.7,13.8,26.0,4.2,0.48,34.0,0.77,0.05,1.3,98.7,True,False,False,False,False,False,False,False,False,False,False,False,False,False,False,False,False,False,False,False,False,False,False,False,2011,8,4.6,18.5,32.37,1215,4.050886401350578e-06,2011,False,False
2011,8,Summer,35.54055555555556,140.01916666666668,15.1,100,Tokyo,7.6,-110.0,70.8,13.4,28.0,3.6,0.68,32.0,0.44,0.05,1.4,98.6,True,False,False,False,False,False,False,False,False,False,False,False,False,False,False,False,False,False,False,False,False,False,False,False,2011,8,6.1,19.0,30.95,129,3.0562134915148567e-06,2011,False,False
2011,8,Summer,35.35333333333333,139.80166666666668,8.5,100,Tokyo,8.0,26.0,22.0,3.5,2.3,0.26,0.19,2.6,0.06,6.1,86.0,7.9,False,False,False,False,False,False,False,False,False,False,False,False,False,False,False,False,False,False,False,False,False,False,False,False,2011,8,6.4,19.7,32.92,1235,3.045653748155101e-06,2011,False,False
2011,8,Summer,35.559999999999995,139.8211111111111,16.1,100,Tokyo,7.5,-192.0,67.8,10.7,31.9,3.32,0.92,20.7,2.44,0.05,1.5,98.5,True,False,False,False,False,False,False,False,False,False,False,False,False,False,False,False,False,False,False,False,False,False,False,False,2011,8,1.5,21.5,33.3,1318,0.3706493848336432,2011,False,True
2011,8,Summer,35.4675,139.85277777777776,26.7,100,Tokyo,7.8,-154.0,65.5,12.1,33.6,3.82,1.02,23.9,1.19,0.05,4.6,95.4,True,False,False,False,False,False,False,False,False,False,False,False,False,False,False,False,False,False,False,False,False,False,False,False,2011,8,3.8,19.0,33.9,1326,2.012494465836712e-06,2011,False,False
2011,7,Summer,34.93666666666666,136.80194444444444,7.5,200,Ise,7.69,-100.0,30.4,3.4,10.0,0.62,0.47,14.0,0.07,0.05,86.4,13.5,True,False,False,False,False,False,False,False,False,False,False,False,False,False,False,False,False,False,False,False,False,False,False,False,2011,7,7.8,27.3,26.64,2310,4.068297542329713e-06,2011,False,False
2011,7,Summer,34.723333333333336,137.1186111111111,16.0,200,Ise,7.9,-300.0,53.7,7.6,25.0,2.2,0.49,25.0,0.66,7.7,52.0,40.3,False,False,False,False,False,False,False,False,False,False,False,False,False,False,False,False,False,False,False,False,False,False,False,False,2011,7,2.4,20.8,32.61,2359,1.0810001764324187e-06,2011,False,False
2011,7,Summer,34.75333333333333,137.28861111111112,7.7,200,Ise,7.67,-300.0,47.1,7.0,19.4,1.3,0.45,23.0,0.15,1.0,19.5,79.5,False,False,False,False,False,False,False,False,False,False,False,False,False,False,False,False,False,False,False,False,False,False,False,False,2011,7,5.4,23.3,31.6,2361,1.0806565858142234e-06,2011,False,False
2011,7,Summer,34.98722222222222,136.68027777777775,13.8,200,Ise,7.4,,80.0,11.0,19.0,2.1,0.71,17.0,0.08,0.05,0.4,99.6,True,False,False,False,False,False,False,False,False,False,False,False,False,False,False,False,False,False,False,False,False,False,False,False,2011,7,4.3,22.4,28.9,244,2.0394666780280975e-06,2011,False,False
2011,7,Summer,34.88972222222222,136.66361111111112,13.3,200,Ise,7.5,-340.0,67.0,10.0,10.0,2.5,0.64,14.0,0.19,2.1,4.2,93.7,False,False,False,False,False,False,False,False,False,False,False,False,False,False,False,False,False,False,False,False,False,False,False,False,2011,7,5.4,22.8,29.2,2411,1.0431147913434693e-06,2011,False,False
2011,7,Summer,34.669999999999995,136.5975,23.3,200,Ise,7.3,-380.0,77.0,19.0,16.0,3.1,0.57,23.0,0.17,0.1,0.4,99.5,False,False,False,False,False,False,False,False,False,False,False,False,False,False,False,False,False,False,False,False,False,False,False,False,2011,7,4.3,20.8,32.1,2427,7.073230889886872e-13,2011,False,False
2011,7,Summer,34.65833333333333,135.40916666666666,14.4,301,SIS,7.8,,75.3,8.7,32.0,2.1,0.55,19.0,0.76,0.6,2.1,97.3,False,False,False,False,False,False,False,False,False,False,False,False,False,False,False,False,False,False,False,False,False,False,False,False,2011,7,2.1,20.8,30.05,272,3.0712552024428725e-06,2011,False,False
2011,7,Summer,34.439722222222215,135.13722222222222,31.5,302,SIS,7.8,-270.0,56.5,5.5,17.0,1.4,0.4,11.0,0.2,0.1,28.4,71.5,False,False,False,False,False,False,False,False,False,False,False,False,False,False,False,False,False,False,False,False,False,False,False,False,2011,7,6.5,21.9,32.12,2744,2.052811989601796e-06,2011,False,False
2011,7,Summer,34.65833333333333,135.26388888888889,16.0,301,SIS,7.28,,58.8,10.9,29.5,2.77,0.61,22.7,0.84,0.05,1.8,98.2,True,False,False,False,False,False,False,False,False,False,False,False,False,False,False,False,False,False,False,False,False,False,False,False,2011,7,2.0,20.1,31.07,2823,1.0817522709564292e-06,2011,False,True
2011,7,Summer,34.60333333333333,134.61388888888888,38.0,305,SIS,7.88,-42.0,45.7,7.4,16.0,1.53,0.4,15.3,0.01,0.05,35.4,64.6,True,False,False,False,False,False,False,False,False,False,False,False,False,False,False,False,False,False,False,False,False,False,False,False,2011,7,7.6,22.1,31.62,28143,1.0823854829045792e-06,2011,False,False
2011,7,Summer,34.11277777777778,135.00833333333333,,303,SIS,7.5,138.0,42.3,6.5,4.1,1.06,0.36,8.1,0.06,0.8,26.9,72.3,False,False,False,False,False,False,False,False,False,False,False,False,False,False,False,False,False,False,False,False,False,False,False,False,2011,7,6.8,19.5,34.37,3079,3.0786714110954903e-06,2011,False,False
2011,7,Summer,34.38666666666666,133.24749999999997,,309,SIS,7.4,118.0,45.2,6.1,3.0,0.91,0.37,7.8,0.14,1.4,20.8,77.8,False,False,False,False,False,False,False,False,False,False,False,False,False,False,False,False,False,False,False,False,False,False,False,False,2011,7,7.7,21.5,32.39,34312,0.8064028823361243,2011,False,False
2011,7,Summer,34.333333333333336,132.45583333333332,,312,SIS,7.6,114.0,62.2,11.2,9.6,2.19,0.5,26.6,0.21,0.5,5.0,94.5,False,False,False,False,False,False,False,False,False,False,False,False,False,False,False,False,False,False,False,False,False,False,False,False,2011,7,4.0,18.7,32.89,34396,3.0830756027894546e-06,2011,False,False
2011,7,Summer,34.30305555555555,132.35305555555556,,312,SIS,7.8,-126.0,75.3,12.6,7.2,2.9,0.64,22.6,0.18,0.05,0.6,99.4,True,False,False,False,False,False,False,False,False,False,False,False,False,False,False,False,False,False,False,False,False,False,False,False,2011,7,5.6,19.3,31.71,34411,1.4739665288241262,2011,False,False
2011,7,Summer,33.99666666666667,132.29222222222222,16.7,312,SIS,7.5,-110.0,56.2,10.9,13.8,2.54,0.42,18.5,0.25,0.05,18.5,81.5,True,False,False,False,False,False,False,False,False,False,False,False,False,False,False,False,False,False,False,False,False,False,False,False,2011,7,7.8,20.9,32.39,35426,2.0818909855812816e-06,2011,False,False
2011,7,Summer,34.03805555555555,131.70083333333332,12.5,315,SIS,7.6,-60.0,50.9,9.9,15.3,2.66,0.44,20.2,0.44,0.05,35.7,64.3,True,False,False,False,False,False,False,False,False,False,False,False,False,False,False,False,False,False,False,False,False,False,False,False,2011,7,7.2,21.32,32.85,35550,3.1109519614069765e-06,2011,False,False
2011,7,Summer,33.78333333333333,131.3252777777778,23.4,316,SIS,7.4,-99.0,56.2,9.9,14.4,2.69,0.4,17.1,0.42,0.05,32.9,67.1,True,False,False,False,False,False,False,False,False,False,False,False,False,False,False,False,False,False,False,False,False,False,False,False,2011,7,5.7,19.6,32.93,35598,2.0869368062898815e-06,2011,False,False
2011,7,Summer,34.282222222222224,134.3538888888889,,306,SIS,7.6,-140.0,65.2,9.4,9.4,2.1,0.51,16.4,0.21,0.05,0.5,99.5,True,False,False,False,False,False,False,False,False,False,False,False,False,False,False,False,False,False,False,False,False,False,False,False,2011,7,7.0,24.0,31.01,37181,1.0503382490329312e-06,2011,False,False
2011,7,Summer,34.11138888888889,133.6275,,310,SIS,7.3,-60.0,39.3,4.9,6.2,1.16,0.36,11.3,0.04,0.05,64.4,35.6,True,False,False,False,False,False,False,False,False,False,False,False,False,False,False,False,False,False,False,False,False,False,False,False,2011,7,7.8,24.1,32.0,37254,1.2354953859983198e-07,2011,False,False
2011,7,Summer,34.05333333333333,133.5,,310,SIS,7.4,-149.0,70.2,10.4,17.7,1.95,0.51,16.5,0.17,0.05,0.2,99.8,True,False,False,False,False,False,False,False,False,False,False,False,False,False,False,False,False,False,False,False,False,False,False,False,2011,7,3.3,23.0,32.007,38274,0.43637760206084014,2011,False,False
2011,7,Summer,34.0,133.17499999999998,,310,SIS,7.3,-31.0,52.3,7.3,7.1,1.29,0.52,10.0,0.11,0.05,6.5,93.5,True,False,False,False,False,False,False,False,False,False,False,False,False,False,False,False,False,False,False,False,False,False,False,False,2011,7,7.6,24.9,31.967,38328,0.43645341499088813,2011,False,False
2011,7,Summer,33.635,131.13333333333333,,316,SIS,7.6,-93.0,63.5,10.9,9.0,1.89,0.56,19.1,0.29,0.7,4.8,94.5,False,False,False,False,False,False,False,False,False,False,False,False,False,False,False,False,False,False,False,False,False,False,False,False,2011,7,6.35,24.15,30.64,40617,0.4369762901225157,2011,False,False
2011,8,Summer,32.611666666666665,130.58972222222224,,500,SIS,7.5,-160.0,,8.8,14.2,1.5,0.35,,0.23,0.05,1.2,98.8,True,False,False,False,False,False,False,False,False,False,False,False,False,False,False,False,False,False,False,False,False,False,False,False,2011,8,6.0,19.9,33.2,44578,114.17457574625537,2011,True,False
2011,8,Summer,32.575,130.54611111111112,,500,SIS,7.5,-279.0,,8.8,15.3,1.72,0.39,,0.38,0.05,0.9,99.1,True,False,False,False,False,False,False,False,False,False,False,False,False,False,False,False,False,False,False,False,False,False,False,False,2011,8,6.0,19.9,33.2,44578,119.93324133027195,2011,True,False
2011,8,Summer,32.50333333333333,130.52,,500,SIS,7.2,-160.0,,9.2,13.7,1.21,0.42,,0.08,0.05,22.1,77.9,True,False,False,False,False,False,False,False,False,False,False,False,False,False,False,False,False,False,False,False,False,False,False,False,2011,8,6.0,19.9,33.2,44578,127.09697144420366,2011,True,False
2011,8,Summer,32.41166666666666,130.46194444444444,,500,SIS,7.5,-212.0,,10.7,18.4,2.27,0.34,,0.06,0.05,2.6,97.4,True,False,False,False,False,False,False,False,False,False,False,False,False,False,False,False,False,False,False,False,False,False,False,False,2011,8,6.0,19.9,33.2,44578,138.0927301285739,2011,True,False
2011,8,Summer,32.29,130.39027777777778,,500,SIS,7.5,156.0,,12.9,13.4,2.24,0.37,,0.22,0.05,16.9,83.1,True,False,False,False,False,False,False,False,False,False,False,False,False,False,False,False,False,False,False,False,False,False,False,False,2011,8,6.0,19.9,33.2,44578,152.47498872883105,2011,True,False
2011,8,Summer,32.37583333333333,130.2827777777778,,500,SIS,7.6,-102.0,,11.0,12.0,1.5,0.44,,0.1,0.05,43.5,56.5,True,False,False,False,False,False,False,False,False,False,False,False,False,False,False,False,False,False,False,False,False,False,False,False,2011,8,6.0,19.9,33.2,44578,153.10784526113198,2011,True,False
2011,8,Summer,32.293055555555554,130.1638888888889,,500,SIS,8.0,175.0,,3.5,1.2,0.19,0.16,,0.02,0.1,97.8,2.1,False,False,False,False,False,False,False,False,False,False,False,False,False,False,False,False,False,False,False,False,False,False,False,False,2011,8,6.0,19.9,33.2,44578,167.5737322807336,2011,True,False
2011,8,Summer,33.30333333333333,131.61333333333332,,314,SIS,7.4,-126.0,71.3,14.7,10.1,2.52,0.59,21.9,0.19,0.05,0.3,99.7,True,False,False,False,False,False,False,False,False,False,False,False,False,False,False,False,False,False,False,False,False,False,False,False,2011,8,6.0,19.9,33.2,44578,9.243698658432523,2011,False,False
2011,8,Summer,32.24027777777778,130.2313888888889,,500,SIS,8.35,-12.4,21.9,10.0,3.3,0.88,0.48,,0.005,0.05,93.3,6.7,True,False,False,False,False,False,False,False,False,False,False,False,False,False,False,False,False,False,False,False,False,False,True,False,2011,8,6.0,19.9,33.2,44578,166.90264830916988,2011,True,False
2011,8,Summer,32.19083333333333,130.2713888888889,,500,SIS,8.95,-7.9,26.2,6.5,8.3,1.1,0.31,,0.005,0.1,65.3,34.6,False,False,False,False,False,False,False,False,False,False,False,False,False,False,False,False,False,False,False,False,False,False,True,False,2011,8,6.0,19.9,33.2,44578,168.1702387314479,2011,True,False
2011,8,Summer,32.13,130.30472222222224,,500,SIS,8.52,-11.6,23.0,4.6,8.0,1.1,0.3,,0.02,3.7,47.8,48.5,False,False,False,False,False,False,False,False,False,False,False,False,False,False,False,False,False,False,False,False,False,False,False,False,2011,8,6.0,19.9,33.2,44578,171.05204477934865,2011,True,False
2012,8,Summer,35.61055555555556,139.89777777777778,6.4,100,Tokyo,7.9,144.0,52.9,7.3,13.6,0.48,0.47,14.0,0.56,0.2,18.8,81.0,False,False,False,False,False,False,False,False,False,False,False,False,False,False,False,False,False,False,False,False,False,False,False,False,2012,8,6.6,29.0,26.57,1212,0.2798600340455486,2012,False,False
2012,8,Summer,35.645833333333336,139.99027777777778,5.5,100,Tokyo,8.1,-202.0,66.3,8.7,19.8,0.93,0.41,18.9,0.75,0.05,39.2,60.8,True,False,False,False,False,False,False,False,False,False,False,False,False,False,False,False,False,False,False,False,False,False,False,False,2012,8,3.2,27.9,26.7,122,0.1564635574419385,2012,False,False
2012,8,Summer,35.60527777777778,140.06111111111113,8.7,100,Tokyo,7.7,-246.0,63.5,8.7,16.6,0.7,0.4,19.7,0.46,0.05,6.0,94.0,True,False,False,False,False,False,False,False,False,False,False,False,False,False,False,False,False,False,False,False,False,False,False,False,2012,8,2.2,25.8,29.43,124,0.03981019418112153,2012,False,False
2012,8,Summer,35.550555555555555,139.91,16.4,100,Tokyo,7.7,92.0,80.3,18.0,25.7,1.13,0.35,38.9,1.17,0.05,1.6,98.4,True,False,False,False,False,False,False,False,False,False,False,False,False,False,False,False,False,False,False,False,False,False,False,False,2012,8,2.2,22.9,31.76,1215,0.5904657166575917,2012,False,False
2012,8,Summer,35.536944444444444,140.02,14.2,100,Tokyo,7.7,49.0,77.4,15.9,29.4,1.31,0.33,37.2,0.97,0.05,3.8,96.2,True,False,False,False,False,False,False,False,False,False,False,False,False,False,False,False,False,False,False,False,False,False,False,False,2012,8,2.3,22.2,28.25,129,0.4085553603445186,2012,False,False
2012,8,Summer,35.34361111111112,139.79944444444445,7.3,100,Tokyo,7.9,-109.0,33.7,2.2,6.2,0.27,0.3,5.8,0.32,4.7,73.9,21.4,False,False,False,False,False,False,False,False,False,False,False,False,False,False,False,False,False,False,False,False,False,False,False,False,2012,8,6.6,25.8,32.3,1235,1.0996890622251891,2012,False,False
2012,8,Summer,35.559999999999995,139.8211111111111,15.1,100,Tokyo,7.8,-130.0,60.9,10.7,30.5,2.88,0.86,21.8,1.58,0.05,0.8,99.2,True,False,False,False,False,False,False,False,False,False,False,False,False,False,False,False,False,False,False,False,False,False,False,False,2012,8,1.8,23.0,31.1,1318,0.3706493848336432,2012,False,True
2012,8,Summer,35.4675,139.85277777777776,27.0,100,Tokyo,7.9,-52.0,64.9,12.8,35.6,3.33,0.89,27.7,1.08,0.05,3.2,96.8,True,False,False,False,False,False,False,False,False,False,False,False,False,False,False,False,False,False,False,False,False,False,False,False,2012,8,1.3,18.3,33.5,1326,2.012494465836712e-06,2012,False,True
2012,7,Summer,34.93666666666666,136.80194444444444,10.9,200,Ise,7.9,-40.0,18.3,1.2,1.6,0.15,0.23,2.5,0.03,0.2,98.6,1.2,False,False,False,False,False,False,False,False,False,False,False,False,False,False,False,False,False,False,False,False,False,False,False,False,2012,7,5.4,24.7,27.02,2310,4.068297542329713e-06,2012,False,False
2012,7,Summer,34.723333333333336,137.1186111111111,16.0,200,Ise,8.1,-340.0,40.0,5.1,20.0,1.6,0.48,18.0,0.18,22.4,52.0,25.6,False,False,False,False,False,False,False,False,False,False,False,False,False,False,False,False,False,False,False,False,False,False,False,False,2012,7,4.7,22.6,32.43,2359,1.0810001764324187e-06,2012,False,False
2012,7,Summer,34.75333333333333,137.28861111111112,7.7,200,Ise,7.9,-340.0,47.3,7.2,29.0,1.5,0.55,20.0,0.13,0.05,13.2,86.8,True,False,False,False,False,False,False,False,False,False,False,False,False,False,False,False,False,False,False,False,False,False,False,False,2012,7,6.4,26.4,28.69,2361,1.0806565858142234e-06,2012,False,False
2012,7,Summer,34.98722222222222,136.68027777777775,12.0,200,Ise,7.5,,70.0,10.0,10.0,2.0,0.64,15.0,0.51,0.1,0.5,99.4,False,False,False,False,False,False,False,False,False,False,False,False,False,False,False,False,False,False,False,False,False,False,False,False,2012,7,3.9,22.7,29.4,244,2.0394666780280975e-06,2012,False,False
2012,7,Summer,34.88972222222222,136.66361111111112,12.5,200,Ise,7.5,-330.0,66.0,10.0,15.0,2.5,0.62,18.0,0.54,2.4,2.4,95.2,False,False,False,False,False,False,False,False,False,False,False,False,False,False,False,False,False,False,False,False,False,False,False,False,2012,7,4.2,22.6,29.8,2411,1.0431147913434693e-06,2012,False,False
2012,7,Summer,34.669999999999995,136.5975,23.0,200,Ise,7.3,-390.0,79.0,13.0,20.0,3.5,0.59,24.0,0.53,0.2,0.2,99.3,False,False,False,False,False,False,False,False,False,False,False,False,False,False,False,False,False,False,False,False,False,False,False,False,2012,7,2.8,19.7,31.8,2427,7.073230889886872e-13,2012,False,False
2012,7,Summer,34.65833333333333,135.40916666666666,14.7,301,SIS,7.7,,76.5,12.0,51.0,3.3,0.63,23.0,1.0,0.1,2.9,97.0,False,False,False,False,False,False,False,False,False,False,False,False,False,False,False,False,False,False,False,False,False,False,False,False,2012,7,1.8,20.7,31.44,272,3.0712552024428725e-06,2012,False,True
2012,7,Summer,34.439722222222215,135.13722222222222,31.0,302,SIS,7.8,-246.0,54.7,7.8,28.0,1.8,0.46,12.0,0.22,0.7,27.0,72.3,False,False,False,False,False,False,False,False,False,False,False,False,False,False,False,False,False,False,False,False,False,False,False,False,2012,7,5.9,21.6,31.81,2744,2.052811989601796e-06,2012,False,False
2012,7,Summer,34.65833333333333,135.26388888888889,16.0,301,SIS,7.69,,59.4,11.1,34.7,2.58,0.58,2.1,0.7,0.0,0.9,99.1,False,False,False,False,False,False,False,False,False,False,False,False,False,False,False,False,False,False,False,False,False,False,False,False,2012,7,1.8,20.5,31.75,2823,1.0817522709564292e-06,2012,False,True
2012,7,Summer,34.60333333333333,134.61388888888888,37.0,305,SIS,8.08,-40.0,45.9,7.5,17.2,1.53,0.3,1.3,0.02,0.5,34.9,64.6,False,False,False,False,False,False,False,False,False,False,False,False,False,False,False,False,False,False,False,False,False,False,False,False,2012,7,5.3,20.4,31.71,28143,1.0823854829045792e-06,2012,False,False
2012,7,Summer,34.11277777777778,135.00833333333333,63.4,303,SIS,8.5,83.0,37.4,6.5,12.9,1.16,0.35,8.3,0.001,0.3,38.7,61.0,False,False,False,False,False,False,False,False,False,False,False,False,False,False,False,False,False,False,False,False,False,False,False,False,2012,7,6.4,20.4,34.39,3079,3.0786714110954903e-06,2012,False,False
2012,7,Summer,34.38666666666666,133.24749999999997,15.0,309,SIS,8.6,22.0,31.0,5.3,7.9,0.82,0.3,8.1,0.0004,0.6,12.4,87.0,False,False,False,False,False,False,False,False,False,False,False,False,False,False,False,False,False,False,False,False,False,False,False,False,2012,7,7.4,26.0,31.62,34312,0.8064028823361243,2012,False,False
2012,7,Summer,34.333333333333336,132.45583333333332,20.0,312,SIS,8.2,-2.3,52.6,10.4,28.4,0.12,0.48,27.0,0.05,0.8,20.4,78.8,False,False,False,False,False,False,False,False,False,False,False,False,False,False,False,False,False,False,False,False,False,False,False,False,2012,7,5.1,18.8,31.93,34396,3.0830756027894546e-06,2012,False,False
2012,7,Summer,34.30305555555555,132.35305555555556,26.0,312,SIS,8.2,-130.0,62.2,11.3,31.5,0.2,0.57,23.0,0.22,0.0,0.6,99.4,False,False,False,False,False,False,False,False,False,False,False,False,False,False,False,False,False,False,False,False,False,False,False,False,2012,7,6.5,18.9,32.21,34411,1.4739665288241262,2012,False,False
2012,7,Summer,33.99666666666667,132.29222222222222,15.5,312,SIS,7.7,-84.0,55.3,10.3,15.0,1.96,0.46,18.2,0.26,0.05,14.2,85.8,True,False,False,False,False,False,False,False,False,False,False,False,False,False,False,False,False,False,False,False,False,False,False,False,2012,7,7.6,20.73,31.98,35426,2.0818909855812816e-06,2012,False,False
2012,7,Summer,34.03805555555555,131.70083333333332,11.6,315,SIS,7.42,-94.0,52.3,9.9,15.6,2.06,0.52,20.2,0.36,0.05,13.1,86.9,True,False,False,False,False,False,False,False,False,False,False,False,False,False,False,False,False,False,False,False,False,False,False,False,2012,7,7.0,19.88,32.68,35550,3.1109519614069765e-06,2012,False,False
2012,7,Summer,33.78333333333333,131.3252777777778,25.5,316,SIS,7.44,-120.0,48.2,9.6,13.3,1.84,0.44,16.9,0.32,0.05,18.0,82.0,True,False,False,False,False,False,False,False,False,False,False,False,False,False,False,False,False,False,False,False,False,False,False,False,2012,7,5.7,17.41,32.84,35598,2.0869368062898815e-06,2012,False,False
2012,7,Summer,34.282222222222224,134.3538888888889,19.0,306,SIS,8.6,61.0,53.1,8.5,21.8,0.96,0.32,15.0,0.02,0.3,13.2,86.5,False,False,False,False,False,False,False,False,False,False,False,False,False,False,False,False,False,False,False,False,False,False,False,False,2012,7,6.3,21.3,31.19,37181,1.0503382490329312e-06,2012,False,False
2012,7,Summer,34.11138888888889,133.6275,13.0,310,SIS,8.5,78.0,30.5,4.7,16.9,1.21,0.2,9.8,0.04,0.1,45.2,54.7,False,False,False,False,False,False,False,False,False,False,False,False,False,False,False,False,False,False,False,False,False,False,False,False,2012,7,6.3,21.1,32.31,37254,1.2354953859983198e-07,2012,False,False
2012,7,Summer,34.056666666666665,133.49749999999997,23.0,310,SIS,8.1,88.0,51.7,7.7,20.9,1.9,0.39,18.0,0.02,0.1,0.3,99.6,False,False,False,False,False,False,False,False,False,False,False,False,False,False,False,False,False,False,False,False,False,False,False,False,2012,7,7.8,27.0,30.062,38274,3.706493231318329e-07,2012,False,False
2012,7,Summer,34.00333333333333,133.1725,15.6,310,SIS,8.4,42.0,36.4,5.9,10.7,1.27,0.37,10.0,0.02,0.1,10.5,89.4,False,False,False,False,False,False,False,False,False,False,False,False,False,False,False,False,False,False,False,False,False,False,False,False,2012,7,7.2,21.0,32.1,38328,3.706493231225849e-07,2012,False,False
2012,7,Summer,33.638333333333335,131.13083333333333,9.2,316,SIS,8.1,-21.0,53.2,10.0,35.4,0.47,0.46,24.0,0.29,0.8,21.5,77.7,False,False,False,False,False,False,False,False,False,False,False,False,False,False,False,False,False,False,False,False,False,False,False,False,2012,7,2.4,22.3,31.5,40617,3.108026703408754e-06,2012,False,False
2012,7,Summer,,,1.8,400,SIS,,,,9.7,16.6,2.0,0.903,21.6,0.19,0.0,0.6,99.4,False,False,False,False,False,False,False,False,False,False,False,False,False,False,False,False,False,False,False,False,False,False,False,False,2012,7,3.2,27.9,26.7,122,,2012,False,False
2012,7,Summer,,,4.8,400,SIS,,,,2.6,2.0,0.26,0.331,0.72,0.03,0.0,97.4,2.6,False,False,False,False,False,False,False,False,False,False,False,False,False,False,False,False,False,False,False,False,False,False,False,False,2012,7,3.2,27.9,26.7,122,,2012,False,False
2012,7,Summer,,,2.5,400,SIS,,,,9.8,19.7,2.26,0.82,17.8,0.48,0.0,0.8,99.2,False,False,False,False,False,False,False,False,False,False,False,False,False,False,False,False,False,False,False,False,False,False,False,False,2012,7,3.2,27.9,26.7,122,,2012,False,False
2012,7,Summer,,,1.8,400,SIS,,,,9.7,18.7,2.08,0.754,21.3,0.4,0.0,0.9,99.1,False,False,False,False,False,False,False,False,False,False,False,False,False,False,False,False,False,False,False,False,False,False,False,False,2012,7,3.2,27.9,26.7,122,,2012,False,False
2012,7,Summer,,,15.3,400,SIS,,,,8.6,14.0,1.61,0.713,14.6,0.31,0.0,15.9,84.1,False,False,False,False,False,False,False,False,False,False,False,False,False,False,False,False,False,False,False,False,False,False,False,False,2012,7,3.2,27.9,26.7,122,,2012,False,False
2012,8,Summer,,,23.3,400,SIS,,,,2.5,2.7,0.39,0.466,1.2,0.05,7.3,85.7,7.0,False,False,False,False,False,False,False,False,False,False,False,False,False,False,False,False,False,False,False,False,False,False,False,False,2012,8,3.2,27.9,26.7,122,,2012,False,False
2012,8,Summer,,,8.5,400,SIS,,,,9.5,17.4,2.15,0.685,14.1,0.64,0.0,6.9,93.1,False,False,False,False,False,False,False,False,False,False,False,False,False,False,False,False,False,False,False,False,False,False,False,False,2012,8,3.2,27.9,26.7,122,,2012,False,False
2012,8,Summer,,,47.5,400,SIS,,,,1.5,1.5,0.19,0.437,0.55,0.04,11.5,85.6,2.9,False,False,False,False,False,False,False,False,False,False,False,False,False,False,False,False,False,False,False,False,False,False,False,False,2012,8,3.2,27.9,26.7,122,,2012,False,False
2012,8,Summer,,,15.0,400,SIS,,,,7.4,12.1,1.56,0.71,9.11,0.22,0.2,24.7,75.1,False,False,False,False,False,False,False,False,False,False,False,False,False,False,False,False,False,False,False,False,False,False,False,False,2012,8,3.2,27.9,26.7,122,,2012,False,False
2012,8,Summer,,,30.8,400,SIS,,,,5.5,12.7,1.19,0.581,8.38,0.19,0.0,34.8,65.19999999999999,False,False,False,False,False,False,False,False,False,False,False,False,False,False,False,False,False,False,False,False,False,False,False,False,2012,8,3.2,27.9,26.7,122,,2012,False,False
2012,8,Summer,,,49.0,400,SIS,,,,6.5,8.1,1.09,0.611,6.85,0.15,0.2,66.8,33.0,False,False,False,False,False,False,False,False,False,False,False,False,False,False,False,False,False,False,False,False,False,False,False,False,2012,8,3.2,27.9,26.7,122,,2012,False,False
2012,8,Summer,,,55.0,400,SIS,,,,2.7,2.2,0.37,0.399,1.05,0.01,27.2,71.5,1.3,False,False,False,False,False,False,False,False,False,False,False,False,False,False,False,False,False,False,False,False,False,False,False,False,2012,8,3.2,27.9,26.7,122,,2012,False,False
2012,8,Summer,32.611666666666665,130.58972222222224,6.0,500,SIS,7.5,-215.0,,8.3,13.5,1.92,0.13,,0.14,0.0,1.2000000000000002,98.8,False,False,False,False,False,False,False,False,False,False,False,False,False,False,False,False,False,False,False,False,False,False,False,False,2012,8,6.3,18.5,32.92,44578,114.17457574625537,2012,True,False
2012,8,Summer,32.575,130.54611111111112,8.8,500,SIS,7.5,-243.0,,8.6,14.7,2.21,0.32,,0.32,0.0,0.4,99.6,False,False,False,False,False,False,False,False,False,False,False,False,False,False,False,False,False,False,False,False,False,False,False,False,2012,8,6.3,18.5,32.92,44578,119.93324133027195,2012,True,False
2012,8,Summer,32.50333333333333,130.52,10.4,500,SIS,7.5,-176.0,,5.8,12.3,1.28,0.31,,0.12,0.0,25.5,74.5,False,False,False,False,False,False,False,False,False,False,False,False,False,False,False,False,False,False,False,False,False,False,False,False,2012,8,6.3,18.5,32.92,44578,127.09697144420366,2012,True,False
2012,8,Summer,32.41166666666666,130.46194444444444,33.0,500,SIS,7.6,,,9.7,16.5,2.18,0.22,,0.32,0.0,2.7,97.3,False,False,False,False,False,False,False,False,False,False,False,False,False,False,False,False,False,False,False,False,False,False,False,False,2012,8,6.3,18.5,32.92,44578,138.0927301285739,2012,True,False
2012,8,Summer,32.29,130.39027777777778,49.0,500,SIS,7.7,-283.0,,9.9,10.5,1.67,0.15,,0.25,0.0,25.3,74.69999999999999,False,False,False,False,False,False,False,False,False,False,False,False,False,False,False,False,False,False,False,False,False,False,False,False,2012,8,6.3,18.5,32.92,44578,152.47498872883105,2012,True,False
2012,8,Summer,32.37583333333333,130.2827777777778,38.1,500,SIS,7.7,-40.0,,9.3,9.1,1.56,0.22,,0.2,0.0,45.0,55.0,False,False,False,False,False,False,False,False,False,False,False,False,False,False,False,False,False,False,False,False,False,False,False,False,2012,8,6.3,18.5,32.92,44578,153.10784526113198,2012,True,False
2012,8,Summer,32.293055555555554,130.1638888888889,11.0,500,SIS,7.9,118.0,,4.1,1.3,0.26,0.12,,0.08,1.1,89.1,9.8,False,False,False,False,False,False,False,False,False,False,False,False,False,False,False,False,False,False,False,False,False,False,False,False,2012,8,6.3,18.5,32.92,44578,167.5737322807336,2012,True,False
2012,7,Summer,33.306666666666665,131.61083333333332,53.3,314,SIS,8.3,-120.0,58.7,11.7,30.4,0.33,0.48,25.0,0.02,0.1,0.6,99.3,False,False,False,False,False,False,False,False,False,False,False,False,False,False,False,False,False,False,False,False,False,False,False,False,2012,7,6.3,18.5,32.92,44578,9.12834753744645,2012,False,False
2012,8,Summer,32.24027777777778,130.2313888888889,40.2,500,SIS,7.2,47.1,17.9,8.7,2.5,0.8,0.57,,0.005,0.5,91.7,7.8,False,False,False,False,False,False,False,False,False,False,False,False,False,False,False,False,False,False,False,False,False,False,True,False,2012,8,6.3,18.5,32.92,44578,166.90264830916988,2012,True,False
2012,8,Summer,32.19083333333333,130.2713888888889,37.3,500,SIS,7.6,6.3,29.0,7.9,8.9,1.6,0.4,,0.005,0.9,51.4,47.7,False,False,False,False,False,False,False,False,False,False,False,False,False,False,False,False,False,False,False,False,False,False,True,False,2012,8,6.3,18.5,32.92,44578,168.1702387314479,2012,True,False
2012,8,Summer,32.13,130.30472222222224,14.4,500,SIS,8.1,11.3,25.0,5.3,9.3,1.4,0.3,,0.02,3.0,38.8,58.2,False,False,False,False,False,False,False,False,False,False,False,False,False,False,False,False,False,False,False,False,False,False,False,False,2012,8,6.3,18.5,32.92,44578,171.05204477934865,2012,True,False
2013,8,Summer,35.61055555555556,139.89777777777778,6.7,100,Tokyo,7.3,-67.0,61.6,11.4,31.3,0.1,0.71,28.9,0.74,0.05,24.9,75.1,True,False,False,False,False,False,False,False,False,False,False,False,False,False,False,False,False,False,False,False,False,False,False,False,2013,8,7.2,28.4,26.72,1212,0.2798600340455486,2013,False,False
2013,8,Summer,35.645833333333336,139.99027777777778,5.2,100,Tokyo,8.1,71.0,25.2,1.2,3.9,0.16,0.21,1.4,0.1,0.05,91.8,8.2,True,False,False,False,False,False,False,False,False,False,False,False,False,False,False,False,False,False,False,False,False,False,False,False,2013,8,14.9,28.1,25.49,122,0.1564635574419385,2013,False,False
2013,8,Summer,35.60527777777778,140.06111111111113,8.0,100,Tokyo,7.4,-187.0,62.6,10.1,26.5,0.14,0.56,29.4,0.36,0.05,10.6,89.4,True,False,False,False,False,False,False,False,False,False,False,False,False,False,False,False,False,False,False,False,False,False,False,False,2013,8,10.9,28.4,28.86,124,0.03981019418112153,2013,False,False
2013,8,Summer,35.550555555555555,139.91,16.5,100,Tokyo,7.4,-184.0,74.0,13.1,64.2,0.16,0.54,32.0,1.29,0.05,3.2,96.8,True,False,False,False,False,False,False,False,False,False,False,False,False,False,False,False,False,False,False,False,False,False,False,False,2013,8,0.8,24.1,31.78,1215,0.5904657166575917,2013,False,True
2013,8,Summer,35.536944444444444,140.02,15.8,100,Tokyo,7.5,-188.0,70.4,11.8,39.5,0.28,0.51,25.1,0.91,0.05,6.0,94.0,True,False,False,False,False,False,False,False,False,False,False,False,False,False,False,False,False,False,False,False,False,False,False,False,2013,8,2.6,23.1,31.79,129,0.4085553603445186,2013,False,False
2013,8,Summer,35.34361111111112,139.79944444444445,8.7,100,Tokyo,7.7,-104.0,37.1,3.9,14.4,0.07,0.37,9.2,0.34,1.4,47.9,50.7,False,False,False,False,False,False,False,False,False,False,False,False,False,False,False,False,False,False,False,False,False,False,False,False,2013,8,5.5,24.3,31.82,1235,1.0996890622251891,2013,False,False
2013,8,Summer,35.559999999999995,139.8211111111111,16.4,100,Tokyo,7.7,,58.4,9.6,10.1,2.71,0.58,24.3,1.91,0.05,2.1,97.9,True,False,False,False,False,False,False,False,False,False,False,False,False,False,False,False,False,False,False,False,False,False,False,False,2013,8,0.5,21.5,32.8,1318,0.3706493848336432,2013,False,True
2013,8,Summer,35.4675,139.85277777777776,27.1,100,Tokyo,7.7,,68.0,14.2,14.7,3.55,0.72,27.8,1.25,1.1,5.8,93.1,False,False,False,False,False,False,False,False,False,False,False,False,False,False,False,False,False,False,False,False,False,False,False,False,2013,8,1.5,20.0,33.7,1326,2.012494465836712e-06,2013,False,True
2013,7,Summer,34.93666666666666,136.80194444444444,7.8,201,Ise,7.4,-220.0,21.9,1.7,2.5,0.21,0.18,5.4,0.005,1.6,96.2,2.2,False,False,False,False,False,False,False,False,False,False,False,False,False,False,False,False,False,False,False,False,False,False,True,False,2013,7,8.3,23.8,29.23,2310,4.068297542329713e-06,2013,False,False
2013,7,Summer,34.723333333333336,137.1186111111111,12.6,202,Ise,8.0,-140.0,18.8,1.5,4.1,0.3,0.14,4.1,0.02,25.0,71.0,4.0,False,False,False,False,False,False,False,False,False,False,False,False,False,False,False,False,False,False,False,False,False,False,False,False,2013,7,3.8,24.6,31.86,2359,1.0810001764324187e-06,2013,False,False
2013,7,Summer,34.75333333333333,137.28861111111112,9.1,202,Ise,7.8,,52.3,8.1,17.0,1.7,0.49,22.0,0.15,0.5,12.7,86.8,False,False,False,False,False,False,False,False,False,False,False,False,False,False,False,False,False,False,False,False,False,False,False,False,2013,7,2.8,25.2,31.62,2361,1.0806565858142234e-06,2013,False,False
2013,7,Summer,34.88972222222222,136.66361111111112,14.1,201,Ise,7.5,-290.0,65.0,10.0,14.0,2.4,0.75,20.0,0.5,0.4,2.2,97.4,False,False,False,False,False,False,False,False,False,False,False,False,False,False,False,False,False,False,False,False,False,False,False,False,2013,7,5.2,21.8,31.4,2411,1.0431147913434693e-06,2013,False,False
2013,7,Summer,34.669999999999995,136.5975,24.1,201,Ise,7.3,-380.0,78.0,12.0,19.0,3.1,0.62,21.0,0.51,0.05,0.6,99.4,True,False,False,False,False,False,False,False,False,False,False,False,False,False,False,False,False,False,False,False,False,False,False,False,2013,7,3.9,20.1,32.2,2427,7.073230889886872e-13,2013,False,False
2013,7,Summer,34.98722222222222,136.68027777777775,12.7,201,Ise,7.6,-350.0,70.0,9.6,14.0,2.0,0.68,16.0,0.77,0.05,1.1,98.9,True,False,False,False,False,False,False,False,False,False,False,False,False,False,False,False,False,False,False,False,False,False,False,False,2013,7,3.6,21.4,31.6,244,2.0394666780280975e-06,2013,False,False
2013,7,Summer,34.65833333333333,135.40916666666666,14.2,301,SIS,7.9,,79.7,10.0,48.0,2.3,0.67,20.0,1.9,0.2,1.5,98.3,False,False,False,False,False,False,False,False,False,False,False,False,False,False,False,False,False,False,False,False,False,False,False,False,2013,7,1.7,20.4,25.38,272,3.0712552024428725e-06,2013,False,True
2013,7,Summer,34.439722222222215,135.13722222222222,31.2,302,SIS,7.9,-246.0,55.3,6.5,22.0,1.2,0.41,12.0,0.22,0.6,22.5,76.9,False,False,False,False,False,False,False,False,False,False,False,False,False,False,False,False,False,False,False,False,False,False,False,False,2013,7,6.2,21.9,32.94,2744,2.052811989601796e-06,2013,False,False
2013,7,Summer,34.65833333333333,135.26388888888889,16.0,301,SIS,7.74,-350.0,60.9,11.1,29.4,3.08,0.71,22.0,1.03,0.0,1.0,99.0,False,False,False,False,False,False,False,False,False,False,False,False,False,False,False,False,False,False,False,False,False,False,False,False,2013,7,4.8,23.7,32.17,2823,1.0817522709564292e-06,2013,False,False
2013,7,Summer,34.60333333333333,134.61388888888888,38.0,305,SIS,8.24,-61.0,42.9,6.7,13.1,1.48,0.42,12.0,0.02,0.3,38.2,61.5,False,False,False,False,False,False,False,False,False,False,False,False,False,False,False,False,False,False,False,False,False,False,False,False,2013,7,5.8,21.2,32.29,28143,1.0823854829045792e-06,2013,False,False
2013,7,Summer,34.11277777777778,135.00833333333333,63.0,303,SIS,7.4,174.0,43.7,6.3,6.9,1.03,0.37,7.6,0.03,0.8,27.3,71.9,False,False,False,False,False,False,False,False,False,False,False,False,False,False,False,False,False,False,False,False,False,False,False,False,2013,7,6.6,16.0,34.58,3079,3.0786714110954903e-06,2013,False,False
2013,7,Summer,34.38666666666666,133.24749999999997,13.0,309,SIS,7.5,69.0,52.3,7.3,4.2,0.74,0.36,6.84,0.08,1.9,20.1,78.0,False,False,False,False,False,False,False,False,False,False,False,False,False,False,False,False,False,False,False,False,False,False,False,False,2013,7,6.5,24.5,31.85,34313,3.7065003045484965e-07,2013,False,False
2013,7,Summer,34.333333333333336,132.45583333333332,20.0,312,SIS,7.7,61.0,68.8,12.3,7.7,2.41,0.6,25.26,0.17,0.0,2.3,97.7,False,False,False,False,False,False,False,False,False,False,False,False,False,False,False,False,False,False,False,False,False,False,False,False,2013,7,6.4,21.9,32.47,34396,3.0830756027894546e-06,2013,False,False
2013,7,Summer,34.30305555555555,132.35305555555556,25.0,312,SIS,7.5,-42.0,75.5,12.3,7.6,2.63,0.63,20.78,0.24,0.0,0.5,99.5,False,False,False,False,False,False,False,False,False,False,False,False,False,False,False,False,False,False,False,False,False,False,False,False,2013,7,5.3,20.1,32.54,34410,6.410111599588196e-07,2013,False,False
2013,7,Summer,33.99666666666667,132.29222222222222,16.0,312,SIS,7.326666666666665,-125.33333333333331,55.49658135738371,10.162080973048878,15.698167207178544,1.9083501398563385,0.5376,18.221648931503296,0.3129181161959211,0.05,20.038167938931306,79.96183206106869,True,False,False,False,False,False,False,False,False,False,False,False,False,False,False,False,False,False,False,False,False,False,False,False,2013,7,8.5,20.5,32.57,35426,2.0818909855812816e-06,2013,False,False
2013,7,Summer,34.03805555555555,131.70083333333332,12.6,315,SIS,7.496666666666666,-82.33333333333331,51.02622830170248,9.320070902151496,15.300106957813508,1.773214340209961,0.5660533333333332,17.61035680770874,0.3041825745680598,0.05,5.300187617260783,94.6998123827392,True,False,False,False,False,False,False,False,False,False,False,False,False,False,False,False,False,False,False,False,False,False,False,False,2013,7,6.0,20.5,32.68,35550,3.1109519614069765e-06,2013,False,False
2013,7,Summer,33.78333333333333,131.3252777777778,23.4,316,SIS,7.463333333333334,-126.66666666666669,53.426526007937206,8.119068484090329,15.519961976161165,1.576830893754959,0.5424449999999998,14.195337295532228,0.3878645589992056,0.05,22.642500656685044,77.357499343315,True,False,False,False,False,False,False,False,False,False,False,False,False,False,False,False,False,False,False,False,False,False,False,False,2013,7,7.8,20.4,32.84,35598,2.0869368062898815e-06,2013,False,False
2013,7,Summer,34.282222222222224,134.3538888888889,19.0,306,SIS,7.6,117.0,65.9,9.7,12.1,1.91,0.49,15.65,0.14,0.0,1.1,98.9,False,False,False,False,False,False,False,False,False,False,False,False,False,False,False,False,False,False,False,False,False,False,False,False,2013,7,6.5,22.1,31.48,37181,1.0503382490329312e-06,2013,False,False
2013,7,Summer,34.11138888888889,133.6275,12.0,310,SIS,7.6,57.0,32.5,4.2,6.7,0.8,0.34,7.47,0.07,0.1,28.0,71.9,False,False,False,False,False,False,False,False,False,False,False,False,False,False,False,False,False,False,False,False,False,False,False,False,2013,7,7.3,25.7,31.56,37254,1.2354953859983198e-07,2013,False,False
2013,7,Summer,34.056666666666665,133.49749999999997,21.0,310,SIS,7.3,-134.0,71.7,10.6,8.4,1.97,0.54,16.12,0.13,0.0,0.4,99.6,False,False,False,False,False,False,False,False,False,False,False,False,False,False,False,False,False,False,False,False,False,False,False,False,2013,7,5.7,20.0,32.56233333,38274,3.706493231318329e-07,2013,False,False
2013,7,Summer,34.00333333333333,133.1725,13.7,310,SIS,7.3,-77.0,53.7,7.1,7.5,1.28,0.51,10.01,0.14,0.0,9.3,90.7,False,False,False,False,False,False,False,False,False,False,False,False,False,False,False,False,False,False,False,False,False,False,False,False,2013,7,7.1,22.8,31.98033333,38328,3.706493231225849e-07,2013,False,False
2013,7,Summer,33.638333333333335,131.13083333333333,7.7,316,SIS,7.6,89.0,55.5,8.0,11.9,1.29,0.41,12.33,0.13,0.6,37.2,62.2,False,False,False,False,False,False,False,False,False,False,False,False,False,False,False,False,False,False,False,False,False,False,False,False,2013,7,6.02,23.86,30.72,40617,3.108026703408754e-06,2013,False,False
2013,8,Summer,33.086666666666666,130.3477777777778,4.7,400,SIS,6.9,-175.0,49.3,7.6,14.8,1.37,0.65,15.5,0.28,0.0,28.9,71.1,False,False,False,False,False,False,False,False,False,False,False,False,False,False,False,False,False,False,False,False,False,False,False,False,2013,8,6.02,23.86,30.72,40617,95.1390112217963,2013,True,False
2013,8,Summer,32.99166666666667,130.34944444444446,6.5,400,SIS,7.0,-117.0,23.6,2.1,1.0,0.15,0.29,0.45,0.04,0.1,99.0,0.9,False,False,False,False,False,False,False,False,False,False,False,False,False,False,False,False,False,False,False,False,False,False,False,False,2013,8,6.02,23.86,30.72,40617,102.18722696229352,2013,True,False
2013,8,Summer,33.09055555555556,130.15444444444444,2.6,400,SIS,6.8,-162.0,52.2,6.6,15.4,1.18,0.61,8.22,0.72,9.5,41.4,49.1,False,False,False,False,False,False,False,False,False,False,False,False,False,False,False,False,False,False,False,False,False,False,False,False,2013,8,6.02,23.86,30.72,40617,109.23363830423409,2013,True,False
2013,8,Summer,33.12,130.23111111111112,6.1,400,SIS,6.7,-162.0,71.5,11.1,16.0,2.25,0.78,19.1,0.71,0.0,0.2,99.8,False,False,False,False,False,False,False,False,False,False,False,False,False,False,False,False,False,False,False,False,False,False,False,False,2013,8,6.02,23.86,30.72,40617,101.49396129962071,2013,True,False
2013,8,Summer,33.045,130.23777777777775,12.7,400,SIS,7.2,-176.0,64.1,8.6,13.2,1.61,0.69,13.9,0.55,0.0,17.1,82.9,False,False,False,False,False,False,False,False,False,False,False,False,False,False,False,False,False,False,False,False,False,False,False,False,2013,8,6.02,23.86,30.72,40617,105.99411125332038,2013,True,False
2013,8,Summer,32.93666666666666,130.33333333333334,21.8,400,SIS,7.1,-156.0,23.8,2.9,3.3,0.4,0.42,1.4,0.05,14.4,78.1,7.5,False,False,False,False,False,False,False,False,False,False,False,False,False,False,False,False,False,False,False,False,False,False,False,False,2013,8,6.02,23.86,30.72,40617,107.62071483510371,2013,True,False
2013,8,Summer,32.89666666666667,130.20777777777778,7.0,400,SIS,6.5,-205.0,67.1,10.1,19.8,2.06,0.67,14.2,0.73,0.0,5.9,94.1,False,False,False,False,False,False,False,False,False,False,False,False,False,False,False,False,False,False,False,False,False,False,False,False,2013,8,6.02,23.86,30.72,40617,119.01997409460549,2013,True,False
2013,8,Summer,32.81333333333333,130.39777777777778,45.7,400,SIS,7.0,8.0,27.5,1.5,1.0,0.17,0.35,0.51,0.07,2.8,95.3,1.9,False,False,False,False,False,False,False,False,False,False,False,False,False,False,False,False,False,False,False,False,False,False,False,False,2013,8,6.02,23.86,30.72,40617,114.30057398616711,2013,True,False
2013,8,Summer,32.74,130.09166666666667,33.0,600,SIS,7.8,-258.0,69.6,13.5,20.3,2.71,0.71,18.7,0.4,0.0,5.7,94.3,False,False,False,False,False,False,False,False,False,False,False,False,False,False,False,False,False,False,False,False,False,False,False,False,2013,8,6.02,23.86,30.72,40617,139.02673816258616,2013,True,False
2013,8,Summer,32.74,130.185,37.2,600,SIS,7.6,-329.0,77.4,14.0,28.4,3.37,0.87,22.9,0.65,0.0,1.9,98.1,False,False,False,False,False,False,False,False,False,False,False,False,False,False,False,False,False,False,False,False,False,False,False,False,2013,8,6.02,23.86,30.72,40617,133.13245332525227,2013,True,False
2013,8,Summer,32.685,130.005,34.0,600,SIS,7.7,-242.0,49.7,7.8,9.9,1.29,0.52,7.09,0.16,0.1,58.1,41.8,False,False,False,False,False,False,False,False,False,False,False,False,False,False,False,False,False,False,False,False,False,False,False,False,2013,8,6.02,23.86,30.72,40617,149.06083823559445,2013,True,False
2013,8,Summer,32.685,130.105,39.1,600,SIS,7.9,-244.0,54.3,8.8,11.4,1.51,0.55,9.04,0.17,0.1,49.2,50.7,False,False,False,False,False,False,False,False,False,False,False,False,False,False,False,False,False,False,False,False,False,False,False,False,2013,8,6.02,23.86,30.72,40617,142.67059349576127,2013,True,False
2013,8,Summer,32.63166666666667,129.92888888888888,51.4,600,SIS,7.5,-49.0,54.5,9.7,10.9,1.6,0.66,10.1,0.18,0.0,41.6,58.4,False,False,False,False,False,False,False,False,False,False,False,False,False,False,False,False,False,False,False,False,False,False,False,False,2013,8,6.02,23.86,30.72,40617,158.28510045750994,2013,True,False
2013,8,Summer,32.625,130.02166666666668,52.4,600,SIS,8.0,83.0,26.1,4.1,3.2,0.52,0.5,1.5,0.06,6.1000000000000005,84.3,9.6,False,False,False,False,False,False,False,False,False,False,False,False,False,False,False,False,False,False,False,False,False,False,False,False,2013,8,6.02,23.86,30.72,40617,152.8483019883832,2013,True,False
2013,8,Summer,32.81666666666667,130.5011111111111,13.0,400,SIS,6.8,-126.0,54.4,7.7,11.2,1.37,0.61,8.99,0.26,0.1,28.3,71.6,False,False,False,False,False,False,False,False,False,False,False,False,False,False,False,False,False,False,False,False,False,False,False,False,2013,8,5.9,19.5,33.27,44578,107.89349129950863,2013,True,False
2013,8,Summer,32.74333333333333,130.56194444444446,5.2,400,SIS,6.7,-171.0,40.3,4.5,8.9,0.97,0.47,7.19,0.32,0.0,53.6,46.4,False,False,False,False,False,False,False,False,False,False,False,False,False,False,False,False,False,False,False,False,False,False,False,False,2013,8,5.9,19.5,33.27,44578,107.30442609795942,2013,True,False
2013,8,Summer,32.74861111111111,130.45916666666665,48.0,400,SIS,6.6,-80.0,45.3,7.0,8.5,1.08,0.59,6.92,0.21,0.0,60.0,40.0,False,False,False,False,False,False,False,False,False,False,False,False,False,False,False,False,False,False,False,False,False,False,False,False,2013,8,5.9,19.5,33.27,44578,115.079641224355,2013,True,False
2013,8,Summer,32.623333333333335,130.37611111111113,54.0,400,SIS,6.8,10.0,28.3,2.8,2.0,0.38,0.41,1.18,0.03,11.0,86.30000000000001,2.7,False,False,False,False,False,False,False,False,False,False,False,False,False,False,False,False,False,False,False,False,False,False,False,False,2013,8,5.9,19.5,33.27,44578,129.19482358290225,2013,True,False
2013,8,Summer,32.611666666666665,130.58972222222224,3.6,500,SIS,7.5,-141.0,67.1,8.3,15.5,1.9,0.66,13.9,0.37,0.0,0.4,99.6,False,False,False,False,False,False,False,False,False,False,False,False,False,False,False,False,False,False,False,False,False,False,False,False,2013,8,5.9,19.5,33.27,44578,114.17457574625537,2013,True,False
2013,8,Summer,32.575,130.54611111111112,7.3,500,SIS,7.6,-151.0,67.1,8.8,17.7,2.05,0.64,14.3,0.63,0.0,0.5,99.5,False,False,False,False,False,False,False,False,False,False,False,False,False,False,False,False,False,False,False,False,False,False,False,False,2013,8,5.9,19.5,33.27,44578,119.93324133027195,2013,True,False
2013,8,Summer,32.50333333333333,130.52,8.9,500,SIS,7.9,-135.0,51.5,6.2,10.3,1.26,0.48,9.19,0.28,0.0,23.6,76.4,False,False,False,False,False,False,False,False,False,False,False,False,False,False,False,False,False,False,False,False,False,False,False,False,2013,8,5.9,19.5,33.27,44578,127.09697144420366,2013,True,False
2013,8,Summer,32.41166666666666,130.46194444444444,32.6,500,SIS,7.7,-151.0,68.6,9.1,17.8,2.13,0.58,13.7,0.32,0.0,1.9,98.1,False,False,False,False,False,False,False,False,False,False,False,False,False,False,False,False,False,False,False,False,False,False,False,False,2013,8,5.9,19.5,33.27,44578,138.0927301285739,2013,True,False
2013,8,Summer,32.29,130.39027777777778,44.5,500,SIS,7.7,-143.0,62.7,11.8,17.9,2.14,0.64,13.2,0.2,0.0,14.6,85.4,False,False,False,False,False,False,False,False,False,False,False,False,False,False,False,False,False,False,False,False,False,False,False,False,2013,8,5.9,19.5,33.27,44578,152.47498872883105,2013,True,False
2013,8,Summer,32.37583333333333,130.2827777777778,32.0,500,SIS,7.7,-116.0,50.2,9.1,10.1,1.53,0.72,9.05,0.08,0.1,45.3,54.6,False,False,False,False,False,False,False,False,False,False,False,False,False,False,False,False,False,False,False,False,False,False,False,False,2013,8,5.9,19.5,33.27,44578,153.10784526113198,2013,True,False
2013,8,Summer,32.293055555555554,130.1638888888889,10.0,500,SIS,6.6,181.0,29.4,2.8,1.5,0.36,0.23,0.81,0.04,0.4,96.2,3.4,False,False,False,False,False,False,False,False,False,False,False,False,False,False,False,False,False,False,False,False,False,False,False,False,2013,8,5.9,19.5,33.27,44578,167.5737322807336,2013,True,False
2013,7,Summer,33.306666666666665,131.61083333333332,53.4,314,SIS,7.6,-117.0,71.4,12.6,9.8,2.48,0.59,22.33,0.2,0.0,0.6,99.4,False,False,False,False,False,False,False,False,False,False,False,False,False,False,False,False,False,False,False,False,False,False,False,False,2013,7,5.3,19.4,33.33,44528,4.830500351793654e-07,2013,False,False
2013,8,Summer,32.24027777777778,130.2313888888889,51.0,500,SIS,7.6,122.0,33.7,4.3,3.1,0.54,0.71,1.39,0.04,13.7,78.19999999999999,8.1,False,False,False,False,False,False,False,False,False,False,False,False,False,False,False,False,False,False,False,False,False,False,False,False,2013,8,5.9,19.5,33.27,44578,166.90264830916988,2013,True,False
2013,8,Summer,32.19083333333333,130.2713888888889,35.0,500,SIS,7.4,-135.0,33.0,3.9,10.6,1.73,0.43,7.83,0.14,0.6,52.900000000000006,46.5,False,False,False,False,False,False,False,False,False,False,False,False,False,False,False,False,False,False,False,False,False,False,False,False,2013,8,5.9,19.5,33.27,44578,168.1702387314479,2013,True,False
2013,8,Summer,32.13,130.30472222222224,12.7,500,SIS,7.4,-122.0,50.8,7.3,7.3,0.74,0.31,4.72,0.11,6.7,50.6,42.7,False,False,False,False,False,False,False,False,False,False,False,False,False,False,False,False,False,False,False,False,False,False,False,False,2013,8,5.9,19.5,33.27,44578,171.05204477934865,2013,True,False
2014,8,Summer,35.61055555555556,139.89777777777778,7.8,100,Tokyo,7.4,,50.4,9.1,25.5,1.38,2.02,23.5,1.43,0.0,9.3,90.7,False,False,False,False,False,False,False,False,False,False,False,False,False,False,False,False,False,False,False,False,False,False,False,False,2014,8,7.3,27.7,25.62,1212,0.2798600340455486,2014,False,False
2014,8,Summer,35.645833333333336,139.99027777777778,6.2,100,Tokyo,7.8,-351.0,32.2,4.8,4.5,0.68,0.49,8.8,0.21,0.0,49.1,50.9,False,False,False,False,False,False,False,False,False,False,False,False,False,False,False,False,False,False,False,False,False,False,False,False,2014,8,10.0,28.2,24.3,122,0.1564635574419385,2014,False,False
2014,8,Summer,35.60527777777778,140.06111111111113,9.3,100,Tokyo,7.5,-382.0,52.0,7.5,12.9,0.83,1.15,17.4,0.32,0.0,4.9,95.1,False,False,False,False,False,False,False,False,False,False,False,False,False,False,False,False,False,False,False,False,False,False,False,False,2014,8,8.8,27.4,26.24,124,0.03981019418112153,2014,False,False
2014,8,Summer,35.550555555555555,139.91,17.5,100,Tokyo,7.5,,73.0,14.2,35.1,2.33,3.43,34.9,0.79,0.0,7.3,92.7,False,False,False,False,False,False,False,False,False,False,False,False,False,False,False,False,False,False,False,False,False,False,False,False,2014,8,1.1,26.0,30.26,1215,0.5904657166575917,2014,False,True
2014,8,Summer,35.536944444444444,140.02,14.7,100,Tokyo,7.4,-42.0,69.3,13.6,32.9,2.0,2.28,31.6,0.22,0.0,4.7,95.3,False,False,False,False,False,False,False,False,False,False,False,False,False,False,False,False,False,False,False,False,False,False,False,False,2014,8,1.6,27.1,27.58,129,0.4085553603445186,2014,False,True
2014,8,Summer,35.34361111111112,139.79944444444445,8.2,100,Tokyo,7.7,-296.0,28.0,4.6,7.5,0.52,0.79,11.7,0.18,0.0,38.6,61.4,False,False,False,False,False,False,False,False,False,False,False,False,False,False,False,False,False,False,False,False,False,False,False,False,2014,8,8.8,27.1,30.94,1235,1.0996890622251891,2014,False,False
2014,8,Summer,35.559999999999995,139.8211111111111,16.2,100,Tokyo,7.5,,70.0,11.7,30.1,3.8,0.94,28.1,1.86,0.05,0.3,99.7,True,False,False,False,False,False,False,False,False,False,False,False,False,False,False,False,False,False,False,False,False,False,False,False,2014,8,3.1,24.1,31.2,1318,0.3706493848336432,2014,False,False
2014,8,Summer,35.4675,139.85277777777776,28.3,100,Tokyo,7.6,-338.0,62.7,10.5,19.1,2.91,0.61,26.6,0.58,0.05,4.6,95.4,True,False,False,False,False,False,False,False,False,False,False,False,False,False,False,False,False,False,False,False,False,False,False,False,2014,8,0.9,18.8,33.3,1326,2.012494465836712e-06,2014,False,True
2014,8,Summer,35.46083333333333,139.74805555555554,26.1,100,Tokyo,7.6,,68.5,13.8,31.0,3.08,0.8,24.6,0.56,6.18,75.81,18.0,False,False,False,False,False,False,False,False,False,False,False,False,False,False,False,False,False,False,False,False,False,False,False,False,2014,8,5.8,17.2,34.3,1432,4.0423459997519365e-06,2014,False,False
2014,7,Summer,34.93666666666666,136.80194444444444,6.0,201,Ise,7.3,80.0,23.6,1.7,6.0,0.27,0.16,3.1,0.01,2.0,75.9,22.1,False,False,False,False,False,False,False,False,False,False,False,False,False,False,False,False,False,False,False,False,False,False,False,False,2014,7,7.5,24.8,28.92,2310,4.068297542329713e-06,2014,False,False
2014,7,Summer,34.723333333333336,137.1186111111111,11.0,202,Ise,7.8,180.0,19.3,1.1,7.2,0.36,0.13,3.6,0.03,24.7,72.7,2.6,False,False,False,False,False,False,False,False,False,False,False,False,False,False,False,False,False,False,False,False,False,False,False,False,2014,7,7.0,25.3,31.85,2359,1.0810001764324187e-06,2014,False,False
2014,7,Summer,34.75333333333333,137.28861111111112,7.7,202,Ise,7.9,-280.0,47.2,2.0,29.4,1.5,0.42,20.0,0.06,0.05,12.4,87.6,True,False,False,False,False,False,False,False,False,False,False,False,False,False,False,False,False,False,False,False,False,False,False,False,2014,7,4.7,25.4,31.22,2361,1.0806565858142234e-06,2014,False,False
2014,7,Summer,34.98722222222222,136.68027777777775,12.6,201,Ise,7.3,-390.0,65.0,22.0,15.0,2.0,0.84,13.0,0.73,0.05,0.4,99.5,True,False,False,False,False,False,False,False,False,False,False,False,False,False,False,False,False,False,False,False,False,False,False,False,2014,7,1.8,22.5,31.1,244,2.0394666780280975e-06,2014,False,True
2014,7,Summer,34.88972222222222,136.66361111111112,14.7,201,Ise,7.4,-340.0,61.0,17.0,14.0,2.4,0.69,15.0,0.3,0.3,2.2,97.5,False,False,False,False,False,False,False,False,False,False,False,False,False,False,False,False,False,False,False,False,False,False,False,False,2014,7,1.8,22.5,31.6,2411,1.0431147913434693e-06,2014,False,True
2014,7,Summer,34.669999999999995,136.5975,24.7,201,Ise,7.1,-400.0,81.0,12.0,21.0,3.5,0.56,21.0,0.4,0.05,0.6,99.4,True,False,False,False,False,False,False,False,False,False,False,False,False,False,False,False,False,False,False,False,False,False,False,False,2014,7,0.7,20.0,32.0,2427,7.073230889886872e-13,2014,False,True
2014,7,Summer,34.65833333333333,135.40916666666666,14.3,301,SIS,8.0,,73.4,10.0,45.0,2.4,0.65,20.0,1.7,1.2,6.4,92.4,False,False,False,False,False,False,False,False,False,False,False,False,False,False,False,False,False,False,False,False,False,False,False,False,2014,7,0.5,19.8,32.19,272,3.0712552024428725e-06,2014,False,True
2014,7,Summer,34.439722222222215,135.13722222222222,31.7,302,SIS,7.9,-297.0,55.1,6.7,19.0,1.6,0.35,10.0,0.13,0.9,22.8,76.3,False,False,False,False,False,False,False,False,False,False,False,False,False,False,False,False,False,False,False,False,False,False,False,False,2014,7,5.9,21.9,33.07,2744,2.052811989601796e-06,2014,False,False
2014,7,Summer,34.65833333333333,135.26388888888889,16.0,301,SIS,8.33,-400.0,58.1,10.9,27.9,2.61,0.51,22.0,0.82,0.0,12.7,87.3,False,False,False,False,False,False,False,False,False,False,False,False,False,False,False,False,False,False,False,False,False,False,False,False,2014,7,3.6,23.5,32.34,2823,1.0817522709564292e-06,2014,False,False
2014,7,Summer,34.60333333333333,134.61388888888888,38.0,305,SIS,8.33,-50.0,47.5,7.7,15.7,1.82,0.38,11.0,0.02,0.7,54.9,44.4,False,False,False,False,False,False,False,False,False,False,False,False,False,False,False,False,False,False,False,False,False,False,False,False,2014,7,6.0,22.4,31.98,28143,1.0823854829045792e-06,2014,False,False
2014,7,Summer,34.11277777777778,135.00833333333333,63.0,303,SIS,7.5,-115.0,37.9,6.5,7.7,0.9,0.4,21.4,0.005,2.72,68.24,29.04,False,False,False,False,False,False,False,False,False,False,False,False,False,False,False,False,False,False,False,False,False,False,True,False,2014,7,6.9,21.7,34.29,3079,3.0786714110954903e-06,2014,False,False
2014,7,Summer,34.38666666666666,133.24055555555557,,309,SIS,7.5,-168.0,33.3,6.8,8.0,0.65,0.43,7.7,0.06,6.68,62.63,30.68,False,False,False,False,False,False,False,False,False,False,False,False,False,False,False,False,False,False,False,False,False,False,False,False,2014,7,7.1,21.1,32.83,34312,0.49419955044346753,2014,False,False
2014,7,Summer,34.333333333333336,132.45583333333332,20.5,312,SIS,7.6,-199.0,56.2,12.6,16.0,2.19,0.65,18.9,0.07,1.71,82.57,15.73,False,False,False,False,False,False,False,False,False,False,False,False,False,False,False,False,False,False,False,False,False,False,False,False,2014,7,5.2,18.3,32.76,34396,3.0830756027894546e-06,2014,False,False
2014,7,Summer,34.30305555555555,132.35305555555556,26.0,312,SIS,7.7,-329.0,67.3,13.9,17.0,2.5,0.65,19.2,0.26,5.72,79.66,14.62,False,False,False,False,False,False,False,False,False,False,False,False,False,False,False,False,False,False,False,False,False,False,False,False,2014,7,6.3,18.5,32.27,34410,6.410111599588196e-07,2014,False,False
2014,7,Summer,33.99666666666667,132.29222222222222,14.7,312,SIS,7.406666666666666,-92.66666666666669,49.918759921870254,9.50618647637718,13.987746406146808,1.2956896886229516,0.4913,13.34753007888794,0.1597404534616059,0.05,22.662601626016244,77.33739837398376,True,False,False,False,False,False,False,False,False,False,False,False,False,False,False,False,False,False,False,False,False,False,False,False,2014,7,8.0,21.3,32.41,35426,2.0818909855812816e-06,2014,False,False
2014,7,Summer,34.03805555555555,131.70083333333332,11.8,315,SIS,7.413333333333334,-97.66666666666669,51.85464052488768,11.033498355883502,16.231058108296065,2.1113242814394577,0.62955,16.58164422903488,0.3946382415074008,0.3,25.977933801404205,73.77131394182543,False,False,False,False,False,False,False,False,False,False,False,False,False,False,False,False,False,False,False,False,False,False,False,False,2014,7,6.8,21.0,32.24,35550,3.1109519614069765e-06,2014,False,False
2014,7,Summer,33.78333333333333,131.3252777777778,24.7,316,SIS,7.473333333333334,-102.0,56.01300586884624,11.117906117399151,15.72713802955484,2.1856325626373287,0.5245000000000001,13.982735377550124,0.3713218794772171,0.05,22.554002541296036,77.44599745870397,True,False,False,False,False,False,False,False,False,False,False,False,False,False,False,False,False,False,False,False,False,False,False,False,2014,7,6.4,19.6,32.58,35598,2.0869368062898815e-06,2014,False,False
2014,7,Summer,34.282222222222224,134.3538888888889,19.7,306,SIS,7.6,-185.0,52.5,10.3,10.0,1.88,0.6,14.5,0.09,2.67,69.25,28.09,False,False,False,False,False,False,False,False,False,False,False,False,False,False,False,False,False,False,False,False,False,False,False,False,2014,7,6.7,22.4,32.11,37181,1.0503382490329312e-06,2014,False,False
2014,7,Summer,34.11138888888889,133.6275,13.5,310,SIS,7.4,-145.0,33.2,4.8,11.0,0.82,0.4,7.1,0.18,0.31,67.34,32.35,False,False,False,False,False,False,False,False,False,False,False,False,False,False,False,False,False,False,False,False,False,False,False,False,2014,7,6.2,22.9,32.33,37254,1.2354953859983198e-07,2014,False,False
2014,7,Summer,34.056666666666665,133.49749999999997,23.6,310,SIS,7.5,-268.0,61.8,10.4,14.0,1.82,0.56,14.7,0.07,2.45,76.76,20.79,False,False,False,False,False,False,False,False,False,False,False,False,False,False,False,False,False,False,False,False,False,False,False,False,2014,7,7.2,21.0,33.608,38274,3.706493231318329e-07,2014,False,False
2014,7,Summer,34.00333333333333,133.1725,15.1,310,SIS,7.5,-165.0,49.2,7.6,11.0,1.28,0.58,9.8,0.15,5.39,59.93,34.68,False,False,False,False,False,False,False,False,False,False,False,False,False,False,False,False,False,False,False,False,False,False,False,False,2014,7,6.7,20.8,33.508,38328,3.706493231225849e-07,2014,False,False
2014,7,Summer,33.641666666666666,131.13333333333333,8.0,316,SIS,7.6,-245.0,52.9,12.0,15.0,1.97,0.62,19.0,0.28,3.44,67.2,29.35,False,False,False,False,False,False,False,False,False,False,False,False,False,False,False,False,False,False,False,False,False,False,False,False,2014,7,6.59,23.2,32.12,40617,0.4369721738421311,2014,False,False
2014,8,Summer,33.086666666666666,130.3477777777778,5.5,400,SIS,7.18,-187.66666666666663,57.5,7.6,15.7,1.57,0.79,14.9,0.55,0.0,16.0,84.0,False,False,False,False,False,False,False,False,False,False,False,False,False,False,False,False,False,False,False,False,False,False,False,False,2014,8,6.59,23.2,32.12,40617,95.1390112217963,2014,True,False
2014,8,Summer,32.99166666666667,130.34944444444446,8.5,400,SIS,7.7,13.0,28.4,2.3,1.1,0.19,0.318,0.55,0.02,0.3,98.4,1.3,False,False,False,False,False,False,False,False,False,False,False,False,False,False,False,False,False,False,False,False,False,False,False,False,2014,8,6.59,23.2,32.12,40617,102.18722696229352,2014,True,False
2014,8,Summer,33.09055555555556,130.15444444444444,3.1,400,SIS,7.43,-232.66666666666663,72.6,9.8,22.0,2.28,0.751,17.2,0.23,0.0,0.7,99.3,False,False,False,False,False,False,False,False,False,False,False,False,False,False,False,False,False,False,False,False,False,False,False,False,2014,8,6.59,23.2,32.12,40617,109.23363830423409,2014,True,False
2014,8,Summer,33.12,130.23111111111112,4.9,400,SIS,7.86,-178.66666666666666,69.2,9.6,17.8,2.03,0.72,20.0,0.36,0.0,0.7999999999999999,99.2,False,False,False,False,False,False,False,False,False,False,False,False,False,False,False,False,False,False,False,False,False,False,False,False,2014,8,6.59,23.2,32.12,40617,101.49396129962071,2014,True,False
2014,8,Summer,33.045,130.23777777777775,15.6,400,SIS,7.57,-206.0,60.5,7.7,13.9,1.37,0.67,14.0,0.36,0.0,17.400000000000002,82.6,False,False,False,False,False,False,False,False,False,False,False,False,False,False,False,False,False,False,False,False,False,False,False,False,2014,8,6.59,23.2,32.12,40617,105.99411125332038,2014,True,False
2014,8,Summer,32.93666666666666,130.33333333333334,25.7,400,SIS,7.78,-89.33333333333333,25.8,2.7,2.9,0.36,0.438,1.63,0.2,11.9,80.30000000000001,7.8,False,False,False,False,False,False,False,False,False,False,False,False,False,False,False,False,False,False,False,False,False,False,False,False,2014,8,6.59,23.2,32.12,40617,107.62071483510371,2014,True,False
2014,8,Summer,32.89666666666667,130.20777777777778,10.2,400,SIS,7.58,,61.5,9.0,15.1,1.5,0.541,11.7,0.15,0.0,12.7,87.3,False,False,False,False,False,False,False,False,False,False,False,False,False,False,False,False,False,False,False,False,False,False,False,False,2014,8,6.59,23.2,32.12,40617,119.01997409460549,2014,True,False
2014,8,Summer,32.81333333333333,130.39777777777778,44.7,400,SIS,7.989999999999999,133.0,26.3,1.9,1.3,0.23,0.428,0.66,0.01,1.6,98.0,0.4,False,False,False,False,False,False,False,False,False,False,False,False,False,False,False,False,False,False,False,False,False,False,False,False,2014,8,6.59,23.2,32.12,40617,114.30057398616711,2014,True,False
2014,9,Summer,32.74,130.09166666666667,37.5,600,SIS,7.55,-84.66666666666667,64.5,12.3,17.3,2.53,0.723,17.0,0.23,0.0,3.1,96.9,False,False,False,False,False,False,False,False,False,False,False,False,False,False,False,False,False,False,False,False,False,False,False,False,2014,9,6.59,23.2,32.12,40617,139.02673816258616,2014,True,False
2014,9,Summer,32.74,130.185,37.4,600,SIS,7.66,-351.6666666666667,73.5,12.5,23.0,2.94,0.485,23.1,0.44,0.0,2.1,97.9,False,False,False,False,False,False,False,False,False,False,False,False,False,False,False,False,False,False,False,False,False,False,False,False,2014,9,6.59,23.2,32.12,40617,133.13245332525227,2014,True,False
2014,9,Summer,32.685,130.005,35.4,600,SIS,7.63,-94.33333333333331,44.2,6.9,8.6,1.02,0.504,6.18,0.1,0.0,47.7,52.3,False,False,False,False,False,False,False,False,False,False,False,False,False,False,False,False,False,False,False,False,False,False,False,False,2014,9,6.59,23.2,32.12,40617,149.06083823559445,2014,True,False
2014,9,Summer,32.685,130.105,39.7,600,SIS,7.7,-246.33333333333331,47.8,7.7,10.3,1.34,0.621,8.51,0.16,0.0,37.6,62.4,False,False,False,False,False,False,False,False,False,False,False,False,False,False,False,False,False,False,False,False,False,False,False,False,2014,9,6.59,23.2,32.12,40617,142.67059349576127,2014,True,False
2014,9,Summer,32.63166666666667,129.92888888888888,51.6,600,SIS,7.5,-212.0,51.0,8.9,11.2,1.55,0.551,9.09,0.15,0.0,40.7,59.3,False,False,False,False,False,False,False,False,False,False,False,False,False,False,False,False,False,False,False,False,False,False,False,False,2014,9,6.59,23.2,32.12,40617,158.28510045750994,2014,True,False
2014,9,Summer,32.625,130.02166666666668,53.3,600,SIS,7.84,114.66666666666669,33.7,3.6,2.2,0.43,0.69,0.83,0.01,11.5,79.69999999999999,8.8,False,False,False,False,False,False,False,False,False,False,False,False,False,False,False,False,False,False,False,False,False,False,False,False,2014,9,6.59,23.2,32.12,40617,152.8483019883832,2014,True,False
2014,8,Summer,32.81666666666667,130.5011111111111,15.4,400,SIS,7.61,-247.33333333333331,54.1,7.4,12.6,1.18,0.514,6.9,0.02,0.0,26.2,73.8,False,False,False,False,False,False,False,False,False,False,False,False,False,False,False,False,False,False,False,False,False,False,False,False,2014,8,5.7,19.6,33.25,44578,107.89349129950863,2014,True,False
2014,8,Summer,32.74333333333333,130.56194444444446,6.9,400,SIS,7.63,-182.33333333333331,35.4,3.7,7.6,0.69,0.436,5.07,0.42,0.3,61.7,38.0,False,False,False,False,False,False,False,False,False,False,False,False,False,False,False,False,False,False,False,False,False,False,False,False,2014,8,5.7,19.6,33.25,44578,107.30442609795942,2014,True,False
2014,8,Summer,32.74861111111111,130.45916666666665,50.2,400,SIS,7.69,-165.66666666666666,45.4,6.9,9.7,1.15,0.594,7.35,0.01,0.4,64.8,34.8,False,False,False,False,False,False,False,False,False,False,False,False,False,False,False,False,False,False,False,False,False,False,False,False,2014,8,5.7,19.6,33.25,44578,115.079641224355,2014,True,False
2014,8,Summer,32.623333333333335,130.37611111111113,55.0,400,SIS,7.93,189.0,24.4,2.3,1.8,0.29,0.441,0.62,0.27,14.4,75.5,10.1,False,False,False,False,False,False,False,False,False,False,False,False,False,False,False,False,False,False,False,False,False,False,False,False,2014,8,5.7,19.6,33.25,44578,129.19482358290225,2014,True,False
2014,8,Summer,32.611666666666665,130.58972222222224,5.9,500,SIS,7.41,-217.66666666666663,61.7,7.9,14.2,1.96,0.664,14.0,0.3,0.0,0.7,99.3,False,False,False,False,False,False,False,False,False,False,False,False,False,False,False,False,False,False,False,False,False,False,False,False,2014,8,5.7,19.6,33.25,44578,114.17457574625537,2014,True,False
2014,8,Summer,32.575,130.54611111111112,9.5,500,SIS,7.49,-208.33333333333331,62.0,8.0,16.7,2.02,0.629,14.6,0.66,0.0,0.4,99.6,False,False,False,False,False,False,False,False,False,False,False,False,False,False,False,False,False,False,False,False,False,False,False,False,2014,8,5.7,19.6,33.25,44578,119.93324133027195,2014,True,False
2014,8,Summer,32.50333333333333,130.52,10.4,500,SIS,7.45,-205.66666666666663,43.0,5.7,10.2,1.15,0.484,9.08,0.27,0.0,26.1,73.9,False,False,False,False,False,False,False,False,False,False,False,False,False,False,False,False,False,False,False,False,False,False,False,False,2014,8,5.7,19.6,33.25,44578,127.09697144420366,2014,True,False
2014,8,Summer,32.41166666666666,130.46194444444444,34.0,500,SIS,7.41,-257.6666666666667,65.6,8.8,16.9,1.99,0.527,13.6,0.24,0.0,2.5,97.5,False,False,False,False,False,False,False,False,False,False,False,False,False,False,False,False,False,False,False,False,False,False,False,False,2014,8,5.7,19.6,33.25,44578,138.0927301285739,2014,True,False
2014,8,Summer,32.29,130.39027777777778,43.0,500,SIS,7.48,-294.3333333333333,58.5,10.4,14.0,2.03,0.597,13.2,0.19,0.0,30.1,69.9,False,False,False,False,False,False,False,False,False,False,False,False,False,False,False,False,False,False,False,False,False,False,False,False,2014,8,5.7,19.6,33.25,44578,152.47498872883105,2014,True,False
2014,8,Summer,32.37583333333333,130.2827777777778,40.0,500,SIS,7.53,-303.3333333333333,43.8,6.8,9.0,1.28,0.721,6.93,0.12,1.4,55.8,42.8,False,False,False,False,False,False,False,False,False,False,False,False,False,False,False,False,False,False,False,False,False,False,False,False,2014,8,5.7,19.6,33.25,44578,153.10784526113198,2014,True,False
2014,8,Summer,32.293055555555554,130.1638888888889,13.0,500,SIS,7.9,105.33333333333331,31.7,2.8,2.0,0.42,0.317,0.79,0.01,4.4,92.6,3.0,False,False,False,False,False,False,False,False,False,False,False,False,False,False,False,False,False,False,False,False,False,False,False,False,2014,8,5.7,19.6,33.25,44578,167.5737322807336,2014,True,False
2014,7,Summer,33.306666666666665,131.61083333333332,51.0,314,SIS,7.6,-344.0,66.7,13.3,19.0,2.4,0.66,6.7,0.22,3.17,72.11,24.72,False,False,False,False,False,False,False,False,False,False,False,False,False,False,False,False,False,False,False,False,False,False,False,False,2014,7,6.3,19.6,33.51,44528,4.830500351793654e-07,2014,False,False
2014,8,Summer,32.24027777777778,130.2313888888889,43.0,500,SIS,7.8,93.0,38.7,5.1,2.7,0.49,0.816,0.71,0.01,0.2,92.4,7.4,False,False,False,False,False,False,False,False,False,False,False,False,False,False,False,False,False,False,False,False,False,False,False,False,2014,8,5.7,19.6,33.25,44578,166.90264830916988,2014,True,False
2014,8,Summer,32.19083333333333,130.2713888888889,32.0,500,SIS,7.609999999999999,-192.66666666666663,43.4,5.8,8.1,1.04,0.383,6.48,0.1,1.8,59.2,39.0,False,False,False,False,False,False,False,False,False,False,False,False,False,False,False,False,False,False,False,False,False,False,False,False,2014,8,5.7,19.6,33.25,44578,168.1702387314479,2014,True,False
2014,8,Summer,32.13,130.30472222222224,16.0,500,SIS,7.52,-157.0,39.2,4.4,8.2,0.82,0.341,6.33,0.13,5.8,29.0,65.2,False,False,False,False,False,False,False,False,False,False,False,False,False,False,False,False,False,False,False,False,False,False,False,False,2014,8,5.7,19.6,33.25,44578,171.05204477934865,2014,True,False
2015,8,Summer,35.61055555555556,139.89777777777778,7.5,100,Tokyo,8.0,-112.0,50.1,7.1,20.7,0.9,0.77,12.9,0.68,0.2,6.1,93.7,False,False,False,False,False,False,False,False,False,False,False,False,False,False,False,False,False,False,False,False,False,False,False,False,2015,8,1.9,28.3,24.28,1212,0.2798600340455486,2015,False,True
2015,8,Summer,35.645833333333336,139.99027777777778,6.5,100,Tokyo,8.2,-197.0,46.1,4.6,19.5,0.67,0.39,8.9,0.26,0.4,70.0,29.6,False,False,False,False,False,False,False,False,False,False,False,False,False,False,False,False,False,False,False,False,False,False,False,False,2015,8,4.2,29.0,22.63,122,0.1564635574419385,2015,False,False
2015,8,Summer,35.60527777777778,140.06111111111113,8.9,100,Tokyo,8.1,-169.0,75.4,10.9,29.8,1.8,0.67,29.9,0.14,0.4,16.4,83.2,False,False,False,False,False,False,False,False,False,False,False,False,False,False,False,False,False,False,False,False,False,False,False,False,2015,8,4.1,28.4,25.4,124,0.03981019418112153,2015,False,False
2015,8,Summer,35.550555555555555,139.91,17.5,100,Tokyo,7.7,-159.0,82.6,13.3,67.6,3.85,0.83,34.5,0.53,0.4,15.8,83.8,False,False,False,False,False,False,False,False,False,False,False,False,False,False,False,False,False,False,False,False,False,False,False,False,2015,8,0.6,21.4,30.97,1215,0.5904657166575917,2015,False,True
2015,8,Summer,35.536944444444444,140.02,15.1,100,Tokyo,7.9,-180.0,78.0,11.4,43.8,2.43,0.67,31.1,0.47,0.9,12.4,86.7,False,False,False,False,False,False,False,False,False,False,False,False,False,False,False,False,False,False,False,False,False,False,False,False,2015,8,1.7,22.9,28.79,129,0.4085553603445186,2015,False,True
2015,8,Summer,35.34361111111112,139.79944444444445,10.2,100,Tokyo,8.1,-33.0,61.4,8.4,22.5,1.49,0.6,10.5,0.1,1.5,61.9,36.6,False,False,False,False,False,False,False,False,False,False,False,False,False,False,False,False,False,False,False,False,False,False,False,False,2015,8,4.1,23.3,31.18,1235,1.0996890622251891,2015,False,False
2015,8,Summer,35.559999999999995,139.8211111111111,15.6,100,Tokyo,7.8,-174.0,63.9,12.5,33.2,3.46,0.84,22.5,2.49,0.05,0.5,99.5,True,False,False,False,False,False,False,False,False,False,False,False,False,False,False,False,False,False,False,False,False,False,False,False,2015,8,0.9,20.1,32.6,1318,0.3706493848336432,2015,False,True
2015,8,Summer,35.4675,139.85277777777776,27.4,100,Tokyo,7.7,-23.0,61.9,11.9,29.4,3.64,0.75,24.7,0.9,0.8,5.4,93.8,False,False,False,False,False,False,False,False,False,False,False,False,False,False,False,False,False,False,False,False,False,False,False,False,2015,8,2.7,19.1,33.6,1326,2.012494465836712e-06,2015,False,False
2015,8,Summer,35.46083333333333,139.74805555555554,26.5,100,Tokyo,7.6,,72.9,14.0,32.1,3.76,0.81,28.3,1.1,0.79,76.81,22.4,False,False,False,False,False,False,False,False,False,False,False,False,False,False,False,False,False,False,False,False,False,False,False,False,2015,8,0.8,18.8,33.29,1432,4.0423459997519365e-06,2015,False,True
2015,8,Summer,35.46083333333333,139.74805555555554,26.5,100,Tokyo,7.6,,72.9,14.0,32.1,3.76,0.81,28.3,1.1,0.79,76.81,22.4,False,False,False,False,False,False,False,False,False,False,False,False,False,False,False,False,False,False,False,False,False,False,False,False,2015,8,0.8,18.8,33.29,1432,4.0423459997519365e-06,2015,False,True
2015,8,Summer,34.93666666666666,136.80194444444444,7.8,201,Ise,7.9,-200.0,19.5,1.5,3.6,0.16,0.22,2.1,0.005,0.05,97.1,2.9,True,False,False,False,False,False,False,False,False,False,False,False,False,False,False,False,False,False,False,False,False,False,True,False,2015,8,6.2,27.4,27.7,2310,4.068297542329713e-06,2015,False,False
2015,8,Summer,34.723333333333336,137.1186111111111,16.3,202,Ise,7.8,-280.0,52.7,8.6,10.0,2.6,0.44,26.0,0.38,18.3,44.9,36.8,False,False,False,False,False,False,False,False,False,False,False,False,False,False,False,False,False,False,False,False,False,False,False,False,2015,8,3.1,23.2,32.5,2359,1.0810001764324187e-06,2015,False,False
2015,8,Summer,34.75333333333333,137.28861111111112,8.7,202,Ise,7.7,-330.0,47.4,8.2,3.2,1.6,0.61,20.0,0.08,1.9,40.5,57.6,False,False,False,False,False,False,False,False,False,False,False,False,False,False,False,False,False,False,False,False,False,False,False,False,2015,8,1.4,23.4,31.6,2361,1.0806565858142234e-06,2015,False,True
2015,7,Summer,34.88972222222222,136.66361111111112,15.0,201,Ise,7.5,-320.0,65.0,9.7,15.0,2.6,0.71,14.0,0.45,0.8,3.0,96.2,False,False,False,False,False,False,False,False,False,False,False,False,False,False,False,False,False,False,False,False,False,False,False,False,2015,7,4.4,23.0,31.1,2411,1.0431147913434693e-06,2015,False,False
2015,7,Summer,34.669999999999995,136.5975,24.5,201,Ise,7.2,-390.0,79.0,12.0,30.0,4.0,0.64,22.0,0.52,0.05,0.5,99.4,True,False,False,False,False,False,False,False,False,False,False,False,False,False,False,False,False,False,False,False,False,False,False,False,2015,7,2.3,20.5,31.2,2427,7.073230889886872e-13,2015,False,False
2015,7,Summer,34.98722222222222,136.68027777777775,13.7,201,Ise,7.5,,69.0,9.0,15.0,2.2,0.78,15.0,1.1,0.05,0.5,99.5,True,False,False,False,False,False,False,False,False,False,False,False,False,False,False,False,False,False,False,False,False,False,False,False,2015,7,3.8,23.0,30.2,244,2.0394666780280975e-06,2015,False,False
2015,7,Summer,34.65833333333333,135.40916666666666,14.6,301,SIS,7.9,,79.2,10.0,49.0,3.1,0.54,19.0,3.1,0.3,5.1,94.6,False,False,False,False,False,False,False,False,False,False,False,False,False,False,False,False,False,False,False,False,False,False,False,False,2015,7,0.5,20.3,32.08,272,3.0712552024428725e-06,2015,False,True
2015,7,Summer,34.439722222222215,135.13722222222222,31.6,302,SIS,7.9,-287.0,57.3,6.2,20.0,1.7,0.61,11.0,0.06,0.5,21.5,78.0,False,False,False,False,False,False,False,False,False,False,False,False,False,False,False,False,False,False,False,False,False,False,False,False,2015,7,6.3,21.3,32.18,2744,2.052811989601796e-06,2015,False,False
2015,7,Summer,34.65833333333333,135.26388888888889,16.0,301,SIS,7.85,-400.0,61.6,11.3,32.6,3.3,0.78,22.1,0.96,0.3,46.2,53.5,False,False,False,False,False,False,False,False,False,False,False,False,False,False,False,False,False,False,False,False,False,False,False,False,2015,7,4.0,20.9,32.26,2823,1.0817522709564292e-06,2015,False,False
2015,7,Summer,34.60333333333333,134.61388888888888,38.0,305,SIS,8.35,-100.0,49.4,8.1,15.3,1.53,0.45,12.9,0.005,0.3,42.0,57.7,False,False,False,False,False,False,False,False,False,False,False,False,False,False,False,False,False,False,False,False,False,False,True,False,2015,7,6.4,22.1,31.99,28143,1.0823854829045792e-06,2015,False,False
2015,7,Summer,34.11277777777778,135.00833333333333,59.0,303,SIS,7.5,-151.0,37.8,7.8,8.8,1.03,0.41,7.73,0.005,2.26,73.11,24.63,False,False,False,False,False,False,False,False,False,False,False,False,False,False,False,False,False,False,False,False,False,False,True,False,2015,7,6.3,18.1,32.13,3079,3.0786714110954903e-06,2015,False,False
2015,7,Summer,34.11277777777778,135.00833333333333,59.0,303,SIS,7.5,-151.0,37.8,7.8,8.8,1.03,0.41,7.73,0.005,2.26,73.11,24.63,False,False,False,False,False,False,False,False,False,False,False,False,False,False,False,False,False,False,False,False,False,False,True,False,2015,7,6.3,18.1,32.13,3079,3.0786714110954903e-06,2015,False,False
2015,7,Summer,34.38666666666666,133.24055555555557,13.0,309,SIS,7.6,-308.0,48.9,7.6,11.9,1.01,0.42,9.35,0.04,11.13,72.51,16.37,False,False,False,False,False,False,False,False,False,False,False,False,False,False,False,False,False,False,False,False,False,False,False,False,2015,7,7.2,22.0,31.79,34312,0.49419955044346753,2015,False,False
2015,7,Summer,34.38666666666666,133.24055555555557,13.0,309,SIS,7.6,-308.0,48.9,7.6,11.9,1.01,0.42,9.35,0.04,11.13,72.51,16.37,False,False,False,False,False,False,False,False,False,False,False,False,False,False,False,False,False,False,False,False,False,False,False,False,2015,7,7.2,22.0,31.79,34312,0.49419955044346753,2015,False,False
2015,7,Summer,34.333333333333336,132.45583333333332,20.0,312,SIS,7.5,-300.0,65.9,12.0,24.0,2.58,0.67,23.4,0.15,2.72,79.51,17.77,False,False,False,False,False,False,False,False,False,False,False,False,False,False,False,False,False,False,False,False,False,False,False,False,2015,7,5.0,19.5,32.62,34396,3.0830756027894546e-06,2015,False,False
2015,7,Summer,34.30305555555555,132.35305555555556,24.0,312,SIS,7.4,-316.0,70.0,11.5,19.6,2.74,0.67,20.2,0.21,6.25,77.41,16.61,False,False,False,False,False,False,False,False,False,False,False,False,False,False,False,False,False,False,False,False,False,False,False,False,2015,7,6.0,19.1,32.62,34410,6.410111599588196e-07,2015,False,False
2015,7,Summer,34.333333333333336,132.45583333333332,20.0,312,SIS,7.5,-300.0,65.9,12.0,24.0,2.58,0.67,23.4,0.15,2.72,79.51,17.77,False,False,False,False,False,False,False,False,False,False,False,False,False,False,False,False,False,False,False,False,False,False,False,False,2015,7,5.0,19.5,32.62,34396,3.0830756027894546e-06,2015,False,False
2015,7,Summer,34.30305555555555,132.35305555555556,24.0,312,SIS,7.4,-316.0,70.0,11.5,19.6,2.74,0.67,20.2,0.21,6.25,77.41,16.61,False,False,False,False,False,False,False,False,False,False,False,False,False,False,False,False,False,False,False,False,False,False,False,False,2015,7,6.0,19.1,32.62,34410,6.410111599588196e-07,2015,False,False
2015,7,Summer,33.99666666666667,132.29222222222222,17.0,312,SIS,7.2,-86.0,53.2,9.8,13.7,1.54,0.56,14.6,0.19,0.05,16.9,83.1,True,False,False,False,False,False,False,False,False,False,False,False,False,False,False,False,False,False,False,False,False,False,False,False,2015,7,7.6,21.6,32.19,35426,2.0818909855812816e-06,2015,False,False
2015,7,Summer,34.03805555555555,131.70083333333332,11.9,315,SIS,7.0,-140.0,52.2,10.0,14.5,1.79,0.6,16.8,0.45,0.05,19.3,80.7,True,False,False,False,False,False,False,False,False,False,False,False,False,False,False,False,False,False,False,False,False,False,False,False,2015,7,7.4,22.6,32.04,35550,3.1109519614069765e-06,2015,False,False
2015,7,Summer,33.78333333333333,131.3252777777778,24.2,316,SIS,6.8,-129.0,52.4,8.7,14.3,2.19,0.57,13.6,0.34,0.05,14.4,85.6,True,False,False,False,False,False,False,False,False,False,False,False,False,False,False,False,False,False,False,False,False,False,False,False,2015,7,6.1,18.9,32.63,35598,2.0869368062898815e-06,2015,False,False
2015,7,Summer,34.282222222222224,134.3538888888889,19.0,306,SIS,7.3,-335.0,62.5,10.1,17.2,2.15,0.58,15.5,0.12,9.26,70.65,20.09,False,False,False,False,False,False,False,False,False,False,False,False,False,False,False,False,False,False,False,False,False,False,False,False,2015,7,6.7,21.0,31.35,37181,1.0503382490329312e-06,2015,False,False
2015,7,Summer,34.282222222222224,134.3538888888889,19.0,306,SIS,7.3,-335.0,62.5,10.1,17.2,2.15,0.58,15.5,0.12,9.26,70.65,20.09,False,False,False,False,False,False,False,False,False,False,False,False,False,False,False,False,False,False,False,False,False,False,False,False,2015,7,6.7,21.0,31.35,37181,1.0503382490329312e-06,2015,False,False
2015,7,Summer,34.11138888888889,133.6275,10.9,310,SIS,7.4,-336.0,37.1,5.0,11.1,0.96,0.39,8.51,0.22,1.29,70.84,27.87,False,False,False,False,False,False,False,False,False,False,False,False,False,False,False,False,False,False,False,False,False,False,False,False,2015,7,6.2,22.5,32.0,37254,1.2354953859983198e-07,2015,False,False
2015,7,Summer,34.11138888888889,133.6275,10.9,310,SIS,7.4,-336.0,37.1,5.0,11.1,0.96,0.39,8.51,0.22,1.29,70.84,27.87,False,False,False,False,False,False,False,False,False,False,False,False,False,False,False,False,False,False,False,False,False,False,False,False,2015,7,6.2,22.5,32.0,37254,1.2354953859983198e-07,2015,False,False
2015,7,Summer,34.056666666666665,133.49749999999997,23.0,310,SIS,7.4,-370.0,71.9,12.0,21.7,2.19,0.58,16.0,0.12,5.33,80.68,13.99,False,False,False,False,False,False,False,False,False,False,False,False,False,False,False,False,False,False,False,False,False,False,False,False,2015,7,8.3,22.0,31.433,38274,3.706493231318329e-07,2015,False,False
2015,7,Summer,34.00333333333333,133.1725,25.7,310,SIS,7.5,-282.0,49.3,7.6,12.1,1.34,0.57,9.75,0.07,2.64,62.27,35.1,False,False,False,False,False,False,False,False,False,False,False,False,False,False,False,False,False,False,False,False,False,False,False,False,2015,7,7.2,21.0,32.354,38328,3.706493231225849e-07,2015,False,False
2015,7,Summer,34.056666666666665,133.49749999999997,23.0,310,SIS,7.4,-370.0,71.9,12.0,21.7,2.19,0.58,16.0,0.12,5.33,80.68,13.99,False,False,False,False,False,False,False,False,False,False,False,False,False,False,False,False,False,False,False,False,False,False,False,False,2015,7,8.3,22.0,31.433,38274,3.706493231318329e-07,2015,False,False
2015,7,Summer,34.00333333333333,133.1725,25.7,310,SIS,7.5,-282.0,49.3,7.6,12.1,1.34,0.57,9.75,0.07,2.64,62.27,35.1,False,False,False,False,False,False,False,False,False,False,False,False,False,False,False,False,False,False,False,False,False,False,False,False,2015,7,7.2,21.0,32.354,38328,3.706493231225849e-07,2015,False,False
2015,7,Summer,33.641666666666666,131.13333333333333,7.5,316,SIS,7.5,,57.3,10.1,18.6,1.75,0.57,14.9,0.21,7.51,82.41,10.08,False,False,False,False,False,False,False,False,False,False,False,False,False,False,False,False,False,False,False,False,False,False,False,False,2015,7,6.4,22.0,31.43,40617,0.4369721738421311,2015,False,False
2015,7,Summer,33.641666666666666,131.13333333333333,7.5,316,SIS,7.5,,57.3,10.1,18.6,1.75,0.57,14.9,0.21,7.51,82.41,10.08,False,False,False,False,False,False,False,False,False,False,False,False,False,False,False,False,False,False,False,False,False,False,False,False,2015,7,6.4,22.0,31.43,40617,0.4369721738421311,2015,False,False
2015,7,Summer,33.306666666666665,131.61083333333332,55.0,314,SIS,7.7,,70.8,13.9,24.8,2.54,0.66,21.8,0.06,5.1,75.6,19.3,False,False,False,False,False,False,False,False,False,False,False,False,False,False,False,False,False,False,False,False,False,False,False,False,2015,7,5.1,17.8,33.15,44528,4.830500351793654e-07,2015,False,False
2015,7,Summer,33.306666666666665,131.61083333333332,55.0,314,SIS,7.7,,70.8,13.9,24.8,2.54,0.66,21.8,0.06,5.1,75.6,19.3,False,False,False,False,False,False,False,False,False,False,False,False,False,False,False,False,False,False,False,False,False,False,False,False,2015,7,5.1,17.8,33.15,44528,4.830500351793654e-07,2015,False,False
2016,8,Summer,35.61055555555556,139.89777777777778,6.5,100,Tokyo,7.5,-138.0,33.2,4.9,9.7,1.05,0.43,11.1,0.28,0.4,42.4,57.2,False,False,False,False,False,False,False,False,False,False,False,False,False,False,False,False,False,False,False,False,False,False,False,False,2016,8,3.3,26.7,27.54,1212,0.2798600340455486,2016,False,False
2016,8,Summer,35.645833333333336,139.99027777777778,4.8,100,Tokyo,7.4,-117.0,25.2,1.9,3.7,0.2,0.24,1.4,0.08,0.2,67.6,32.2,False,False,False,False,False,False,False,False,False,False,False,False,False,False,False,False,False,False,False,False,False,False,False,False,2016,8,4.0,27.9,27.63,122,0.1564635574419385,2016,False,False
2016,8,Summer,35.60527777777778,140.06111111111113,8.2,100,Tokyo,7.3,-149.0,51.6,8.2,11.1,1.8,0.45,17.5,0.48,0.5,23.1,76.4,False,False,False,False,False,False,False,False,False,False,False,False,False,False,False,False,False,False,False,False,False,False,False,False,2016,8,3.8,26.8,30.28,124,0.03981019418112153,2016,False,False
2016,8,Summer,35.550555555555555,139.91,16.5,100,Tokyo,7.4,-182.0,71.8,14.5,25.9,3.96,0.69,35.6,0.28,0.1,2.0,97.0,False,False,False,False,False,False,False,False,False,False,False,False,False,False,False,False,False,False,False,False,False,False,False,False,2016,8,1.6,23.5,32.11,1215,0.5904657166575917,2016,False,True
2016,8,Summer,35.536944444444444,140.02,14.5,100,Tokyo,7.3,-154.0,70.3,12.8,36.4,3.9,0.6,33.1,0.45,0.05,4.9,95.1,True,False,False,False,False,False,False,False,False,False,False,False,False,False,False,False,False,False,False,False,False,False,False,False,2016,8,3.7,23.4,31.27,129,0.4085553603445186,2016,False,False
2016,8,Summer,35.34361111111112,139.79944444444445,7.1,100,Tokyo,7.7,36.0,21.5,3.5,4.0,0.51,0.28,7.0,0.08,2.0,83.5,14.5,False,False,False,False,False,False,False,False,False,False,False,False,False,False,False,False,False,False,False,False,False,False,False,False,2016,8,5.7,23.2,31.32,1235,1.0996890622251891,2016,False,False
2016,8,Summer,35.559999999999995,139.8211111111111,15.7,100,Tokyo,7.9,-176.0,61.2,12.7,35.8,2.98,0.81,23.6,2.12,0.0,0.4,99.6,False,False,False,False,False,False,False,False,False,False,False,False,False,False,False,False,False,False,False,False,False,False,False,False,2016,8,1.6,19.4,33.3,1318,0.3706493848336432,2016,False,True
2016,8,Summer,35.4675,139.85277777777776,27.0,100,Tokyo,7.8,-24.0,60.8,14.1,40.1,3.51,0.82,27.3,0.79,0.8,4.2,95.0,False,False,False,False,False,False,False,False,False,False,False,False,False,False,False,False,False,False,False,False,False,False,False,False,2016,8,0.8,18.4,33.7,1326,2.012494465836712e-06,2016,False,True
2016,7,Summer,35.46083333333333,139.74805555555554,27.6,100,Tokyo,7.5,-208.0,60.9,11.0,25.8,1.81,0.41,27.9,0.86,0.1,79.4,20.5,False,False,False,False,False,False,False,False,False,False,False,False,False,False,False,False,False,False,False,False,False,False,False,False,2016,7,1.2,17.9,33.83,1432,4.0423459997519365e-06,2016,False,True
2016,7,Summer,34.93666666666666,136.80194444444444,7.1,201,Ise,7.4,-160.0,21.6,1.5,3.0,0.25,0.3,4.9,0.02,0.8,96.1,3.1,False,False,False,False,False,False,False,False,False,False,False,False,False,False,False,False,False,False,False,False,False,False,True,False,2016,7,4.8,22.8,30.0,2310,4.068297542329713e-06,2016,False,False
2016,7,Summer,34.723333333333336,137.1186111111111,17.1,202,Ise,7.7,-320.0,54.8,7.8,19.0,2.2,0.48,25.0,0.35,3.6,83.9,12.5,False,False,False,False,False,False,False,False,False,False,False,False,False,False,False,False,False,False,False,False,False,False,False,False,2016,7,3.3,22.3,32.6,2359,1.0810001764324187e-06,2016,False,False
2016,7,Summer,34.75333333333333,137.28861111111112,10.2,202,Ise,7.6,-320.0,47.9,7.1,22.0,1.6,0.65,20.0,0.36,1.4,70.4,28.2,False,False,False,False,False,False,False,False,False,False,False,False,False,False,False,False,False,False,False,False,False,False,False,False,2016,7,2.4,23.0,32.0,2361,1.0806565858142234e-06,2016,False,False
2016,7,Summer,34.88972222222222,136.66361111111112,15.2,201,Ise,7.6,-350.0,62.7,9.2,14.3,2.14,0.63,16.6,0.53,7.6,5.8,86.6,False,False,False,False,False,False,False,False,False,False,False,False,False,False,False,False,False,False,False,False,False,False,False,False,2016,7,4.8,19.8,30.25,2411,1.0431147913434693e-06,2016,False,False
2016,7,Summer,34.669999999999995,136.5975,25.2,201,Ise,7.4,-390.0,77.1,12.0,25.8,3.3,0.62,24.4,0.64,,2.7,97.2,False,False,False,False,False,False,False,False,False,False,False,False,False,False,False,False,False,False,False,False,False,False,False,False,2016,7,2.3,18.0,30.96,2427,7.073230889886872e-13,2016,False,False
2016,7,Summer,34.98722222222222,136.68027777777775,13.5,201,Ise,7.6,-370.0,66.0,9.0,14.7,2.0,0.7,20.0,0.76,,1.6,98.4,False,False,False,False,False,False,False,False,False,False,False,False,False,False,False,False,False,False,False,False,False,False,False,False,2016,7,3.6,19.4,29.03,244,2.0394666780280975e-06,2016,False,False
2016,7,Summer,34.65833333333333,135.40916666666666,14.4,301,SIS,7.7,,72.7,10.0,36.0,2.5,0.56,21.0,0.84,1.0,7.5,91.5,False,False,False,False,False,False,False,False,False,False,False,False,False,False,False,False,False,False,False,False,False,False,False,False,2016,7,0.6,21.5,31.28,272,3.0712552024428725e-06,2016,False,True
2016,7,Summer,34.439722222222215,135.13722222222222,31.6,302,SIS,7.8,,69.2,7.9,20.0,1.5,0.42,11.0,0.15,0.2,25.9,73.9,False,False,False,False,False,False,False,False,False,False,False,False,False,False,False,False,False,False,False,False,False,False,False,False,2016,7,5.8,22.6,32.27,2744,2.052811989601796e-06,2016,False,False
2016,7,Summer,34.65833333333333,135.26388888888889,16.0,301,SIS,7.86,-314.0,57.2,11.1,29.1,2.22,0.59,23.1,0.74,4.9,82.7,12.4,False,False,False,False,False,False,False,False,False,False,False,False,False,False,False,False,False,False,False,False,False,False,False,False,2016,7,2.6,22.3,31.45,2823,1.0817522709564292e-06,2016,False,False
2016,7,Summer,34.60333333333333,134.61388888888888,38.0,305,SIS,7.95,-66.0,56.1,10.7,26.4,1.67,0.38,16.3,0.03,1.2,88.5,10.3,False,False,False,False,False,False,False,False,False,False,False,False,False,False,False,False,False,False,False,False,False,False,False,False,2016,7,5.8,21.3,31.46,28143,1.0823854829045792e-06,2016,False,False
2016,7,Summer,34.11277777777778,135.00833333333333,61.8,303,SIS,7.2,-153.0,26.7,4.9,6.6,0.41,0.25,11.5,0.005,17.5,61.6,20.9,False,False,False,False,False,False,False,False,False,False,False,False,False,False,False,False,False,False,False,False,False,False,True,False,2016,7,6.7,20.9,24.33,3079,3.0786714110954903e-06,2016,False,False
2016,7,Summer,34.38666666666666,133.24749999999997,13.0,309,SIS,7.5,-342.0,37.1,5.8,9.7,0.49,0.23,11.9,0.07,3.5,72.9,23.6,False,False,False,False,False,False,False,False,False,False,False,False,False,False,False,False,False,False,False,False,False,False,False,False,2016,7,8.4,24.9,30.56,34313,3.7065003045484965e-07,2016,False,False
2016,7,Summer,34.333333333333336,132.45583333333332,20.0,312,SIS,7.5,,51.7,9.5,11.3,0.86,0.32,23.6,0.12,3.9,74.7,21.5,False,False,False,False,False,False,False,False,False,False,False,False,False,False,False,False,False,False,False,False,False,False,False,False,2016,7,4.2,20.1,32.24,34396,3.0830756027894546e-06,2016,False,False
2016,7,Summer,34.30305555555555,132.35305555555556,25.0,312,SIS,7.5,,61.4,11.1,14.3,1.85,0.34,22.1,0.31,0.7,74.7,24.5,False,False,False,False,False,False,False,False,False,False,False,False,False,False,False,False,False,False,False,False,False,False,False,False,2016,7,5.2,20.5,32.24,34410,6.410111599588196e-07,2016,False,False
2016,7,Summer,33.99666666666667,132.29222222222222,15.9,312,SIS,7.19,-118.0,60.6,13.3,28.8,2.92,0.56,14.4,0.43,0.05,13.7,86.3,True,False,False,False,False,False,False,False,False,False,False,False,False,False,False,False,False,False,False,False,False,False,False,False,2016,7,7.8,21.3,29.58,35426,2.0818909855812816e-06,2016,False,False
2016,7,Summer,34.03805555555555,131.70083333333332,12.8,315,SIS,7.39,-131.0,58.0,13.0,25.7,2.38,0.49,15.0,0.19,0.05,10.5,89.5,True,False,False,False,False,False,False,False,False,False,False,False,False,False,False,False,False,False,False,False,False,False,False,False,2016,7,6.8,21.7,30.12,35550,3.1109519614069765e-06,2016,False,False
2016,7,Summer,33.78333333333333,131.3252777777778,25.1,316,SIS,7.12,-155.0,60.5,13.1,24.8,2.63,0.45,14.0,0.41,0.05,20.2,79.8,True,False,False,False,False,False,False,False,False,False,False,False,False,False,False,False,False,False,False,False,False,False,False,False,2016,7,7.3,20.0,30.1,35598,2.0869368062898815e-06,2016,False,False
2016,7,Summer,34.282222222222224,134.3538888888889,19.5,306,SIS,7.4,-161.0,54.5,8.7,14.2,0.97,0.33,17.2,0.12,1.1,78.9,19.9,False,False,False,False,False,False,False,False,False,False,False,False,False,False,False,False,False,False,False,False,False,False,False,False,2016,7,7.2,22.5,30.42,37181,1.0503382490329312e-06,2016,False,False
2016,7,Summer,34.11138888888889,133.6275,12.1,310,SIS,7.6,-252.0,27.8,3.7,7.4,0.43,0.26,11.7,0.09,0.3,80.4,19.3,False,False,False,False,False,False,False,False,False,False,False,False,False,False,False,False,False,False,False,False,False,False,False,False,2016,7,6.1,23.9,31.48,37254,1.2354953859983198e-07,2016,False,False
2016,7,Summer,34.056666666666665,133.49749999999997,22.7,310,SIS,7.1,-264.0,59.2,9.3,11.8,1.13,0.35,17.1,0.03,0.05,70.0,30.0,True,False,False,False,False,False,False,False,False,False,False,False,False,False,False,False,False,False,False,False,False,False,False,False,2016,7,5.1,22.2,32.23,38274,3.706493231318329e-07,2016,False,False
2016,7,Summer,34.00333333333333,133.1725,15.7,310,SIS,7.3,-252.0,42.4,6.6,10.0,0.59,0.3,12.5,0.06,1.5,77.4,21.1,False,False,False,False,False,False,False,False,False,False,False,False,False,False,False,False,False,False,False,False,False,False,False,False,2016,7,9.6,26.2,30.904,38328,3.706493231225849e-07,2016,False,False
2016,7,Summer,33.638333333333335,131.13083333333333,9.2,316,SIS,7.4,-324.0,44.8,7.9,13.5,0.89,0.27,20.2,0.21,3.9,71.7,24.4,False,False,False,False,False,False,False,False,False,False,False,False,False,False,False,False,False,False,False,False,False,False,False,False,2016,7,8.0,23.8,30.45,40617,3.108026703408754e-06,2016,False,False
2016,7,Summer,33.306666666666665,131.61083333333332,51.0,314,SIS,,,,,,,,,,,,,False,False,False,False,False,False,False,False,False,False,False,False,False,False,False,False,False,False,False,False,False,False,False,False,2016,7,5.8,20.2,33.18,44528,4.830500351793654e-07,2016,False,False
2016,7,Summer,33.306666666666665,131.61083333333332,51.0,314,SIS,,,,,,,,,,,,,False,False,False,False,False,False,False,False,False,False,False,False,False,False,False,False,False,False,False,False,False,False,False,False,2016,7,5.8,20.2,33.18,44528,4.830500351793654e-07,2016,False,False
2016,7,Summer,33.306666666666665,131.61083333333332,51.0,314,SIS,7.5,-69.0,71.4,13.6,28.1,1.82,0.49,21.9,0.09,0.2,71.2,28.6,False,False,False,False,False,False,False,False,False,False,False,False,False,False,False,False,False,False,False,False,False,False,False,False,2016,7,5.8,20.2,33.18,44528,4.830500351793654e-07,2016,False,False
2017,8,Summer,35.61055555555556,139.89777777777778,6.5,100,Tokyo,7.6,-202.0,42.9,7.0,15.8,0.66,0.83,16.3,0.69,0.9,16.8,82.3,False,False,False,False,False,False,False,False,False,False,False,False,False,False,False,False,False,False,False,False,False,False,False,False,2017,8,5.9,25.6,27.63,1212,0.2798600340455486,2017,False,False
2017,8,Summer,35.645833333333336,139.99027777777778,5.6,100,Tokyo,7.7,-63.0,25.7,2.1,4.1,0.19,0.22,2.6,0.08,0.5,83.8,15.7,False,False,False,False,False,False,False,False,False,False,False,False,False,False,False,False,False,False,False,False,False,False,False,False,2017,8,4.8,26.0,28.06,122,0.1564635574419385,2017,False,False
2017,8,Summer,35.60527777777778,140.06111111111113,8.9,100,Tokyo,7.8,-177.0,57.8,9.0,17.2,0.83,0.41,16.0,0.49,0.4,17.3,82.3,False,False,False,False,False,False,False,False,False,False,False,False,False,False,False,False,False,False,False,False,False,False,False,False,2017,8,1.3,22.6,32.34,124,0.03981019418112153,2017,False,True
2017,8,Summer,35.550555555555555,139.91,17.3,100,Tokyo,7.7,-171.0,60.8,18.8,17.5,1.22,0.43,25.0,0.16,0.5,13.9,85.6,False,False,False,False,False,False,False,False,False,False,False,False,False,False,False,False,False,False,False,False,False,False,False,False,2017,8,4.3,21.6,32.77,1215,0.5904657166575917,2017,False,False
2017,8,Summer,35.536944444444444,140.02,14.9,100,Tokyo,7.6,-157.0,67.9,17.9,30.2,1.86,0.45,35.0,0.79,0.5,12.1,87.4,False,False,False,False,False,False,False,False,False,False,False,False,False,False,False,False,False,False,False,False,False,False,False,False,2017,8,2.6,22.3,33.1,129,0.4085553603445186,2017,False,False
2017,8,Summer,35.34361111111112,139.79944444444445,8.9,100,Tokyo,7.6,79.0,17.8,2.2,2.2,0.11,0.23,2.1,0.02,1.0,56.5,42.5,False,False,False,False,False,False,False,False,False,False,False,False,False,False,False,False,False,False,False,False,False,False,False,False,2017,8,5.8,24.7,33.13,1235,1.0996890622251891,2017,False,False
2017,8,Summer,35.559999999999995,139.8211111111111,16.0,100,Tokyo,7.8,-162.0,65.0,13.0,37.1,3.34,0.74,23.9,2.29,0.0,0.0,100.0,False,False,False,False,False,False,False,False,False,False,False,False,False,False,False,False,False,False,False,False,False,False,False,False,2017,8,0.5,20.2,33.3,1318,0.3706493848336432,2017,False,True
2017,8,Summer,35.4675,139.85277777777776,28.0,100,Tokyo,7.7,68.0,62.5,13.1,38.0,3.48,0.84,27.2,0.83,0.0,3.3,96.7,False,False,False,False,False,False,False,False,False,False,False,False,False,False,False,False,False,False,False,False,False,False,False,False,2017,8,4.4,18.2,34.3,1326,2.012494465836712e-06,2017,False,False
2017,7,Summer,35.46083333333333,139.74805555555554,26.9,100,Tokyo,7.7,-268.0,67.2,11.9,24.3,1.84,0.53,30.4,1.41,0.7,78.0,21.3,False,False,False,False,False,False,False,False,False,False,False,False,False,False,False,False,False,False,False,False,False,False,False,False,2017,7,0.9,20.8,32.92,1432,4.0423459997519365e-06,2017,False,True
2017,7,Summer,34.93666666666666,136.80194444444444,6.4,201,Ise,7.6,-320.0,18.9,1.9,1.6,0.15,0.21,4.0,0.03,0.4,98.8,0.8,False,False,False,False,False,False,False,False,False,False,False,False,False,False,False,False,False,False,False,False,False,False,False,False,2017,7,6.9,26.3,28.3,2310,4.068297542329713e-06,2017,False,False
2017,7,Summer,34.723333333333336,137.1186111111111,15.5,202,Ise,7.5,-340.0,25.4,3.5,4.4,0.69,0.28,5.4,0.06,20.8,66.9,12.3,False,False,False,False,False,False,False,False,False,False,False,False,False,False,False,False,False,False,False,False,False,False,False,False,2017,7,2.4,21.2,32.84,2359,1.0810001764324187e-06,2017,False,False
2017,7,Summer,34.75333333333333,137.28861111111112,8.6,202,Ise,7.5,-360.0,41.6,11.6,13.0,1.6,0.51,16.0,0.31,0.05,7.9,92.0,True,False,False,False,False,False,False,False,False,False,False,False,False,False,False,False,False,False,False,False,False,False,False,False,2017,7,3.2,23.3,31.85,2361,1.0806565858142234e-06,2017,False,False
2017,7,Summer,34.98722222222222,136.68027777777775,12.7,201,Ise,7.6,-372.0,68.0,9.7,11.5,1.86,0.74,14.8,1.1,0.05,1.5,98.4,True,False,False,False,False,False,False,False,False,False,False,False,False,False,False,False,False,False,False,False,False,False,False,False,2017,7,5.4,18.0,30.9,244,2.0394666780280975e-06,2017,False,False
2017,7,Summer,34.88972222222222,136.66361111111112,14.0,201,Ise,7.6,-317.2,65.4,10.4,11.1,2.28,0.68,15.7,0.55,1.3,6.5,92.2,False,False,False,False,False,False,False,False,False,False,False,False,False,False,False,False,False,False,False,False,False,False,False,False,2017,7,5.9,18.8,30.9,2411,1.0431147913434693e-06,2017,False,False
2017,7,Summer,34.669999999999995,136.5975,24.9,201,Ise,7.4,-374.0,78.9,13.8,21.0,3.4,0.67,22.9,0.74,0.05,0.7,99.2,True,False,False,False,False,False,False,False,False,False,False,False,False,False,False,False,False,False,False,False,False,False,False,False,2017,7,2.5,16.5,31.8,2427,7.073230889886872e-13,2017,False,False
2017,7,Summer,34.65833333333333,135.40916666666666,,301,SIS,7.8,-397.0,74.9,10.0,42.0,2.8,0.93,21.0,1.4,0.7,3.4,95.9,False,False,False,False,False,False,False,False,False,False,False,False,False,False,False,False,False,False,False,False,False,False,False,False,2017,7,0.7,20.1,31.83,272,3.0712552024428725e-06,2017,False,True
2017,7,Summer,34.439722222222215,135.13722222222222,,302,SIS,7.8,-369.0,57.1,6.6,15.0,1.6,0.38,10.0,0.08,0.2,20.4,79.4,False,False,False,False,False,False,False,False,False,False,False,False,False,False,False,False,False,False,False,False,False,False,False,False,2017,7,6.7,21.9,32.87,2744,2.052811989601796e-06,2017,False,False
2017,7,Summer,34.65833333333333,135.26388888888889,16.0,301,SIS,7.77,-355.0,56.8,10.8,29.9,2.68,0.65,22.3,0.66,0.05,1.7,98.3,True,False,False,False,False,False,False,False,False,False,False,False,False,False,False,False,False,False,False,False,False,False,False,False,2017,7,3.0,20.8,31.96,2823,1.0817522709564292e-06,2017,False,False
2017,7,Summer,34.60333333333333,134.61388888888888,38.0,305,SIS,7.81,-317.0,35.9,5.4,14.8,1.04,0.3,10.3,0.02,1.1,46.1,52.8,False,False,False,False,False,False,False,False,False,False,False,False,False,False,False,False,False,False,False,False,False,False,False,False,2017,7,6.0,21.2,31.9,28143,1.0823854829045792e-06,2017,False,False
2017,7,Summer,34.11277777777778,135.00833333333333,47.0,303,SIS,7.5,-254.0,32.5,5.4,10.4,0.63,0.29,9.0,0.02,6.6,70.5,22.9,False,False,False,False,False,False,False,False,False,False,False,False,False,False,False,False,False,False,False,False,False,False,False,False,2017,7,6.5,20.1,34.44,3079,3.0786714110954903e-06,2017,False,False
2017,7,Summer,34.38611111111111,133.10583333333332,13.8,309,SIS,7.3,-234.0,50.0,7.7,12.7,1.04,0.38,15.6,0.21,3.4,70.2,26.4,False,False,False,False,False,False,False,False,False,False,False,False,False,False,False,False,False,False,False,False,False,False,False,False,2017,7,7.5,22.7,32.71,34332,0.5960742650892993,2017,False,False
2017,7,Summer,34.333333333333336,132.45583333333332,20.0,312,SIS,7.7,-172.0,57.9,10.4,17.1,1.34,0.41,19.0,0.04,3.1,76.5,20.4,False,False,False,False,False,False,False,False,False,False,False,False,False,False,False,False,False,False,False,False,False,False,False,False,2017,7,4.9,19.2,32.84,34396,3.0830756027894546e-06,2017,False,False
2017,7,Summer,34.30305555555555,132.35305555555556,23.0,312,SIS,7.8,-301.0,64.1,11.0,17.6,1.22,0.46,24.0,0.82,1.7,67.3,31.0,False,False,False,False,False,False,False,False,False,False,False,False,False,False,False,False,False,False,False,False,False,False,False,False,2017,7,2.9,19.0,32.98,34410,6.410111599588196e-07,2017,False,False
2017,7,Summer,33.99666666666667,132.29222222222222,17.7,312,SIS,7.2,-119.0,51.6,11.0,23.8,1.52,0.62,14.1,0.33,0.05,22.6,77.4,True,False,False,False,False,False,False,False,False,False,False,False,False,False,False,False,False,False,False,False,False,False,False,False,2017,7,7.7,21.2,32.91,35426,2.0818909855812816e-06,2017,False,False
2017,7,Summer,34.03805555555555,131.70083333333332,14.1,315,SIS,7.2,-146.0,55.4,10.7,23.0,1.92,0.44,12.9,0.07,0.05,15.9,84.1,True,False,False,False,False,False,False,False,False,False,False,False,False,False,False,False,False,False,False,False,False,False,False,False,2017,7,6.8,22.0,32.89,35550,3.1109519614069765e-06,2017,False,False
2017,7,Summer,33.78333333333333,131.3252777777778,26.1,316,SIS,7.28,-167.0,47.8,8.9,19.2,2.05,0.54,11.1,0.3,0.05,38.7,61.3,True,False,False,False,False,False,False,False,False,False,False,False,False,False,False,False,False,False,False,False,False,False,False,False,2017,7,7.3,19.5,33.11,35598,2.0869368062898815e-06,2017,False,False
2017,7,Summer,34.282222222222224,134.3538888888889,18.0,306,SIS,7.7,-234.0,64.5,10.1,17.5,1.31,0.43,7.3,0.14,3.0,78.0,19.0,False,False,False,False,False,False,False,False,False,False,False,False,False,False,False,False,False,False,False,False,False,False,False,False,2017,7,6.8,24.2,31.65,37181,1.0503382490329312e-06,2017,False,False
2017,7,Summer,34.11138888888889,133.6275,11.8,310,SIS,7.6,-218.0,26.4,2.6,5.8,0.3,0.2,5.3,0.23,0.5,80.8,18.7,False,False,False,False,False,False,False,False,False,False,False,False,False,False,False,False,False,False,False,False,False,False,False,False,2017,7,6.2,21.5,31.53,37254,1.2354953859983198e-07,2017,False,False
2017,7,Summer,34.056666666666665,133.49749999999997,21.0,310,SIS,7.6,-242.0,61.8,8.7,19.1,1.11,0.41,17.8,0.03,3.5,74.7,21.8,False,False,False,False,False,False,False,False,False,False,False,False,False,False,False,False,False,False,False,False,False,False,False,False,2017,7,7.6,20.0,33.025,38274,3.706493231318329e-07,2017,False,False
2017,7,Summer,34.00333333333333,133.1725,14.5,310,SIS,7.7,-164.0,50.4,7.7,11.5,0.76,0.43,12.1,0.08,1.5,68.3,30.2,False,False,False,False,False,False,False,False,False,False,False,False,False,False,False,False,False,False,False,False,False,False,False,False,2017,7,7.9,22.9,32.924,38328,3.706493231225849e-07,2017,False,False
2017,7,Summer,33.638333333333335,131.13083333333333,8.7,316,SIS,7.6,-109.0,55.6,10.0,23.1,1.25,0.4,20.1,0.29,5.0,77.3,17.7,False,False,False,False,False,False,False,False,False,False,False,False,False,False,False,False,False,False,False,False,False,False,False,False,2017,7,5.7,24.0,31.8,40617,3.108026703408754e-06,2017,False,False
2017,7,Summer,33.306666666666665,131.61083333333332,53.0,314,SIS,7.6,-246.0,61.2,11.1,21.3,1.21,0.4,23.5,0.06,0.2,81.0,18.8,False,False,False,False,False,False,False,False,False,False,False,False,False,False,False,False,False,False,False,False,False,False,False,False,2017,7,6.2,19.5,33.28,44528,4.830500351793654e-07,2017,False,False
2018,8,Summer,35.61055555555556,139.89777777777778,8.2,100,Tokyo,7.8,-161.0,33.8,5.1,13.0,0.74,0.43,15.5,0.21,1.1,13.0,85.9,False,False,False,False,False,False,False,False,False,False,False,False,False,False,False,False,False,False,False,False,False,False,False,False,2018,8,5.0,25.4,31.25,1212,0.2798600340455486,2018,False,False
2018,8,Summer,35.645833333333336,139.99027777777778,5.8,100,Tokyo,8.0,-103.0,25.1,2.3,3.5,0.13,0.24,2.1,0.07,0.4,85.9,13.7,False,False,False,False,False,False,False,False,False,False,False,False,False,False,False,False,False,False,False,False,False,False,False,False,2018,8,10.0,28.0,28.62,122,0.1564635574419385,2018,False,False
2018,8,Summer,35.60527777777778,140.06111111111113,7.6,100,Tokyo,7.9,-150.0,38.9,5.5,8.0,0.56,0.26,12.2,0.02,0.4,23.0,76.6,False,False,False,False,False,False,False,False,False,False,False,False,False,False,False,False,False,False,False,False,False,False,False,False,2018,8,8.0,27.8,29.4,124,0.03981019418112153,2018,False,False
2018,8,Summer,35.550555555555555,139.91,18.2,100,Tokyo,7.7,-167.0,73.6,15.4,33.6,1.64,0.66,43.8,0.17,0.5,14.6,84.9,False,False,False,False,False,False,False,False,False,False,False,False,False,False,False,False,False,False,False,False,False,False,False,False,2018,8,2.7,23.2,33.11,1215,0.5904657166575917,2018,False,False
2018,8,Summer,35.536944444444444,140.02,15.4,100,Tokyo,7.6,-166.0,69.3,14.4,34.5,1.43,0.55,41.7,0.18,0.5,11.4,88.1,False,False,False,False,False,False,False,False,False,False,False,False,False,False,False,False,False,False,False,False,False,False,False,False,2018,8,3.2,24.6,32.94,129,0.4085553603445186,2018,False,False
2018,8,Summer,35.34361111111112,139.79944444444445,12.1,100,Tokyo,7.8,-110.0,27.1,4.3,6.3,0.39,0.36,7.1,0.07,1.1,66.6,32.3,False,False,False,False,False,False,False,False,False,False,False,False,False,False,False,False,False,False,False,False,False,False,False,False,2018,8,6.8,24.8,32.44,1235,1.0996890622251891,2018,False,False
2018,8,Summer,35.559999999999995,139.8211111111111,16.5,100,Tokyo,7.3,-361.0,64.8,9.7,20.1,3.05,0.6,22.3,1.4,0.05,0.7,99.3,True,False,False,False,False,False,False,False,False,False,False,False,False,False,False,False,False,False,False,False,False,False,False,False,2018,8,2.2,33.7,32.7,1318,0.3706493848336432,2018,False,False
2018,8,Summer,35.4675,139.85277777777776,27.2,100,Tokyo,7.3,-238.0,63.1,10.1,17.6,2.92,0.58,25.0,0.69,0.05,4.6,95.4,True,False,False,False,False,False,False,False,False,False,False,False,False,False,False,False,False,False,False,False,False,False,False,False,2018,8,3.4,24.2,34.1,1326,2.012494465836712e-06,2018,False,False
2018,7,Summer,34.93666666666666,136.80194444444444,7.1,201,Ise,7.8,-83.0,21.0,2.0,1.8,0.19,0.21,3.2,0.02,0.05,90.8,9.2,True,False,False,False,False,False,False,False,False,False,False,False,False,False,False,False,False,False,False,False,False,False,False,False,2018,7,5.3,24.6,21.7,2310,4.068297542329713e-06,2018,False,False
2018,7,Summer,34.723333333333336,137.1186111111111,16.4,202,Ise,7.9,-340.0,59.6,14.8,28.0,4.1,0.8,24.0,0.79,0.05,1.4,98.6,True,False,False,False,False,False,False,False,False,False,False,False,False,False,False,False,False,False,False,False,False,False,False,False,2018,7,4.7,24.5,31.19,2359,1.0810001764324187e-06,2018,False,False
2018,7,Summer,34.75333333333333,137.28861111111112,9.6,202,Ise,7.8,-330.0,40.5,10.0,20.0,1.3,0.48,18.0,0.13,0.05,9.1,90.9,True,False,False,False,False,False,False,False,False,False,False,False,False,False,False,False,False,False,False,False,False,False,False,False,2018,7,11.6,28.5,24.52,2361,1.0806565858142234e-06,2018,False,False
2018,7,Summer,34.98722222222222,136.68027777777775,13.8,201,Ise,7.6,-391.0,71.7,9.4,17.4,2.02,0.8153,17.2,1.28,0.05,0.8,99.2,True,False,False,False,False,False,False,False,False,False,False,False,False,False,False,False,False,False,False,False,False,False,False,False,2018,7,2.5,23.4,31.1,244,2.0394666780280975e-06,2018,False,False
2018,7,Summer,34.88972222222222,136.66361111111112,14.7,201,Ise,7.5,-327.0,69.6,9.7,18.2,2.23,0.77,15.9,0.68,1.1,5.2,93.7,False,False,False,False,False,False,False,False,False,False,False,False,False,False,False,False,False,False,False,False,False,False,False,False,2018,7,3.5,23.7,30.8,2411,1.0431147913434693e-06,2018,False,False
2018,7,Summer,34.669999999999995,136.5975,24.1,201,Ise,7.3,-359.0,75.4,10.4,19.2,2.49,0.67,18.5,0.81,0.05,0.5,99.4,True,False,False,False,False,False,False,False,False,False,False,False,False,False,False,False,False,False,False,False,False,False,False,False,2018,7,1.6,23.0,31.4,2427,7.073230889886872e-13,2018,False,True
2018,7,Summer,34.65833333333333,135.40916666666666,14.7,301,SIS,8.0,-387.0,75.8,10.0,38.0,3.1,0.62,22.0,1.5,0.2,4.0,95.8,False,False,False,False,False,False,False,False,False,False,False,False,False,False,False,False,False,False,False,False,False,False,False,False,2018,7,1.1,22.4,30.5,272,3.0712552024428725e-06,2018,False,True
2018,7,Summer,34.439722222222215,135.13722222222222,32.2,302,SIS,8.0,-397.0,58.1,6.4,17.0,1.4,0.36,10.0,0.1,0.6,24.5,74.9,False,False,False,False,False,False,False,False,False,False,False,False,False,False,False,False,False,False,False,False,False,False,False,False,2018,7,6.2,20.7,32.17,2744,2.052811989601796e-06,2018,False,False
2018,7,Summer,34.65833333333333,135.26388888888889,16.0,301,SIS,8.05,-400.0,59.7,11.2,32.4,2.13,0.67,22.2,0.85,0.0,1.1,98.9,False,False,False,False,False,False,False,False,False,False,False,False,False,False,False,False,False,False,False,False,False,False,False,False,2018,7,4.3,22.6,30.75,2823,1.0817522709564292e-06,2018,False,False
2018,7,Summer,34.60333333333333,134.61388888888888,37.0,305,SIS,7.74,-60.0,37.6,6.2,16.2,1.05,0.3,12.2,0.04,0.3,33.6,66.1,False,False,False,False,False,False,False,False,False,False,False,False,False,False,False,False,False,False,False,False,False,False,False,False,2018,7,6.4,22.4,30.97,28143,1.0823854829045792e-06,2018,False,False
2018,7,Summer,33.99666666666667,132.29222222222222,17.1,312,SIS,7.1066666666666665,,50.16020431548222,8.864802359664182,23.31219428254848,1.5087877710660298,0.5851266666666667,14.052235531806906,0.3124782734319188,0.05,7.611637347767272,92.38836265223271,True,False,False,False,False,False,False,False,False,False,False,False,False,False,False,False,False,False,False,False,False,False,False,False,2018,7,7.7,21.1,31.3,35426,2.0818909855812816e-06,2018,False,False
2018,7,Summer,34.03805555555555,131.70083333333332,15.0,315,SIS,7.02,-234.82666666666668,55.367796487931855,8.305119070534458,23.97980330200987,1.2570646405220032,0.4913833333333333,13.752019250392882,0.3585094508949677,0.05,9.707759489418931,90.29224051058108,True,False,False,False,False,False,False,False,False,False,False,False,False,False,False,False,False,False,False,False,False,False,False,False,2018,7,5.4,21.4,31.7,35550,3.1109519614069765e-06,2018,False,False
2018,7,Summer,33.78333333333333,131.3252777777778,23.7,316,SIS,7.153333333333333,-171.4633333333333,50.07434416285944,7.720076825534456,21.1582697368421,1.3006082673867545,0.5789150000000001,13.5456398114636,0.4075290250071785,0.05,23.30994897959191,76.65816326530599,True,False,False,False,False,False,False,False,False,False,False,False,False,False,False,False,False,False,False,False,False,False,False,False,2018,7,6.1,20.6,32.2,35598,2.0869368062898815e-06,2018,False,False
2018,7,Summer,33.306666666666665,131.61083333333332,53.6,314,SIS,,,,,,,,,,,,,False,False,False,False,False,False,False,False,False,False,False,False,False,False,False,False,False,False,False,False,False,False,False,False,2018,7,5.7,19.6,33.05,44528,4.830500351793654e-07,2018,False,False
2018,7,Summer,33.306666666666665,131.61083333333332,53.6,314,SIS,,,,,,,,,,,,,False,False,False,False,False,False,False,False,False,False,False,False,False,False,False,False,False,False,False,False,False,False,False,False,2018,7,5.7,19.6,33.05,44528,4.830500351793654e-07,2018,False,False
2019,8,Summer,35.61055555555556,139.89777777777778,9.0,100,Tokyo,7.7,-349.0,30.6,3.9,6.8,0.99,0.27,9.8,0.69,2.0,39.7,58.3,False,False,False,False,False,False,False,False,False,False,False,False,False,False,False,False,False,False,False,False,False,False,False,False,2019,8,0.5,23.5,27.56,1212,0.2798600340455486,2019,False,True
2019,8,Summer,35.645833333333336,139.99027777777778,6.0,100,Tokyo,7.8,-271.0,26.0,1.8,4.3,0.72,0.2,4.8,0.12,3.2,84.7,12.1,False,False,False,False,False,False,False,False,False,False,False,False,False,False,False,False,False,False,False,False,False,False,False,False,2019,8,1.1,26.7,27.47,122,0.1564635574419385,2019,False,True
2019,8,Summer,35.60527777777778,140.06111111111113,8.0,100,Tokyo,7.6,-374.0,49.5,6.5,6.6,1.33,0.32,17.1,0.7,2.9,6.5,90.6,False,False,False,False,False,False,False,False,False,False,False,False,False,False,False,False,False,False,False,False,False,False,False,False,2019,8,1.0,26.1,32.23,124,0.03981019418112153,2019,False,True
2019,8,Summer,35.550555555555555,139.91,19.0,100,Tokyo,8.2,-341.0,74.7,13.2,27.0,4.31,0.68,35.7,0.91,0.0,0.4,99.6,False,False,False,False,False,False,False,False,False,False,False,False,False,False,False,False,False,False,False,False,False,False,False,False,2019,8,0.5,20.7,32.99,1215,0.5904657166575917,2019,False,True
2019,8,Summer,35.536944444444444,140.02,16.0,100,Tokyo,8.0,-400.0,70.5,11.5,22.3,3.65,0.66,37.0,0.96,0.1,1.7,98.2,False,False,False,False,False,False,False,False,False,False,False,False,False,False,False,False,False,False,False,False,False,False,False,False,2019,8,1.7,21.8,31.67,129,0.4085553603445186,2019,False,True
2019,8,Summer,35.34361111111112,139.79944444444445,12.0,100,Tokyo,7.8,-332.0,33.4,3.8,3.8,0.83,0.21,6.9,0.18,9.7,64.1,26.2,False,False,False,False,False,False,False,False,False,False,False,False,False,False,False,False,False,False,False,False,False,False,False,False,2019,8,4.3,22.5,32.08,1235,1.0996890622251891,2019,False,False
2019,8,Summer,35.559999999999995,139.8211111111111,15.9,100,Tokyo,8.0,-184.0,63.1,10.7,40.3,3.19,0.81,23.1,1.53,0.0,0.0,100.0,False,False,False,False,False,False,False,False,False,False,False,False,False,False,False,False,False,False,False,False,False,False,False,False,2019,8,0.7,21.9,32.4,1318,0.3706493848336432,2019,False,True
2019,8,Summer,35.4675,139.85277777777776,28.7,100,Tokyo,7.8,-91.0,59.1,11.3,31.8,3.29,0.7,23.6,0.79,0.4,7.4,92.2,False,False,False,False,False,False,False,False,False,False,False,False,False,False,False,False,False,False,False,False,False,False,False,False,2019,8,7.3,28.4,29.0,1326,2.012494465836712e-06,2019,False,False
2019,8,Summer,35.46083333333333,139.74805555555554,26.0,100,Tokyo,7.6,-226.0,74.4,12.0,14.4,3.52,0.62,30.0,0.97,0.0,2.2,97.8,False,False,False,False,False,False,False,False,False,False,False,False,False,False,False,False,False,False,False,False,False,False,False,False,2019,8,0.5,20.8,33.7,1432,4.0423459997519365e-06,2019,False,True
2019,7,Summer,34.93666666666666,136.80194444444444,7.1,201,Ise,7.9,-130.0,18.5,1.5,1.5,0.18,0.19,3.0,0.3,2.0,95.1,2.9,False,False,False,False,False,False,False,False,False,False,False,False,False,False,False,False,False,False,False,False,False,False,False,False,2019,7,6.3,24.2,25.4,2310,4.068297542329713e-06,2019,False,False
2019,7,Summer,34.723333333333336,137.1186111111111,16.8,202,Ise,7.8,-250.0,18.1,1.5,4.6,0.47,0.27,5.8,0.41,20.3,74.1,5.6,False,False,False,False,False,False,False,False,False,False,False,False,False,False,False,False,False,False,False,False,False,False,False,False,2019,7,5.6,23.5,31.55,2359,1.0810001764324187e-06,2019,False,False
2019,7,Summer,34.75333333333333,137.28861111111112,10.2,202,Ise,7.8,-340.0,43.1,8.7,21.0,1.3,0.35,22.0,0.47,0.05,21.5,78.5,True,False,False,False,False,False,False,False,False,False,False,False,False,False,False,False,False,False,False,False,False,False,False,False,2019,7,1.9,22.5,32.44,2361,1.0806565858142234e-06,2019,False,True
2019,7,Summer,34.98722222222222,136.68027777777775,13.5,201,Ise,7.5,-323.0,53.2,8.7,13.4,2.08,0.79,19.9,0.93,0.05,1.0,99.0,True,False,False,False,False,False,False,False,False,False,False,False,False,False,False,False,False,False,False,False,False,False,False,False,2019,7,3.4,22.6,29.3,244,2.0394666780280975e-06,2019,False,False
2019,7,Summer,34.88972222222222,136.66361111111112,15.0,201,Ise,7.6,-309.0,52.8,9.1,14.8,2.46,0.69,19.5,0.37,1.0,4.7,94.3,False,False,False,False,False,False,False,False,False,False,False,False,False,False,False,False,False,False,False,False,False,False,False,False,2019,7,2.8,22.0,29.6,2411,1.0431147913434693e-06,2019,False,False
2019,7,Summer,34.669999999999995,136.5975,25.3,201,Ise,7.5,-358.0,67.3,11.8,19.4,3.48,0.67,26.2,0.58,0.05,0.8,99.2,True,False,False,False,False,False,False,False,False,False,False,False,False,False,False,False,False,False,False,False,False,False,False,False,2019,7,2.2,21.0,31.6,2427,7.073230889886872e-13,2019,False,False
2019,7,Summer,34.65833333333333,135.40916666666666,14.5,301,SIS,7.9,,73.7,10.0,39.0,2.8,0.66,20.0,1.8,0.5,1.9,97.6,False,False,False,False,False,False,False,False,False,False,False,False,False,False,False,False,False,False,False,False,False,False,False,False,2019,7,1.1,20.8,32.39,272,3.0712552024428725e-06,2019,False,True
2019,7,Summer,34.439722222222215,135.13722222222222,31.2,302,SIS,7.8,-352.0,54.9,6.4,17.0,1.4,0.36,9.9,0.12,0.5,19.2,80.3,False,False,False,False,False,False,False,False,False,False,False,False,False,False,False,False,False,False,False,False,False,False,False,False,2019,7,6.5,21.0,32.73,2744,2.052811989601796e-06,2019,False,False
2019,7,Summer,34.65833333333333,135.26388888888889,15.0,301,SIS,7.79,-372.0,63.8,11.4,33.8,2.45,0.61,21.8,0.46,0.0,1.5,98.5,False,False,False,False,False,False,False,False,False,False,False,False,False,False,False,False,False,False,False,False,False,False,False,False,2019,7,3.5,21.2,31.7,2823,1.0817522709564292e-06,2019,False,False
2019,7,Summer,34.60333333333333,134.61388888888888,38.0,305,SIS,7.75,-274.0,48.9,7.9,16.9,1.38,0.37,13.6,0.01,0.1,25.6,74.3,False,False,False,False,False,False,False,False,False,False,False,False,False,False,False,False,False,False,False,False,False,False,False,False,2019,7,6.3,21.2,31.69,28143,1.0823854829045792e-06,2019,False,False
2019,7,Summer,34.11277777777778,135.00833333333333,62.9,303,SIS,7.4,-44.0,38.7,5.7,1.8,1.11,0.29,9.0,0.02,7.8,38.2,54.0,False,False,False,False,False,False,False,False,False,False,False,False,False,False,False,False,False,False,False,False,False,False,False,False,2019,7,6.4,20.1,34.25,3079,3.0786714110954903e-06,2019,False,False
2019,7,Summer,34.38666666666666,133.24749999999997,13.0,309,SIS,7.5,-98.0,53.5,6.9,3.1,1.24,0.33,9.2,0.06,4.2,16.6,79.2,False,False,False,False,False,False,False,False,False,False,False,False,False,False,False,False,False,False,False,False,False,False,False,False,2019,7,7.2,23.0,32.71,34313,3.7065003045484965e-07,2019,False,False
2019,7,Summer,34.333333333333336,132.45583333333332,20.0,312,SIS,7.6,-187.0,68.8,11.5,6.6,2.5,0.48,23.0,0.13,0.0,3.4,96.6,False,False,False,False,False,False,False,False,False,False,False,False,False,False,False,False,False,False,False,False,False,False,False,False,2019,7,3.9,19.8,32.98,34396,3.0830756027894546e-06,2019,False,False
2019,7,Summer,34.30305555555555,132.35305555555556,24.0,312,SIS,7.6,-151.0,74.5,11.6,6.3,2.82,0.48,21.2,0.23,0.0,0.6,99.4,False,False,False,False,False,False,False,False,False,False,False,False,False,False,False,False,False,False,False,False,False,False,False,False,2019,7,6.0,19.8,33.18,34410,6.410111599588196e-07,2019,False,False
2019,7,Summer,33.99666666666667,132.29222222222222,24.5,312,SIS,7.6,-37.0,48.6,10.5,19.8,1.51,0.58,14.0,0.09,0.05,6.0,94.0,True,False,False,False,False,False,False,False,False,False,False,False,False,False,False,False,False,False,False,False,False,False,False,False,2019,7,8.4,21.4,32.3,35426,2.0818909855812816e-06,2019,False,False
2019,7,Summer,34.03805555555555,131.70083333333332,13.5,315,SIS,7.4,-194.0,51.6,9.5,19.9,1.26,0.49,13.4,0.12,0.05,4.6,95.4,True,False,False,False,False,False,False,False,False,False,False,False,False,False,False,False,False,False,False,False,False,False,False,False,2019,7,8.0,21.2,33.0,35550,3.1109519614069765e-06,2019,False,False
2019,7,Summer,33.78333333333333,131.3252777777778,24.1,316,SIS,7.6,-154.0,50.9,8.9,18.3,1.3,0.6,13.5,0.43,0.05,17.5,82.5,True,False,False,False,False,False,False,False,False,False,False,False,False,False,False,False,False,False,False,False,False,False,False,False,2019,7,7.6,19.8,33.1,35598,2.0869368062898815e-06,2019,False,False
2019,7,Summer,34.282222222222224,134.3538888888889,19.4,306,SIS,7.5,-124.0,66.4,8.2,4.9,1.98,0.39,14.9,0.1,0.0,4.3,95.7,False,False,False,False,False,False,False,False,False,False,False,False,False,False,False,False,False,False,False,False,False,False,False,False,2019,7,6.6,22.5,32.22,37181,1.0503382490329312e-06,2019,False,False
2019,7,Summer,34.11138888888889,133.6275,9.8,310,SIS,7.4,-126.0,41.1,4.5,3.1,1.08,0.31,9.6,0.1,0.1,47.4,52.5,False,False,False,False,False,False,False,False,False,False,False,False,False,False,False,False,False,False,False,False,False,False,False,False,2019,7,5.1,21.5,32.49,37254,1.2354953859983198e-07,2019,False,False
2019,7,Summer,34.056666666666665,133.49749999999997,20.7,310,SIS,7.4,-98.0,72.4,9.8,3.4,1.97,0.44,15.4,0.1,0.0,0.3,99.7,False,False,False,False,False,False,False,False,False,False,False,False,False,False,False,False,False,False,False,False,False,False,False,False,2019,7,5.4,21.1,32.619,38274,3.706493231318329e-07,2019,False,False
2019,7,Summer,34.00333333333333,133.1725,14.1,310,SIS,7.3,67.0,61.8,7.3,4.1,1.4,0.47,10.9,0.1,0.0,10.0,90.0,False,False,False,False,False,False,False,False,False,False,False,False,False,False,False,False,False,False,False,False,False,False,False,False,2019,7,6.9,21.5,32.594,38328,3.706493231225849e-07,2019,False,False
2019,7,Summer,33.638333333333335,131.13083333333333,9.5,316,SIS,7.4,-159.0,69.4,9.6,7.0,1.96,0.43,17.2,0.1,0.0,2.0,98.0,False,False,False,False,False,False,False,False,False,False,False,False,False,False,False,False,False,False,False,False,False,False,False,False,2019,7,8.5,23.8,32.58,40617,3.108026703408754e-06,2019,False,False
2019,7,Summer,33.306666666666665,131.61083333333332,54.3,314,SIS,7.7,-222.0,73.6,12.6,8.9,2.54,0.49,22.3,0.1,0.0,0.4,99.6,False,False,False,False,False,False,False,False,False,False,False,False,False,False,False,False,False,False,False,False,False,False,False,False,2019,7,4.0,19.7,33.24,44528,4.830500351793654e-07,2019,False,False
2020,8,Summer,35.61055555555556,139.89777777777778,7.0,100,Tokyo,7.6,-359.0,52.8,9.0,7.2,2.34,0.67,26.1,0.4,5.1,39.4,55.5,False,False,False,False,False,False,False,False,False,False,False,False,False,False,False,False,False,False,False,False,False,False,False,False,2020,8,1.8,22.2,27.24,1212,0.2798600340455486,2020,False,True
2020,8,Summer,35.645833333333336,139.99027777777778,6.0,100,Tokyo,7.8,,27.0,2.3,3.3,0.43,0.23,3.2,0.21,0.5,90.9,8.7,False,False,False,False,False,False,False,False,False,False,False,False,False,False,False,False,False,False,False,False,False,False,False,False,2020,8,8.5,25.0,24.5,122,0.1564635574419385,2020,False,False
2020,8,Summer,35.60527777777778,140.06111111111113,8.0,100,Tokyo,7.6,-278.0,47.0,6.4,4.2,0.96,0.29,10.7,0.42,1.1,11.7,87.2,False,False,False,False,False,False,False,False,False,False,False,False,False,False,False,False,False,False,False,False,False,False,False,False,2020,8,7.7,24.3,25.52,124,0.03981019418112153,2020,False,False
2020,8,Summer,35.550555555555555,139.91,17.0,100,Tokyo,7.8,,71.8,13.8,24.0,4.74,0.71,37.5,1.29,0.0,0.5,99.5,False,False,False,False,False,False,False,False,False,False,False,False,False,False,False,False,False,False,False,False,False,False,False,False,2020,8,1.2,18.9,32.9,1215,0.5904657166575917,2020,False,True
2020,8,Summer,35.536944444444444,140.02,15.0,100,Tokyo,7.6,,71.6,13.4,13.2,3.88,0.66,33.8,1.11,0.0,1.5,98.5,False,False,False,False,False,False,False,False,False,False,False,False,False,False,False,False,False,False,False,False,False,False,False,False,2020,8,0.7,19.0,32.54,129,0.4085553603445186,2020,False,True
2020,8,Summer,35.34361111111112,139.79944444444445,8.0,100,Tokyo,7.8,-113.0,21.7,2.5,1.9,0.27,0.25,2.1,0.02,2.2,91.2,6.6,False,False,False,False,False,False,False,False,False,False,False,False,False,False,False,False,False,False,False,False,False,False,False,False,2020,8,8.5,22.7,27.84,1235,1.0996890622251891,2020,False,False
2020,8,Summer,35.559999999999995,139.8211111111111,15.8,100,Tokyo,8.0,-1.0,58.7,9.8,32.3,2.96,0.81,22.3,1.37,0.05,0.3,99.7,True,False,False,False,False,False,False,False,False,False,False,False,False,False,False,False,False,False,False,False,False,False,False,False,2020,8,0.9,20.0,32.3,1318,0.3706493848336432,2020,False,True
2020,8,Summer,35.4675,139.85277777777776,27.0,100,Tokyo,7.8,,55.0,9.5,19.7,2.46,0.63,19.4,0.31,0.3,9.7,90.0,False,False,False,False,False,False,False,False,False,False,False,False,False,False,False,False,False,False,False,False,False,False,False,False,2020,8,2.7,17.8,33.9,1326,2.012494465836712e-06,2020,False,False
2020,8,Summer,35.46083333333333,139.74805555555554,27.0,100,Tokyo,7.5,-198.0,73.7,11.3,20.5,2.94,0.7,26.3,0.87,0.1,4.2,95.7,False,False,False,False,False,False,False,False,False,False,False,False,False,False,False,False,False,False,False,False,False,False,False,False,2020,8,3.1,18.2,33.76,1432,4.0423459997519365e-06,2020,False,False
2020,7,Summer,34.93666666666666,136.80194444444444,5.5,201,Ise,7.6,-20.0,25.2,2.3,1.5,0.17,0.19,3.2,0.04,2.6,91.1,6.3,False,False,False,False,False,False,False,False,False,False,False,False,False,False,False,False,False,False,False,False,False,False,False,False,2020,7,6.5,23.3,22.58,2310,4.068297542329713e-06,2020,False,False
2020,7,Summer,34.723333333333336,137.1186111111111,15.6,202,Ise,7.8,-300.0,58.1,10.3,10.0,3.3,0.66,28.0,0.58,5.1,23.2,71.7,False,False,False,False,False,False,False,False,False,False,False,False,False,False,False,False,False,False,False,False,False,False,False,False,2020,7,1.9,21.8,31.95,2359,1.0810001764324187e-06,2020,False,True
2020,7,Summer,34.75333333333333,137.28861111111112,8.4,202,Ise,8.1,-360.0,42.9,7.3,8.0,1.3,0.34,21.0,0.31,0.3,21.4,78.3,False,False,False,False,False,False,False,False,False,False,False,False,False,False,False,False,False,False,False,False,False,False,False,False,2020,7,4.8,23.9,27.7,2361,1.0806565858142234e-06,2020,False,False
2020,7,Summer,34.98722222222222,136.68027777777775,12.7,201,Ise,7.6,-144.0,53.1,8.2,13.5,1.98,0.8,19.4,0.67,0.05,0.8,99.1,True,False,False,False,False,False,False,False,False,False,False,False,False,False,False,False,False,False,False,False,False,False,False,False,2020,7,2.3,22.0,25.8,244,2.0394666780280975e-06,2020,False,False
2020,7,Summer,34.88972222222222,136.66361111111112,13.7,201,Ise,7.6,-95.0,51.7,8.6,14.2,2.46,0.7,19.6,0.29,1.2,1.3,97.5,False,False,False,False,False,False,False,False,False,False,False,False,False,False,False,False,False,False,False,False,False,False,False,False,2020,7,1.2,21.3,29.6,2411,1.0431147913434693e-06,2020,False,True
2020,7,Summer,34.669999999999995,136.5975,23.8,201,Ise,7.6,-144.0,68.5,11.7,21.4,3.77,0.69,28.7,0.44,0.1,0.8,99.1,False,False,False,False,False,False,False,False,False,False,False,False,False,False,False,False,False,False,False,False,False,False,False,False,2020,7,0.6,22.3,31.0,2427,7.073230889886872e-13,2020,False,True
2020,7,Summer,34.65833333333333,135.40916666666666,13.4,301,SIS,7.5,-209.0,56.0,9.8,41.0,2.5,0.51,19.0,1.3,0.1,1.0,98.9,False,False,False,False,False,False,False,False,False,False,False,False,False,False,False,False,False,False,False,False,False,False,False,False,2020,7,0.8,25.4,32.42,272,3.0712552024428725e-06,2020,False,True
2020,7,Summer,34.439722222222215,135.13722222222222,30.6,302,SIS,7.3,-185.0,52.3,8.6,20.0,2.6,0.41,14.0,1.0,0.0,12.6,87.4,False,False,False,False,False,False,False,False,False,False,False,False,False,False,False,False,False,False,False,False,False,False,False,False,2020,7,6.0,24.2,32.97,2744,2.052811989601796e-06,2020,False,False
2020,7,Summer,34.65833333333333,135.26388888888889,17.0,301,SIS,7.53,-223.0,63.6,11.3,33.6,2.66,0.56,20.1,0.12,0.05,2.3,97.7,True,False,False,False,False,False,False,False,False,False,False,False,False,False,False,False,False,False,False,False,False,False,False,False,2020,7,5.9,22.5,31.64,2823,1.0817522709564292e-06,2020,False,False
2020,7,Summer,34.60333333333333,134.61388888888888,38.0,305,SIS,7.69,-82.0,51.2,7.9,18.0,1.5,0.33,12.1,0.01,0.05,32.2,67.8,True,False,False,False,False,False,False,False,False,False,False,False,False,False,False,False,False,False,False,False,False,False,False,False,2020,7,5.4,20.8,31.61,28143,1.0823854829045792e-06,2020,False,False
2020,7,Summer,34.11277777777778,135.00833333333333,64.1,303,SIS,7.4,-49.0,39.9,5.8,2.9,0.97,0.3,6.9,0.02,0.9,46.7,52.4,False,False,False,False,False,False,False,False,False,False,False,False,False,False,False,False,False,False,False,False,False,False,False,False,2020,7,6.4,16.9,34.58,3079,3.0786714110954903e-06,2020,False,False
2020,7,Summer,34.38666666666666,133.24749999999997,13.0,309,SIS,7.6,-146.0,47.0,6.6,4.4,1.0,0.33,8.0,0.07,0.0,25.0,75.0,False,False,False,False,False,False,False,False,False,False,False,False,False,False,False,False,False,False,False,False,False,False,False,False,2020,7,6.4,25.5,30.58,34313,3.7065003045484965e-07,2020,False,False
2020,7,Summer,34.333333333333336,132.45583333333332,26.0,312,SIS,7.6,-112.0,67.8,12.2,9.7,2.5,0.53,22.4,0.08,0.0,9.7,90.3,False,False,False,False,False,False,False,False,False,False,False,False,False,False,False,False,False,False,False,False,False,False,False,False,2020,7,3.2,21.2,31.85,34396,3.0830756027894546e-06,2020,False,False
2020,7,Summer,34.30305555555555,132.35305555555556,24.0,312,SIS,7.6,-164.0,74.6,12.8,11.7,2.74,0.51,22.6,0.17,0.0,2.1,97.9,False,False,False,False,False,False,False,False,False,False,False,False,False,False,False,False,False,False,False,False,False,False,False,False,2020,7,4.7,21.0,31.78,34410,6.410111599588196e-07,2020,False,False
2020,7,Summer,33.99666666666667,132.29222222222222,17.6,312,SIS,7.04,-91.13,53.9050042584098,11.7454601819451,23.4822702183304,1.91205362478892,0.596433333333333,13.3658999323845,0.278218351106945,0.05,4.27566807313644,95.7243319268636,True,False,False,False,False,False,False,False,False,False,False,False,False,False,False,False,False,False,False,False,False,False,False,False,2020,7,7.1,21.6,30.9,35426,2.0818909855812816e-06,2020,False,False
2020,7,Summer,34.03805555555555,131.70083333333332,12.4,315,SIS,6.89,-20.3033333333333,54.1198177118732,11.2312882933134,25.1355834215219,1.83065578341484,0.590666666666667,14.0938564936319,0.640600229683415,0.05,1.77907594264474,98.2209240573553,True,False,False,False,False,False,False,False,False,False,False,False,False,False,False,False,False,False,False,False,False,False,False,False,2020,7,6.9,21.6,31.9,35550,3.1109519614069765e-06,2020,False,False
2020,7,Summer,33.78333333333333,131.3252777777778,23.9,316,SIS,7.02333333333333,-110.56,50.5208413235,9.64006679149891,20.5004747627265,1.43263295292854,0.550833333333333,11.6528090437253,0.312175446886179,0.05,22.8645161290322,77.0838709677419,True,False,False,False,False,False,False,False,False,False,False,False,False,False,False,False,False,False,False,False,False,False,False,False,2020,7,5.8,20.7,32.5,35598,2.0869368062898815e-06,2020,False,False
2020,7,Summer,34.282222222222224,134.3538888888889,19.0,306,SIS,7.5,-238.0,65.7,9.0,8.1,2.05,0.46,15.8,0.06,0.0,1.9,98.1,False,False,False,False,False,False,False,False,False,False,False,False,False,False,False,False,False,False,False,False,False,False,False,False,2020,7,7.0,22.1,31.27,37181,1.0503382490329312e-06,2020,False,False
2020,7,Summer,34.11138888888889,133.6275,12.0,310,SIS,7.5,-108.0,37.6,4.0,5.0,0.94,0.27,8.8,0.03,1.1,38.2,60.7,False,False,False,False,False,False,False,False,False,False,False,False,False,False,False,False,False,False,False,False,False,False,False,False,2020,7,6.4,22.3,31.48,37254,1.2354953859983198e-07,2020,False,False
2020,7,Summer,34.056666666666665,133.49749999999997,25.0,310,SIS,7.4,-167.0,74.6,9.9,11.2,2.04,0.47,16.2,0.04,0.0,0.1,99.9,False,False,False,False,False,False,False,False,False,False,False,False,False,False,False,False,False,False,False,False,False,False,False,False,2020,7,4.6,22.5,31.89,38274,3.706493231318329e-07,2020,False,False
2020,7,Summer,34.00333333333333,133.1725,15.5,310,SIS,7.5,-76.0,57.5,7.2,6.1,1.36,0.47,10.6,0.08,0.0,13.7,86.3,False,False,False,False,False,False,False,False,False,False,False,False,False,False,False,False,False,False,False,False,False,False,False,False,2020,7,6.4,22.0,32.06,38308,11.983549275874964,2020,False,False
2020,7,Summer,33.638333333333335,131.13083333333333,7.5,316,SIS,7.6,-105.0,65.1,9.4,9.8,1.87,0.56,17.1,0.14,2.9,8.8,88.3,False,False,False,False,False,False,False,False,False,False,False,False,False,False,False,False,False,False,False,False,False,False,False,False,2020,7,6.8,24.8,28.72,40617,3.108026703408754e-06,2020,False,False
2020,7,Summer,33.306666666666665,131.61083333333332,52.7,314,SIS,7.6,-122.0,71.3,12.0,10.8,2.41,0.55,21.5,0.08,0.0,0.5,99.5,False,False,False,False,False,False,False,False,False,False,False,False,False,False,False,False,False,False,False,False,False,False,False,False,2020,7,5.9,19.7,33.07,44528,4.830500351793654e-07,2020,False,False
2021,8,Summer,35.61055555555556,139.89777777777778,8.0,100,Tokyo,7.7,-260.0,38.5,5.5,5.2,1.74,0.51,10.4,0.79,0.4,42.9,56.7,False,False,False,False,False,False,False,False,False,False,False,False,False,False,False,False,False,False,False,False,False,False,False,False,2021,8,2.6,25.4,26.38,1212,0.2798600340455486,2021,False,False
2021,8,Summer,35.645833333333336,139.99027777777778,7.0,100,Tokyo,7.8,-184.0,26.4,1.4,1.8,0.47,0.27,2.4,0.13,0.4,95.8,3.8,False,False,False,False,False,False,False,False,False,False,False,False,False,False,False,False,False,False,False,False,False,False,False,False,2021,8,2.2,25.6,26.49,122,0.1564635574419385,2021,False,False
2021,8,Summer,35.60527777777778,140.06111111111113,9.0,100,Tokyo,7.9,-294.0,45.6,4.7,3.2,1.38,0.38,13.9,0.46,1.0,6.9,92.1,False,False,False,False,False,False,False,False,False,False,False,False,False,False,False,False,False,False,False,False,False,False,False,False,2021,8,0.9,23.4,28.3,124,0.03981019418112153,2021,False,True
2021,8,Summer,35.550555555555555,139.91,18.0,100,Tokyo,7.7,-390.0,72.0,14.8,16.8,5.16,0.71,33.7,1.49,0.05,0.9,99.1,True,False,False,False,False,False,False,False,False,False,False,False,False,False,False,False,False,False,False,False,False,False,False,False,2021,8,0.5,20.3,30.54,1215,0.5904657166575917,2021,False,True
2021,8,Summer,35.536944444444444,140.02,16.0,100,Tokyo,7.7,-369.0,64.5,9.2,10.5,3.35,0.52,25.0,0.98,0.05,2.8,97.2,True,False,False,False,False,False,False,False,False,False,False,False,False,False,False,False,False,False,False,False,False,False,False,False,2021,8,0.5,21.1,31.6,129,0.4085553603445186,2021,False,True
2021,8,Summer,35.34361111111112,139.79944444444445,8.0,100,Tokyo,7.9,57.0,22.4,2.7,1.7,0.24,0.26,1.7,0.01,2.0,93.9,4.1,False,False,False,False,False,False,False,False,False,False,False,False,False,False,False,False,False,False,False,False,False,False,False,False,2021,8,4.9,24.8,31.06,1235,1.0996890622251891,2021,False,False
2021,8,Summer,35.4675,139.85277777777776,28.1,100,Tokyo,7.9,-136.0,60.3,12.2,37.0,3.39,0.87,28.1,1.23,0.05,0.9,99.1,True,False,False,False,False,False,False,True,False,True,False,True,False,True,False,True,False,True,False,True,False,True,False,False,2021,8,5.0,19.8,34.1,1326,2.012494465836712e-06,2021,False,False
2021,8,Summer,35.559999999999995,139.8211111111111,16.8,100,Tokyo,7.9,-88.0,59.0,11.1,36.7,2.56,0.81,24.3,1.65,0.05,0.05,100.0,True,False,True,False,False,False,False,True,False,True,False,True,False,True,False,True,False,True,False,True,False,True,False,False,2021,8,2.7,21.1,33.4,1318,0.3706493848336432,2021,False,False
2021,8,Summer,35.46083333333333,139.74805555555554,26.0,100,Tokyo,7.41,-198.0,72.5,13.1,25.2,2.84,0.58,25.7,0.72,0.05,4.4,95.6,True,False,False,False,False,False,False,False,False,False,False,False,False,False,False,False,False,False,False,False,False,False,False,False,2021,8,5.1,17.8,34.08,1432,4.0423459997519365e-06,2021,False,False
2021,7,Summer,34.93666666666666,136.80194444444444,8.5,201,Ise,7.8,-130.0,22.6,2.4,2.8,0.14,0.3,4.3,0.03,1.6,96.4,1.8,False,False,False,False,False,False,False,False,False,False,False,False,False,False,False,False,False,False,False,False,False,False,False,False,2021,7,4.5,23.3,27.01,2310,4.068297542329713e-06,2021,False,False
2021,7,Summer,34.723333333333336,137.1186111111111,17.6,202,Ise,8.0,-320.0,55.3,10.3,19.0,2.1,0.73,28.0,0.52,1.0,29.4,69.4,False,False,False,False,False,False,False,False,False,False,False,False,False,False,False,False,False,False,False,False,False,False,False,False,2021,7,2.1,22.4,31.54,2359,1.0810001764324187e-06,2021,False,False
2021,7,Summer,34.75333333333333,137.28861111111112,8.8,202,Ise,8.0,-340.0,42.2,7.7,16.0,1.2,0.4,25.0,0.19,1.1,24.7,74.0,False,False,False,False,False,False,False,False,False,False,False,False,False,False,False,False,False,False,False,False,False,False,False,False,2021,7,1.6,22.6,30.47,2361,1.0806565858142234e-06,2021,False,True
2021,7,Summer,34.98722222222222,136.68027777777775,12.3,201,Ise,7.6,-207.0,54.4,8.8,18.0,2.14,0.74,18.5,1.03,0.05,0.4,99.6,True,False,False,False,False,False,False,False,False,False,False,False,False,False,False,False,False,False,False,False,False,False,False,False,2021,7,2.3,21.6,30.1,244,2.0394666780280975e-06,2021,False,False
2021,7,Summer,34.88972222222222,136.66361111111112,14.2,201,Ise,7.6,-101.0,52.9,8.6,16.6,2.41,0.78,17.2,0.41,0.5,2.7,96.8,False,False,False,False,False,False,False,False,False,False,False,False,False,False,False,False,False,False,False,False,False,False,False,False,2021,7,2.0,21.9,30.2,2411,1.0431147913434693e-06,2021,False,True
2021,7,Summer,34.669999999999995,136.5975,24.7,201,Ise,7.6,-173.0,68.1,10.9,28.7,3.64,0.64,25.5,0.78,0.05,1.0,99.0,True,False,False,False,False,False,False,False,False,False,False,False,False,False,False,False,False,False,False,False,False,False,False,False,2021,7,1.6,22.3,30.5,2427,7.073230889886872e-13,2021,False,True
2021,7,Summer,34.65833333333333,135.40916666666666,14.5,301,SIS,7.8,-388.0,74.7,10.0,45.0,2.8,0.61,20.0,1.3,0.0,1.3,98.7,False,False,False,False,False,False,False,False,False,False,False,False,False,False,False,False,False,False,False,False,False,False,False,False,2021,7,1.1,19.0,31.87,272,3.0712552024428725e-06,2021,False,True
2021,7,Summer,34.439722222222215,135.13722222222222,31.5,302,SIS,7.8,-311.0,58.4,7.2,18.0,1.8,0.42,12.0,0.14,0.2,15.4,84.39999999999999,False,False,False,False,False,False,False,False,False,False,False,False,False,False,False,False,False,False,False,False,False,False,False,False,2021,7,6.1,20.7,32.09,2744,2.052811989601796e-06,2021,False,False
2021,7,Summer,34.65833333333333,135.26388888888889,16.0,301,SIS,7.81,,64.1,10.8,33.8,4.07,0.45,21.1,0.88,0.0,1.1,98.9,False,False,False,False,False,False,False,False,False,False,False,False,False,False,False,False,False,False,False,False,False,False,False,False,2021,7,1.4,21.2,31.16,2823,1.0817522709564292e-06,2021,False,True
2021,7,Summer,34.60333333333333,134.61388888888888,38.0,305,SIS,7.76,-301.0,49.2,7.7,20.0,2.64,0.31,11.3,0.03,0.0,36.7,63.3,False,False,False,False,False,False,False,False,False,False,False,False,False,False,False,False,False,False,False,False,False,False,False,False,2021,7,6.0,21.5,31.24,28143,1.0823854829045792e-06,2021,False,False
2021,7,Summer,34.11277777777778,135.00833333333333,63.8,303,SIS,7.4,-126.0,44.0,6.2,4.1,1.12,0.33,7.6,0.2,0.3,45.0,54.7,False,False,False,False,False,False,False,False,False,False,False,False,False,False,False,False,False,False,False,False,False,False,False,False,2021,7,6.7,18.3,34.61,3079,3.0786714110954903e-06,2021,False,False
2021,7,Summer,34.11277777777778,135.00833333333333,63.8,303,SIS,7.4,-126.0,44.0,6.2,4.1,1.12,0.33,7.6,0.02,0.3,45.0,54.7,False,False,False,False,False,False,False,False,False,False,False,False,False,False,False,False,False,False,False,False,False,False,False,False,2021,7,6.7,18.3,34.61,3079,3.0786714110954903e-06,2021,False,False
2021,7,Summer,34.38666666666666,133.24749999999997,14.0,309,SIS,7.5,-15.0,54.0,7.7,1.6,1.1,0.33,8.3,0.4,1.4,23.4,75.2,False,False,False,False,False,False,False,False,False,False,False,False,False,False,False,False,False,False,False,False,False,False,False,False,2021,7,6.8,24.2,31.42,34313,3.7065003045484965e-07,2021,False,False
2021,7,Summer,34.38666666666666,133.24749999999997,14.0,309,SIS,7.5,-150.0,54.0,7.7,10.6,1.01,0.33,8.3,0.04,1.4,23.4,75.2,False,False,False,False,False,False,False,False,False,False,False,False,False,False,False,False,False,False,False,False,False,False,False,False,2021,7,6.8,24.2,31.42,34313,3.7065003045484965e-07,2021,False,False
2021,7,Summer,34.333333333333336,132.45583333333332,21.0,312,SIS,7.6,-89.0,66.4,11.8,19.8,2.21,0.49,22.2,0.6,0.1,8.0,91.9,False,False,False,False,False,False,False,False,False,False,False,False,False,False,False,False,False,False,False,False,False,False,False,False,2021,7,4.2,19.7,32.5,34396,3.0830756027894546e-06,2021,False,False
2021,7,Summer,34.333333333333336,132.45583333333332,21.0,312,SIS,7.6,-89.0,66.4,11.8,19.8,2.21,0.49,22.2,0.06,0.1,8.0,91.9,False,False,False,False,False,False,False,False,False,False,False,False,False,False,False,False,False,False,False,False,False,False,False,False,2021,7,4.2,19.7,32.5,34396,3.0830756027894546e-06,2021,False,False
2021,7,Summer,34.30305555555555,132.35305555555556,25.0,312,SIS,7.7,-134.0,75.5,12.6,18.0,2.72,0.5,21.4,0.17,0.05,1.3,98.7,True,False,False,False,False,False,False,False,False,False,False,False,False,False,False,False,False,False,False,False,False,False,False,False,2021,7,5.7,19.7,32.63,34410,6.410111599588196e-07,2021,False,False
2021,7,Summer,34.30305555555555,132.35305555555556,25.0,312,SIS,7.7,-134.0,75.5,12.6,18.0,2.72,0.5,21.4,0.17,0.0,1.3,98.7,False,False,False,False,False,False,False,False,False,False,False,False,False,False,False,False,False,False,False,False,False,False,False,False,2021,7,5.7,19.7,32.63,34410,6.410111599588196e-07,2021,False,False
2021,7,Summer,33.99666666666667,132.29222222222222,17.6,312,SIS,7.043333333333333,-79.89333333333332,50.09386718304757,9.06313452101229,21.886500954583266,1.7454880972703295,0.5023658333333334,14.276450000592092,0.2705078361714742,0.0,12.074148296593174,87.92585170340683,True,False,False,False,False,False,False,False,False,False,False,False,False,False,False,False,False,False,False,False,False,False,False,False,2021,7,8.4,21.3,32.1,35426,2.0818909855812816e-06,2021,False,False
2021,7,Summer,34.03805555555555,131.70083333333332,13.5,315,SIS,7.210000000000001,-61.75666666666667,50.731926196659884,8.40199056276649,20.974832058478466,1.3876453042030334,0.4538108333333333,13.038184385790007,0.0845713328127755,0.0,13.029756537421108,86.97024346257889,True,False,False,False,False,False,False,False,False,False,False,False,False,False,False,False,False,False,False,False,False,False,False,False,2021,7,6.4,21.6,32.4,35550,3.1109519614069765e-06,2021,False,False
2021,7,Summer,33.78333333333333,131.3252777777778,24.6,316,SIS,7.333333333333333,-61.25,38.7242879785142,4.582437583357733,10.804523436765454,0.8444839467604955,0.4018691666666666,7.672495078114669,0.1441571716088097,0.0,48.1531684174856,51.8468315825144,True,False,False,False,False,False,False,False,False,False,False,False,False,False,False,False,False,False,False,False,False,False,False,False,2021,7,7.7,19.9,32.7,35598,2.0869368062898815e-06,2021,False,False
2021,7,Summer,34.282222222222224,134.3538888888889,19.3,306,SIS,7.3,-127.0,62.3,8.6,12.5,1.84,0.41,14.9,0.5,0.05,3.0,97.0,True,False,False,False,False,False,False,False,False,False,False,False,False,False,False,False,False,False,False,False,False,False,False,False,2021,7,5.9,21.4,31.02,37181,1.0503382490329312e-06,2021,False,False
2021,7,Summer,34.282222222222224,134.3538888888889,19.3,306,SIS,7.3,-127.0,62.3,8.6,12.5,1.84,0.41,14.9,0.05,0.0,3.0,97.0,False,False,False,False,False,False,False,False,False,False,False,False,False,False,False,False,False,False,False,False,False,False,False,False,2021,7,5.9,21.4,31.02,37181,1.0503382490329312e-06,2021,False,False
2021,7,Summer,34.11138888888889,133.6275,12.0,310,SIS,7.4,-87.0,33.4,3.0,4.9,0.56,0.23,4.2,0.05,0.05,81.6,18.4,True,False,False,False,False,False,False,False,False,False,False,False,False,False,False,False,False,False,False,False,False,False,True,False,2021,7,5.7,23.4,31.88,37254,1.2354953859983198e-07,2021,False,False
2021,7,Summer,34.11138888888889,133.6275,12.0,310,SIS,7.4,-87.0,33.4,3.0,4.9,0.56,0.23,4.2,,0.0,81.6,18.4,False,False,False,False,False,False,False,False,False,False,False,False,False,False,False,False,False,False,False,False,False,False,False,False,2021,7,5.7,23.4,31.88,37254,1.2354953859983198e-07,2021,False,False
2021,7,Summer,34.056666666666665,133.49749999999997,22.5,310,SIS,7.4,-151.0,71.2,11.0,15.4,2.9,0.46,16.5,0.5,0.05,0.3,99.7,True,False,False,False,False,False,False,False,False,False,False,False,False,False,False,False,False,False,False,False,False,False,False,False,2021,7,3.6,18.5,32.212,38274,3.706493231318329e-07,2021,False,False
2021,7,Summer,34.056666666666665,133.49749999999997,22.5,310,SIS,7.4,-151.0,71.2,11.0,15.4,2.09,0.46,16.5,0.05,0.0,0.3,99.7,False,False,False,False,False,False,False,False,False,False,False,False,False,False,False,False,False,False,False,False,False,False,False,False,2021,7,3.6,18.5,32.212,38274,3.706493231318329e-07,2021,False,False
2021,7,Summer,34.00333333333333,133.1725,15.7,310,SIS,7.5,-12.0,56.7,8.2,8.7,1.37,0.44,1.8,0.11,0.05,15.2,84.8,True,False,False,False,False,False,False,False,False,False,False,False,False,False,False,False,False,False,False,False,False,False,False,False,2021,7,6.9,23.2,32.063,38328,3.706493231225849e-07,2021,False,False
2021,7,Summer,34.00333333333333,133.1725,15.7,310,SIS,7.5,-102.0,56.7,8.2,8.7,1.37,0.44,10.8,0.11,0.0,15.2,84.8,False,False,False,False,False,False,False,False,False,False,False,False,False,False,False,False,False,False,False,False,False,False,False,False,2021,7,6.9,23.2,32.063,38328,3.706493231225849e-07,2021,False,False
2021,7,Summer,33.638333333333335,131.13083333333333,11.5,316,SIS,7.6,-165.0,61.4,1.7,13.1,1.89,0.47,17.5,0.1,0.1,4.8,95.1,False,False,False,False,False,False,False,False,False,False,False,False,False,False,False,False,False,False,False,False,False,False,False,False,2021,7,7.3,28.1,31.89,40617,3.108026703408754e-06,2021,False,False
2021,7,Summer,33.638333333333335,131.13083333333333,11.5,316,SIS,7.6,-165.0,61.4,10.7,13.1,1.89,0.47,17.5,0.1,0.1,4.8,95.1,False,False,False,False,False,False,False,False,False,False,False,False,False,False,False,False,False,False,False,False,False,False,False,False,2021,7,7.3,28.1,31.89,40617,3.108026703408754e-06,2021,False,False
2021,7,Summer,33.306666666666665,131.61083333333332,54.3,314,SIS,7.5,-133.0,73.7,13.1,14.6,2.42,0.52,21.3,0.8,0.05,0.4,99.6,True,False,False,False,False,False,False,False,False,False,False,False,False,False,False,False,False,False,False,False,False,False,False,False,2021,7,6.2,21.6,33.0,44528,4.830500351793654e-07,2021,False,False
2021,7,Summer,33.306666666666665,131.61083333333332,54.3,314,SIS,7.5,-133.0,73.7,13.1,14.6,2.42,0.52,21.3,0.08,0.0,0.4,99.6,False,False,False,False,False,False,False,False,False,False,False,False,False,False,False,False,False,False,False,False,False,False,False,False,2021,7,6.2,21.6,33.0,44528,4.830500351793654e-07,2021,False,False
2022,8,Summer,35.61055555555556,139.89777777777778,8.0,100,Tokyo,7.7,-306.0,39.2,4.3,6.2,3.11,0.46,10.4,0.82,0.6,49.0,50.4,False,False,False,False,False,False,False,False,False,False,False,False,False,False,False,False,False,False,False,False,False,False,False,False,2022,8,1.8,26.6,26.28,1212,0.2798600340455486,2022,False,True
2022,8,Summer,35.645833333333336,139.99027777777778,6.0,100,Tokyo,7.9,-368.0,28.4,2.3,3.5,1.48,0.25,3.4,0.12,0.5,83.8,15.6,False,False,False,False,False,False,False,False,False,False,False,False,False,False,False,False,False,False,False,False,False,False,False,False,2022,8,5.9,29.0,21.88,122,0.1564635574419385,2022,False,False
2022,8,Summer,35.60527777777778,140.06111111111113,8.0,100,Tokyo,7.9,-349.0,39.4,4.1,5.0,3.0,0.27,10.5,0.39,0.8,24.3,74.9,False,False,False,False,False,False,False,False,False,False,False,False,False,False,False,False,False,False,False,False,False,False,False,False,2022,8,1.1,26.9,23.99,124,0.03981019418112153,2022,False,True
2022,8,Summer,35.550555555555555,139.91,18.0,100,Tokyo,7.6,,70.4,12.1,16.1,11.1,0.65,35.1,1.23,0.05,0.3,99.7,True,False,False,False,False,False,False,False,False,False,False,False,False,False,False,False,False,False,False,False,False,False,False,False,2022,8,0.5,20.1,32.86,1215,0.5904657166575917,2022,False,True
2022,8,Summer,35.536944444444444,140.02,15.0,100,Tokyo,7.6,-375.0,70.8,12.0,20.2,16.3,0.6,32.8,1.83,0.05,1.5,98.5,True,False,False,False,False,False,False,False,False,False,False,False,False,False,False,False,False,False,False,False,False,False,False,False,2022,8,1.2,21.2,23.87,129,0.4085553603445186,2022,False,True
2022,8,Summer,35.34361111111112,139.79944444444445,8.0,100,Tokyo,7.9,-138.0,22.5,1.8,2.0,1.22,0.24,1.8,0.01,0.9,94.0,5.1,False,False,False,False,False,False,False,False,False,False,False,False,False,False,False,False,False,False,False,False,False,False,False,False,2022,8,4.1,25.8,30.6,1235,1.0996890622251891,2022,False,False
2022,8,Summer,35.24,139.8338888888889,10.5,100,Tokyo,7.8,-140.0,27.0,2.9,1.9,0.36,0.35,2.0,,0.3,96.1,3.6,False,False,False,False,False,False,False,False,False,False,False,False,False,False,False,False,False,False,False,False,False,False,False,False,2022,8,6.3,24.2,33.15,1238,0.6586621995590785,2022,False,False
2022,8,Summer,35.61416666666667,139.84611111111113,4.0,100,Tokyo,7.6,-119.0,48.1,7.2,18.7,1.62,0.86,20.0,0.47,0.0,38.1,61.9,False,False,False,False,False,False,False,False,False,False,False,False,False,False,False,False,False,False,False,False,False,False,False,False,2022,8,1.8,26.6,26.28,1212,4.428196021619047,2022,False,True
2022,8,Summer,35.559999999999995,139.8211111111111,16.4,100,Tokyo,8.2,-165.0,64.4,9.0,35.8,2.32,0.8,19.6,1.72,0.05,0.4,99.6,True,False,False,False,False,False,False,False,False,False,False,False,False,False,False,False,False,False,False,False,False,False,False,False,2022,8,0.5,20.3,33.2,1318,0.3706493848336432,2022,False,True
2022,8,Summer,35.57277777777778,139.78250000000003,5.2,100,Tokyo,7.4,-144.0,65.6,9.7,20.5,2.42,0.76,22.6,0.94,0.0,2.9,97.1,False,False,False,False,False,False,False,False,False,False,False,False,False,False,False,False,False,False,False,False,False,False,False,False,2022,8,0.0,,0.0,1320,2.4709978453612357e-07,2022,False,True
2022,8,Summer,35.4675,139.85277777777776,27.6,100,Tokyo,7.9,-66.0,63.4,10.4,43.6,3.95,0.93,27.3,1.13,0.05,2.1,97.9,True,False,False,False,False,False,False,False,False,False,False,False,False,False,False,False,False,False,False,False,False,False,False,False,2022,8,2.1,18.0,34.1,1326,2.012494465836712e-06,2022,False,False
2022,8,Summer,35.46083333333333,139.74805555555554,25.5,100,Tokyo,7.4,-161.0,72.3,11.8,28.6,3.2,0.64,28.2,0.86,0.0,2.7,97.3,False,False,False,False,False,False,False,False,False,False,False,False,False,False,False,False,False,False,False,False,False,False,False,False,2022,8,3.1,19.2,33.83,1432,4.0423459997519365e-06,2022,False,False
2022,8,Summer,35.50861111111111,139.84611111111113,27.4,100,Tokyo,7.4,-203.0,78.4,13.2,34.2,3.76,0.74,31.6,1.45,0.0,0.6,99.4,False,False,False,False,False,False,False,False,False,False,False,False,False,False,False,False,False,False,False,False,False,False,False,False,2022,8,0.6,18.5,34.0,1352,1.0132930001663663e-06,2022,False,True
2022,7,Summer,34.93666666666666,136.80194444444444,6.9,201,Ise,7.8,3.0,19.1,1.4,1.4,0.09,0.16,2.1,0.01,0.2,98.7,0.9,False,False,False,False,False,False,False,False,False,False,False,False,False,False,False,False,False,False,False,False,False,False,False,False,2022,7,5.1,24.7,29.31,2310,4.068297542329713e-06,2022,False,False
2022,7,Summer,34.723333333333336,137.1186111111111,15.2,202,Ise,7.9,-360.0,55.6,9.8,19.0,2.1,0.45,26.0,0.34,0.05,34.7,65.2,True,False,False,False,False,False,False,False,False,False,False,False,False,False,False,False,False,False,False,False,False,False,False,False,2022,7,1.3,22.1,32.63,2359,1.0810001764324187e-06,2022,False,True
2022,7,Summer,34.75333333333333,137.28861111111112,8.5,202,Ise,7.8,-350.0,41.0,7.2,14.0,1.0,0.25,21.0,0.23,0.1,21.5,78.2,False,False,False,False,False,False,False,False,False,False,False,False,False,False,False,False,False,False,False,False,False,False,False,False,2022,7,1.3,23.2,31.66,2361,1.0806565858142234e-06,2022,False,True
2022,7,Summer,34.98722222222222,136.68027777777775,11.2,201,Ise,7.7,-220.0,46.0,9.0,21.0,2.0,0.7,18.0,0.72,0.05,0.2,99.7,True,False,False,False,False,False,False,False,False,False,False,False,False,False,False,False,False,False,False,False,False,False,False,False,2022,7,0.7,27.0,30.0,244,2.0394666780280975e-06,2022,False,True
2022,7,Summer,34.88972222222222,136.66361111111112,14.9,201,Ise,7.9,-160.0,47.0,9.8,22.0,2.3,0.57,18.0,0.19,1.5,1.2,97.3,False,False,False,False,False,False,False,False,False,False,False,False,False,False,False,False,False,False,False,False,False,False,False,False,2022,7,0.7,19.3,30.7,2411,1.0431147913434693e-06,2022,False,True
2022,7,Summer,34.722500000000004,136.53166666666667,3.5,201,Ise,7.8,-160.0,24.0,1.6,1.7,0.21,0.37,1.1,0.05,0.05,84.6,15.3,True,False,False,False,False,False,False,False,False,False,False,False,False,False,False,False,False,False,False,False,False,False,False,False,2022,7,6.7,25.8,24.4,2423,3.0464449880475693e-06,2022,False,False
2022,7,Summer,34.669999999999995,136.5975,23.0,201,Ise,7.6,-310.0,64.0,13.0,42.0,3.7,0.78,28.0,0.19,0.05,0.2,99.8,True,False,False,False,False,False,False,False,False,False,False,False,False,False,False,False,False,False,False,False,False,False,False,False,2022,7,1.0,19.1,31.0,2427,7.073230889886872e-13,2022,False,True
2022,7,Summer,34.669999999999995,136.7161111111111,35.0,201,Ise,7.6,-310.0,54.0,11.0,33.0,3.1,0.7,24.0,0.66,0.05,0.6,99.3,True,False,False,False,False,False,False,False,False,False,False,False,False,False,False,False,False,False,False,False,False,False,False,False,2022,7,5.3,19.4,31.7,2428,1.0161252080742395e-06,2022,False,False
2022,7,Summer,34.55444444444444,136.7302777777778,9.4,201,Ise,7.7,-150.0,20.0,4.4,9.8,0.66,0.12,9.0,0.02,2.5,65.6,32.0,False,False,False,False,False,False,False,False,False,False,False,False,False,False,False,False,False,False,False,False,False,False,False,False,2022,7,4.0,23.7,28.6,2439,2.0942299790005487e-06,2022,False,False
2022,7,Summer,34.55444444444444,136.79694444444445,22.8,201,Ise,7.7,-150.0,37.0,8.1,23.0,1.8,0.63,13.0,0.18,0.05,11.4,88.5,True,False,False,False,False,False,False,False,False,False,False,False,False,False,False,False,False,False,False,False,False,False,False,False,2022,7,3.0,20.5,31.2,2440,4.100060630971725e-06,2022,False,False
2022,7,Summer,34.65833333333333,135.40916666666666,14.4,301,SIS,7.9,,72.3,11.0,38.0,2.8,0.62,20.0,0.93,0.6,4.2,95.2,False,False,False,False,False,False,False,False,False,False,False,False,False,False,False,False,False,False,False,False,False,False,False,False,2022,7,0.5,21.3,31.9,272,3.0712552024428725e-06,2022,False,True
2022,7,Summer,34.439722222222215,135.13722222222222,31.6,302,SIS,7.8,-372.0,59.1,7.3,17.0,1.8,0.43,13.0,0.22,1.0,14.9,84.1,False,False,False,False,False,False,False,False,False,False,False,False,False,False,False,False,False,False,False,False,False,False,False,False,2022,7,6.4,21.9,33.32,2744,2.052811989601796e-06,2022,False,False
2022,7,Summer,34.65833333333333,135.26388888888889,17.0,301,SIS,7.78,,59.7,10.6,30.7,2.32,0.47,20.1,1.0,0.0,0.8,99.2,False,False,False,False,False,False,False,False,False,False,False,False,False,False,False,False,False,False,False,False,False,False,False,False,2022,7,2.9,22.7,32.22,2823,1.0817522709564292e-06,2022,False,False
2022,7,Summer,34.60333333333333,134.61388888888888,38.0,305,SIS,7.8,-80.0,42.1,6.7,17.0,1.31,0.31,12.6,0.08,0.0,32.1,67.9,False,False,False,False,False,False,False,False,False,False,False,False,False,False,False,False,False,False,False,False,False,False,False,False,2022,7,5.8,21.8,32.44,28143,1.0823854829045792e-06,2022,False,False
2022,7,Summer,34.11277777777778,135.00833333333333,63.4,303,SIS,7.4,-55.0,42.9,6.2,6.1,0.91,0.35,6.5,0.02,0.4,51.5,48.1,False,False,False,False,False,False,False,False,False,False,False,False,False,False,False,False,False,False,False,False,False,False,False,False,2022,7,7.2,18.1,34.54,3079,3.0786714110954903e-06,2022,False,False
2022,7,Summer,34.38666666666666,133.24749999999997,14.0,309,SIS,7.4,-276.0,54.6,7.9,11.2,1.52,0.4,12.0,0.13,0.4,21.0,78.6,False,False,False,False,False,False,False,False,False,False,False,False,False,False,False,False,False,False,False,False,False,False,False,False,2022,7,6.7,26.0,32.24,34313,3.7065003045484965e-07,2022,False,False
2022,7,Summer,34.333333333333336,132.45583333333332,21.3,312,SIS,7.5,77.0,61.1,9.7,17.1,2.1,0.43,19.3,0.08,0.1,15.9,84.0,False,False,False,False,False,False,False,False,False,False,False,False,False,False,False,False,False,False,False,False,False,False,False,False,2022,7,4.8,21.0,32.44,34396,3.0830756027894546e-06,2022,False,False
2022,7,Summer,34.30305555555555,132.35305555555556,26.3,312,SIS,7.6,-144.0,74.6,11.7,27.3,2.89,0.55,22.4,0.32,0.0,1.1,98.9,False,False,False,False,False,False,False,False,False,False,False,False,False,False,False,False,False,False,False,False,False,False,False,False,2022,7,5.7,22.0,32.64,34410,6.410111599588196e-07,2022,False,False
2022,7,Summer,33.99666666666667,132.29222222222222,19.0,312,SIS,7.4,-93.0,51.7,9.9,18.5,1.88,0.55,15.6,0.34,0.05,12.1,87.9,True,False,False,False,False,False,False,False,False,False,False,False,False,False,False,False,False,False,False,False,False,False,False,False,2022,7,7.5,22.5,32.7,35426,2.0818909855812816e-06,2022,False,False
2022,7,Summer,34.03805555555555,131.70083333333332,14.0,315,SIS,7.0,-131.0,50.5,8.8,16.7,1.33,0.43,13.7,0.04,0.05,11.4,88.6,True,False,False,False,False,False,False,False,False,False,False,False,False,False,False,False,False,False,False,False,False,False,False,False,2022,7,7.0,23.5,32.6,35550,3.1109519614069765e-06,2022,False,False
2022,7,Summer,33.78333333333333,131.3252777777778,23.0,316,SIS,7.1,-126.0,48.1,8.6,15.0,1.51,0.54,12.9,0.39,0.3,26.4,73.3,False,False,False,False,False,False,False,False,False,False,False,False,False,False,False,False,False,False,False,False,False,False,False,False,2022,7,7.6,19.8,33.0,35598,2.0869368062898815e-06,2022,False,False
2022,7,Summer,34.282222222222224,134.3538888888889,19.0,306,SIS,7.4,-163.0,65.9,8.1,17.3,1.98,0.46,15.2,0.12,0.0,22.3,77.7,False,False,False,False,False,False,False,False,False,False,False,False,False,False,False,False,False,False,False,False,False,False,False,False,2022,7,6.5,24.4,31.98,37181,1.0503382490329312e-06,2022,False,False
2022,7,Summer,34.11138888888889,133.6275,11.0,310,SIS,7.4,-155.0,36.1,3.3,5.7,0.63,0.24,5.1,0.04,0.0,81.4,18.6,False,False,False,False,False,False,False,False,False,False,False,False,False,False,False,False,False,False,False,False,False,False,False,False,2022,7,8.0,24.0,31.34,37254,1.2354953859983198e-07,2022,False,False
2022,7,Summer,34.056666666666665,133.49749999999997,22.8,310,SIS,7.4,-154.0,73.1,9.0,20.8,2.15,0.48,16.3,0.09,0.0,0.4,99.6,False,False,False,False,False,False,False,False,False,False,False,False,False,False,False,False,False,False,False,False,False,False,False,False,2022,7,5.3,21.5,32.191,38274,3.706493231318329e-07,2022,False,False
2022,7,Summer,34.00333333333333,133.1725,15.4,310,SIS,7.5,-212.0,60.6,6.9,13.5,1.47,0.47,10.9,0.1,0.0,18.6,81.4,False,False,False,False,False,False,False,False,False,False,False,False,False,False,False,False,False,False,False,False,False,False,False,False,2022,7,7.0,23.2,32.279,38328,3.706493231225849e-07,2022,False,False
2022,7,Summer,33.638333333333335,131.13083333333333,10.2,316,SIS,7.5,-230.0,67.8,9.9,19.7,2.04,0.49,18.7,0.19,0.0,13.1,86.9,False,False,False,False,False,False,False,False,False,False,False,False,False,False,False,False,False,False,False,False,False,False,False,False,2022,7,10.0,27.3,32.75,40617,3.108026703408754e-06,2022,False,False
2022,7,Summer,33.306666666666665,131.61083333333332,54.3,314,SIS,7.5,-99.0,71.3,11.8,23.5,2.45,0.53,21.9,0.12,0.0,0.6,99.4,False,False,False,False,False,False,False,False,False,False,False,False,False,False,False,False,False,False,False,False,False,False,False,False,2022,7,6.7,19.6,33.01,44528,4.830500351793654e-07,2022,False,False
2023,8,Summer,35.645833333333336,139.99027777777778,5.3,100,Tokyo,7.3,-226.0,65.6,8.3,15.4,2.16,0.73,18.0,1.0,0.05,20.3,79.7,True,False,False,False,False,False,False,False,False,False,False,False,False,False,False,False,False,False,False,False,False,False,False,False,2023,8,0.0,29.5,0.0,122,0.1564635574419385,2023,False,True
2023,8,Summer,35.60527777777778,140.06111111111113,7.3,100,Tokyo,7.3,-208.0,54.7,6.8,9.7,1.33,0.45,11.4,0.42,0.8,20.1,79.1,False,False,False,False,False,False,False,False,False,False,False,False,False,False,False,False,False,False,False,False,False,False,False,False,2023,8,0.0,29.2,0.0,124,0.03981019418112153,2023,False,True
2023,8,Summer,35.536944444444444,140.02,15.0,100,Tokyo,7.1,-200.0,80.6,14.7,28.5,3.99,0.72,32.8,0.3,0.05,0.8,99.2,True,False,False,False,False,False,False,False,False,False,False,False,False,False,False,False,False,False,False,False,False,False,False,False,2023,8,0.0,26.3,0.0,129,0.4085553603445186,2023,False,True
2023,8,Summer,35.61055555555556,139.89777777777778,8.7,100,Tokyo,7.3,-213.0,55.9,6.5,13.2,1.61,0.67,14.8,0.6,0.05,29.7,70.3,True,False,False,False,False,False,False,False,False,False,False,False,False,False,False,False,False,False,False,False,False,False,False,False,2023,8,0.0,21.9,0.0,1212,0.2798600340455486,2023,False,True
2023,8,Summer,35.550555555555555,139.91,18.7,100,Tokyo,7.2,-207.0,82.7,14.7,31.4,4.03,0.75,33.3,0.69,0.05,0.3,99.7,True,False,False,False,False,False,False,False,False,False,False,False,False,False,False,False,False,False,False,False,False,False,False,False,2023,8,0.0,19.7,0.0,1215,0.5904657166575917,2023,False,True
2023,8,Summer,35.34361111111112,139.79944444444445,7.4,100,Tokyo,7.7,-98.0,22.6,3.2,1.3,0.36,0.26,1.9,0.02,13.7,84.7,1.6,False,False,False,False,False,False,False,False,False,False,False,False,False,False,False,False,False,False,False,False,False,False,False,False,2023,8,0.0,19.8,0.0,1235,1.0996890622251891,2023,False,True
2023,8,Summer,35.24,139.8338888888889,10.0,100,Tokyo,7.7,7.0,28.9,2.6,1.4,0.25,0.31,1.2,0.005,0.1,97.7,2.2,False,False,False,False,False,False,False,False,False,False,False,False,False,False,False,False,False,False,False,False,False,False,True,False,2023,8,0.0,19.4,0.0,1238,0.6586621995590785,2023,False,True
2023,8,Summer,35.61416666666667,139.84611111111113,4.8,100,Tokyo,7.5,-144.0,48.8,6.4,11.0,1.44,0.82,15.6,0.47,0.05,43.2,56.8,True,False,False,False,False,False,False,False,False,False,False,False,False,False,False,False,False,False,False,False,False,False,False,False,2023,8,0.0,,0.0,1313,1.0706159695529937e-06,2023,False,True
2023,8,Summer,35.559999999999995,139.8211111111111,17.0,100,Tokyo,7.7,-104.0,62.1,10.7,41.7,2.94,0.72,23.3,1.33,0.05,0.5,99.5,True,False,False,False,False,False,False,False,False,False,False,False,False,False,False,False,False,False,False,False,False,False,False,False,2023,8,1.3,24.5,30.0,1318,0.3706493848336432,2023,False,True
2023,8,Summer,35.57277777777778,139.78250000000003,6.0,100,Tokyo,7.6,-144.0,48.3,6.3,10.0,1.32,0.6,11.4,0.38,0.2,36.4,63.4,False,False,False,False,False,False,False,False,False,False,False,False,False,False,False,False,False,False,False,False,False,False,False,False,2023,8,3.4,27.0,28.6,1320,2.4709978453612357e-07,2023,False,False
2023,8,Summer,35.4675,139.85277777777776,26.9,100,Tokyo,7.9,-188.0,60.9,12.5,37.5,3.47,0.79,26.6,0.97,0.4,4.0,95.6,False,False,False,False,False,False,False,False,False,False,False,False,False,False,False,False,False,False,False,False,False,False,False,False,2023,8,0.7,18.8,33.6,1326,2.012494465836712e-06,2023,False,True
2023,8,Summer,35.50861111111111,139.84611111111113,25.6,100,Tokyo,7.3,-210.0,79.8,13.3,30.2,4.18,0.91,34.1,1.0,0.05,0.5,99.5,True,False,False,False,False,False,False,False,False,False,False,False,False,False,False,False,False,False,False,False,False,False,False,False,2023,8,0.5,19.4,33.1,1352,1.0132930001663663e-06,2023,False,True
2023,8,Summer,35.46083333333333,139.74805555555554,25.4,100,Tokyo,7.5,-181.0,74.6,12.5,21.5,3.43,0.78,29.9,0.83,0.1,1.9,98.0,False,False,False,False,False,False,False,False,False,False,False,False,False,False,False,False,False,False,False,False,False,False,False,False,2023,8,4.2,17.6,33.99,1432,4.0423459997519365e-06,2023,False,False
2023,7,Summer,34.93666666666666,136.80194444444444,7.8,201,Ise,7.8,100.0,16.4,1.9,1.4,0.09,0.27,5.1,0.005,1.5,97.1,1.3,False,False,False,False,False,False,False,False,False,False,False,False,False,False,False,False,False,False,False,False,False,False,True,False,2023,7,5.7,22.1,29.96,2310,4.068297542329713e-06,2023,False,False
2023,7,Summer,34.723333333333336,137.1186111111111,17.7,202,Ise,8.0,-350.0,58.9,10.9,26.0,2.9,0.69,29.0,0.57,0.05,18.9,81.0,True,False,False,False,False,False,False,False,False,False,False,False,False,False,False,False,False,False,False,False,False,False,False,False,2023,7,1.4,21.3,32.03,2359,1.0810001764324187e-06,2023,False,True
2023,7,Summer,34.75333333333333,137.28861111111112,12.4,202,Ise,7.8,-340.0,42.7,7.5,15.0,1.1,0.44,19.0,0.17,0.05,11.9,88.0,True,False,False,False,False,False,False,False,False,False,False,False,False,False,False,False,False,False,False,False,False,False,False,False,2023,7,5.9,25.8,29.18,2361,1.0806565858142234e-06,2023,False,False
2023,7,Summer,34.98722222222222,136.68027777777775,14.5,201,Ise,7.8,-190.0,45.0,7.5,19.0,1.7,0.67,20.0,0.4,0.05,0.3,99.7,True,False,False,False,False,False,False,False,False,False,False,False,False,False,False,False,False,False,False,False,False,False,False,False,2023,7,1.7,20.9,31.3,244,2.0394666780280975e-06,2023,False,True
2023,7,Summer,34.88972222222222,136.66361111111112,15.0,201,Ise,7.9,-250.0,50.0,8.7,27.0,1.9,0.69,20.0,0.18,2.2,4.9,92.9,False,False,False,False,False,False,False,False,False,False,False,False,False,False,False,False,False,False,False,False,False,False,False,False,2023,7,2.4,21.5,31.2,2411,1.0431147913434693e-06,2023,False,False
2023,7,Summer,34.722500000000004,136.53166666666667,5.5,201,Ise,7.9,-160.0,28.0,1.7,2.8,0.26,0.44,1.4,0.06,0.05,83.3,16.7,True,False,False,False,False,False,False,False,False,False,False,False,False,False,False,False,False,False,False,False,False,False,False,False,2023,7,2.6,22.8,26.8,2423,3.0464449880475693e-06,2023,False,False
2023,7,Summer,34.669999999999995,136.5975,24.5,201,Ise,7.8,-310.0,63.0,12.0,42.0,3.2,0.74,27.0,0.46,0.05,0.4,99.6,True,False,False,False,False,False,False,False,False,False,False,False,False,False,False,False,False,False,False,False,False,False,False,False,2023,7,1.2,19.3,31.7,2427,7.073230889886872e-13,2023,False,True
2023,7,Summer,34.669999999999995,136.7161111111111,34.5,201,Ise,7.8,-360.0,58.0,11.0,35.0,3.3,0.78,24.0,0.62,0.05,1.1,98.9,True,False,False,False,False,False,False,False,False,False,False,False,False,False,False,False,False,False,False,False,False,False,False,False,2023,7,0.8,18.3,31.7,2428,1.0161252080742395e-06,2023,False,True
2023,7,Summer,34.55444444444444,136.7302777777778,10.0,201,Ise,7.9,-200.0,22.0,3.8,7.5,0.62,0.41,4.9,0.05,18.5,63.1,18.4,False,False,False,False,False,False,False,False,False,False,False,False,False,False,False,False,False,False,False,False,False,False,False,False,2023,7,3.9,20.9,30.7,2439,2.0942299790005487e-06,2023,False,False
2023,7,Summer,34.55444444444444,136.79694444444445,22.5,201,Ise,7.8,-180.0,39.0,7.6,24.0,1.9,0.73,13.0,0.54,0.05,16.0,84.0,True,False,False,False,False,False,False,False,False,False,False,False,False,False,False,False,False,False,False,False,False,False,False,False,2023,7,2.7,19.8,31.6,2440,4.100060630971725e-06,2023,False,False
2023,7,Summer,34.65833333333333,135.40916666666666,13.9,301,SIS,8.2,,75.1,10.0,44.0,2.8,0.61,24.0,1.9,0.0,2.7,97.3,False,False,False,False,False,False,False,False,False,False,False,False,False,False,False,False,False,False,False,False,False,False,False,False,2023,7,1.4,20.9,31.15,272,3.0712552024428725e-06,2023,False,True
2023,7,Summer,34.439722222222215,135.13722222222222,31.5,302,SIS,8.0,-299.0,55.3,8.2,19.0,1.9,0.47,12.0,0.14,2.7,23.0,74.3,False,False,False,False,False,False,False,False,False,False,False,False,False,False,False,False,False,False,False,False,False,False,False,False,2023,7,7.2,22.7,32.13,2744,2.052811989601796e-06,2023,False,False
2023,7,Summer,34.65833333333333,135.26388888888889,16.0,301,SIS,7.74,-356.0,63.3,12.3,32.1,2.64,0.46,22.3,1.2,0.0,0.6,99.4,False,False,False,False,False,False,False,False,False,False,False,False,False,False,False,False,False,False,False,False,False,False,False,False,2023,7,5.0,21.1,31.34,2823,1.0817522709564292e-06,2023,False,False
2023,7,Summer,34.60333333333333,134.61388888888888,38.0,305,SIS,7.64,-114.0,68.8,14.6,30.5,3.16,0.54,14.2,0.1,0.0,14.7,85.3,False,False,False,False,False,False,False,False,False,False,False,False,False,False,False,False,False,False,False,False,False,False,False,False,2023,7,5.8,21.3,31.77,28143,1.0823854829045792e-06,2023,False,False
2023,7,Summer,34.11277777777778,135.00833333333333,63.7,303,SIS,7.4,71.0,42.1,5.9,3.7,1.06,0.35,7.4,0.005,0.5,37.2,62.3,False,False,False,False,False,False,False,False,False,False,False,False,False,False,False,False,False,False,False,False,False,False,True,False,2023,7,6.7,17.9,34.5,3079,3.0786714110954903e-06,2023,False,False
2023,7,Summer,34.38666666666666,133.24749999999997,12.0,309,SIS,7.5,-131.0,60.5,7.7,7.7,1.53,0.46,11.9,0.14,0.4,14.5,85.1,False,False,False,False,False,False,False,False,False,False,False,False,False,False,False,False,False,False,False,False,False,False,False,False,2023,7,6.8,26.0,31.09,34313,3.7065003045484965e-07,2023,False,False
2023,7,Summer,34.30305555555555,132.35305555555556,19.9,312,SIS,7.6,-126.0,69.5,11.3,14.0,2.56,0.59,23.8,0.09,0.05,1.6,98.4,True,False,False,False,False,False,False,False,False,False,False,False,False,False,False,False,False,False,False,False,False,False,False,False,2023,7,3.9,19.0,32.17,34410,6.410111599588196e-07,2023,False,False
2023,7,Summer,34.333333333333336,132.45583333333332,24.0,312,SIS,7.6,-157.0,76.3,11.1,15.7,2.82,0.58,21.9,0.2,0.05,0.9,99.1,True,False,False,False,False,False,False,False,False,False,False,False,False,False,False,False,False,False,False,False,False,False,False,False,2023,7,3.9,19.1,32.17,34396,3.0830756027894546e-06,2023,False,False
2023,7,Summer,33.99666666666667,132.29222222222222,18.0,312,SIS,7.3066666666666675,-105.0,53.0,9.8,20.9,1.93,0.56,15.558153351147933,0.34,0.1,2.1,97.8,False,False,False,False,False,False,False,False,False,False,False,False,False,False,False,False,False,False,False,False,False,False,False,False,2023,7,7.8,21.9,31.0,35426,2.0818909855812816e-06,2023,False,False
2023,7,Summer,34.03805555555555,131.70083333333332,14.8,315,SIS,7.12,-124.0,57.1,10.1,24.2,2.14,0.59,17.1,0.2,0.05,2.8,97.2,True,False,False,False,False,False,False,False,False,False,False,False,False,False,False,False,False,False,False,False,False,False,False,False,2023,7,8.6,25.6,30.1,35550,3.1109519614069765e-06,2023,False,False
2023,7,Summer,33.78333333333333,131.3252777777778,24.5,316,SIS,7.163333333333334,-141.0,53.5,9.0,18.7,1.68,0.53,13.9,0.3933667487688323,0.05,10.1,89.9,True,False,False,False,False,False,False,False,False,False,False,False,False,False,False,False,False,False,False,False,False,False,False,False,2023,7,8.0,22.0,32.2,35598,2.0869368062898815e-06,2023,False,False
2023,7,Summer,34.282222222222224,134.3538888888889,19.0,306,SIS,7.4,-135.0,64.0,7.7,10.3,2.04,0.51,15.7,0.1,0.05,2.4,97.6,True,False,False,False,False,False,False,False,False,False,False,False,False,False,False,False,False,False,False,False,False,False,False,False,2023,7,6.8,22.9,31.41,37181,1.0503382490329312e-06,2023,False,False
2023,7,Summer,34.11138888888889,133.6275,7.3,310,SIS,7.3,-110.0,36.8,4.0,5.3,0.89,0.36,8.1,0.04,0.05,44.4,55.6,True,False,False,False,False,False,False,False,False,False,False,False,False,False,False,False,False,False,False,False,False,False,False,False,2023,7,6.3,22.6,31.51,37254,1.2354953859983198e-07,2023,False,False
2023,7,Summer,34.056666666666665,133.49749999999997,22.5,310,SIS,7.3,-173.0,76.4,10.4,14.7,2.39,0.57,17.9,0.11,0.05,0.2,99.8,True,False,False,False,False,False,False,False,False,False,False,False,False,False,False,False,False,False,False,False,False,False,False,False,2023,7,7.02,20.2,31.743,38274,3.706493231318329e-07,2023,False,False
2023,7,Summer,34.00333333333333,133.1725,16.7,310,SIS,7.4,-69.0,60.5,7.3,8.1,1.62,0.54,12.4,0.07,0.05,5.6,94.4,True,False,False,False,False,False,False,False,False,False,False,False,False,False,False,False,False,False,False,False,False,False,False,False,2023,7,7.57,22.1,31.515,38328,3.706493231225849e-07,2023,False,False
2023,7,Summer,33.638333333333335,131.13083333333333,11.8,316,SIS,7.5,-107.0,68.7,9.5,11.9,2.21,0.59,20.0,0.21,0.05,2.0,98.0,True,False,False,False,False,False,False,False,False,False,False,False,False,False,False,False,False,False,False,False,False,False,False,False,2023,7,8.4,24.3,29.53,40617,3.108026703408754e-06,2023,False,False
2023,7,Summer,33.306666666666665,131.61083333333332,53.5,314,SIS,7.5,-132.0,73.7,10.6,14.5,2.57,0.65,22.8,0.1,0.05,0.7,99.3,True,False,False,False,False,False,False,False,False,False,False,False,False,False,False,False,False,False,False,False,False,False,False,False,2023,7,6.8,19.2,33.19,44528,4.830500351793654e-07,2023,False,False
1992,2,Winter,35.608333333333334,139.8983333333333,5.0,100,Tokyo,7.5,-90.0,25.5,3.1,3.8,0.49,0.42,4.1,0.06,0.8,87.9,11.3,False,False,False,False,False,False,False,False,False,False,False,False,False,False,False,False,False,False,False,False,False,False,False,False,1992,2,9.0,10.2,31.42,1212,0.47768825343807475,1992,False,False
1992,2,Winter,35.64388888888889,139.9933333333333,6.0,100,Tokyo,7.5,-79.0,26.1,2.7,3.7,0.64,0.31,3.8,0.05,0.0,87.4,12.6,False,False,False,False,False,False,False,False,False,False,False,False,False,False,False,False,False,False,False,False,False,False,False,False,1992,2,9.0,9.2,31.33,122,0.47760326398878117,1992,False,False
1992,2,Winter,35.60166666666667,140.0641666666667,6.0,100,Tokyo,7.6,-83.0,41.7,6.0,4.8,0.58,0.3,8.4,0.22,0.0,59.0,41.0,False,False,False,False,False,False,False,False,False,False,False,False,False,False,False,False,False,False,False,False,False,False,False,False,1992,2,8.6,10.0,31.67,124,0.47770570703910215,1992,False,False
1992,2,Winter,35.551111111111105,139.9088888888889,17.0,100,Tokyo,7.5,-119.0,73.7,10.9,43.4,2.77,0.66,27.8,1.01,0.0,49.0,51.0,False,False,False,False,False,False,False,False,False,False,False,False,False,False,False,False,False,False,False,False,False,False,False,False,1992,2,8.2,10.8,32.17,1215,0.4778209472004934,1992,False,False
1992,2,Winter,35.53722222222222,140.0225,14.0,100,Tokyo,7.4,-149.0,69.7,8.7,18.1,3.28,0.85,26.5,0.81,0.0,43.4,56.6,False,False,False,False,False,False,False,False,False,False,False,False,False,False,False,False,False,False,False,False,False,False,False,False,1992,2,8.5,10.1,31.98,129,0.47785531385173174,1992,False,False
1992,2,Winter,35.559999999999995,139.82444444444445,20.1,100,Tokyo,7.5,-47.0,67.0,10.4,35.3,2.54,0.74,25.9,1.06,0.0,20.2,79.8,False,False,False,False,False,False,False,False,False,False,False,False,False,False,False,False,False,False,False,False,False,False,False,False,1992,2,8.9,10.7,31.7,1318,0.4778031123312593,1992,False,False
1992,2,Winter,35.46416666666667,139.85611111111112,28.1,100,Tokyo,7.5,-110.0,69.0,11.8,30.5,3.39,0.68,29.1,1.09,0.0,35.2,64.8,False,False,False,False,False,False,False,False,False,False,False,False,False,False,False,False,False,False,False,False,False,False,False,False,1992,2,8.7,10.5,31.6,1326,0.4780288373718018,1992,False,False
1992,1,Winter,34.93333333333333,136.805,8.0,201,Ise,7.9,50.0,22.1,1.4,1.7,0.26,0.23,2.6,0.3,1.8,97.8,0.4,False,False,False,False,False,False,False,False,False,False,False,False,False,False,False,False,False,False,False,False,False,False,False,False,1992,1,8.5,11.6,32.41,2310,0.4636454643677789,1992,False,False
1992,1,Winter,34.72,137.12166666666667,16.0,202,Ise,8.1,-300.0,57.8,8.6,19.0,1.9,0.87,27.0,0.3,10.8,65.5,23.7,False,False,False,False,False,False,False,False,False,False,False,False,False,False,False,False,False,False,False,False,False,False,False,False,1992,1,10.3,8.3,31.51,2359,0.464077457640257,1992,False,False
1992,1,Winter,34.75,137.3,9.0,202,Ise,7.9,-300.0,46.2,6.8,10.0,1.5,0.6,20.0,0.12,8.2,66.8,25.0,False,False,False,False,False,False,False,False,False,False,False,False,False,False,False,False,False,False,False,False,False,False,False,False,1992,1,10.5,7.2,30.19,2361,1.1045482885685012,1992,False,False
1992,1,Winter,34.98388888888889,136.68333333333334,12.0,201,Ise,7.8,-320.0,49.0,7.6,11.0,1.7,1.1,18.0,0.46,0.1,17.2,82.6,False,False,False,False,False,False,False,False,False,False,False,False,False,False,False,False,False,False,False,False,False,False,False,False,1992,1,8.6,11.0,32.6,244,0.4635381402903914,1992,False,False
1992,1,Winter,34.88638888888889,136.66666666666666,13.0,201,Ise,7.7,-300.0,47.0,7.9,8.6,1.8,1.0,20.0,0.17,6.0,50.9,43.1,False,False,False,False,False,False,False,False,False,False,False,False,False,False,False,False,False,False,False,False,False,False,False,False,1992,1,9.2,10.5,32.0,2411,0.46373887583865075,1992,False,False
1992,1,Winter,34.655,135.41194444444446,128.0,301,SIS,8.0,-149.0,42.5,8.3,8.5,1.1,0.59,9.7,0.21,0.0,20.2,79.8,False,False,False,False,False,False,False,False,False,False,False,False,False,False,False,False,False,False,False,False,False,False,False,False,1992,1,8.6,10.8,30.54,272,0.44936871922644356,1992,False,False
1992,1,Winter,34.436388888888885,135.14,318.0,301,SIS,8.0,-135.0,45.4,9.1,9.6,0.68,0.38,7.3,0.09,0.0,26.3,73.7,False,False,False,False,False,False,False,False,False,False,False,False,False,False,False,False,False,False,False,False,False,False,False,False,1992,1,8.7,11.2,32.19,2744,0.44974990038693574,1992,False,False
1992,1,Winter,34.656666666666666,135.275,16.0,301,SIS,7.7,-30.0,63.4,8.8,24.0,1.7,0.45,19.0,0.6,0.0,0.1,99.9,False,False,False,False,False,False,False,False,False,False,False,False,False,False,False,False,False,False,False,False,False,False,False,False,1992,1,8.5,11.6,31.0,2823,1.033038041069995,1992,False,False
1993,2,Winter,35.608333333333334,139.8983333333333,6.0,100,Tokyo,7.9,32.0,28.7,3.9,9.0,0.59,0.53,8.1,0.11,1.6,66.7,31.7,False,False,False,False,False,False,False,False,False,False,False,False,False,False,False,False,False,False,False,False,False,False,False,False,1993,2,9.6,11.0,31.43,1212,0.47768825343807475,1993,False,False
1993,2,Winter,35.64388888888889,139.9933333333333,6.0,100,Tokyo,7.8,-95.0,27.5,2.2,4.0,0.24,0.33,2.6,0.05,1.9,92.9,5.2,False,False,False,False,False,False,False,False,False,False,False,False,False,False,False,False,False,False,False,False,False,False,False,False,1993,2,11.4,9.1,30.94,122,0.47760326398878117,1993,False,False
1993,2,Winter,35.60166666666667,140.0641666666667,7.0,100,Tokyo,8.1,-71.0,38.9,5.1,7.7,0.71,0.32,7.2,0.14,3.1,57.5,39.4,False,False,False,False,False,False,False,False,False,False,False,False,False,False,False,False,False,False,False,False,False,False,False,False,1993,2,9.1,9.8,31.02,124,0.47770570703910215,1993,False,False
1993,2,Winter,35.551111111111105,139.9088888888889,17.0,100,Tokyo,7.7,-170.0,72.5,11.2,45.2,3.2,0.61,28.5,1.16,0.0,59.9,40.1,False,False,False,False,False,False,False,False,False,False,False,False,False,False,False,False,False,False,False,False,False,False,False,False,1993,2,9.2,10.6,31.57,1215,0.4778209472004934,1993,False,False
1993,2,Winter,35.53722222222222,140.0225,15.0,100,Tokyo,7.6,-180.0,68.4,10.2,35.0,2.73,0.63,23.6,0.83,0.8,53.5,45.7,False,False,False,False,False,False,False,False,False,False,False,False,False,False,False,False,False,False,False,False,False,False,False,False,1993,2,9.5,9.8,31.82,129,0.47785531385173174,1993,False,False
1993,2,Winter,35.559999999999995,139.82444444444445,16.8,100,Tokyo,7.7,-192.0,66.4,9.5,35.8,2.55,0.84,23.3,2.08,0.2,41.4,58.4,False,False,False,False,False,False,False,False,False,False,False,False,False,False,False,False,False,False,False,False,False,False,False,False,1993,2,6.8,13.6,33.6,1318,0.4778031123312593,1993,False,False
1993,2,Winter,35.46416666666667,139.85611111111112,28.8,100,Tokyo,7.8,-183.0,66.9,10.7,38.1,2.89,0.76,27.7,1.17,0.3,50.3,49.4,False,False,False,False,False,False,False,False,False,False,False,False,False,False,False,False,False,False,False,False,False,False,False,False,1993,2,7.0,13.5,33.5,1326,0.4780288373718018,1993,False,False
1993,2,Winter,35.4575,139.7513888888889,27.2,100,Tokyo,7.6,-229.0,73.8,9.3,30.8,1.28,0.64,23.2,0.5,0.4,55.1,44.5,False,False,False,False,False,False,False,False,False,False,False,False,False,False,False,False,False,False,False,False,False,False,False,False,1993,2,7.3,13.9,33.5,1432,0.47804308011402175,1993,False,False
1993,1,Winter,34.93333333333333,136.805,8.0,201,Ise,8.3,190.0,20.4,1.2,1.1,0.19,0.18,1.4,0.3,2.1,92.6,5.3,False,False,False,False,False,False,False,False,False,False,False,False,False,False,False,False,False,False,False,False,False,False,False,False,1993,1,7.9,11.8,32.81,2310,0.4636454643677789,1993,False,False
1993,1,Winter,34.72,137.12166666666667,16.0,202,Ise,8.3,-220.0,58.4,9.6,21.0,2.5,0.5,25.0,0.63,0.6,7.2,92.2,False,False,False,False,False,False,False,False,False,False,False,False,False,False,False,False,False,False,False,False,False,False,False,False,1993,1,9.5,9.6,31.92,2359,0.464077457640257,1993,False,False
1993,1,Winter,34.75,137.3,9.0,202,Ise,8.0,,53.3,10.0,15.0,1.8,0.51,23.0,0.35,0.1,4.4,95.5,False,False,False,False,False,False,False,False,False,False,False,False,False,False,False,False,False,False,False,False,False,False,False,False,1993,1,9.7,8.0,30.5,2361,1.1045482885685012,1993,False,False
1993,1,Winter,34.98388888888889,136.68333333333334,12.0,201,Ise,8.7,-400.0,56.0,18.0,4.6,1.5,0.75,15.0,1.0,0.0,0.8,99.1,False,False,False,False,False,False,False,False,False,False,False,False,False,False,False,False,False,False,False,False,False,False,False,False,1993,1,8.8,11.5,33.9,244,0.4635381402903914,1993,False,False
1993,1,Winter,34.88638888888889,136.66666666666666,13.0,201,Ise,8.7,-380.0,48.0,9.4,6.9,1.5,0.72,17.0,0.36,3.0,4.3,92.7,False,False,False,False,False,False,False,False,False,False,False,False,False,False,False,False,False,False,False,False,False,False,False,False,1993,1,9.7,11.0,32.7,2411,0.46373887583865075,1993,False,False
1993,1,Winter,34.655,135.41194444444446,12.6,301,SIS,7.8,-180.0,62.3,8.5,44.0,0.89,0.53,14.0,0.27,0.0,11.6,88.4,False,False,False,False,False,False,False,False,False,False,False,False,False,False,False,False,False,False,False,False,False,False,False,False,1993,1,6.8,11.7,31.4,272,0.44936871922644356,1993,False,False
1993,1,Winter,34.436388888888885,135.14,32.3,301,SIS,7.8,-112.0,57.5,6.7,28.0,1.0,0.38,12.0,0.22,0.0,17.9,82.1,False,False,False,False,False,False,False,False,False,False,False,False,False,False,False,False,False,False,False,False,False,False,False,False,1993,1,8.5,11.3,32.2,2744,0.44974990038693574,1993,False,False
1993,1,Winter,34.656666666666666,135.275,15.8,301,SIS,7.9,-265.0,58.7,10.3,23.0,3.1,0.62,23.0,0.4,0.2,20.8,79.0,False,False,False,False,False,False,False,False,False,False,False,False,False,False,False,False,False,False,False,False,False,False,False,False,1993,1,8.4,11.3,31.9,2823,1.033038041069995,1993,False,False
1994,2,Winter,35.608333333333334,139.8983333333333,5.0,100,Tokyo,7.7,-108.0,32.9,5.1,10.2,0.71,0.63,9.2,0.49,3.1,69.3,27.6,False,False,False,False,False,False,False,False,False,False,False,False,False,False,False,False,False,False,False,False,False,False,False,False,1994,2,15.3,9.9,31.54,1212,0.47768825343807475,1994,False,False
1994,2,Winter,35.64388888888889,139.9933333333333,5.0,100,Tokyo,7.8,-194.0,42.1,5.8,19.3,1.69,0.56,12.4,0.43,2.6,61.3,36.1,False,False,False,False,False,False,False,False,False,False,False,False,False,False,False,False,False,False,False,False,False,False,False,False,1994,2,13.9,9.1,31.4,122,0.47760326398878117,1994,False,False
1994,2,Winter,35.60166666666667,140.0641666666667,7.0,100,Tokyo,8.0,-82.0,45.4,6.4,10.6,0.91,0.45,10.3,0.1,1.3,58.6,40.1,False,False,False,False,False,False,False,False,False,False,False,False,False,False,False,False,False,False,False,False,False,False,False,False,1994,2,11.4,9.9,31.7,124,0.47770570703910215,1994,False,False
1994,2,Winter,35.551111111111105,139.9088888888889,17.0,100,Tokyo,7.8,-242.0,66.4,9.8,34.7,3.1,0.67,23.4,0.44,1.2,59.8,39.0,False,False,False,False,False,False,False,False,False,False,False,False,False,False,False,False,False,False,False,False,False,False,False,False,1994,2,9.7,9.6,32.1,1215,0.4778209472004934,1994,False,False
1994,2,Winter,35.53722222222222,140.0225,15.0,100,Tokyo,7.8,-232.0,64.1,9.4,31.6,2.38,0.61,19.9,0.44,1.0,62.4,36.6,False,False,False,False,False,False,False,False,False,False,False,False,False,False,False,False,False,False,False,False,False,False,False,False,1994,2,12.1,9.7,31.93,129,0.47785531385173174,1994,False,False
1994,2,Winter,35.559999999999995,139.82444444444445,16.3,100,Tokyo,7.7,-179.0,65.5,10.5,37.3,2.48,0.78,24.6,0.9,1.9,61.0,37.1,False,False,False,False,False,False,False,False,False,False,False,False,False,False,False,False,False,False,False,False,False,False,False,False,1994,2,8.6,10.3,32.5,1318,0.4778031123312593,1994,False,False
1994,2,Winter,35.46416666666667,139.85611111111112,28.3,100,Tokyo,7.7,-219.0,66.5,12.2,38.7,3.37,0.73,26.1,0.94,1.6,61.1,37.3,False,False,False,False,False,False,False,False,False,False,False,False,False,False,False,False,False,False,False,False,False,False,False,False,1994,2,8.6,10.6,32.6,1326,0.4780288373718018,1994,False,False
1994,2,Winter,35.4575,139.7513888888889,28.1,100,Tokyo,7.7,-199.0,62.5,9.9,27.5,2.73,0.84,24.0,1.21,2.2,54.8,43.0,False,False,False,False,False,False,False,False,False,False,False,False,False,False,False,False,False,False,False,False,False,False,False,False,1994,2,9.4,10.7,32.8,1432,0.47804308011402175,1994,False,False
1994,1,Winter,34.93333333333333,136.805,8.0,201,Ise,7.9,-60.0,18.6,1.5,1.6,0.14,0.25,2.6,0.03,5.4,90.3,4.3,False,False,False,False,False,False,False,False,False,False,False,False,False,False,False,False,False,False,False,False,False,False,False,False,1994,1,8.4,11.3,31.2,2310,0.4636454643677789,1994,False,False
1994,1,Winter,34.72,137.12166666666667,17.0,202,Ise,8.3,,49.1,8.2,19.0,2.4,1.07,28.0,0.86,0.5,36.2,63.3,False,False,False,False,False,False,False,False,False,False,False,False,False,False,False,False,False,False,False,False,False,False,False,False,1994,1,11.0,11.0,32.05,2359,0.464077457640257,1994,False,False
1994,1,Winter,34.75,137.3,10.0,202,Ise,8.1,-380.0,59.0,10.7,23.0,1.36,0.41,20.0,0.2,0.7,25.1,74.2,False,False,False,False,False,False,False,False,False,False,False,False,False,False,False,False,False,False,False,False,False,False,False,False,1994,1,11.3,7.8,30.99,2361,1.1045482885685012,1994,False,False
1994,1,Winter,34.98388888888889,136.68333333333334,9.0,201,Ise,8.4,-250.0,50.0,7.6,11.0,1.3,0.54,15.0,0.5,0.0,0.4,99.5,False,False,False,False,False,False,False,False,False,False,False,False,False,False,False,False,False,False,False,False,False,False,False,False,1994,1,7.9,9.6,32.5,244,0.4635381402903914,1994,False,False
1994,1,Winter,34.88638888888889,136.66666666666666,15.0,201,Ise,8.4,-320.0,48.0,7.6,9.0,1.2,0.56,8.9,0.21,19.0,23.2,57.7,False,False,False,False,False,False,False,False,False,False,False,False,False,False,False,False,False,False,False,False,False,False,False,False,1994,1,10.0,8.5,32.7,2411,0.46373887583865075,1994,False,False
1994,1,Winter,34.655,135.41194444444446,15.0,301,SIS,8.0,-223.0,50.8,8.0,19.0,1.2,0.45,12.0,0.25,2.0,8.0,90.0,False,False,False,False,False,False,False,False,False,False,False,False,False,False,False,False,False,False,False,False,False,False,False,False,1994,1,6.2,12.5,31.5,272,0.44936871922644356,1994,False,False
1994,1,Winter,34.436388888888885,135.14,31.5,301,SIS,7.9,-301.0,54.8,6.3,18.0,2.1,0.37,11.0,0.19,0.0,17.0,83.0,False,False,False,False,False,False,False,False,False,False,False,False,False,False,False,False,False,False,False,False,False,False,False,False,1994,1,9.2,11.8,32.0,2744,0.44974990038693574,1994,False,False
1994,1,Winter,34.656666666666666,135.275,16.5,301,SIS,7.8,-260.0,61.6,9.4,21.0,2.3,0.65,2.0,0.48,0.0,19.5,80.5,False,False,False,False,False,False,False,False,False,False,False,False,False,False,False,False,False,False,False,False,False,False,False,False,1994,1,8.5,10.8,31.9,2823,1.033038041069995,1994,False,False
1995,2,Winter,35.608333333333334,139.8983333333333,5.0,100,Tokyo,7.8,-160.0,27.2,2.5,3.2,0.5,0.36,2.9,0.55,1.1,92.2,6.7,False,False,False,False,False,False,False,False,False,False,False,False,False,False,False,False,False,False,False,False,False,False,False,False,1995,2,11.8,9.5,31.59,1212,0.47768825343807475,1995,False,False
1995,2,Winter,35.64388888888889,139.9933333333333,5.0,100,Tokyo,7.8,-193.0,53.6,5.8,15.8,2.09,0.59,11.4,1.23,0.2,40.5,59.3,False,False,False,False,False,False,False,False,False,False,False,False,False,False,False,False,False,False,False,False,False,False,False,False,1995,2,11.2,8.3,31.96,122,0.47760326398878117,1995,False,False
1995,2,Winter,35.60166666666667,140.0641666666667,7.0,100,Tokyo,7.8,-127.0,53.4,6.3,11.0,1.64,0.47,11.4,0.04,2.7,29.6,67.7,False,False,False,False,False,False,False,False,False,False,False,False,False,False,False,False,False,False,False,False,False,False,False,False,1995,2,11.2,8.8,31.92,124,0.47770570703910215,1995,False,False
1995,2,Winter,35.551111111111105,139.9088888888889,17.0,100,Tokyo,7.6,-218.0,77.9,11.0,44.1,5.05,0.73,29.4,0.86,0.0,26.0,74.0,False,False,False,False,False,False,False,False,False,False,False,False,False,False,False,False,False,False,False,False,False,False,False,False,1995,2,10.3,9.2,32.1,1215,0.4778209472004934,1995,False,False
1995,2,Winter,35.53722222222222,140.0225,15.0,100,Tokyo,7.5,-216.0,75.2,10.5,36.2,4.47,0.68,27.9,0.77,0.0,55.6,44.4,False,False,False,False,False,False,False,False,False,False,False,False,False,False,False,False,False,False,False,False,False,False,False,False,1995,2,11.3,9.0,32.22,129,0.47785531385173174,1995,False,False
1995,2,Winter,35.559999999999995,139.82444444444445,17.0,100,Tokyo,7.6,-132.0,73.4,9.6,35.2,3.53,0.76,32.2,0.87,0.1,52.8,47.1,False,False,False,False,False,False,False,False,False,False,False,False,False,False,False,False,False,False,False,False,False,False,False,False,1995,2,8.4,10.9,33.1,1318,0.4778031123312593,1995,False,False
1995,2,Winter,35.46416666666667,139.85611111111112,28.5,100,Tokyo,7.7,-166.0,74.9,11.8,38.9,4.95,0.78,30.8,0.92,0.0,54.1,45.9,False,False,False,False,False,False,False,False,False,False,False,False,False,False,False,False,False,False,False,False,False,False,False,False,1995,2,8.4,10.7,33.1,1326,0.4780288373718018,1995,False,False
1995,2,Winter,35.4575,139.7513888888889,,100,Tokyo,7.7,-123.0,74.4,10.1,35.8,4.93,0.74,27.5,0.95,0.0,32.4,67.6,False,False,False,False,False,False,False,False,False,False,False,False,False,False,False,False,False,False,False,False,False,False,False,False,1995,2,8.9,11.1,32.62,1432,0.47804308011402175,1995,False,False
1995,1,Winter,34.93333333333333,136.805,8.0,201,Ise,7.9,10.0,20.8,2.1,4.0,0.24,0.23,4.0,0.05,1.0,90.0,8.4,False,False,False,False,False,False,False,False,False,False,False,False,False,False,False,False,False,False,False,False,False,False,False,False,1995,1,9.4,11.3,32.62,2310,0.4636454643677789,1995,False,False
1995,1,Winter,34.72,137.12166666666667,16.0,202,Ise,8.0,-280.0,50.8,10.2,39.0,2.2,0.96,22.0,0.38,0.9,11.0,87.0,False,False,False,False,False,False,False,False,False,False,False,False,False,False,False,False,False,False,False,False,False,False,False,False,1995,1,10.5,7.4,33.41,2359,0.464077457640257,1995,False,False
1995,1,Winter,34.75,137.3,8.0,202,Ise,7.9,-260.0,43.0,9.0,24.0,1.4,0.49,20.0,0.1,1.1,9.0,89.0,False,False,False,False,False,False,False,False,False,False,False,False,False,False,False,False,False,False,False,False,False,False,False,False,1995,1,12.6,5.9,31.6,2361,1.1045482885685012,1995,False,False
1995,1,Winter,34.98388888888889,136.68333333333334,9.0,201,Ise,8.5,-300.0,53.0,8.8,12.0,1.4,0.86,12.0,1.2,0.0,4.2,95.8,False,False,False,False,False,False,False,False,False,False,False,False,False,False,False,False,False,False,False,False,False,False,False,False,1995,1,8.1,11.0,30.4,244,0.4635381402903914,1995,False,False
1995,1,Winter,34.88638888888889,136.66666666666666,13.0,201,Ise,8.5,-270.0,50.0,9.3,12.0,1.8,0.85,16.0,0.28,16.5,20.7,62.8,False,False,False,False,False,False,False,False,False,False,False,False,False,False,False,False,False,False,False,False,False,False,False,False,1995,1,8.8,9.5,29.8,2411,0.46373887583865075,1995,False,False
1995,1,Winter,34.655,135.41194444444446,14.4,301,SIS,7.5,-310.0,68.1,8.9,33.0,1.9,0.64,20.0,1.8,0.0,2.0,98.0,False,False,False,False,False,False,False,False,False,False,False,False,False,False,False,False,False,False,False,False,False,False,False,False,1995,1,7.7,11.6,31.7,272,0.44936871922644356,1995,False,False
1995,1,Winter,34.436388888888885,135.14,30.8,301,SIS,7.5,-201.0,56.8,5.8,16.0,1.5,0.36,13.0,0.3,1.0,15.0,84.0,False,False,False,False,False,False,False,False,False,False,False,False,False,False,False,False,False,False,False,False,False,False,False,False,1995,1,8.7,12.1,33.2,2744,0.44974990038693574,1995,False,False
1995,2,Winter,34.656666666666666,135.275,16.8,301,SIS,7.6,-260.0,61.2,3.6,20.0,2.46,0.72,5.3,0.54,0.0,8.2,91.8,False,False,False,False,False,False,False,False,False,False,False,False,False,False,False,False,False,False,False,False,False,False,False,False,1995,2,10.0,8.5,32.4,2823,1.033038041069995,1995,False,False
1996,2,Winter,35.608333333333334,139.8983333333333,5.0,100,Tokyo,7.8,-98.0,30.4,3.3,4.7,0.54,0.43,5.9,0.18,4.3,86.1,9.6,False,False,False,False,False,False,False,False,False,False,False,False,False,False,False,False,False,False,False,False,False,False,False,False,1996,2,10.6,7.8,31.9,1212,0.47768825343807475,1996,False,False
1996,2,Winter,35.64388888888889,139.9933333333333,5.0,100,Tokyo,7.8,-103.0,28.1,2.3,3.2,0.41,0.33,3.1,0.01,0.7,97.4,1.9,False,False,False,False,False,False,False,False,False,False,False,False,False,False,False,False,False,False,False,False,False,False,False,False,1996,2,11.4,6.8,30.98,122,0.47760326398878117,1996,False,False
1996,2,Winter,35.60166666666667,140.0641666666667,7.0,100,Tokyo,7.8,-189.0,57.6,6.6,11.3,1.0,0.45,12.6,0.14,2.0,63.2,34.8,False,False,False,False,False,False,False,False,False,False,False,False,False,False,False,False,False,False,False,False,False,False,False,False,1996,2,11.3,7.4,31.59,124,0.47770570703910215,1996,False,False
1996,2,Winter,35.551111111111105,139.9088888888889,17.0,100,Tokyo,7.7,-214.0,79.2,12.4,43.1,3.56,0.74,30.0,1.05,1.0,70.8,28.2,False,False,False,False,False,False,False,False,False,False,False,False,False,False,False,False,False,False,False,False,False,False,False,False,1996,2,9.8,7.8,32.34,1215,0.4778209472004934,1996,False,False
1996,2,Winter,35.53722222222222,140.0225,15.0,100,Tokyo,7.7,-215.0,71.9,9.7,29.3,2.53,0.56,21.9,0.5,1.7,66.4,31.9,False,False,False,False,False,False,False,False,False,False,False,False,False,False,False,False,False,False,False,False,False,False,False,False,1996,2,10.6,8.0,32.11,129,0.47785531385173174,1996,False,False
1996,2,Winter,35.559999999999995,139.82444444444445,16.8,100,Tokyo,7.6,-193.0,73.5,10.0,31.0,2.47,0.82,23.5,1.37,1.4,65.8,32.8,False,False,False,False,False,False,False,False,False,False,False,False,False,False,False,False,False,False,False,False,False,False,False,False,1996,2,10.5,8.6,32.9,1318,0.4778031123312593,1996,False,False
1996,2,Winter,35.46416666666667,139.85611111111112,28.8,100,Tokyo,7.8,-205.0,74.5,11.3,32.1,2.85,0.73,25.7,1.28,2.3,68.1,29.6,False,False,False,False,False,False,False,False,False,False,False,False,False,False,False,False,False,False,False,False,False,False,False,False,1996,2,8.2,9.7,33.3,1326,0.4780288373718018,1996,False,False
1996,2,Winter,35.4575,139.7513888888889,27.3,100,Tokyo,7.4,-102.0,72.8,10.3,33.7,2.23,0.72,25.6,0.97,1.0,10.0,89.0,False,False,False,False,False,False,False,False,False,False,False,False,False,False,False,False,False,False,False,False,False,False,False,False,1996,2,9.4,9.9,33.25,1432,0.47804308011402175,1996,False,False
1996,1,Winter,34.93333333333333,136.805,7.0,201,Ise,8.1,0.0,23.7,2.1,3.5,0.32,0.29,6.3,0.03,1.2,87.2,11.6,False,False,False,False,False,False,False,False,False,False,False,False,False,False,False,False,False,False,False,False,False,False,False,False,1996,1,9.5,9.2,32.65,2310,0.4636454643677789,1996,False,False
1996,1,Winter,34.72,137.12166666666667,16.0,202,Ise,8.1,-280.0,56.4,9.4,38.0,3.1,0.56,26.0,0.31,0.5,10.1,89.4,False,False,False,False,False,False,False,False,False,False,False,False,False,False,False,False,False,False,False,False,False,False,False,False,1996,1,9.7,7.5,33.09,2359,0.464077457640257,1996,False,False
1996,1,Winter,34.75,137.3,10.0,202,Ise,8.0,-270.0,42.7,7.1,21.0,1.4,0.41,19.0,0.15,2.7,10.1,87.2,False,False,False,False,False,False,False,False,False,False,False,False,False,False,False,False,False,False,False,False,False,False,False,False,1996,1,10.6,5.9,32.16,2361,1.1045482885685012,1996,False,False
1996,1,Winter,34.98388888888889,136.68333333333334,13.0,201,Ise,8.1,-378.0,50.4,17.1,15.0,1.5,0.56,20.0,1.4,0.0,1.5,98.5,False,False,False,False,False,False,False,False,False,False,False,False,False,False,False,False,False,False,False,False,False,False,False,False,1996,1,8.2,10.0,31.6,244,0.4635381402903914,1996,False,False
1996,1,Winter,34.88638888888889,136.66666666666666,15.0,201,Ise,8.1,-251.0,47.6,10.8,14.0,1.7,0.58,16.0,0.38,16.6,14.6,68.8,False,False,False,False,False,False,False,False,False,False,False,False,False,False,False,False,False,False,False,False,False,False,False,False,1996,1,8.4,9.2,31.2,2411,0.46373887583865075,1996,False,False
1996,1,Winter,34.655,135.41194444444446,13.7,301,SIS,8.1,-137.0,67.4,10.0,30.0,1.9,0.9,18.0,1.9,1.0,3.0,96.0,False,False,False,False,False,False,False,False,False,False,False,False,False,False,False,False,False,False,False,False,False,False,False,False,1996,1,7.7,10.1,32.3,272,0.44936871922644356,1996,False,False
1996,1,Winter,34.436388888888885,135.14,31.5,301,SIS,8.0,-185.0,55.5,7.4,13.0,1.4,0.4,11.0,0.2,1.0,20.0,79.0,False,False,False,False,False,False,False,False,False,False,False,False,False,False,False,False,False,False,False,False,False,False,False,False,1996,1,8.8,10.2,33.0,2744,0.44974990038693574,1996,False,False
1996,1,Winter,34.656666666666666,135.275,15.7,301,SIS,7.7,-338.0,70.7,10.3,30.4,2.1,0.7,9.2,0.76,0.0,21.0,79.0,False,False,False,False,False,False,False,False,False,False,False,False,False,False,False,False,False,False,False,False,False,False,False,False,1996,1,7.2,10.3,32.9,2823,1.033038041069995,1996,False,False
1997,2,Winter,35.608333333333334,139.8983333333333,5.0,100,Tokyo,8.0,-70.0,28.5,2.5,3.0,0.22,0.39,1.3,0.01,3.7,95.1,1.2,False,False,False,False,False,False,False,False,False,False,False,False,False,False,False,False,False,False,False,False,False,False,False,False,1997,2,9.1,10.2,32.11,1212,0.47768825343807475,1997,False,False
1997,2,Winter,35.64388888888889,139.9933333333333,6.0,100,Tokyo,8.3,-90.0,27.1,2.6,3.8,0.35,0.29,1.9,0.01,2.3,96.4,1.3,False,False,False,False,False,False,False,False,False,False,False,False,False,False,False,False,False,False,False,False,False,False,False,False,1997,2,10.9,8.8,31.73,122,0.47760326398878117,1997,False,False
1997,2,Winter,35.60166666666667,140.0641666666667,7.0,100,Tokyo,8.2,-75.0,52.2,6.4,10.3,0.85,0.43,10.1,0.02,0.0,16.0,84.0,False,False,False,False,False,False,False,False,False,False,False,False,False,False,False,False,False,False,False,False,False,False,False,False,1997,2,10.6,8.8,31.84,124,0.47770570703910215,1997,False,False
1997,2,Winter,35.551111111111105,139.9088888888889,18.0,100,Tokyo,8.2,-206.0,78.1,11.8,53.9,3.77,0.81,28.9,1.45,0.0,23.6,76.4,False,False,False,False,False,False,False,False,False,False,False,False,False,False,False,False,False,False,False,False,False,False,False,False,1997,2,9.9,9.4,32.42,1215,0.4778209472004934,1997,False,False
1997,2,Winter,35.53722222222222,140.0225,15.0,100,Tokyo,7.6,-186.0,76.4,11.1,43.6,3.169,0.69,26.8,0.34,0.0,22.3,77.7,False,False,False,False,False,False,False,False,False,False,False,False,False,False,False,False,False,False,False,False,False,False,False,False,1997,2,9.8,9.3,31.97,129,0.47785531385173174,1997,False,False
1997,2,Winter,35.559999999999995,139.82444444444445,16.2,100,Tokyo,7.5,-198.0,74.0,9.5,38.9,3.13,0.8,22.2,1.29,0.0,48.7,51.3,False,False,False,False,False,False,False,False,False,False,False,False,False,False,False,False,False,False,False,False,False,False,False,False,1997,2,7.3,10.8,33.0,1318,0.4778031123312593,1997,False,False
1997,2,Winter,35.46416666666667,139.85611111111112,28.6,100,Tokyo,8.2,-200.0,75.3,10.9,42.5,3.2,0.78,24.6,1.06,0.0,54.4,45.6,False,False,False,False,False,False,False,False,False,False,False,False,False,False,False,False,False,False,False,False,False,False,False,False,1997,2,8.2,10.8,33.0,1326,0.4780288373718018,1997,False,False
1997,2,Winter,35.4575,139.7513888888889,27.5,100,Tokyo,8.3,-190.0,70.7,9.2,31.2,2.8,0.652,17.6,0.71,0.0,4.8,95.2,False,False,False,False,False,False,False,False,False,False,False,False,False,False,False,False,False,False,False,False,False,False,False,False,1997,2,8.1,11.4,33.14,1432,0.47804308011402175,1997,False,False
1997,1,Winter,34.93333333333333,136.805,9.0,201,Ise,7.8,80.0,22.0,1.1,1.7,0.1,0.18,2.0,0.015,3.4,92.1,4.5,False,False,False,False,False,False,False,False,False,False,False,False,False,False,False,False,False,False,False,False,False,False,True,False,1997,1,11.0,10.0,31.05,2310,0.4636454643677789,1997,False,False
1997,1,Winter,34.72,137.12166666666667,16.0,202,Ise,7.6,-280.0,58.3,8.2,1.6,3.4,0.73,30.0,1.1,0.3,20.4,79.3,False,False,False,False,False,False,False,False,False,False,False,False,False,False,False,False,False,False,False,False,False,False,False,False,1997,1,8.7,9.3,32.22,2359,0.464077457640257,1997,False,False
1997,1,Winter,34.75,137.3,9.0,202,Ise,7.6,-230.0,50.1,6.0,1.4,1.7,0.49,22.0,0.15,1.4,14.9,83.7,False,False,False,False,False,False,False,False,False,False,False,False,False,False,False,False,False,False,False,False,False,False,False,False,1997,1,11.3,7.2,30.82,2361,1.1045482885685012,1997,False,False
1997,1,Winter,34.98388888888889,136.68333333333334,13.0,201,Ise,7.5,-313.0,50.6,27.5,15.6,1.3,0.63,10.0,0.54,0.1,6.7,93.2,False,False,False,False,False,False,False,False,False,False,False,False,False,False,False,False,False,False,False,False,False,False,False,False,1997,1,7.6,11.0,30.3,244,0.4635381402903914,1997,False,False
1997,1,Winter,34.88638888888889,136.66666666666666,15.0,201,Ise,7.5,-192.0,46.2,23.1,16.9,1.6,0.54,12.0,0.29,3.6,20.0,76.4,False,False,False,False,False,False,False,False,False,False,False,False,False,False,False,False,False,False,False,False,False,False,False,False,1997,1,7.7,10.0,30.5,2411,0.46373887583865075,1997,False,False
1997,1,Winter,34.655,135.41194444444446,12.2,301,SIS,7.9,-317.0,67.6,7.4,30.0,1.8,1.3,19.0,1.5,0.0,5.0,95.0,False,False,False,False,False,False,False,False,False,False,False,False,False,False,False,False,False,False,False,False,False,False,False,False,1997,1,8.7,10.3,31.0,272,0.44936871922644356,1997,False,False
1997,1,Winter,34.436388888888885,135.14,31.5,301,SIS,7.7,-284.0,57.2,5.8,15.0,1.1,0.41,11.0,0.1,1.0,18.0,81.0,False,False,False,False,False,False,False,False,False,False,False,False,False,False,False,False,False,False,False,False,False,False,False,False,1997,1,9.4,10.0,32.2,2744,0.44974990038693574,1997,False,False
1997,1,Winter,34.656666666666666,135.275,16.5,301,SIS,7.0,-87.0,70.5,13.6,29.2,2.95,0.58,19.7,0.75,0.0,2.2,97.8,False,False,False,False,False,False,False,False,False,False,False,False,False,False,False,False,False,False,False,False,False,False,False,False,1997,1,7.9,10.1,31.8,2823,1.033038041069995,1997,False,False
1998,2,Winter,35.608333333333334,139.8983333333333,5.0,100,Tokyo,7.4,-66.0,51.5,6.5,11.6,1.62,0.76,13.1,0.35,0.0,19.5,80.5,False,False,False,False,False,False,False,False,False,False,False,False,False,False,False,False,False,False,False,False,False,False,False,False,1998,2,8.1,9.7,31.96,1212,0.47768825343807475,1998,False,False
1998,2,Winter,35.64388888888889,139.9933333333333,6.0,100,Tokyo,7.5,84.0,28.5,2.1,3.3,0.48,0.32,2.1,0.02,0.0,96.6,3.4,False,False,False,False,False,False,False,False,False,False,False,False,False,False,False,False,False,False,False,False,False,False,False,False,1998,2,8.3,9.0,31.53,122,0.47760326398878117,1998,False,False
1998,2,Winter,35.60166666666667,140.0641666666667,7.0,100,Tokyo,7.4,-110.0,45.1,4.8,7.7,1.12,0.36,6.9,0.1,0.9,50.3,48.8,False,False,False,False,False,False,False,False,False,False,False,False,False,False,False,False,False,False,False,False,False,False,False,False,1998,2,7.4,9.5,31.77,124,0.47770570703910215,1998,False,False
1998,2,Winter,35.551111111111105,139.9088888888889,17.0,100,Tokyo,7.7,-212.0,78.1,11.2,44.2,4.31,0.72,29.3,0.78,0.0,24.5,75.5,False,False,False,False,False,False,False,False,False,False,False,False,False,False,False,False,False,False,False,False,False,False,False,False,1998,2,7.4,10.4,32.31,1215,0.4778209472004934,1998,False,False
1998,2,Winter,35.53722222222222,140.0225,16.0,100,Tokyo,7.6,-205.0,78.3,10.9,35.8,3.63,0.66,26.1,0.55,0.0,21.0,79.0,False,False,False,False,False,False,False,False,False,False,False,False,False,False,False,False,False,False,False,False,False,False,False,False,1998,2,8.0,10.4,32.17,129,0.47785531385173174,1998,False,False
1998,2,Winter,35.559999999999995,139.82444444444445,16.6,100,Tokyo,7.7,-136.0,74.0,9.9,29.7,2.32,0.7,23.2,1.33,0.0,39.7,60.3,False,False,False,False,False,False,False,False,False,False,False,False,False,False,False,False,False,False,False,False,False,False,False,False,1998,2,7.3,11.7,33.0,1318,0.4778031123312593,1998,False,False
1998,2,Winter,35.46416666666667,139.85611111111112,27.8,100,Tokyo,7.8,-159.0,75.9,11.7,41.3,2.69,0.77,28.8,1.2,0.0,45.0,55.0,False,False,False,False,False,False,False,False,False,False,False,False,False,False,False,False,False,False,False,False,False,False,False,False,1998,2,7.3,12.1,33.3,1326,0.4780288373718018,1998,False,False
1998,2,Winter,35.4575,139.7513888888889,27.3,100,Tokyo,7.6,-149.0,71.2,10.3,33.7,3.03,0.535,25.4,1.09,0.3,8.9,90.8,False,False,False,False,False,False,False,False,False,False,False,False,False,False,False,False,False,False,False,False,False,False,False,False,1998,2,7.5,12.4,33.39,1432,0.47804308011402175,1998,False,False
1998,1,Winter,34.93333333333333,136.805,7.5,201,Ise,7.8,60.0,23.4,2.0,3.3,0.2,0.21,4.7,0.08,0.6,95.9,3.5,False,False,False,False,False,False,False,False,False,False,False,False,False,False,False,False,False,False,False,False,False,False,False,False,1998,1,8.2,10.9,31.34,2310,0.4636454643677789,1998,False,False
1998,1,Winter,34.72,137.12166666666667,17.0,202,Ise,8.1,-320.0,39.9,6.4,21.0,2.0,0.35,23.0,0.25,2.2,41.2,56.6,False,False,False,False,False,False,False,False,False,False,False,False,False,False,False,False,False,False,False,False,False,False,False,False,1998,1,10.0,8.5,31.27,2359,0.464077457640257,1998,False,False
1998,1,Winter,34.75,137.3,9.0,202,Ise,7.8,-300.0,51.3,8.8,27.0,1.5,0.4,22.0,0.3,0.0,25.9,74.1,False,False,False,False,False,False,False,False,False,False,False,False,False,False,False,False,False,False,False,False,False,False,False,False,1998,1,8.5,7.7,30.1,2361,1.1045482885685012,1998,False,False
1998,1,Winter,34.98388888888889,136.68333333333334,13.0,201,Ise,7.7,-336.0,63.1,13.2,14.0,0.92,0.72,16.0,1.1,0.0,1.3,98.7,False,False,False,False,False,False,False,False,False,False,False,False,False,False,False,False,False,False,False,False,False,False,False,False,1998,1,7.0,11.5,30.2,244,0.4635381402903914,1998,False,False
1998,1,Winter,34.88638888888889,136.66666666666666,15.0,201,Ise,8.0,-308.0,57.0,14.5,12.0,0.96,0.73,13.0,0.36,11.1,16.2,72.7,False,False,False,False,False,False,False,False,False,False,False,False,False,False,False,False,False,False,False,False,False,False,False,False,1998,1,7.3,11.0,30.4,2411,0.46373887583865075,1998,False,False
1998,1,Winter,34.655,135.41194444444446,14.4,301,SIS,8.0,,53.7,8.8,43.0,1.8,3.4,19.0,3.4,3.0,14.0,83.0,False,False,False,False,False,False,False,False,False,False,False,False,False,False,False,False,False,False,False,False,False,False,False,False,1998,1,7.0,12.1,31.2,272,0.44936871922644356,1998,False,False
1998,1,Winter,34.436388888888885,135.14,31.2,301,SIS,7.8,-242.0,41.9,5.9,18.0,1.2,0.37,11.0,0.2,1.0,32.0,67.0,False,False,False,False,False,False,False,False,False,False,False,False,False,False,False,False,False,False,False,False,False,False,False,False,1998,1,8.5,11.7,32.1,2744,0.44974990038693574,1998,False,False
1998,1,Winter,34.656666666666666,135.275,16.3,301,SIS,6.8,-33.0,50.1,20.01,12.48,2.81,0.81,22.6,0.73,0.2,3.2,96.6,False,False,False,False,False,False,False,False,False,False,False,False,False,False,False,False,False,False,False,False,False,False,False,False,1998,1,7.3,12.0,32.01,2823,1.033038041069995,1998,False,False
1999,2,Winter,35.608333333333334,139.8983333333333,6.0,100,Tokyo,7.2,-89.0,44.9,5.1,9.0,1.11,0.55,8.2,0.79,0.0,37.3,62.7,False,False,False,False,False,False,False,False,False,False,False,False,False,False,False,False,False,False,False,False,False,False,False,False,1999,2,7.9,9.6,32.12,1212,0.47768825343807475,1999,False,False
1999,2,Winter,35.64388888888889,139.9933333333333,6.0,100,Tokyo,7.8,-158.0,28.8,2.5,3.6,0.57,0.28,2.0,0.13,2.0,95.8,2.2,False,False,False,False,False,False,False,False,False,False,False,False,False,False,False,False,False,False,False,False,False,False,False,False,1999,2,12.0,7.9,31.67,122,0.47760326398878117,1999,False,False
1999,2,Winter,35.60166666666667,140.0641666666667,7.0,100,Tokyo,7.5,-87.0,61.2,7.6,10.1,1.53,0.46,12.1,0.26,0.0,71.8,28.2,False,False,False,False,False,False,False,False,False,False,False,False,False,False,False,False,False,False,False,False,False,False,False,False,1999,2,9.9,8.6,31.66,124,0.47770570703910215,1999,False,False
1999,2,Winter,35.551111111111105,139.9088888888889,17.0,100,Tokyo,7.7,-194.0,77.0,11.0,44.8,2.54,0.72,25.5,1.66,0.0,59.5,40.6,False,False,False,False,False,False,False,False,False,False,False,False,False,False,False,False,False,False,False,False,False,False,False,False,1999,2,8.7,9.6,32.4,1215,0.4778209472004934,1999,False,False
1999,2,Winter,35.53722222222222,140.0225,16.0,100,Tokyo,7.5,-195.0,77.4,10.9,35.2,2.65,0.67,27.7,0.34,0.0,64.0,36.0,False,False,False,False,False,False,False,False,False,False,False,False,False,False,False,False,False,False,False,False,False,False,False,False,1999,2,9.2,9.0,31.97,129,0.47785531385173174,1999,False,False
1999,2,Winter,35.559999999999995,139.82444444444445,17.0,100,Tokyo,7.4,-163.0,78.3,10.4,32.6,3.18,0.83,25.3,1.83,0.0,37.8,62.1,False,False,False,False,False,False,False,False,False,False,False,False,False,False,False,False,False,False,False,False,False,False,False,False,1999,2,7.0,11.8,33.3,1318,0.4778031123312593,1999,False,False
1999,2,Winter,35.46416666666667,139.85611111111112,28.5,100,Tokyo,7.7,-158.0,76.3,11.6,46.1,3.78,0.74,28.7,1.47,0.0,43.5,56.5,False,False,False,False,False,False,False,False,False,False,False,False,False,False,False,False,False,False,False,False,False,False,False,False,1999,2,7.7,11.5,33.3,1326,0.4780288373718018,1999,False,False
1999,2,Winter,35.4575,139.7513888888889,26.0,100,Tokyo,7.6,-89.0,73.3,10.2,33.0,2.86,0.692,24.7,1.31,0.0,1.0,99.0,False,False,False,False,False,False,False,False,False,False,False,False,False,False,False,False,False,False,False,False,False,False,False,False,1999,2,7.4,11.9,33.51,1432,0.47804308011402175,1999,False,False
1999,1,Winter,34.93333333333333,136.805,10.0,201,Ise,8.1,-70.0,21.9,1.8,2.7,0.23,0.25,2.8,0.03,0.9,95.8,3.3,False,False,False,False,False,False,False,False,False,False,False,False,False,False,False,False,False,False,False,False,False,False,False,False,1999,1,8.9,10.9,32.78,2310,0.4636454643677789,1999,False,False
1999,1,Winter,34.72,137.12166666666667,17.0,202,Ise,8.1,-260.0,41.3,5.6,10.0,1.2,0.48,13.0,0.16,4.2,74.0,21.8,False,False,False,False,False,False,False,False,False,False,False,False,False,False,False,False,False,False,False,False,False,False,False,False,1999,1,10.9,7.1,31.99,2359,0.464077457640257,1999,False,False
1999,1,Winter,34.75,137.3,9.0,202,Ise,8.2,-320.0,40.8,7.9,11.0,1.4,0.5,23.0,0.08,3.2,56.1,40.7,False,False,False,False,False,False,False,False,False,False,False,False,False,False,False,False,False,False,False,False,False,False,False,False,1999,1,10.9,6.5,31.39,2361,1.1045482885685012,1999,False,False
1999,1,Winter,34.98388888888889,136.68333333333334,13.0,201,Ise,7.6,-349.0,54.0,8.3,23.0,2.3,0.7,17.0,0.91,0.0,0.5,99.5,False,False,False,False,False,False,False,False,False,False,False,False,False,False,False,False,False,False,False,False,False,False,False,False,1999,1,7.6,11.0,30.9,244,0.4635381402903914,1999,False,False
1999,1,Winter,34.88638888888889,136.66666666666666,14.0,201,Ise,7.5,-259.0,48.0,8.3,17.0,2.3,0.6,17.0,0.21,13.8,15.5,70.7,False,False,False,False,False,False,False,False,False,False,False,False,False,False,False,False,False,False,False,False,False,False,False,False,1999,1,6.0,10.0,30.3,2411,0.46373887583865075,1999,False,False
1999,1,Winter,34.655,135.41194444444446,12.4,301,SIS,8.0,-331.0,65.0,7.6,28.0,1.4,0.94,16.0,1.2,0.0,5.0,94.0,False,False,False,False,False,False,False,False,False,False,False,False,False,False,False,False,False,False,False,False,False,False,False,False,1999,1,8.7,10.3,31.0,272,0.44936871922644356,1999,False,False
1999,1,Winter,34.436388888888885,135.14,31.0,301,SIS,7.8,-65.0,55.6,5.4,19.0,1.3,0.36,11.0,0.2,0.0,26.0,73.0,False,False,False,False,False,False,False,False,False,False,False,False,False,False,False,False,False,False,False,False,False,False,False,False,1999,1,10.0,9.8,31.7,2744,0.44974990038693574,1999,False,False
1999,1,Winter,34.656666666666666,135.275,15.9,301,SIS,6.9,-20.0,29.66,27.42,27.0,2.7,0.15,23.2,0.72,0.06,0.76,99.18,False,False,False,False,False,False,False,False,False,False,False,False,False,False,False,False,False,False,False,False,False,False,False,False,1999,1,9.4,10.8,31.6,2823,1.033038041069995,1999,False,False
2000,2,Winter,35.608333333333334,139.8983333333333,5.0,100,Tokyo,7.5,-69.0,39.1,4.0,7.6,0.97,0.52,7.6,0.11,2.0,58.0,40.0,False,False,False,False,False,False,False,False,False,False,False,False,False,False,False,False,False,False,False,False,False,False,False,False,2000,2,9.3,10.5,32.16,1212,0.47768825343807475,2000,False,False
2000,2,Winter,35.64388888888889,139.9933333333333,6.0,100,Tokyo,7.7,-57.0,27.6,1.9,2.7,0.4,0.25,1.8,0.04,0.0,93.0,7.0,False,False,False,False,False,False,False,False,False,False,False,False,False,False,False,False,False,False,False,False,False,False,False,False,2000,2,12.4,8.9,31.83,122,0.47760326398878117,2000,False,False
2000,2,Winter,35.60166666666667,140.0641666666667,6.0,100,Tokyo,7.4,-39.0,52.4,5.7,6.0,0.78,0.36,6.4,0.12,0.0,20.0,80.0,False,False,False,False,False,False,False,False,False,False,False,False,False,False,False,False,False,False,False,False,False,False,False,False,2000,2,11.6,10.0,32.09,124,0.47770570703910215,2000,False,False
2000,2,Winter,35.551111111111105,139.9088888888889,0.0,100,Tokyo,7.4,-187.0,79.3,10.5,47.0,3.78,0.63,29.1,0.55,3.0,97.0,7.4,False,False,False,False,False,False,False,False,False,False,False,False,False,False,False,False,False,False,False,False,False,False,False,False,2000,2,8.0,10.4,32.5,1215,0.4778209472004934,2000,False,False
2000,2,Winter,35.53722222222222,140.0225,16.0,100,Tokyo,7.4,-185.0,75.4,9.9,37.0,3.09,0.6,24.5,0.71,0.0,2.0,98.0,False,False,False,False,False,False,False,False,False,False,False,False,False,False,False,False,False,False,False,False,False,False,False,False,2000,2,11.1,8.7,31.93,129,0.47785531385173174,2000,False,False
2000,2,Winter,35.559999999999995,139.82444444444445,16.2,100,Tokyo,7.7,-195.0,74.0,9.1,30.6,2.94,0.62,23.3,1.17,0.0,37.5,62.5,False,False,False,False,False,False,False,False,False,False,False,False,False,False,False,False,False,False,False,False,False,False,False,False,2000,2,9.7,12.7,33.6,1318,0.4778031123312593,2000,False,False
2000,2,Winter,35.46416666666667,139.85611111111112,28.5,100,Tokyo,7.8,-154.0,75.9,10.5,38.5,3.4,0.67,27.6,1.08,0.0,39.8,60.2,False,False,False,False,False,False,False,False,False,False,False,False,False,False,False,False,False,False,False,False,False,False,False,False,2000,2,7.6,12.9,33.7,1326,0.4780288373718018,2000,False,False
2000,2,Winter,35.4575,139.7513888888889,25.5,100,Tokyo,7.6,-84.0,71.2,9.6,31.7,2.18,0.651,24.4,0.57,0.0,4.0,96.0,False,False,False,False,False,False,False,False,False,False,False,False,False,False,False,False,False,False,False,False,False,False,False,False,2000,2,7.3,13.1,33.74,1432,0.47804308011402175,2000,False,False
2000,1,Winter,34.93333333333333,136.805,6.5,201,Ise,7.8,-195.0,20.6,1.7,1.0,0.13,0.25,2.9,0.04,2.3,94.6,3.1,False,False,False,False,False,False,False,False,False,False,False,False,False,False,False,False,False,False,False,False,False,False,False,False,2000,1,8.3,11.1,31.8,2310,0.4636454643677789,2000,False,False
2000,1,Winter,34.72,137.12166666666667,16.0,202,Ise,7.8,-300.0,55.5,9.4,8.9,2.8,0.11,26.0,0.86,7.3,49.3,43.4,False,False,False,False,False,False,False,False,False,False,False,False,False,False,False,False,False,False,False,False,False,False,False,False,2000,1,9.0,9.8,32.47,2359,0.464077457640257,2000,False,False
2000,1,Winter,34.75,137.3,8.8,202,Ise,7.8,-380.0,52.7,9.4,12.0,1.7,0.55,23.0,0.3,,26.7,73.3,False,False,False,False,False,False,False,False,False,False,False,False,False,False,False,False,False,False,False,False,False,False,False,False,2000,1,9.8,8.0,30.84,2361,1.1045482885685012,2000,False,False
2000,1,Winter,34.98388888888889,136.68333333333334,13.0,201,Ise,7.8,-352.0,46.4,6.2,15.0,1.0,0.48,12.0,0.25,0.2,1.4,98.4,False,False,False,False,False,False,False,False,False,False,False,False,False,False,False,False,False,False,False,False,False,False,False,False,2000,1,7.4,11.2,30.6,244,0.4635381402903914,2000,False,False
2000,1,Winter,34.88638888888889,136.66666666666666,14.0,201,Ise,7.9,-271.0,48.5,8.0,20.0,1.7,0.57,18.0,0.2,12.8,14.3,72.9,False,False,False,False,False,False,False,False,False,False,False,False,False,False,False,False,False,False,False,False,False,False,False,False,2000,1,8.2,11.5,29.8,2411,0.46373887583865075,2000,False,False
2000,1,Winter,34.655,135.41194444444446,14.5,301,SIS,7.7,-210.0,47.8,8.5,8.3,1.0,0.45,10.0,0.4,0.0,5.0,95.0,False,False,False,False,False,False,False,False,False,False,False,False,False,False,False,False,False,False,False,False,False,False,False,False,2000,1,7.9,13.1,31.14,272,0.44936871922644356,2000,False,False
2000,1,Winter,34.436388888888885,135.14,31.0,301,SIS,7.7,-200.0,48.9,6.7,9.0,1.1,0.27,10.0,0.1,0.0,24.0,76.0,False,False,False,False,False,False,False,False,False,False,False,False,False,False,False,False,False,False,False,False,False,False,False,False,2000,1,8.8,12.9,32.0,2744,0.44974990038693574,2000,False,False
2000,2,Winter,34.656666666666666,135.275,15.1,301,SIS,6.7,-252.0,57.0,5.89,17.0,2.8,0.11,22.5,0.82,0.23,4.39,95.38,False,False,False,False,False,False,False,False,False,False,False,False,False,False,False,False,False,False,False,False,False,False,False,False,2000,2,8.6,12.2,31.97,2823,1.033038041069995,2000,False,False
2001,2,Winter,35.608333333333334,139.8983333333333,5.0,100,Tokyo,7.7,-19.0,37.7,4.1,5.5,0.48,0.38,1.4,0.1,4.0,79.0,17.0,False,False,False,False,False,False,False,False,False,False,False,False,False,False,False,False,False,False,False,False,False,False,False,False,2001,2,9.4,9.5,31.05,1212,0.47768825343807475,2001,False,False
2001,2,Winter,35.64388888888889,139.9933333333333,5.0,100,Tokyo,7.6,85.0,34.0,3.4,4.9,0.48,0.36,1.2,0.02,8.0,67.0,25.0,False,False,False,False,False,False,False,False,False,False,False,False,False,False,False,False,False,False,False,False,False,False,False,False,2001,2,10.7,8.3,31.14,122,0.47760326398878117,2001,False,False
2001,2,Winter,35.60166666666667,140.0641666666667,7.0,100,Tokyo,7.5,3.0,58.7,7.4,10.0,1.22,0.43,14.0,0.28,3.0,4.0,93.0,False,False,False,False,False,False,False,False,False,False,False,False,False,False,False,False,False,False,False,False,False,False,False,False,2001,2,9.5,8.9,31.42,124,0.47770570703910215,2001,False,False
2001,2,Winter,35.551111111111105,139.9088888888889,17.0,100,Tokyo,7.3,-179.0,78.6,11.6,54.0,3.91,0.58,31.3,1.0,0.0,2.0,98.0,False,False,False,False,False,False,False,False,False,False,False,False,False,False,False,False,False,False,False,False,False,False,False,False,2001,2,8.1,10.9,32.23,1215,0.4778209472004934,2001,False,False
2001,2,Winter,35.53722222222222,140.0225,15.0,100,Tokyo,7.5,-184.0,73.1,9.9,37.0,2.72,0.6,23.5,0.7,0.0,1.0,99.0,False,False,False,False,False,False,False,False,False,False,False,False,False,False,False,False,False,False,False,False,False,False,False,False,2001,2,7.8,9.4,32.05,129,0.47785531385173174,2001,False,False
2001,2,Winter,35.559999999999995,139.82444444444445,16.6,100,Tokyo,7.7,-197.0,81.6,10.5,35.0,3.37,0.91,23.4,3.18,0.0,36.4,63.6,False,False,False,False,False,False,False,False,False,False,False,False,False,False,False,False,False,False,False,False,False,False,False,False,2001,2,7.4,11.7,33.0,1318,0.4778031123312593,2001,False,False
2001,2,Winter,35.559999999999995,139.82444444444445,16.5,100,Tokyo,7.5,-115.0,64.4,8.9,35.0,3.05,0.69,27.5,1.03,0.0,36.5,63.5,False,False,False,False,False,False,False,False,False,False,False,False,False,False,False,False,False,False,False,False,False,False,False,False,2001,2,7.4,11.7,33.0,1318,0.4778031123312593,2001,False,False
2001,2,Winter,35.46416666666667,139.85611111111112,27.2,100,Tokyo,7.7,-103.0,76.5,11.6,42.4,3.82,0.76,26.8,0.95,0.0,36.9,63.1,False,False,False,False,False,False,False,False,False,False,False,False,False,False,False,False,False,False,False,False,False,False,False,False,2001,2,7.0,12.6,33.5,1326,0.4780288373718018,2001,False,False
2001,2,Winter,35.46416666666667,139.85611111111112,28.5,100,Tokyo,7.6,-20.0,65.7,10.8,49.0,3.98,0.74,35.3,1.04,0.0,37.9,62.1,False,False,False,False,False,False,False,False,False,False,False,False,False,False,False,False,False,False,False,False,False,False,False,False,2001,2,7.0,12.6,33.5,1326,0.4780288373718018,2001,False,False
2001,2,Winter,35.4575,139.7513888888889,26.9,100,Tokyo,7.6,-105.0,71.9,9.8,36.4,2.79,0.673,26.4,0.67,0.2,0.8,99.0,False,False,False,False,False,False,False,False,False,False,False,False,False,False,False,False,False,False,False,False,False,False,False,False,2001,2,9.7,13.1,33.67,1432,0.47804308011402175,2001,False,False
2001,1,Winter,34.93333333333333,136.805,7.8,201,Ise,7.7,-110.0,24.9,2.0,2.8,0.32,0.49,5.1,0.05,36.3,54.7,9.0,False,False,False,False,False,False,False,False,False,False,False,False,False,False,False,False,False,False,False,False,False,False,False,False,2001,1,8.9,9.3,32.2,2310,0.4636454643677789,2001,False,False
2001,1,Winter,34.72,137.12166666666667,16.0,202,Ise,8.0,-320.0,56.3,4.2,20.0,2.8,0.7,25.0,0.7,12.3,26.3,61.4,False,False,False,False,False,False,False,False,False,False,False,False,False,False,False,False,False,False,False,False,False,False,False,False,2001,1,10.0,6.8,31.72,2359,0.464077457640257,2001,False,False
2001,1,Winter,34.75,137.3,8.5,202,Ise,7.9,-300.0,50.8,3.8,14.0,1.8,0.55,24.0,0.31,3.1,10.9,86.0,False,False,False,False,False,False,False,False,False,False,False,False,False,False,False,False,False,False,False,False,False,False,False,False,2001,1,13.0,4.9,30.27,2361,1.1045482885685012,2001,False,False
2001,1,Winter,34.98388888888889,136.68333333333334,15.0,201,Ise,7.8,,52.2,7.2,19.0,1.6,0.66,12.0,0.92,0.1,0.7,99.2,False,False,False,False,False,False,False,False,False,False,False,False,False,False,False,False,False,False,False,False,False,False,False,False,2001,1,7.5,10.5,30.6,244,0.4635381402903914,2001,False,False
2001,1,Winter,34.88638888888889,136.66666666666666,14.0,201,Ise,7.9,-350.0,52.2,8.5,18.0,2.0,0.69,16.0,0.13,2.8,5.7,91.5,False,False,False,False,False,False,False,False,False,False,False,False,False,False,False,False,False,False,False,False,False,False,False,False,2001,1,8.1,9.5,30.0,2411,0.46373887583865075,2001,False,False
2001,1,Winter,34.655,135.41194444444446,15.2,301,SIS,7.7,-67.0,24.7,1.8,6.3,0.41,0.07,7.3,0.1,29.7,50.3,20.0,False,False,False,False,False,False,False,False,False,False,False,False,False,False,False,False,False,False,False,False,False,False,False,False,2001,1,9.3,8.3,30.6,272,0.44936871922644356,2001,False,False
2001,1,Winter,34.436388888888885,135.14,31.5,301,SIS,7.5,-128.0,55.3,6.7,22.0,1.8,0.28,9.6,0.2,0.3,22.8,76.9,False,False,False,False,False,False,False,False,False,False,False,False,False,False,False,False,False,False,False,False,False,False,False,False,2001,1,9.1,9.8,32.5,2744,0.44974990038693574,2001,False,False
2001,1,Winter,34.656666666666666,135.275,16.3,301,SIS,7.5,-362.0,54.9,6.8,9.28,2.6,0.01,20.7,1.2,0.0,2.2,97.8,False,False,False,False,False,False,False,False,False,False,False,False,False,False,False,False,False,False,False,False,False,False,False,False,2001,1,8.2,8.3,31.6,2823,1.033038041069995,2001,False,False
2002,2,Winter,35.608333333333334,139.8983333333333,6.0,100,Tokyo,7.2,-6.0,55.5,6.8,14.0,1.53,0.83,15.6,2.2,1.0,16.0,83.0,False,False,False,False,False,False,False,False,False,False,False,False,False,False,False,False,False,False,False,False,False,False,False,False,2002,2,9.1,10.2,30.5,1212,0.47768825343807475,2002,False,False
2002,2,Winter,35.64388888888889,139.9933333333333,5.0,100,Tokyo,7.6,72.0,33.7,3.1,4.2,0.55,0.36,4.2,0.05,11.0,46.0,43.0,False,False,False,False,False,False,False,False,False,False,False,False,False,False,False,False,False,False,False,False,False,False,False,False,2002,2,10.7,9.5,31.4,122,0.47760326398878117,2002,False,False
2002,2,Winter,35.60166666666667,140.0641666666667,8.0,100,Tokyo,7.6,-87.0,59.1,6.5,10.0,1.29,0.5,11.3,0.33,0.0,6.0,94.0,False,False,False,False,False,False,False,False,False,False,False,False,False,False,False,False,False,False,False,False,False,False,False,False,2002,2,7.4,10.4,31.88,124,0.47770570703910215,2002,False,False
2002,2,Winter,35.551111111111105,139.9088888888889,18.0,100,Tokyo,7.5,-186.0,78.8,11.2,54.0,4.48,0.98,30.8,1.0,0.0,1.0,99.0,False,False,False,False,False,False,False,False,False,False,False,False,False,False,False,False,False,False,False,False,False,False,False,False,2002,2,7.1,11.2,33.07,1215,0.4778209472004934,2002,False,False
2002,2,Winter,35.53722222222222,140.0225,16.0,100,Tokyo,7.6,-195.0,74.8,9.4,35.0,3.53,0.67,25.6,0.78,0.0,3.0,97.0,False,False,False,False,False,False,False,False,False,False,False,False,False,False,False,False,False,False,False,False,False,False,False,False,2002,2,7.3,10.8,32.61,129,0.47785531385173174,2002,False,False
2002,2,Winter,35.4575,139.7513888888889,28.1,100,Tokyo,7.1,-181.0,74.0,10.6,37.0,3.26,0.775,26.0,1.48,1.0,3.0,96.0,False,False,False,False,False,False,False,False,False,False,False,False,False,False,False,False,False,False,False,False,False,False,False,False,2002,2,7.9,13.0,33.93,1432,0.47804308011402175,2002,False,False
2002,1,Winter,34.93333333333333,136.805,7.9,201,Ise,7.7,-50.0,19.1,1.7,2.6,0.08,0.18,2.1,0.03,0.7,96.9,2.4,False,False,False,False,False,False,False,False,False,False,False,False,False,False,False,False,False,False,False,False,False,False,False,False,2002,1,8.6,10.7,32.1,2310,0.4636454643677789,2002,False,False
2002,1,Winter,34.72,137.12166666666667,16.1,202,Ise,7.4,-200.0,62.6,8.9,31.0,2.2,0.56,23.0,0.61,2.5,32.4,65.1,False,False,False,False,False,False,False,False,False,False,False,False,False,False,False,False,False,False,False,False,False,False,False,False,2002,1,10.2,8.4,32.43,2359,0.464077457640257,2002,False,False
2002,1,Winter,34.75,137.29166666666666,8.4,202,Ise,7.3,-280.0,61.2,9.2,29.0,1.5,0.5,23.0,0.24,,24.6,75.4,False,False,False,False,False,False,False,False,False,False,False,False,False,False,False,False,False,False,False,False,False,False,False,False,2002,1,11.5,6.8,31.22,2361,0.4640164657415807,2002,False,False
2002,1,Winter,34.98388888888889,136.68333333333334,9.0,201,Ise,7.7,-202.0,58.5,8.3,20.0,2.1,0.66,17.0,0.62,0.0,36.4,63.6,False,False,False,False,False,False,False,False,False,False,False,False,False,False,False,False,False,False,False,False,False,False,False,False,2002,1,8.3,10.0,29.9,244,0.4635381402903914,2002,False,False
2002,1,Winter,34.88638888888889,136.66666666666666,14.0,201,Ise,8.0,-157.0,59.0,8.3,21.0,2.4,0.57,22.0,0.43,0.0,40.4,59.6,False,False,False,False,False,False,False,False,False,False,False,False,False,False,False,False,False,False,False,False,False,False,False,False,2002,1,8.3,9.5,30.6,2411,0.46373887583865075,2002,False,False
2002,1,Winter,34.655,135.41194444444446,15.1,301,SIS,8.0,-330.0,65.4,8.7,26.0,1.6,0.54,13.0,1.3,1.9,9.6,88.5,False,False,False,False,False,False,False,False,False,False,False,False,False,False,False,False,False,False,False,False,False,False,False,False,2002,1,8.3,10.5,31.9,272,0.44936871922644356,2002,False,False
2002,1,Winter,34.436388888888885,135.14,31.7,301,SIS,7.9,-275.0,57.0,6.2,17.0,1.4,0.35,8.7,0.29,0.6,34.9,64.5,False,False,False,False,False,False,False,False,False,False,False,False,False,False,False,False,False,False,False,False,False,False,False,False,2002,1,9.2,10.2,32.1,2744,0.44974990038693574,2002,False,False
2002,1,Winter,34.656666666666666,135.275,,301,SIS,7.8,-301.0,55.6,10.9,22.0,2.61,0.46,24.0,1.0,0.2,1.1,98.7,False,False,False,False,False,False,False,False,False,False,False,False,False,False,False,False,False,False,False,False,False,False,False,False,2002,1,8.2,10.5,32.2,2823,1.033038041069995,2002,False,False
2003,2,Winter,35.611666666666665,139.89499999999998,8.0,100,Tokyo,7.5,-64.0,54.2,5.3,13.0,1.62,0.55,13.3,0.78,0.0,18.0,82.0,False,False,False,False,False,False,False,False,False,False,False,False,False,False,False,False,False,False,False,False,False,False,False,False,2003,2,11.1,7.8,31.37,1212,3.7064932313149e-07,2003,False,False
2003,2,Winter,35.64722222222222,139.98999999999998,6.0,100,Tokyo,7.4,-46.0,27.1,1.7,2.7,0.41,0.29,1.8,0.06,5.0,90.0,5.0,False,False,False,False,False,False,False,False,False,False,False,False,False,False,False,False,False,False,False,False,False,False,False,False,2003,2,11.3,7.4,31.18,122,2.4709907721300975e-07,2003,False,False
2003,2,Winter,35.605000000000004,140.0608333333333,8.0,100,Tokyo,7.6,-56.0,61.0,6.9,12.0,1.3,0.59,11.6,0.19,1.0,3.0,96.0,False,False,False,False,False,False,False,False,False,False,False,False,False,False,False,False,False,False,False,False,False,False,False,False,2003,2,10.1,8.1,31.4,124,3.013564076846484e-06,2003,False,False
2003,2,Winter,35.55444444444444,139.90555555555557,18.0,100,Tokyo,7.6,-188.0,78.0,10.9,53.0,4.13,0.91,31.2,1.2,0.0,2.0,98.0,False,False,False,False,False,False,False,False,False,False,False,False,False,False,False,False,False,False,False,False,False,False,False,False,2003,2,9.9,8.0,31.77,1215,4.050886401350578e-06,2003,False,False
2003,2,Winter,35.54055555555556,140.01916666666668,16.0,100,Tokyo,7.5,-182.0,78.0,10.5,39.0,3.28,0.84,26.0,1.1,0.0,1.0,99.0,False,False,False,False,False,False,False,False,False,False,False,False,False,False,False,False,False,False,False,False,False,False,False,False,2003,2,8.8,8.3,31.78,129,3.0562134915148567e-06,2003,False,False
2003,2,Winter,35.559999999999995,139.82444444444445,16.0,100,Tokyo,7.8,-120.0,64.7,12.8,38.7,3.29,0.81,34.3,0.77,0.0,6.2,93.8,False,False,False,False,False,False,False,False,False,False,False,False,False,False,False,False,False,False,False,False,False,False,False,False,2003,2,8.2,9.3,32.5,1318,0.4778031123312593,2003,False,False
2003,2,Winter,35.46416666666667,139.85611111111112,28.0,100,Tokyo,8.1,-113.0,63.1,11.4,35.4,2.36,0.63,28.3,0.48,0.0,3.9,96.1,False,False,False,False,False,False,False,False,False,False,False,False,False,False,False,False,False,False,False,False,False,False,False,False,2003,2,7.9,10.7,33.0,1326,0.4780288373718018,2003,False,False
2003,2,Winter,35.4575,139.7513888888889,27.1,100,Tokyo,7.6,-72.0,73.5,10.4,39.5,2.83,0.71,25.4,1.34,0.0,3.8,96.2,False,False,False,False,False,False,False,False,False,False,False,False,False,False,False,False,False,False,False,False,False,False,False,False,2003,2,8.7,11.0,32.8,1432,0.47804308011402175,2003,False,False
2003,1,Winter,34.93666666666666,136.80194444444444,9.3,201,Ise,7.46,120.0,21.2,1.6,2.49,0.14,0.21,1.3,0.03,5.2,90.4,4.4,False,False,False,False,False,False,False,False,False,False,False,False,False,False,False,False,False,False,False,False,False,False,False,False,2003,1,9.6,9.4,31.9,2310,4.068297542329713e-06,2003,False,False
2003,1,Winter,34.723333333333336,137.1186111111111,17.0,202,Ise,7.72,-250.0,55.9,8.4,23.9,2.16,0.51,15.9,0.39,,15.8,84.2,False,False,False,False,False,False,False,False,False,False,False,False,False,False,False,False,False,False,False,False,False,False,False,False,2003,1,10.5,7.6,32.4,2359,1.0810001764324187e-06,2003,False,False
2003,1,Winter,34.75333333333333,137.28861111111112,9.8,202,Ise,7.63,-200.0,50.4,7.8,23.5,1.73,0.43,14.1,0.25,,2.1,97.9,False,False,False,False,False,False,False,False,False,False,False,False,False,False,False,False,False,False,False,False,False,False,False,False,2003,1,11.1,5.8,31.0,2361,1.0806565858142234e-06,2003,False,False
2003,2,Winter,34.98388888888889,136.68333333333334,,201,Ise,7.8,-278.0,61.0,7.5,12.0,1.8,0.64,11.0,0.37,,12.3,87.7,False,False,False,False,False,False,False,False,False,False,False,False,False,False,False,False,False,False,False,False,False,False,False,False,2003,2,8.2,8.8,30.4,244,0.4635381402903914,2003,False,False
2003,2,Winter,34.88638888888889,136.66666666666666,,201,Ise,7.9,-286.0,57.9,6.7,14.0,2.5,0.56,13.0,0.31,,41.3,58.7,False,False,False,False,False,False,False,False,False,False,False,False,False,False,False,False,False,False,False,False,False,False,False,False,2003,2,8.9,6.9,29.7,2411,0.46373887583865075,2003,False,False
2003,1,Winter,34.655,135.41194444444446,14.6,301,SIS,8.2,,76.4,9.7,43.0,2.3,0.63,22.0,2.3,0.0,0.7,99.3,False,False,False,False,False,False,False,False,False,False,False,False,False,False,False,False,False,False,False,False,False,False,False,False,2003,1,8.2,10.1,32.57,272,0.44936871922644356,2003,False,False
2003,1,Winter,34.436388888888885,135.14,31.8,301,SIS,8.0,-151.0,57.5,6.2,19.0,1.3,0.49,10.0,0.21,0.4,19.0,80.6,False,False,False,False,False,False,False,False,False,False,False,False,False,False,False,False,False,False,False,False,False,False,False,False,2003,1,9.4,9.7,32.86,2744,0.44974990038693574,2003,False,False
2003,1,Winter,34.655,135.26666666666668,15.3,301,SIS,7.51,-137.0,53.5,14.2,18.1,1.514705217,0.611,16.58938986,0.388,0.1,1.2,98.7,False,False,False,False,False,False,False,False,False,False,False,False,False,False,False,False,False,False,False,False,False,False,False,False,2003,1,8.6,10.8,32.87,2823,0.44936986843242344,2003,False,False
2004,2,Winter,35.611666666666665,139.89499999999998,7.0,100,Tokyo,7.4,-95.0,56.1,6.3,11.0,1.37,0.64,13.0,1.0,1.0,13.0,86.0,False,False,False,False,False,False,False,False,False,False,False,False,False,False,False,False,False,False,False,False,False,False,False,False,2004,2,10.0,10.0,31.53,1212,3.7064932313149e-07,2004,False,False
2004,2,Winter,35.64722222222222,139.98999999999998,6.0,100,Tokyo,7.3,-31.0,31.0,2.7,3.5,0.58,0.3,2.4,0.08,0.0,91.0,9.0,False,False,False,False,False,False,False,False,False,False,False,False,False,False,False,False,False,False,False,False,False,False,False,False,2004,2,8.9,9.8,32.03,122,2.4709907721300975e-07,2004,False,False
2004,2,Winter,35.605000000000004,140.0608333333333,8.0,100,Tokyo,7.3,-40.0,58.4,6.4,7.6,1.46,0.44,12.1,0.38,4.0,15.0,81.0,False,False,False,False,False,False,False,False,False,False,False,False,False,False,False,False,False,False,False,False,False,False,False,False,2004,2,9.0,10.0,32.2,124,3.013564076846484e-06,2004,False,False
2004,2,Winter,35.55444444444444,139.90555555555557,17.0,100,Tokyo,7.4,-159.0,80.2,10.9,39.0,3.32,0.65,26.9,0.86,0.0,1.0,99.0,False,False,False,False,False,False,False,False,False,False,False,False,False,False,False,False,False,False,False,False,False,False,False,False,2004,2,10.1,9.8,32.33,1215,4.050886401350578e-06,2004,False,False
2004,2,Winter,35.54055555555556,140.01916666666668,15.0,100,Tokyo,7.4,-168.0,80.0,11.5,40.0,3.77,0.69,29.6,1.1,0.0,1.0,99.0,False,False,False,False,False,False,False,False,False,False,False,False,False,False,False,False,False,False,False,False,False,False,False,False,2004,2,9.6,9.7,32.21,129,3.0562134915148567e-06,2004,False,False
2004,2,Winter,35.4675,139.85277777777776,17.0,100,Tokyo,8.1,-55.0,77.0,13.5,33.4,3.18,0.86,27.9,1.37,0.0,6.4,93.6,False,False,False,False,False,False,False,False,False,False,False,False,False,False,False,False,False,False,False,False,False,False,False,False,2004,2,7.7,11.8,33.5,1326,2.012494465836712e-06,2004,False,False
2004,2,Winter,35.4675,139.85277777777776,28.0,100,Tokyo,8.2,-87.0,77.0,14.1,33.5,3.85,0.77,34.4,0.83,0.0,13.0,87.0,False,False,False,False,False,False,False,False,False,False,False,False,False,False,False,False,False,False,False,False,False,False,False,False,2004,2,7.7,11.8,33.5,1326,2.012494465836712e-06,2004,False,False
2004,2,Winter,35.46083333333333,139.74805555555554,28.0,100,Tokyo,7.6,-147.0,74.2,10.3,34.1,3.15,0.635,25.3,1.19,0.0,4.2,95.8,False,False,False,False,False,False,False,False,False,False,False,False,False,False,False,False,False,False,False,False,False,False,False,False,2004,2,7.1,13.5,34.1,1432,4.0423459997519365e-06,2004,False,False
2004,1,Winter,34.93333333333333,136.805,7.0,201,Ise,7.96,285.0,19.4,1.7,1.0,0.093,0.33,3.6,0.015,1.4,98.6,0.05,False,False,False,False,True,False,False,False,False,False,False,False,False,False,False,False,False,False,False,False,False,False,True,False,2004,1,9.4,10.1,31.1,2310,0.4636454643677789,2004,False,False
2004,1,Winter,34.72,137.12166666666667,16.0,202,Ise,7.48,-160.0,57.1,9.9,30.0,2.6,0.63,24.0,0.55,0.05,19.3,80.7,True,False,False,False,False,False,False,False,False,False,False,False,False,False,False,False,False,False,False,False,False,False,False,False,2004,1,10.0,8.2,31.8,2359,0.464077457640257,2004,False,False
2004,1,Winter,34.75,137.29166666666666,8.5,202,Ise,7.8,-260.0,50.2,8.6,25.0,1.7,0.53,21.0,0.21,0.05,13.3,86.7,True,False,False,False,False,False,False,False,False,False,False,False,False,False,False,False,False,False,False,False,False,False,False,False,2004,1,11.2,6.2,30.3,2361,0.4640164657415807,2004,False,False
2004,1,Winter,34.98388888888889,136.68333333333334,15.3,201,Ise,7.8,-272.0,67.0,9.0,13.0,1.9,0.68,17.0,0.87,0.0,1.0,99.0,False,False,False,False,False,False,False,False,False,False,False,False,False,False,False,False,False,False,False,False,False,False,False,False,2004,1,8.0,10.2,30.0,244,0.4635381402903914,2004,False,False
2004,1,Winter,34.88638888888889,136.66666666666666,14.5,201,Ise,7.8,-231.0,65.8,9.7,13.0,2.7,0.69,18.0,0.22,1.8,3.9,94.3,False,False,False,False,False,False,False,False,False,False,False,False,False,False,False,False,False,False,False,False,False,False,False,False,2004,1,8.6,8.0,29.6,2411,0.46373887583865075,2004,False,False
2004,1,Winter,34.65833333333333,135.40916666666666,14.7,301,SIS,8.1,,75.7,8.8,49.0,2.4,0.43,19.0,1.8,0.2,2.4,97.4,False,False,False,False,False,False,False,False,False,False,False,False,False,False,False,False,False,False,False,False,False,False,False,False,2004,1,8.2,11.6,30.75,272,3.0712552024428725e-06,2004,False,False
2004,1,Winter,34.439722222222215,135.13722222222222,31.5,301,SIS,7.9,-194.0,56.0,5.0,20.0,1.5,0.34,9.7,0.25,0.7,28.0,71.3,False,False,False,False,False,False,False,False,False,False,False,False,False,False,False,False,False,False,False,False,False,False,False,False,2004,1,9.1,11.7,31.85,2744,2.052811989601796e-06,2004,False,False
2004,1,Winter,34.655,135.26666666666668,15.6,301,SIS,7.6,-30.0,53.5,14.2,18.6,1.9,0.541,15.05,0.64,3.88563049853373,6.01173020527865,90.1026392961876,False,False,False,False,False,False,False,False,False,False,False,False,False,False,False,False,False,False,False,False,False,False,False,False,2004,1,8.6,11.6,31.72,2823,0.44936986843242344,2004,False,False
2005,2,Winter,35.611666666666665,139.89499999999998,8.0,100,Tokyo,7.6,-86.0,36.5,3.4,7.7,0.98,0.41,5.7,0.44,2.0,55.0,43.0,False,False,False,False,False,False,False,False,False,False,False,False,False,False,False,False,False,False,False,False,False,False,False,False,2005,2,8.5,10.9,31.54,1212,3.7064932313149e-07,2005,False,False
2005,2,Winter,35.64722222222222,139.98999999999998,6.0,100,Tokyo,7.6,85.0,27.3,2.1,3.3,0.37,0.32,1.8,0.03,1.0,91.0,8.0,False,False,False,False,False,False,False,False,False,False,False,False,False,False,False,False,False,False,False,False,False,False,False,False,2005,2,11.0,9.0,31.61,122,2.4709907721300975e-07,2005,False,False
2005,2,Winter,35.605000000000004,140.0608333333333,8.0,100,Tokyo,7.6,7.0,61.5,7.6,7.3,1.42,0.48,13.1,0.22,1.0,7.0,92.0,False,False,False,False,False,False,False,False,False,False,False,False,False,False,False,False,False,False,False,False,False,False,False,False,2005,2,11.1,9.5,31.45,124,3.013564076846484e-06,2005,False,False
2005,2,Winter,35.55444444444444,139.90555555555557,18.0,100,Tokyo,7.8,-170.0,78.2,11.1,35.0,3.52,0.75,29.0,0.83,0.0,1.0,99.0,False,False,False,False,False,False,False,False,False,False,False,False,False,False,False,False,False,False,False,False,False,False,False,False,2005,2,9.7,10.1,31.7,1215,4.050886401350578e-06,2005,False,False
2005,2,Winter,35.54055555555556,140.01916666666668,16.0,100,Tokyo,7.8,-165.0,76.7,10.8,30.0,3.67,0.68,29.2,0.75,0.0,2.0,98.0,False,False,False,False,False,False,False,False,False,False,False,False,False,False,False,False,False,False,False,False,False,False,False,False,2005,2,10.3,11.6,31.86,129,3.0562134915148567e-06,2005,False,False
2005,2,Winter,35.56333333333333,139.8211111111111,17.0,100,Tokyo,7.8,-28.0,74.0,9.3,24.7,3.35,0.72,25.3,1.01,0.2,10.2,89.6,False,False,False,False,False,False,False,False,False,False,False,False,False,False,False,False,False,False,False,False,False,False,False,False,2005,2,11.4,11.6,32.3,1318,1.0712120489505561e-06,2005,False,False
2005,2,Winter,35.4675,139.85277777777776,28.5,100,Tokyo,7.8,-129.0,75.0,10.8,33.0,4.21,0.79,27.1,1.23,0.0,10.6,89.4,False,False,False,False,False,False,False,False,False,False,False,False,False,False,False,False,False,False,False,False,False,False,False,False,2005,2,7.3,13.2,33.2,1326,2.012494465836712e-06,2005,False,False
2005,2,Winter,35.46083333333333,139.74805555555554,28.0,100,Tokyo,7.8,-96.0,76.6,9.8,29.0,3.84,0.982,26.9,1.58,0.3,6.0,94.7,False,False,False,False,False,False,False,False,False,False,False,False,False,False,False,False,False,False,False,False,False,False,False,False,2005,2,7.4,12.2,31.51,1432,4.0423459997519365e-06,2005,False,False
2005,1,Winter,34.93666666666666,136.80194444444444,8.5,201,Ise,7.83,180.0,21.2,1.7,1.2,0.13,0.25,2.9,0.015,3.0,94.4,2.6,False,False,False,False,False,False,False,False,False,False,False,False,False,False,False,False,False,False,False,False,False,False,True,False,2005,1,9.1,10.5,31.14,2310,4.068297542329713e-06,2005,False,False
2005,1,Winter,34.723333333333336,137.1186111111111,17.0,202,Ise,8.12,-340.0,56.1,8.9,20.0,2.2,0.53,27.0,0.15,1.6,29.0,69.4,False,False,False,False,False,False,False,False,False,False,False,False,False,False,False,False,False,False,False,False,False,False,False,False,2005,1,10.8,9.4,31.78,2359,1.0810001764324187e-06,2005,False,False
2005,1,Winter,34.75333333333333,137.28861111111112,10.0,202,Ise,7.96,-310.0,50.5,7.7,20.0,1.6,0.45,21.0,0.35,2.7,33.9,63.4,False,False,False,False,False,False,False,False,False,False,False,False,False,False,False,False,False,False,False,False,False,False,False,False,2005,1,11.9,7.0,30.28,2361,1.0806565858142234e-06,2005,False,False
2005,1,Winter,34.98722222222222,136.68027777777775,14.6,201,Ise,7.9,-171.0,69.2,8.0,13.0,1.7,0.72,18.0,1.2,0.0,0.4,99.6,False,False,False,False,False,False,False,False,False,False,False,False,False,False,False,False,False,False,False,False,False,False,False,False,2005,1,6.6,11.0,26.5,244,2.0394666780280975e-06,2005,False,False
2005,1,Winter,34.88638888888889,136.66666666666666,15.0,201,Ise,7.8,-109.0,66.1,8.3,13.0,1.8,0.66,19.0,0.33,1.0,4.1,94.9,False,False,False,False,False,False,False,False,False,False,False,False,False,False,False,False,False,False,False,False,False,False,False,False,2005,1,8.4,10.2,25.6,2411,0.46373887583865075,2005,False,False
2005,1,Winter,34.65833333333333,135.40916666666666,14.6,301,SIS,8.2,,78.0,9.2,43.0,2.5,0.62,20.0,3.1,0.3,3.2,96.5,False,False,False,False,False,False,False,False,False,False,False,False,False,False,False,False,False,False,False,False,False,False,False,False,2005,1,7.2,12.3,30.65,272,3.0712552024428725e-06,2005,False,False
2005,1,Winter,34.439722222222215,135.13722222222222,31.2,301,SIS,7.8,-241.0,57.7,6.1,22.0,1.1,0.35,12.0,0.34,0.3,30.3,69.4,False,False,False,False,False,False,False,False,False,False,False,False,False,False,False,False,False,False,False,False,False,False,False,False,2005,1,8.8,12.6,31.78,2744,2.052811989601796e-06,2005,False,False
2005,1,Winter,34.65833333333333,135.26388888888889,15.4,301,SIS,7.81,-165.0,49.6,18.3,15.1,1.61,0.556,15.81,0.47,0.08,1.73,98.19,False,False,False,False,False,False,False,False,False,False,False,False,False,False,False,False,False,False,False,False,False,False,False,False,2005,1,7.6,12.3,31.53,2823,1.0817522709564292e-06,2005,False,False
2005,1,Winter,34.93666666666666,136.80194444444444,8.5,201,Ise,7.72,220.0,18.9,1.5,1.6,0.11,0.39,3.3,0.015,4.0,93.7,2.3,False,False,False,False,False,False,False,False,False,False,False,False,False,False,False,False,False,False,False,False,False,False,True,False,2005,1,9.1,10.5,31.14,2310,4.068297542329713e-06,2005,False,False
2005,1,Winter,34.723333333333336,137.1186111111111,17.0,202,Ise,7.98,-220.0,54.8,4.4,37.0,2.4,0.64,28.0,0.6,5.8,14.8,79.4,False,False,False,False,False,False,False,False,False,False,False,False,False,False,False,False,False,False,False,False,False,False,False,False,2005,1,10.8,9.4,31.78,2359,1.0810001764324187e-06,2005,False,False
2005,1,Winter,34.75333333333333,137.28861111111112,10.0,202,Ise,7.83,-220.0,47.8,4.3,29.0,1.6,0.44,21.0,0.25,,4.5,95.5,True,False,False,False,False,False,False,False,False,False,False,False,False,False,False,False,False,False,False,False,False,False,False,False,2005,1,11.9,7.0,30.28,2361,1.0806565858142234e-06,2005,False,False
2006,2,Winter,35.611666666666665,139.89499999999998,7.0,100,Tokyo,7.8,-39.0,60.1,6.9,12.0,2.35,0.79,18.2,0.58,1.0,15.0,84.0,False,False,False,False,False,False,False,False,False,False,False,False,False,False,False,False,False,False,False,False,False,False,False,False,2006,2,8.0,9.7,32.11,1212,3.7064932313149e-07,2006,False,False
2006,2,Winter,35.64722222222222,139.98999999999998,5.0,100,Tokyo,7.8,-28.0,28.9,2.2,3.4,0.65,0.36,2.6,0.08,1.0,90.0,9.0,False,False,False,False,False,False,False,False,False,False,False,False,False,False,False,False,False,False,False,False,False,False,False,False,2006,2,8.7,8.9,31.67,122,2.4709907721300975e-07,2006,False,False
2006,2,Winter,35.605000000000004,140.0608333333333,8.0,100,Tokyo,7.8,-142.0,57.0,5.6,9.2,1.83,0.51,13.7,0.64,0.0,10.0,90.0,False,False,False,False,False,False,False,False,False,False,False,False,False,False,False,False,False,False,False,False,False,False,False,False,2006,2,9.4,8.6,31.78,124,3.013564076846484e-06,2006,False,False
2006,2,Winter,35.55444444444444,139.90555555555557,18.0,100,Tokyo,8.1,-180.0,77.7,11.7,31.0,5.45,0.82,33.0,0.73,0.0,4.0,96.0,False,False,False,False,False,False,False,False,False,False,False,False,False,False,False,False,False,False,False,False,False,False,False,False,2006,2,7.6,9.8,32.87,1215,4.050886401350578e-06,2006,False,False
2006,2,Winter,35.54055555555556,140.01916666666668,16.0,100,Tokyo,8.1,-183.0,76.9,11.3,30.0,5.83,0.73,32.8,1.2,0.0,1.0,99.0,False,False,False,False,False,False,False,False,False,False,False,False,False,False,False,False,False,False,False,False,False,False,False,False,2006,2,9.0,8.7,32.16,129,3.0562134915148567e-06,2006,False,False
2006,2,Winter,35.4675,139.85277777777776,28.2,100,Tokyo,7.9,-141.0,67.6,14.7,34.0,2.33,0.56,29.2,1.75,0.0,79.3,20.7,False,False,False,False,False,False,False,False,False,False,False,False,False,False,False,False,False,False,False,False,False,False,False,False,2006,2,8.5,10.5,31.2,1326,2.012494465836712e-06,2006,False,False
2006,2,Winter,35.56333333333333,139.8211111111111,16.1,100,Tokyo,7.7,-102.0,65.0,12.1,33.7,1.66,0.56,24.9,0.92,0.0,81.5,18.5,False,False,False,False,False,False,False,False,False,False,False,False,False,False,False,False,False,False,False,False,False,False,False,False,2006,2,11.4,9.7,30.8,1318,1.0712120489505561e-06,2006,False,False
2006,2,Winter,35.46083333333333,139.74805555555554,28.0,100,Tokyo,8.0,-65.0,75.4,10.8,28.4,4.52,0.757,29.2,0.92,0.0,4.0,96.0,False,False,False,False,False,False,False,False,False,False,False,False,False,False,False,False,False,False,False,False,False,False,False,False,2006,2,8.1,10.4,32.94,1432,4.0423459997519365e-06,2006,False,False
2006,1,Winter,34.98722222222222,136.68027777777775,15.0,201,Ise,7.9,-351.0,72.4,12.4,16.0,1.6,0.9,16.0,1.5,0.1,0.7,99.1,False,False,False,False,False,False,False,False,False,False,False,False,False,False,False,False,False,False,False,False,False,False,False,False,2006,1,8.8,7.9,32.0,244,2.0394666780280975e-06,2006,False,False
2006,1,Winter,34.88972222222222,136.66361111111112,14.3,201,Ise,7.8,-302.0,64.0,12.1,15.0,2.4,0.37,15.0,0.15,5.1,8.3,86.6,False,False,False,False,False,False,False,False,False,False,False,False,False,False,False,False,False,False,False,False,False,False,False,False,2006,1,9.4,7.3,32.0,2411,1.0431147913434693e-06,2006,False,False
2006,1,Winter,34.65833333333333,135.40916666666666,14.5,301,SIS,7.8,-311.0,76.0,9.5,39.0,2.6,0.68,20.0,3.1,0.1,1.6,98.3,False,False,False,False,False,False,False,False,False,False,False,False,False,False,False,False,False,False,False,False,False,False,False,False,2006,1,8.0,9.1,32.3,272,3.0712552024428725e-06,2006,False,False
2006,1,Winter,34.439722222222215,135.13722222222222,31.6,301,SIS,7.8,-268.0,57.1,6.3,17.0,1.3,0.39,11.0,0.11,0.5,16.0,83.5,False,False,False,False,False,False,False,False,False,False,False,False,False,False,False,False,False,False,False,False,False,False,False,False,2006,1,9.6,8.2,32.61,2744,2.052811989601796e-06,2006,False,False
2006,1,Winter,34.65833333333333,135.26388888888889,16.0,301,SIS,7.9,-117.52,54.74451388367337,11.14077087129098,15.858568410447866,1.863149742671804,0.504,15.216972711025258,0.6602759246709426,0.0235017626321927,1.269095182138675,98.70740305522914,False,False,False,False,False,False,False,False,False,False,False,False,False,False,False,False,False,False,False,False,False,False,False,False,2006,1,9.0,8.5,32.54,2823,1.0817522709564292e-06,2006,False,False
2007,2,Winter,35.611666666666665,139.89499999999998,7.0,100,Tokyo,7.5,-142.0,48.8,6.2,11.0,1.6,0.63,14.7,0.41,1.0,16.0,83.0,False,False,False,False,False,False,False,False,False,False,False,False,False,False,False,False,False,False,False,False,False,False,False,False,2007,2,9.4,10.6,31.0,1212,3.7064932313149e-07,2007,False,False
2007,2,Winter,35.64722222222222,139.98999999999998,5.0,100,Tokyo,7.9,-48.0,23.3,2.1,3.1,0.4,0.34,2.0,0.04,2.0,91.0,7.0,False,False,False,False,False,False,False,False,False,False,False,False,False,False,False,False,False,False,False,False,False,False,False,False,2007,2,8.7,10.9,31.33,122,2.4709907721300975e-07,2007,False,False
2007,2,Winter,35.605000000000004,140.0608333333333,8.0,100,Tokyo,7.4,-201.0,42.3,6.2,7.9,1.34,0.49,12.3,0.26,0.0,6.0,94.0,False,False,False,False,False,False,False,False,False,False,False,False,False,False,False,False,False,False,False,False,False,False,False,False,2007,2,7.7,11.5,31.66,124,3.013564076846484e-06,2007,False,False
2007,2,Winter,35.55444444444444,139.90555555555557,17.0,100,Tokyo,7.6,-203.0,71.6,11.1,32.0,3.66,0.75,29.9,0.86,0.0,2.0,98.0,False,False,False,False,False,False,False,False,False,False,False,False,False,False,False,False,False,False,False,False,False,False,False,False,2007,2,7.6,11.8,32.07,1215,4.050886401350578e-06,2007,False,False
2007,2,Winter,35.54055555555556,140.01916666666668,15.0,100,Tokyo,7.4,-193.0,69.7,11.0,24.0,3.5,0.71,29.3,0.67,0.0,2.0,98.0,False,False,False,False,False,False,False,False,False,False,False,False,False,False,False,False,False,False,False,False,False,False,False,False,2007,2,7.7,11.6,32.08,129,3.0562134915148567e-06,2007,False,False
2007,2,Winter,35.56333333333333,139.8211111111111,16.6,100,Tokyo,7.7,-187.0,64.4,9.0,21.6,2.72,0.79,23.0,0.59,1.0,9.6,89.5,False,False,False,False,False,False,False,False,False,False,False,False,False,False,False,False,False,False,False,False,False,False,False,False,2007,2,7.2,12.8,33.0,1318,1.0712120489505561e-06,2007,False,False
2007,2,Winter,35.4675,139.85277777777776,27.2,100,Tokyo,7.6,-192.0,67.4,11.5,30.4,4.78,0.78,29.1,1.21,0.6,9.1,90.3,False,False,False,False,False,False,False,False,False,False,False,False,False,False,False,False,False,False,False,False,False,False,False,False,2007,2,7.5,12.5,33.0,1326,2.012494465836712e-06,2007,False,False
2007,2,Winter,35.46083333333333,139.74805555555554,27.8,100,Tokyo,7.6,-173.0,64.8,10.4,23.7,4.63,0.803,25.7,1.21,0.0,2.3,97.7,False,False,False,False,False,False,False,False,False,False,False,False,False,False,False,False,False,False,False,False,False,False,False,False,2007,2,9.6,13.0,33.2,1432,4.0423459997519365e-06,2007,False,False
2007,1,Winter,34.93666666666666,136.80194444444444,8.0,201,Ise,7.82,90.0,17.2,1.1,1.4,0.126,0.201,1.7,0.015,1.3,96.4,2.3,False,False,False,False,False,False,False,False,False,False,False,False,False,False,False,False,False,False,False,False,False,False,True,False,2007,1,7.9,11.1,32.44,2310,4.068297542329713e-06,2007,False,False
2007,1,Winter,34.723333333333336,137.1186111111111,17.0,202,Ise,8.24,-260.0,59.5,10.4,39.0,3.33,0.706,29.0,0.81,,8.3,91.7,False,False,False,False,False,False,False,False,False,False,False,False,False,False,False,False,False,False,False,False,False,False,False,False,2007,1,11.7,8.6,31.94,2359,1.0810001764324187e-06,2007,False,False
2007,1,Winter,34.75333333333333,137.28861111111112,9.0,202,Ise,8.03,-220.0,45.9,7.1,24.0,1.56,0.428,19.0,0.12,,4.9,95.1,False,False,False,False,False,False,False,False,False,False,False,False,False,False,False,False,False,False,False,False,False,False,False,False,2007,1,14.0,7.4,30.57,2361,1.0806565858142234e-06,2007,False,False
2007,1,Winter,34.98722222222222,136.68027777777775,14.7,201,Ise,7.8,-367.0,61.6,9.4,13.0,1.3,0.6,16.0,0.26,0.4,3.4,96.2,False,False,False,False,False,False,False,False,False,False,False,False,False,False,False,False,False,False,False,False,False,False,False,False,2007,1,6.6,11.6,33.0,244,2.0394666780280975e-06,2007,False,False
2007,1,Winter,34.88972222222222,136.66361111111112,13.9,201,Ise,7.8,-346.0,59.8,9.5,13.0,2.2,0.53,14.0,0.21,19.2,14.6,66.2,False,False,False,False,False,False,False,False,False,False,False,False,False,False,False,False,False,False,False,False,False,False,False,False,2007,1,5.9,10.4,32.2,2411,1.0431147913434693e-06,2007,False,False
2007,1,Winter,34.65833333333333,135.40916666666666,14.5,301,SIS,7.9,-336.0,50.0,8.3,30.0,2.1,0.7,25.0,0.62,0.1,3.9,96.1,False,False,False,False,False,False,False,False,False,False,False,False,False,False,False,False,False,False,False,False,False,False,False,False,2007,1,8.3,11.9,31.8,272,3.0712552024428725e-06,2007,False,False
2007,1,Winter,34.439722222222215,135.13722222222222,31.8,301,SIS,7.6,-282.0,44.0,5.8,22.0,1.6,0.46,14.0,0.42,0.1,18.0,81.9,False,False,False,False,False,False,False,False,False,False,False,False,False,False,False,False,False,False,False,False,False,False,False,False,2007,1,8.7,9.2,32.72,2744,2.052811989601796e-06,2007,False,False
2007,1,Winter,34.65833333333333,135.26388888888889,16.0,301,SIS,6.82,-201.62,54.4,17.5,16.1,2.2,0.5,17.6,0.54,0.2,1.3,98.5,False,False,False,False,False,False,False,False,False,False,False,False,False,False,False,False,False,False,False,False,False,False,False,False,2007,1,8.5,11.9,31.85,2823,1.0817522709564292e-06,2007,False,False
2008,2,Winter,35.61055555555556,139.89777777777778,7.0,100,Tokyo,7.7,-112.0,42.9,4.4,9.0,0.89,0.52,7.3,0.33,1.0,41.0,58.0,False,False,False,False,False,False,False,False,False,False,False,False,False,False,False,False,False,False,False,False,False,False,False,False,2008,2,11.9,6.5,30.84,2355,254.37993632871024,2008,True,False
2008,2,Winter,35.645833333333336,139.99027777777778,6.0,100,Tokyo,7.7,27.0,26.6,2.1,2.9,0.49,0.33,2.2,0.08,0.0,90.0,10.0,False,False,False,False,False,False,False,False,False,False,False,False,False,False,False,False,False,False,False,False,False,False,False,False,2008,2,11.9,6.5,30.84,2355,263.5790580060021,2008,True,False
2008,2,Winter,35.60527777777778,140.06111111111113,9.0,100,Tokyo,7.6,-118.0,57.9,5.9,12.0,1.56,0.49,13.7,0.2,2.0,10.0,88.0,False,False,False,False,False,False,False,False,False,False,False,False,False,False,False,False,False,False,False,False,False,False,False,False,2008,2,11.9,6.5,30.84,2355,268.1141484140823,2008,True,False
2008,2,Winter,35.550555555555555,139.91,17.0,100,Tokyo,7.6,-178.0,80.5,12.1,39.0,4.25,0.77,34.0,1.0,0.0,1.0,99.0,False,False,False,False,False,False,False,False,False,False,False,False,False,False,False,False,False,False,False,False,False,False,False,False,2008,2,11.9,6.5,30.84,2355,253.2200719676108,2008,True,False
2008,2,Winter,35.536944444444444,140.02,16.0,100,Tokyo,7.5,-165.0,77.7,11.3,31.0,3.84,0.72,30.4,0.58,0.0,1.0,99.0,False,False,False,False,False,False,False,False,False,False,False,False,False,False,False,False,False,False,False,False,False,False,False,False,2008,2,11.9,6.5,30.84,2355,262.2185510399047,2008,True,False
2008,2,Winter,35.34805555555556,139.80583333333334,13.0,100,Tokyo,8.0,50.0,22.5,2.5,2.8,0.49,0.33,2.3,0.03,19.0,73.0,8.0,False,False,False,False,False,False,False,False,False,False,False,False,False,False,False,False,False,False,False,False,False,False,False,False,2008,2,11.9,6.5,30.84,2355,237.81721530664058,2008,True,False
2008,2,Winter,35.56333333333333,139.8211111111111,16.6,100,Tokyo,7.6,-151.0,65.6,10.1,32.9,2.9,0.77,25.8,0.41,0.8,9.3,89.9,False,False,False,False,False,False,False,False,False,False,False,False,False,False,False,False,False,False,False,False,False,False,False,False,2008,2,11.9,6.5,30.84,2355,246.0799695322144,2008,True,False
2008,2,Winter,35.4675,139.85277777777776,28.0,100,Tokyo,7.8,-175.0,66.8,12.0,36.1,3.76,0.87,29.5,1.64,0.7,8.7,90.6,False,False,False,False,False,False,False,False,False,False,False,False,False,False,False,False,False,False,False,False,False,False,False,False,2008,2,11.9,6.5,30.84,2355,245.47537053084338,2008,True,False
2008,2,Winter,35.46083333333333,139.74805555555554,27.1,100,Tokyo,7.6,-143.0,58.6,9.3,21.0,2.68,0.673,24.8,0.54,0.2,3.0,96.8,False,False,False,False,False,False,False,False,False,False,False,False,False,False,False,False,False,False,False,False,False,False,False,False,2008,2,11.9,6.5,30.84,2355,236.19524791506478,2008,True,False
2008,1,Winter,34.93666666666666,136.80194444444444,8.5,201,Ise,8.21,120.0,22.5,1.7,3.3,0.22,0.26,3.3,0.04,,95.1,4.9,False,False,False,False,False,False,False,False,False,False,False,False,False,False,False,False,False,False,False,False,False,False,False,False,2008,1,8.9,10.3,32.13,2310,4.068297542329713e-06,2008,False,False
2008,1,Winter,34.723333333333336,137.1186111111111,17.0,202,Ise,8.0,-120.0,24.1,2.5,7.1,0.62,0.28,13.0,0.14,8.4,72.1,19.5,False,False,False,False,False,False,False,False,False,False,False,False,False,False,False,False,False,False,False,False,False,False,False,False,2008,1,9.7,8.3,32.32,2359,1.0810001764324187e-06,2008,False,False
2008,1,Winter,34.75333333333333,137.28861111111112,9.0,202,Ise,8.07,-180.0,53.4,7.5,18.0,1.8,0.54,23.0,0.2,,11.2,88.8,False,False,False,False,False,False,False,False,False,False,False,False,False,False,False,False,False,False,False,False,False,False,False,False,2008,1,11.6,6.6,31.34,2361,1.0806565858142234e-06,2008,False,False
2008,1,Winter,34.98388888888889,136.68333333333334,13.5,201,Ise,7.8,-356.0,67.0,11.0,13.0,1.8,0.64,15.0,0.39,0.4,2.2,97.4,False,False,False,False,False,False,False,False,False,False,False,False,False,False,False,False,False,False,False,False,False,False,False,False,2008,1,6.0,12.2,29.9,244,0.4635381402903914,2008,False,False
2008,1,Winter,34.88638888888889,136.66666666666666,14.5,201,Ise,7.9,-317.0,65.0,11.0,13.0,2.4,0.67,18.0,0.12,4.3,4.5,91.2,False,False,False,False,False,False,False,False,False,False,False,False,False,False,False,False,False,False,False,False,False,False,False,False,2008,1,8.7,9.9,29.7,2411,0.46373887583865075,2008,False,False
2008,1,Winter,34.666666666666664,136.60027777777776,24.9,201,Ise,7.4,-399.0,76.0,14.0,21.0,3.0,0.58,23.0,0.021,0.0,0.5,99.3,False,False,False,False,False,False,False,False,False,False,False,False,False,False,False,False,False,False,False,False,False,False,False,False,2008,1,8.0,9.7,30.6,2427,0.44935052538877784,2008,False,False
2008,1,Winter,34.65833333333333,135.40916666666666,14.4,301,SIS,7.9,-303.0,76.0,8.1,33.0,1.9,0.63,20.0,1.3,0.2,2.0,97.8,False,False,False,False,False,False,False,False,False,False,False,False,False,False,False,False,False,False,False,False,False,False,False,False,2008,1,8.2,11.2,32.58,272,3.0712552024428725e-06,2008,False,False
2008,1,Winter,34.439722222222215,135.13722222222222,32.0,301,SIS,7.9,-261.0,59.2,4.0,17.0,1.3,0.41,11.0,0.17,0.6,19.6,79.8,False,False,False,False,False,False,False,False,False,False,False,False,False,False,False,False,False,False,False,False,False,False,False,False,2008,1,9.4,10.3,32.74,2744,2.052811989601796e-06,2008,False,False
2008,1,Winter,34.65833333333333,135.26388888888889,16.0,301,SIS,7.58,,55.7,12.59,17.0,3.5,0.26,21.3,0.43,0.0,1.0,99.0,False,False,False,False,False,False,False,False,False,False,False,False,False,False,False,False,False,False,False,False,False,False,False,False,2008,1,9.0,10.7,32.31,2823,1.0817522709564292e-06,2008,False,False
2008,1,Winter,34.60333333333333,134.61388888888888,37.0,305,SIS,7.81,248.2,46.3,6.29,12.2,2.2,0.145,12.4,0.03,0.3,27.5,72.2,False,False,False,False,False,False,False,False,False,False,False,False,False,False,False,False,False,False,False,False,False,False,False,False,2008,1,9.1,11.1,33.16,28143,1.0823854829045792e-06,2008,False,False
2008,1,Winter,34.11277777777778,135.00833333333333,63.2,303,SIS,7.7,13.0,32.9,6.0,6.7,1.23,0.51,10.0,0.01,0.3,2.6,97.1,False,False,False,False,False,False,False,False,False,False,False,False,False,False,False,False,False,False,False,False,False,False,False,False,2008,1,8.3,14.8,33.6,3079,3.0786714110954903e-06,2008,False,False
2008,1,Winter,34.38666666666666,133.24749999999997,11.0,309,SIS,7.6,28.0,39.1,6.2,7.5,1.15,0.42,8.4,0.08,3.0,16.3,80.7,False,False,False,False,False,False,False,False,False,False,False,False,False,False,False,False,False,False,False,False,False,False,False,False,2008,1,9.4,10.1,31.5,34312,0.8064028823361243,2008,False,False
2008,1,Winter,34.333333333333336,132.45583333333332,20.9,312,SIS,7.4,-8.0,55.2,10.7,19.0,2.5,0.65,22.9,0.25,0.5,2.5,97.0,False,False,False,False,False,False,False,False,False,False,False,False,False,False,False,False,False,False,False,False,False,False,False,False,2008,1,8.3,11.9,32.9,34396,3.0830756027894546e-06,2008,False,False
2008,1,Winter,34.30305555555555,132.35305555555556,29.4,312,SIS,7.8,-84.0,62.9,10.8,22.5,2.81,0.69,20.8,0.49,0.0,2.4,97.6,False,False,False,False,False,False,False,False,False,False,False,False,False,False,False,False,False,False,False,False,False,False,False,False,2008,1,8.5,11.6,32.3,34411,1.4739665288241262,2008,False,False
2008,1,Winter,33.99666666666667,132.29222222222222,15.0,312,SIS,7.4,108.0,54.4,9.3,22.0,2.1,0.57,16.3,0.15,0.0,17.0,83.0,False,False,False,False,False,False,False,False,False,False,False,False,False,False,False,False,False,False,False,False,False,False,False,False,2008,1,9.5,12.5,33.25,35426,2.0818909855812816e-06,2008,False,False
2008,1,Winter,34.03805555555555,131.70083333333332,10.0,315,SIS,7.4,115.0,52.5,9.4,27.6,2.4,0.62,18.9,0.22,0.0,28.0,72.0,False,False,False,False,False,False,False,False,False,False,False,False,False,False,False,False,False,False,False,False,False,False,False,False,2008,1,9.4,11.8,33.41,35550,3.1109519614069765e-06,2008,False,False
2008,1,Winter,33.78333333333333,131.3252777777778,19.0,316,SIS,7.3,91.0,57.8,9.2,24.6,2.3,0.67,17.1,0.23,0.0,25.0,75.0,False,False,False,False,False,False,False,False,False,False,False,False,False,False,False,False,False,False,False,False,False,False,False,False,2008,1,10.0,10.5,33.79,35598,2.0869368062898815e-06,2008,False,False
2008,1,Winter,34.282222222222224,134.3538888888889,19.7,306,SIS,7.4,-65.0,53.8,8.5,10.8,3.72,0.54,15.2,0.14,0.0,1.0,99.0,False,False,False,False,False,False,False,False,False,False,False,False,False,False,False,False,False,False,False,False,False,False,False,False,2008,1,8.7,11.1,33.2,37181,1.0503382490329312e-06,2008,False,False
2008,1,Winter,34.11138888888889,133.6275,12.0,310,SIS,7.3,25.0,28.8,5.5,7.7,1.06,0.41,11.0,0.32,0.0,16.5,83.5,False,False,False,False,False,False,False,False,False,False,False,False,False,False,False,False,False,False,False,False,False,False,False,False,2008,1,8.8,9.9,33.23,37254,1.2354953859983198e-07,2008,False,False
2008,1,Winter,34.05333333333333,133.5,24.0,310,SIS,7.5,-49.0,56.1,8.6,14.2,1.96,0.56,14.6,0.12,0.0,0.0,100.0,False,False,False,False,False,False,False,False,False,False,False,False,False,False,False,False,False,False,False,False,False,False,False,False,2008,1,9.2,10.0,33.45,38274,0.43637760206084014,2008,False,False
2008,1,Winter,34.0,133.17499999999998,16.2,310,SIS,7.6,-13.0,40.9,6.6,7.0,1.23,0.55,9.4,0.06,0.0,5.5,94.5,False,False,False,False,False,False,False,False,False,False,False,False,False,False,False,False,False,False,False,False,False,False,False,False,2008,1,8.7,12.0,33.51,38328,0.43645341499088813,2008,False,False
2008,1,Winter,33.635,131.13333333333333,7.2,316,SIS,7.5,-103.0,49.2,11.8,21.4,2.3,0.68,28.3,1.23,0.0,13.0,87.0,False,False,False,False,False,False,False,False,False,False,False,False,False,False,False,False,False,False,False,False,False,False,False,False,2008,1,6.5,9.6,33.49,40617,0.4369762901225157,2008,False,False
2009,2,Winter,35.645833333333336,139.99027777777778,6.0,100,Tokyo,8.0,148.0,24.9,2.0,3.1,0.53,0.33,2.4,0.07,9.0,84.0,7.0,False,False,False,False,False,False,False,False,False,False,False,False,False,False,False,False,False,False,False,False,False,False,False,False,2009,2,9.8,10.6,31.67,122,0.1564635574419385,2009,False,False
2009,2,Winter,35.60527777777778,140.06111111111113,9.0,100,Tokyo,7.5,-58.0,63.0,6.6,16.0,1.71,0.56,14.3,0.24,0.0,8.0,92.0,False,False,False,False,False,False,False,False,False,False,False,False,False,False,False,False,False,False,False,False,False,False,False,False,2009,2,8.5,10.9,31.98,124,0.03981019418112153,2009,False,False
2009,2,Winter,35.536944444444444,140.02,16.0,100,Tokyo,7.6,-190.0,75.3,9.9,29.0,3.35,0.68,25.8,0.4,0.0,3.0,97.0,False,False,False,False,False,False,False,False,False,False,False,False,False,False,False,False,False,False,False,False,False,False,False,False,2009,2,7.8,10.9,31.79,129,0.4085553603445186,2009,False,False
2009,2,Winter,35.61055555555556,139.89777777777778,8.0,100,Tokyo,7.7,46.0,49.2,5.1,11.0,1.28,0.58,10.7,0.35,0.0,32.0,68.0,False,False,False,False,False,False,False,False,False,False,False,False,False,False,False,False,False,False,False,False,False,False,False,False,2009,2,9.0,10.9,31.74,1212,0.2798600340455486,2009,False,False
2009,2,Winter,35.550555555555555,139.91,18.0,100,Tokyo,7.5,-180.0,77.1,10.6,34.0,3.82,0.78,28.2,0.57,0.0,1.0,99.0,False,False,False,False,False,False,False,False,False,False,False,False,False,False,False,False,False,False,False,False,False,False,False,False,2009,2,7.8,11.3,32.3,1215,0.5904657166575917,2009,False,False
2009,2,Winter,35.34805555555556,139.80583333333334,14.0,100,Tokyo,8.0,246.0,29.3,3.2,3.6,0.76,0.4,4.2,0.04,30.0,52.0,18.0,False,False,False,False,False,False,False,False,False,False,False,False,False,False,False,False,False,False,False,False,False,False,False,False,2009,2,7.2,11.9,33.02,1235,0.6980006225924245,2009,False,False
2009,2,Winter,35.56333333333333,139.8211111111111,17.0,100,Tokyo,7.6,-210.0,71.3,11.0,33.8,3.93,1.04,23.4,2.43,0.9,10.1,88.9,False,False,False,False,False,False,False,False,False,False,False,False,False,False,False,False,False,False,False,False,False,False,False,False,2009,2,6.8,13.5,33.8,1318,1.0712120489505561e-06,2009,False,False
2009,2,Winter,35.4675,139.85277777777776,27.8,100,Tokyo,7.7,-135.0,68.5,11.5,31.0,3.91,0.88,28.3,0.96,0.8,9.2,90.0,False,False,False,False,False,False,False,False,False,False,False,False,False,False,False,False,False,False,False,False,False,False,False,False,2009,2,7.0,13.8,34.0,1326,2.012494465836712e-06,2009,False,False
2009,1,Winter,34.93666666666666,136.80194444444444,7.5,200,Ise,7.36,20.0,26.8,2.0,4.3,0.37,0.26,4.6,0.015,0.05,95.4,4.6,True,False,False,False,False,False,False,False,False,False,False,False,False,False,False,False,False,False,False,False,False,False,True,False,2009,1,9.6,9.8,32.39,2310,4.068297542329713e-06,2009,False,False
2009,1,Winter,34.723333333333336,137.1186111111111,17.0,200,Ise,7.96,-300.0,49.2,7.8,26.0,2.3,0.55,27.0,0.47,0.05,71.7,28.3,True,False,False,False,False,False,False,False,False,False,False,False,False,False,False,False,False,False,False,False,False,False,False,False,2009,1,9.6,8.6,32.46,2359,1.0810001764324187e-06,2009,False,False
2009,1,Winter,34.75333333333333,137.28861111111112,9.5,200,Ise,8.02,-280.0,44.3,6.6,22.0,1.5,0.53,25.0,0.13,0.05,16.2,83.8,True,False,False,False,False,False,False,False,False,False,False,False,False,False,False,False,False,False,False,False,False,False,False,False,2009,1,10.9,6.1,30.79,2361,1.0806565858142234e-06,2009,False,False
2009,1,Winter,34.98722222222222,136.68027777777775,15.2,200,Ise,7.8,-359.0,69.0,9.3,14.0,1.9,1.4,17.0,0.15,0.1,3.2,96.7,False,False,False,False,False,False,False,False,False,False,False,False,False,False,False,False,False,False,False,False,False,False,False,False,2009,1,8.2,11.5,31.37,244,2.0394666780280975e-06,2009,False,False
2009,1,Winter,34.88972222222222,136.66361111111112,14.7,200,Ise,7.7,-312.0,68.0,9.6,16.0,2.2,1.4,17.0,0.23,5.1,26.1,68.9,False,False,False,False,False,False,False,False,False,False,False,False,False,False,False,False,False,False,False,False,False,False,False,False,2009,1,1.5,10.2,31.06,2411,1.0431147913434693e-06,2009,False,True
2009,1,Winter,34.669999999999995,136.5975,25.0,200,Ise,7.5,-368.0,78.0,13.0,21.0,2.8,1.3,25.0,0.19,0.1,3.8,96.1,False,False,False,False,False,False,False,False,False,False,False,False,False,False,False,False,False,False,False,False,False,False,False,False,2009,1,9.8,9.5,31.57,2427,7.073230889886872e-13,2009,False,False
2009,1,Winter,34.65833333333333,135.40916666666666,14.3,301,SIS,7.6,-199.0,63.9,10.2,28.0,2.2,1.3,10.0,0.61,0.0,3.0,97.0,False,False,False,False,False,False,False,False,False,False,False,False,False,False,False,False,False,False,False,False,False,False,False,False,2009,1,7.5,12.3,30.47,272,3.0712552024428725e-06,2009,False,False
2009,1,Winter,34.439722222222215,135.13722222222222,31.2,302,SIS,7.8,-195.0,53.4,7.3,14.0,1.4,0.86,5.0,0.2,0.0,5.9,94.1,False,False,False,False,False,False,False,False,False,False,False,False,False,False,False,False,False,False,False,False,False,False,False,False,2009,1,8.5,13.1,32.55,2744,2.052811989601796e-06,2009,False,False
2009,1,Winter,34.65833333333333,135.26388888888889,16.0,301,SIS,7.59,-139.0,59.525972185719,9.78882325877047,13.510205205951,3.0,0.571122289799234,21.1,1.67117719514738,0.181653042688461,1.96790796245839,97.8504389948531,False,False,False,False,False,False,False,False,False,False,False,False,False,False,False,False,False,False,False,False,False,False,False,False,2009,1,7.9,11.4,32.7,2823,1.0817522709564292e-06,2009,False,False
2009,1,Winter,34.60333333333333,134.61388888888888,38.0,305,SIS,7.69,296.0,48.0010221531017,6.52538987017072,10.0179524568514,2.8,0.415417119740778,10.6,0.307042254388876,1.05059441526127,31.6192056031702,67.3301999815685,False,False,False,False,False,False,False,False,False,False,False,False,False,False,False,False,False,False,False,False,False,False,False,False,2009,1,8.7,10.9,33.2,28143,1.0823854829045792e-06,2009,False,False
2009,1,Winter,34.11277777777778,135.00833333333333,,303,SIS,7.7,177.0,30.0,5.3,6.2,1.14,0.38,7.1,0.005,0.0,33.3,66.7,False,False,False,False,False,False,False,False,False,False,False,False,False,False,False,False,False,False,False,False,False,False,True,False,2009,1,8.2,14.3,33.7,3079,3.0786714110954903e-06,2009,False,False
2009,1,Winter,34.38666666666666,133.24749999999997,,309,SIS,7.7,149.0,42.6,5.1,6.8,0.98,0.41,7.1,0.09,4.8,25.1,70.1,False,False,False,False,False,False,False,False,False,False,False,False,False,False,False,False,False,False,False,False,False,False,False,False,2009,1,9.7,10.6,31.6,34312,0.8064028823361243,2009,False,False
2009,1,Winter,34.333333333333336,132.45583333333332,,312,SIS,7.6,100.0,60.9,10.4,19.0,2.75,0.72,22.1,0.3,0.0,3.0,97.0,False,False,False,False,False,False,False,False,False,False,False,False,False,False,False,False,False,False,False,False,False,False,False,False,2009,1,8.6,12.1,33.4,34396,3.0830756027894546e-06,2009,False,False
2009,1,Winter,34.30305555555555,132.35305555555556,,312,SIS,7.7,-72.0,66.3,10.7,24.6,3.17,0.78,20.0,0.76,0.0,1.7,98.3,False,False,False,False,False,False,False,False,False,False,False,False,False,False,False,False,False,False,False,False,False,False,False,False,2009,1,8.5,12.0,34.0,34411,1.4739665288241262,2009,False,False
2009,1,Winter,,,,312,SIS,7.4,108.0,54.4,9.3,22.0,2.1,0.57,16.3,0.15,0.0,17.0,83.0,False,False,False,False,False,False,False,False,False,False,False,False,False,False,False,False,False,False,False,False,False,False,False,False,2009,1,9.8,10.6,31.67,122,,2009,False,False
2009,1,Winter,,,,315,SIS,7.4,115.0,52.5,9.4,27.6,2.4,0.62,18.9,0.22,0.0,28.0,72.0,False,False,False,False,False,False,False,False,False,False,False,False,False,False,False,False,False,False,False,False,False,False,False,False,2009,1,9.8,10.6,31.67,122,,2009,False,False
2009,1,Winter,,,,316,SIS,7.3,91.0,57.8,9.2,24.6,2.3,0.67,17.1,0.23,0.0,25.0,75.0,False,False,False,False,False,False,False,False,False,False,False,False,False,False,False,False,False,False,False,False,False,False,False,False,2009,1,9.8,10.6,31.67,122,,2009,False,False
2009,1,Winter,34.282222222222224,134.3538888888889,,306,SIS,7.4,26.0,57.9,8.2,12.2,2.12,0.57,15.2,0.14,0.0,0.7,99.3,False,False,False,False,False,False,False,False,False,False,False,False,False,False,False,False,False,False,False,False,False,False,False,False,2009,1,9.3,9.8,33.2,37181,1.0503382490329312e-06,2009,False,False
2009,1,Winter,34.11138888888889,133.6275,,310,SIS,7.4,55.0,29.0,4.5,8.9,1.03,0.39,8.7,0.11,0.0,15.9,84.1,False,False,False,False,False,False,False,False,False,False,False,False,False,False,False,False,False,False,False,False,False,False,False,False,2009,1,9.3,10.5,33.3,37254,1.2354953859983198e-07,2009,False,False
2009,1,Winter,34.05333333333333,133.5,,310,SIS,7.6,-7.0,67.2,8.9,15.2,2.16,0.6,15.5,0.14,0.0,0.0,100.0,False,False,False,False,False,False,False,False,False,False,False,False,False,False,False,False,False,False,False,False,False,False,False,False,2009,1,9.3,10.6,33.54,38274,0.43637760206084014,2009,False,False
2009,1,Winter,34.0,133.17499999999998,,310,SIS,7.6,27.0,44.9,6.4,7.4,1.22,0.52,9.7,0.005,0.0,7.6,92.4,False,False,False,False,False,False,False,False,False,False,False,False,False,False,False,False,False,False,False,False,False,False,True,False,2009,1,8.8,10.3,33.62,38328,0.43645341499088813,2009,False,False
2009,1,Winter,33.635,131.13333333333333,,316,SIS,7.4,27.0,53.8,9.5,18.0,2.33,0.62,22.4,0.91,0.9,13.3,85.8,False,False,False,False,False,False,False,False,False,False,False,False,False,False,False,False,False,False,False,False,False,False,False,False,2009,1,9.7,9.0,33.5,40617,0.4369762901225157,2009,False,False
2009,1,Winter,33.30333333333333,131.61333333333332,,314,SIS,7.7,11.0,61.5,11.5,21.1,2.76,0.67,21.0,0.27,0.0,0.6,99.4,False,False,False,False,False,False,False,False,False,False,False,False,False,False,False,False,False,False,False,False,False,False,False,False,2009,1,8.3,12.6,33.97,44578,9.243698658432523,2009,False,False
2010,2,Winter,35.611666666666665,139.89499999999998,7.0,100,Tokyo,7.5,61.0,54.7,5.7,9.9,1.28,0.65,12.7,0.33,1.0,18.0,81.0,False,False,False,False,False,False,False,False,False,False,False,False,False,False,False,False,False,False,False,False,False,False,False,False,2010,2,9.7,9.4,31.41,1212,3.7064932313149e-07,2010,False,False
2010,2,Winter,35.64722222222222,139.98999999999998,5.0,100,Tokyo,7.4,170.0,39.6,3.9,5.3,0.64,0.71,6.4,0.03,5.0,29.0,66.0,False,False,False,False,False,False,False,False,False,False,False,False,False,False,False,False,False,False,False,False,False,False,False,False,2010,2,9.6,9.4,31.19,122,2.4709907721300975e-07,2010,False,False
2010,2,Winter,35.605000000000004,140.0608333333333,8.0,100,Tokyo,7.4,-8.0,61.2,6.3,14.0,1.45,0.56,14.3,0.24,0.0,8.0,92.0,False,False,False,False,False,False,False,False,False,False,False,False,False,False,False,False,False,False,False,False,False,False,False,False,2010,2,9.0,9.7,31.49,124,3.013564076846484e-06,2010,False,False
2010,2,Winter,35.55444444444444,139.90555555555557,18.0,100,Tokyo,7.5,-170.0,79.2,11.6,38.0,4.03,0.87,31.5,0.95,0.0,1.0,99.0,False,False,False,False,False,False,False,False,False,False,False,False,False,False,False,False,False,False,False,False,False,False,False,False,2010,2,8.7,10.8,32.76,1215,4.050886401350578e-06,2010,False,False
2010,2,Winter,35.54055555555556,140.01916666666668,15.0,100,Tokyo,7.5,-188.0,77.4,10.4,33.0,3.43,0.76,28.3,0.82,0.0,2.0,98.0,False,False,False,False,False,False,False,False,False,False,False,False,False,False,False,False,False,False,False,False,False,False,False,False,2010,2,9.5,9.8,31.99,129,3.0562134915148567e-06,2010,False,False
2010,2,Winter,35.35333333333333,139.80166666666668,13.0,100,Tokyo,7.9,191.0,22.1,2.3,2.4,0.35,0.26,1.6,0.005,18.0,76.0,6.0,False,False,False,False,False,False,False,False,False,False,False,False,False,False,False,False,False,False,False,False,False,False,True,False,2010,2,8.3,11.0,32.79,1235,3.045653748155101e-06,2010,False,False
2010,2,Winter,35.56333333333333,139.8211111111111,16.0,100,Tokyo,7.6,-186.0,68.1,10.0,29.7,3.08,0.89,23.3,2.33,0.5,10.4,89.1,False,False,False,False,False,False,False,False,False,False,False,False,False,False,False,False,False,False,False,False,False,False,False,False,2010,2,8.4,11.5,32.7,1318,1.0712120489505561e-06,2010,False,False
2010,2,Winter,35.4675,139.85277777777776,27.3,100,Tokyo,7.8,-176.0,71.1,12.1,33.8,4.14,0.84,29.8,1.35,0.1,16.7,83.2,False,False,False,False,False,False,False,False,False,False,False,False,False,False,False,False,False,False,False,False,False,False,False,False,2010,2,7.9,12.1,33.3,1326,2.012494465836712e-06,2010,False,False
2010,1,Winter,,,,100,Tokyo,7.7,-80.0,66.2,11.2,39.0,2.94,0.74,28.9,7.16,6.0,25.3,68.7,False,False,False,False,False,False,False,False,False,False,False,False,False,False,False,False,False,False,False,False,False,False,False,False,2010,1,9.6,9.4,31.19,122,,2010,False,False
2010,1,Winter,34.93666666666666,136.80194444444444,8.5,200,Ise,7.76,-140.0,19.3,1.5,1.8,0.18,0.15,1.1,0.015,0.05,93.7,6.3,True,False,False,False,False,False,False,False,False,False,False,False,False,False,False,False,False,False,False,False,False,False,True,False,2010,1,9.2,10.3,31.84,2310,4.068297542329713e-06,2010,False,False
2010,1,Winter,34.723333333333336,137.1186111111111,17.5,200,Ise,7.97,-280.0,55.6,10.4,32.0,2.2,0.69,30.0,0.81,2.8,5.5,91.7,False,False,False,False,False,False,False,False,False,False,False,False,False,False,False,False,False,False,False,False,False,False,False,False,2010,1,10.9,6.7,32.0,2359,1.0810001764324187e-06,2010,False,False
2010,1,Winter,34.75333333333333,137.28861111111112,9.6,200,Ise,7.76,-260.0,45.6,7.8,23.0,1.9,0.29,21.0,0.14,0.05,7.1,92.9,True,False,False,False,False,False,False,False,False,False,False,False,False,False,False,False,False,False,False,False,False,False,False,False,2010,1,11.3,5.4,30.6,2361,1.0806565858142234e-06,2010,False,False
2010,1,Winter,34.98722222222222,136.68027777777775,15.1,200,Ise,7.6,,78.0,9.6,23.0,1.8,0.74,17.0,1.3,0.05,0.7,99.3,True,False,False,False,False,False,False,False,False,False,False,False,False,False,False,False,False,False,False,False,False,False,False,False,2010,1,7.1,11.9,32.4,244,2.0394666780280975e-06,2010,False,False
2010,1,Winter,34.88972222222222,136.66361111111112,14.3,200,Ise,7.9,-358.0,65.0,8.4,13.0,2.0,0.64,17.0,0.21,1.6,3.7,94.7,False,False,False,False,False,False,False,False,False,False,False,False,False,False,False,False,False,False,False,False,False,False,False,False,2010,1,9.1,10.3,31.6,2411,1.0431147913434693e-06,2010,False,False
2010,1,Winter,34.669999999999995,136.5975,25.7,200,Ise,7.4,-382.0,77.0,11.0,22.0,2.8,0.65,22.0,0.18,0.05,0.6,99.4,True,False,False,False,False,False,False,False,False,False,False,False,False,False,False,False,False,False,False,False,False,False,False,False,2010,1,9.5,9.5,31.7,2427,7.073230889886872e-13,2010,False,False
2010,1,Winter,34.65833333333333,135.40916666666666,14.3,301,SIS,7.9,-339.0,67.8,11.3,29.0,2.6,0.55,25.0,0.84,0.0,0.0,100.0,False,False,False,False,False,False,False,False,False,False,False,False,False,False,False,False,False,False,False,False,False,False,False,False,2010,1,9.3,8.8,31.93,272,3.0712552024428725e-06,2010,False,False
2010,1,Winter,34.439722222222215,135.13722222222222,31.3,302,SIS,7.3,-344.0,48.0,6.5,11.0,1.6,0.29,13.0,0.2,0.0,0.0,100.0,False,False,False,False,False,False,False,False,False,False,False,False,False,False,False,False,False,False,False,False,False,False,False,False,2010,1,9.3,9.3,33.15,2744,2.052811989601796e-06,2010,False,False
2010,1,Winter,34.65833333333333,135.26388888888889,16.0,301,SIS,7.55,-92.92,59.46736418563523,12.259298490462948,13.1106384097912,2.8833333333333337,0.6477657664877984,21.88333333333334,0.93,0.1728821931341079,2.247468510743386,97.57964929612253,False,False,False,False,False,False,False,False,False,False,False,False,False,False,False,False,False,False,False,False,False,False,False,False,2010,1,8.9,10.0,31.47,2823,1.0817522709564292e-06,2010,False,False
2010,1,Winter,34.60333333333333,134.61388888888888,38.0,305,SIS,7.35,164.6,46.86777967732682,6.395059100202424,9.47161839569464,1.85,0.5297034103900792,12.816666666666665,0.1,0.1890359168241926,30.25756143667293,69.5,False,False,False,False,False,False,False,False,False,False,False,False,False,False,False,False,False,False,False,False,False,False,False,False,2010,1,8.6,10.1,32.53,28143,1.0823854829045792e-06,2010,False,False
2010,1,Winter,,,,303,SIS,7.6,-85.0,37.3,6.2,11.0,1.01,0.41,13.1,0.01,0.2,33.3,66.5,False,False,False,False,False,False,False,False,False,False,False,False,False,False,False,False,False,False,False,False,False,False,False,False,2010,1,9.6,9.4,31.19,122,,2010,False,False
2010,1,Winter,,,,309,SIS,7.4,-134.0,48.3,6.0,7.3,0.96,0.41,14.0,0.11,5.0,26.0,69.0,False,False,False,False,False,False,False,False,False,False,False,False,False,False,False,False,False,False,False,False,False,False,False,False,2010,1,9.6,9.4,31.19,122,,2010,False,False
2010,1,Winter,,,,312,SIS,7.6,-327.0,65.4,12.2,28.0,2.94,0.67,26.8,3.11,0.7,10.6,88.7,False,False,False,False,False,False,False,False,False,False,False,False,False,False,False,False,False,False,False,False,False,False,False,False,2010,1,9.6,9.4,31.19,122,,2010,False,False
2010,1,Winter,,,,312,SIS,7.7,-112.0,56.3,11.2,23.0,2.3,0.59,24.9,7.73,0.0,0.9000000000000057,99.1,False,False,False,False,False,False,False,False,False,False,False,False,False,False,False,False,False,False,False,False,False,False,False,False,2010,1,9.6,9.4,31.19,122,,2010,False,False
2010,1,Winter,33.99666666666667,132.29222222222222,17.7,312,SIS,7.6,-18.0,53.0,9.4,11.0,1.9,0.51,16.0,0.24,0.0,26.0,74.0,False,False,False,False,False,False,False,False,False,False,False,False,False,False,False,False,False,False,False,False,False,False,False,False,2010,1,9.8,11.5,33.3,35426,2.0818909855812816e-06,2010,False,False
2010,1,Winter,34.03805555555555,131.70083333333332,12.5,315,SIS,7.8,98.0,55.0,9.8,12.0,2.3,0.55,20.0,0.27,0.0,29.0,71.0,False,False,False,False,False,False,False,False,False,False,False,False,False,False,False,False,False,False,False,False,False,False,False,False,2010,1,10.0,10.0,33.39,35550,3.1109519614069765e-06,2010,False,False
2010,1,Winter,33.78333333333333,131.3252777777778,25.6,316,SIS,7.6,62.0,56.0,8.5,10.0,2.0,0.53,15.0,0.25,0.0,22.0,78.0,False,False,False,False,False,False,False,False,False,False,False,False,False,False,False,False,False,False,False,False,False,False,False,False,2010,1,9.8,8.9,33.45,35598,2.0869368062898815e-06,2010,False,False
2010,1,Winter,,,,306,SIS,7.5,-100.0,59.4,10.2,17.0,2.19,0.6,19.4,2.78,0.0,3.8,96.2,False,False,False,False,False,False,False,False,False,False,False,False,False,False,False,False,False,False,False,False,False,False,False,False,2010,1,9.6,9.4,31.19,122,,2010,False,False
2010,1,Winter,,,,310,SIS,7.4,-112.0,34.5,4.8,9.6,0.92,0.38,10.1,1.67,0.0,36.5,63.5,False,False,False,False,False,False,False,False,False,False,False,False,False,False,False,False,False,False,False,False,False,False,False,False,2010,1,9.6,9.4,31.19,122,,2010,False,False
2010,1,Winter,,,,310,SIS,7.6,-31.0,63.3,9.9,14.0,1.94,0.61,17.7,1.09,0.0,1.0,99.0,False,False,False,False,False,False,False,False,False,False,False,False,False,False,False,False,False,False,False,False,False,False,False,False,2010,1,9.6,9.4,31.19,122,,2010,False,False
2010,1,Winter,,,,310,SIS,7.7,-83.0,47.9,7.2,11.0,1.28,0.58,15.0,2.59,0.2,10.6,89.2,False,False,False,False,False,False,False,False,False,False,False,False,False,False,False,False,False,False,False,False,False,False,False,False,2010,1,9.6,9.4,31.19,122,,2010,False,False
2010,1,Winter,,,,316,SIS,7.7,-150.0,59.3,12.5,35.0,2.46,0.62,29.0,1.38,6.8,0.7,92.5,False,False,False,False,False,False,False,False,False,False,False,False,False,False,False,False,False,False,False,False,False,False,False,False,2010,1,9.6,9.4,31.19,122,,2010,False,False
2010,1,Winter,,,,314,SIS,7.7,-43.0,66.6,12.4,28.0,2.49,0.66,25.3,3.33,0.4,11.0,88.6,False,False,False,False,False,False,False,False,False,False,False,False,False,False,False,False,False,False,False,False,False,False,False,False,2010,1,9.6,9.4,31.19,122,,2010,False,False
2011,2,Winter,35.611666666666665,139.89499999999998,7.3,100,Tokyo,7.8,-95.0,44.7,6.0,7.9,1.35,0.68,14.8,0.39,3.2,65.0,31.8,False,False,False,False,False,False,False,False,False,False,False,False,False,False,False,False,False,False,False,False,False,False,False,False,2011,2,9.3,10.2,31.0,1212,3.7064932313149e-07,2011,False,False
2011,2,Winter,35.64722222222222,139.98999999999998,5.3,100,Tokyo,7.9,141.0,26.5,2.4,3.3,0.5,0.38,3.0,0.1,0.9,88.6,10.5,False,False,False,False,False,False,False,False,False,False,False,False,False,False,False,False,False,False,False,False,False,False,False,False,2011,2,9.3,9.1,31.1,122,2.4709907721300975e-07,2011,False,False
2011,2,Winter,35.605000000000004,140.0608333333333,8.4,100,Tokyo,7.9,-76.0,74.4,13.5,22.0,3.05,1.04,18.9,0.29,0.05,53.0,47.0,True,False,False,False,False,False,False,False,False,False,False,False,False,False,False,False,False,False,False,False,False,False,False,False,2011,2,8.5,9.4,31.5,124,3.013564076846484e-06,2011,False,False
2011,2,Winter,35.55444444444444,139.90555555555557,17.8,100,Tokyo,7.8,-125.0,75.8,11.6,28.0,4.52,0.98,34.4,1.08,0.05,43.5,56.5,True,False,False,False,False,False,False,False,False,False,False,False,False,False,False,False,False,False,False,False,False,False,False,False,2011,2,7.1,10.8,32.56,1215,4.050886401350578e-06,2011,False,False
2011,2,Winter,35.54055555555556,140.01916666666668,15.8,100,Tokyo,7.8,-105.0,76.7,12.1,30.0,4.43,1.01,30.9,0.57,0.05,38.8,61.2,True,False,False,False,False,False,False,False,False,False,False,False,False,False,False,False,False,False,False,False,False,False,False,False,2011,2,10.0,10.0,31.4,129,3.0562134915148567e-06,2011,False,False
2011,2,Winter,35.35333333333333,139.80166666666668,14.4,100,Tokyo,7.8,0.0,31.6,4.2,5.6,0.84,0.41,6.3,0.12,0.05,88.1,11.9,True,False,False,False,False,False,False,False,False,False,False,False,False,False,False,False,False,False,False,False,False,False,False,False,2011,2,8.8,10.2,32.0,1235,3.045653748155101e-06,2011,False,False
2011,2,Winter,35.559999999999995,139.8211111111111,16.0,100,Tokyo,7.7,-209.0,65.4,10.6,33.3,2.99,0.85,21.9,2.48,0.05,6.4,93.6,True,False,False,False,False,False,False,False,False,False,False,False,False,False,False,False,False,False,False,False,False,False,False,False,2011,2,7.5,11.5,32.8,1318,0.3706493848336432,2011,False,False
2011,2,Winter,35.4675,139.85277777777776,27.4,100,Tokyo,7.6,-76.0,63.0,11.8,27.9,3.76,0.75,26.4,0.81,0.05,7.6,92.4,True,False,False,False,False,False,False,False,False,False,False,False,False,False,False,False,False,False,False,False,False,False,False,False,2011,2,10.4,11.4,33.1,1326,2.012494465836712e-06,2011,False,False
2011,1,Winter,34.93666666666666,136.80194444444444,8.1,200,Ise,8.1,200.0,27.1,3.7,5.8,0.29,0.38,19.0,0.02,0.5,83.1,16.5,False,False,False,False,False,False,False,False,False,False,False,False,False,False,False,False,False,False,False,False,False,False,False,False,2011,1,9.3,9.3,31.26,2310,4.068297542329713e-06,2011,False,False
2011,1,Winter,34.723333333333336,137.1186111111111,16.2,200,Ise,8.1,-220.0,57.2,11.8,31.0,2.6,0.72,37.0,0.69,1.7,9.1,89.2,False,False,False,False,False,False,False,False,False,False,False,False,False,False,False,False,False,False,False,False,False,False,False,False,2011,1,11.3,6.6,31.99,2359,1.0810001764324187e-06,2011,False,False
2011,1,Winter,34.75333333333333,137.28861111111112,8.4,200,Ise,7.9,-200.0,48.8,9.0,23.0,1.8,0.5,28.0,0.17,0.05,5.0,95.0,True,False,False,False,False,False,False,False,False,False,False,False,False,False,False,False,False,False,False,False,False,False,False,False,2011,1,10.3,4.4,30.15,2361,1.0806565858142234e-06,2011,False,False
2011,1,Winter,34.98722222222222,136.68027777777775,12.4,200,Ise,7.8,-372.0,71.0,8.6,12.0,1.8,0.65,15.0,0.37,0.2,1.2,98.7,False,False,False,False,False,False,False,False,False,False,False,False,False,False,False,False,False,False,False,False,False,False,False,False,2011,1,8.3,7.5,31.9,244,2.0394666780280975e-06,2011,False,False
2011,1,Winter,34.88972222222222,136.66361111111112,13.1,200,Ise,7.8,-330.0,68.0,9.0,11.0,2.0,0.62,14.0,0.23,7.6,9.7,82.7,False,False,False,False,False,False,False,False,False,False,False,False,False,False,False,False,False,False,False,False,False,False,False,False,2011,1,8.8,7.6,31.6,2411,1.0431147913434693e-06,2011,False,False
2011,1,Winter,34.669999999999995,136.5975,23.8,200,Ise,7.4,-359.0,82.0,12.0,22.0,3.3,0.63,23.0,0.24,0.2,0.4,99.4,False,False,False,False,False,False,False,False,False,False,False,False,False,False,False,False,False,False,False,False,False,False,False,False,2011,1,9.0,8.3,31.5,2427,7.073230889886872e-13,2011,False,False
2011,1,Winter,34.65833333333333,135.40916666666666,15.3,301,SIS,7.8,-346.0,72.0,9.0,32.0,1.8,0.49,18.0,0.33,0.05,3.0,97.0,True,False,False,False,False,False,False,False,False,False,False,False,False,False,False,False,False,False,False,False,False,False,False,False,2011,1,9.2,10.4,31.5,272,3.0712552024428725e-06,2011,False,False
2011,1,Winter,34.439722222222215,135.13722222222222,31.7,302,SIS,7.7,-323.0,58.3,6.4,20.0,1.0,0.37,11.0,0.12,0.4,17.4,82.2,False,False,False,False,False,False,False,False,False,False,False,False,False,False,False,False,False,False,False,False,False,False,False,False,2011,1,9.0,10.9,32.5,2744,2.052811989601796e-06,2011,False,False
2011,1,Winter,34.65833333333333,135.26388888888889,16.0,301,SIS,7.8,,63.7,10.3,17.8,2.7,0.92,18.3,1.15,0.05,1.4,98.6,True,False,False,False,False,False,False,False,False,False,False,False,False,False,False,False,False,False,False,False,False,False,False,False,2011,1,9.0,10.1,32.2,2823,1.0817522709564292e-06,2011,False,False
2011,1,Winter,34.60333333333333,134.61388888888888,38.0,305,SIS,7.7,,58.6,9.5,12.5,1.6,0.6,11.1,0.1,0.3,28.7,71.0,False,False,False,False,False,False,False,False,False,False,False,False,False,False,False,False,False,False,False,False,False,False,False,False,2011,1,8.3,10.9,32.56,28143,1.0823854829045792e-06,2011,False,False
2011,1,Winter,34.11277777777778,135.00833333333333,,303,SIS,7.7,214.0,43.3,6.0,6.6,1.04,0.39,7.8,0.01,0.4,27.7,71.9,False,False,False,False,False,False,False,False,False,False,False,False,False,False,False,False,False,False,False,False,False,False,False,False,2011,1,8.4,13.1,33.83,3079,3.0786714110954903e-06,2011,False,False
2011,1,Winter,34.38666666666666,133.24749999999997,,309,SIS,7.9,143.0,47.4,6.8,6.8,0.74,0.35,6.5,0.07,1.3,23.6,75.1,False,False,False,False,False,False,False,False,False,False,False,False,False,False,False,False,False,False,False,False,False,False,False,False,2011,1,8.5,10.5,33.38,34312,0.8064028823361243,2011,False,False
2011,1,Winter,34.333333333333336,132.45583333333332,,312,SIS,7.8,163.0,67.2,11.1,18.5,2.03,0.56,19.4,0.19,0.3,9.8,89.9,False,False,False,False,False,False,False,False,False,False,False,False,False,False,False,False,False,False,False,False,False,False,False,False,2011,1,8.2,11.0,33.65,34396,3.0830756027894546e-06,2011,False,False
2011,1,Winter,34.30305555555555,132.35305555555556,,312,SIS,7.7,-204.0,67.5,11.3,17.0,2.61,0.57,21.3,0.4,0.1,0.9,99.0,False,False,False,False,False,False,False,False,False,False,False,False,False,False,False,False,False,False,False,False,False,False,False,False,2011,1,8.4,12.2,33.09,34411,1.4739665288241262,2011,False,False
2011,1,Winter,33.99666666666667,132.29222222222222,19.3,312,SIS,7.4,-59.0,52.2,12.0,10.3,1.96,0.42,17.3,0.27,0.05,25.7,74.3,True,False,False,False,False,False,False,False,False,False,False,False,False,False,False,False,False,False,False,False,False,False,False,False,2011,1,10.0,10.51,33.3,35426,2.0818909855812816e-06,2011,False,False
2011,1,Winter,34.03805555555555,131.70083333333332,12.5,315,SIS,7.3,132.0,52.5,10.5,11.5,2.0,0.48,18.6,0.36,0.05,29.4,70.6,True,False,False,False,False,False,False,False,False,False,False,False,False,False,False,False,False,False,False,False,False,False,False,False,2011,1,10.0,10.26,33.1,35550,3.1109519614069765e-06,2011,False,False
2011,1,Winter,33.78333333333333,131.3252777777778,24.5,316,SIS,7.2,53.0,52.3,9.0,11.1,1.74,0.43,15.4,0.4,0.05,29.5,70.5,True,False,False,False,False,False,False,False,False,False,False,False,False,False,False,False,False,False,False,False,False,False,False,False,2011,1,10.0,9.66,33.1,35598,2.0869368062898815e-06,2011,False,False
2011,1,Winter,34.282222222222224,134.3538888888889,,306,SIS,7.5,75.0,68.3,9.3,20.3,2.07,0.55,16.3,0.17,0.05,0.6,99.4,True,False,False,False,False,False,False,False,False,False,False,False,False,False,False,False,False,False,False,False,False,False,False,False,2011,1,9.7,8.4,32.86,37181,1.0503382490329312e-06,2011,False,False
2011,2,Winter,34.11138888888889,133.6275,,310,SIS,7.5,153.0,36.9,3.8,6.6,0.74,0.31,6.8,0.43,0.2,54.0,45.8,False,False,False,False,False,False,False,False,False,False,False,False,False,False,False,False,False,False,False,False,False,False,False,False,2011,2,9.8,9.1,33.06,37254,1.2354953859983198e-07,2011,False,False
2011,1,Winter,34.05333333333333,133.5,,310,SIS,7.5,-172.0,71.5,10.7,15.9,1.98,0.51,16.2,0.15,0.05,0.1,99.9,True,False,False,False,False,False,False,False,False,False,False,False,False,False,False,False,False,False,False,False,False,False,False,False,2011,1,9.5,9.0,33.107,38274,0.43637760206084014,2011,False,False
2011,1,Winter,34.0,133.17499999999998,,310,SIS,7.5,-106.0,53.0,7.4,9.8,1.26,0.49,10.2,0.1,0.05,7.4,92.6,True,False,False,False,False,False,False,False,False,False,False,False,False,False,False,False,False,False,False,False,False,False,False,False,2011,1,8.7,6.7,33.522,38328,0.43645341499088813,2011,False,False
2011,1,Winter,33.635,131.13333333333333,,316,SIS,7.7,-26.0,69.8,12.3,21.6,2.26,0.56,23.4,0.8,0.9,19.0,80.1,False,False,False,False,False,False,False,False,False,False,False,False,False,False,False,False,False,False,False,False,False,False,False,False,2011,1,10.15,7.3,32.33,40617,0.4369762901225157,2011,False,False
2011,1,Winter,33.086666666666666,130.3477777777778,5.1,400,SIS,7.4,-164.0,,7.4,7.6,1.43,0.8,,0.18,0.05,6.9,93.1,True,False,False,False,False,False,False,False,False,False,False,False,False,False,False,False,False,False,False,False,False,False,False,False,2011,1,10.15,7.3,32.33,40617,95.1390112217963,2011,True,False
2011,1,Winter,32.99166666666667,130.34944444444446,6.9,400,SIS,7.7,-43.0,,3.5,3.3,0.38,0.32,,0.03,0.05,85.8,14.2,True,False,False,False,False,False,False,False,False,False,False,False,False,False,False,False,False,False,False,False,False,False,False,False,2011,1,10.15,7.3,32.33,40617,102.18722696229352,2011,True,False
2011,1,Winter,33.09055555555556,130.15444444444444,3.0,400,SIS,7.71,-24.0,,8.8,9.8,2.36,0.73,,0.2,0.05,2.4,97.6,True,False,False,False,False,False,False,False,False,False,False,False,False,False,False,False,False,False,False,False,False,False,False,False,2011,1,10.15,7.3,32.33,40617,109.23363830423409,2011,True,False
2011,1,Winter,32.81638888888889,130.5011111111111,12.2,400,SIS,7.8,-65.0,,7.3,6.3,1.3,0.73,,0.12,0.05,31.3,68.7,True,False,False,False,False,False,False,False,False,False,False,False,False,False,False,False,False,False,False,False,False,False,False,False,2011,1,7.5,11.7,33.91,44578,107.90840973096009,2011,True,False
2011,1,Winter,33.12,130.23111111111112,4.8,400,SIS,7.65,-51.0,,8.9,14.5,2.12,0.79,,0.2,0.05,0.7,99.3,True,False,False,False,False,False,False,False,False,False,False,False,False,False,False,False,False,False,False,False,False,False,False,False,2011,1,10.15,7.3,32.33,40617,101.49396129962071,2011,True,False
2011,1,Winter,32.74333333333333,130.56166666666667,6.9,400,SIS,7.68,-56.0,,3.8,4.7,0.71,0.45,,0.04,0.05,64.0,36.0,True,False,False,False,False,False,False,False,False,False,False,False,False,False,False,False,False,False,False,False,False,False,False,False,2011,1,7.5,11.7,33.91,44578,107.32593283852944,2011,True,False
2011,1,Winter,33.044999999999995,130.23777777777775,15.4,400,SIS,7.71,-44.0,,8.6,10.6,1.56,1.2,,0.11,0.05,13.0,87.0,True,False,False,False,False,False,False,False,False,False,False,False,False,False,False,False,False,False,False,False,False,False,False,False,2011,1,10.15,7.3,32.33,40617,105.99411125332082,2011,True,False
2011,1,Winter,32.74805555555556,130.45916666666665,51.0,400,SIS,7.76,-63.0,,6.5,4.8,1.01,0.55,,0.1,0.05,64.6,35.4,True,False,False,False,False,False,False,False,False,False,False,False,False,False,False,False,False,False,False,False,False,False,False,False,2011,1,7.5,11.7,33.91,44578,115.11170319358291,2011,True,False
2011,1,Winter,32.623333333333335,130.3763888888889,53.4,400,SIS,7.88,265.0,,3.5,1.5,0.54,0.79,,0.01,18.7,79.3,2.0,False,False,False,False,False,False,False,False,False,False,False,False,False,False,False,False,False,False,False,False,False,False,False,False,2011,1,7.5,11.7,33.91,44578,129.17346007870205,2011,True,False
2011,1,Winter,32.93666666666666,130.33333333333334,22.6,400,SIS,8.0,-161.0,,2.4,2.7,0.58,0.48,,0.03,12.3,78.3,9.4,False,False,False,False,False,False,False,False,False,False,False,False,False,False,False,False,False,False,False,False,False,False,False,False,2011,1,10.15,7.3,32.33,40617,107.62071483510371,2011,True,False
2011,1,Winter,32.89666666666667,130.20777777777778,8.2,400,SIS,7.8,,,7.7,8.2,1.91,0.68,,0.27,0.05,16.2,83.8,True,False,False,False,False,False,False,False,False,False,False,False,False,False,False,False,False,False,False,False,False,False,False,False,2011,1,10.15,7.3,32.33,40617,119.01997409460549,2011,True,False
2011,1,Winter,32.81333333333333,130.39777777777778,43.4,400,SIS,7.8,189.0,,1.4,1.1,0.23,0.36,,0.005,2.4,94.7,2.9,False,False,False,False,False,False,False,False,False,False,False,False,False,False,False,False,False,False,False,False,False,False,True,False,2011,1,10.15,7.3,32.33,40617,114.30057398616711,2011,True,False
2011,1,Winter,33.30333333333333,131.61333333333332,62.0,314,SIS,7.6,-123.0,75.7,14.0,26.2,2.57,0.66,23.7,0.3,0.05,0.2,99.8,True,False,False,False,False,False,False,False,False,False,False,False,False,False,False,False,False,False,False,False,False,False,False,False,2011,1,7.5,11.7,33.91,44578,9.243698658432523,2011,False,False
2011,1,Winter,32.24027777777778,130.2313888888889,41.3,500,SIS,7.45,5.1,,9.9,2.8,0.99,0.47,,0.005,0.05,94.7,5.3,True,False,False,False,False,False,False,False,False,False,False,False,False,False,False,False,False,False,False,False,False,False,True,False,2011,1,7.5,11.7,33.91,44578,166.90264830916988,2011,True,False
2011,1,Winter,32.19083333333333,130.2713888888889,38.6,500,SIS,8.1,-52.2,,8.0,9.5,1.7,0.38,,0.005,0.6,49.7,49.7,False,False,False,False,False,False,False,False,False,False,False,False,False,False,False,False,False,False,False,False,False,False,True,False,2011,1,7.5,11.7,33.91,44578,168.1702387314479,2011,True,False
2011,1,Winter,32.13,130.30472222222224,15.9,500,SIS,8.05,-29.6,,5.5,8.8,0.87,0.33,,0.01,0.6,33.4,66.0,False,False,False,False,False,False,False,False,False,False,False,False,False,False,False,False,False,False,False,False,False,False,False,False,2011,1,7.5,11.7,33.91,44578,171.05204477934865,2011,True,False
2012,2,Winter,35.611666666666665,139.89499999999998,7.6,100,Tokyo,7.8,-130.0,45.0,6.3,7.3,1.5,0.63,1.5,0.32,0.05,15.5,84.5,True,False,False,False,False,False,False,False,False,False,False,False,False,False,False,False,False,False,False,False,False,False,False,False,2012,2,9.3,7.6,31.69,1212,3.7064932313149e-07,2012,False,False
2012,2,Winter,35.64722222222222,139.98999999999998,6.4,100,Tokyo,7.8,200.0,24.6,2.0,2.6,0.33,0.3,0.3,0.09,0.7,84.2,15.1,False,False,False,False,False,False,False,False,False,False,False,False,False,False,False,False,False,False,False,False,False,False,False,False,2012,2,9.9,7.1,31.66,122,2.4709907721300975e-07,2012,False,False
2012,2,Winter,35.605000000000004,140.0608333333333,9.3,100,Tokyo,7.7,-88.0,50.6,6.6,5.6,1.6,0.43,1.4,0.47,0.3,7.9,91.8,False,False,False,False,False,False,False,False,False,False,False,False,False,False,False,False,False,False,False,False,False,False,False,False,2012,2,9.0,7.6,31.86,124,3.013564076846484e-06,2012,False,False
2012,2,Winter,35.55444444444444,139.90555555555557,18.0,100,Tokyo,7.6,-74.0,69.0,12.6,14.0,3.7,0.63,3.3,0.71,0.05,1.3,98.7,True,False,False,False,False,False,False,False,False,False,False,False,False,False,False,False,False,False,False,False,False,False,False,False,2012,2,9.0,7.9,32.08,1215,4.050886401350578e-06,2012,False,False
2012,2,Winter,35.54055555555556,140.01916666666668,15.5,100,Tokyo,7.9,-120.0,70.4,13.0,20.0,4.0,0.74,3.4,0.57,0.05,1.3,98.7,True,False,False,False,False,False,False,False,False,False,False,False,False,False,False,False,False,False,False,False,False,False,False,False,2012,2,8.8,7.9,31.91,129,3.0562134915148567e-06,2012,False,False
2012,2,Winter,35.35333333333333,139.80166666666668,13.8,100,Tokyo,7.9,-17.0,28.3,4.3,3.5,0.64,0.34,0.6,0.12,10.4,64.7,24.9,False,False,False,False,False,False,False,False,False,False,False,False,False,False,False,False,False,False,False,False,False,False,False,False,2012,2,8.5,9.6,32.44,1235,3.045653748155101e-06,2012,False,False
2012,2,Winter,35.559999999999995,139.8211111111111,16.2,100,Tokyo,7.9,-175.0,73.9,9.9,28.5,3.26,0.85,22.8,1.67,0.05,1.1,98.9,True,False,False,False,False,False,False,False,False,False,False,False,False,False,False,False,False,False,False,False,False,False,False,False,2012,2,7.7,9.8,32.5,1318,0.3706493848336432,2012,False,False
2012,2,Winter,35.4675,139.85277777777776,28.0,100,Tokyo,7.8,-90.0,75.8,11.4,29.5,3.89,0.82,28.3,0.74,0.05,1.1,91.9,True,False,False,False,False,False,False,False,False,False,False,False,False,False,False,False,False,False,False,False,False,False,False,False,2012,2,8.1,10.3,32.8,1326,2.012494465836712e-06,2012,False,False
2012,1,Winter,34.93666666666666,136.80194444444444,9.4,200,Ise,7.96,-50.0,21.0,3.7,3.6,0.3,0.23,5.0,0.01,1.8,94.3,3.9,False,False,False,False,False,False,False,False,False,False,False,False,False,False,False,False,False,False,False,False,False,False,False,False,2012,1,9.4,10.0,32.34,2310,4.068297542329713e-06,2012,False,False
2012,1,Winter,34.723333333333336,137.1186111111111,17.2,200,Ise,8.19,-260.0,58.3,10.1,34.0,3.0,0.66,31.0,0.62,2.7,44.2,53.1,False,False,False,False,False,False,False,False,False,False,False,False,False,False,False,False,False,False,False,False,False,False,False,False,2012,1,10.5,7.6,32.38,2359,1.0810001764324187e-06,2012,False,False
2012,1,Winter,34.75333333333333,137.28861111111112,9.9,200,Ise,7.93,-220.0,48.4,7.8,20.0,1.4,0.48,25.0,0.12,0.8,18.2,81.0,False,False,False,False,False,False,False,False,False,False,False,False,False,False,False,False,False,False,False,False,False,False,False,False,2012,1,11.2,5.9,31.24,2361,1.0806565858142234e-06,2012,False,False
2012,1,Winter,34.98722222222222,136.68027777777775,13.1,200,Ise,7.6,-360.0,64.0,11.0,9.1,1.5,0.58,10.0,0.27,0.5,1.5,98.0,False,False,False,False,False,False,False,False,False,False,False,False,False,False,False,False,False,False,False,False,False,False,False,False,2012,1,8.7,10.8,31.6,244,2.0394666780280975e-06,2012,False,False
2012,1,Winter,34.88972222222222,136.66361111111112,14.5,200,Ise,7.8,-290.0,69.0,10.0,14.0,2.4,0.67,13.0,0.33,0.7,3.9,95.3,False,False,False,False,False,False,False,False,False,False,False,False,False,False,False,False,False,False,False,False,False,False,False,False,2012,1,9.4,9.5,30.9,2411,1.0431147913434693e-06,2012,False,False
2012,1,Winter,34.669999999999995,136.5975,24.5,200,Ise,7.3,-390.0,80.0,12.0,20.0,3.7,0.6,21.0,0.34,0.1,0.6,99.4,False,False,False,False,False,False,False,False,False,False,False,False,False,False,False,False,False,False,False,False,False,False,False,False,2012,1,9.5,10.0,31.6,2427,7.073230889886872e-13,2012,False,False
2012,1,Winter,34.65833333333333,135.40916666666666,14.7,301,SIS,8.0,,76.7,10.0,43.0,2.9,0.81,23.0,0.88,0.1,2.0,97.9,False,False,False,False,False,False,False,False,False,False,False,False,False,False,False,False,False,False,False,False,False,False,False,False,2012,1,7.9,12.0,30.99,272,3.0712552024428725e-06,2012,False,False
2012,1,Winter,34.439722222222215,135.13722222222222,32.0,302,SIS,7.9,-378.0,56.5,5.5,17.0,1.4,0.47,8.8,0.18,1.9,33.5,64.6,False,False,False,False,False,False,False,False,False,False,False,False,False,False,False,False,False,False,False,False,False,False,False,False,2012,1,8.8,12.2,32.15,2744,2.052811989601796e-06,2012,False,False
2012,1,Winter,34.65833333333333,135.26388888888889,17.0,301,SIS,7.5,,58.6,9.9,26.7,2.63,0.58,22.4,0.6,0.05,1.8,98.2,True,False,False,False,False,False,False,False,False,False,False,False,False,False,False,False,False,False,False,False,False,False,False,False,2012,1,8.9,11.9,31.57,2823,1.0817522709564292e-06,2012,False,False
2012,1,Winter,34.60333333333333,134.61388888888888,39.0,305,SIS,8.09,-40.0,46.4,6.8,14.2,1.53,0.37,12.8,0.01,0.5,37.9,61.3,False,False,False,False,False,False,False,False,False,False,False,False,False,False,False,False,False,False,False,False,False,False,False,False,2012,1,9.3,12.2,31.58,28143,1.0823854829045792e-06,2012,False,False
2012,1,Winter,34.11277777777778,135.00833333333333,,303,SIS,7.5,196.0,46.6,5.9,7.2,1.09,0.4,8.12,0.03,0.05,36.9,63.1,True,False,False,False,False,False,False,False,False,False,False,False,False,False,False,False,False,False,False,False,False,False,False,False,2012,1,8.7,14.0,33.54,3079,3.0786714110954903e-06,2012,False,False
2012,1,Winter,34.38666666666666,133.24749999999997,,309,SIS,7.6,131.0,45.8,6.0,9.0,0.78,0.37,6.98,0.09,2.2,35.2,62.6,False,False,False,False,False,False,False,False,False,False,False,False,False,False,False,False,False,False,False,False,False,False,False,False,2012,1,9.0,11.1,32.86,34312,0.8064028823361243,2012,False,False
2012,1,Winter,34.333333333333336,132.45583333333332,,312,SIS,7.8,-68.0,69.3,11.4,18.6,2.44,0.6,22.91,0.27,1.6,3.0,95.4,False,False,False,False,False,False,False,False,False,False,False,False,False,False,False,False,False,False,False,False,False,False,False,False,2012,1,8.5,11.2,33.8,34396,3.0830756027894546e-06,2012,False,False
2012,1,Winter,34.30305555555555,132.35305555555556,,312,SIS,8.0,-163.0,77.7,11.7,22.5,2.84,0.67,21.91,0.48,0.05,0.7,99.3,True,False,False,False,False,False,False,False,False,False,False,False,False,False,False,False,False,False,False,False,False,False,False,False,2012,1,8.9,11.9,34.29,34411,1.4739665288241262,2012,False,False
2012,1,Winter,33.99666666666667,132.29222222222222,19.6,312,SIS,7.7,-63.0,57.3,9.9,16.4,2.46,0.4,17.1,0.21,0.05,23.0,77.0,True,False,False,False,False,False,False,False,False,False,False,False,False,False,False,False,False,False,False,False,False,False,False,False,2012,1,9.5,11.99,32.93,35426,2.0818909855812816e-06,2012,False,False
2012,1,Winter,34.03805555555555,131.70083333333332,13.0,315,SIS,7.7,-69.0,53.6,9.7,16.1,2.56,0.42,18.8,0.48,0.05,29.2,70.8,True,False,False,False,False,False,False,False,False,False,False,False,False,False,False,False,False,False,False,False,False,False,False,False,2012,1,9.9,11.07,32.99,35550,3.1109519614069765e-06,2012,False,False
2012,1,Winter,33.78333333333333,131.3252777777778,26.5,316,SIS,7.3,-44.0,51.9,7.4,13.5,2.15,0.45,14.3,0.33,0.05,40.4,59.6,True,False,False,False,False,False,False,False,False,False,False,False,False,False,False,False,False,False,False,False,False,False,False,False,2012,1,9.9,10.53,32.98,35598,2.0869368062898815e-06,2012,False,False
2012,1,Winter,34.282222222222224,134.3538888888889,,306,SIS,7.6,191.0,66.1,8.5,15.6,2.0,0.57,15.29,0.15,0.05,1.9,98.1,True,False,False,False,False,False,False,False,False,False,False,False,False,False,False,False,False,False,False,False,False,False,False,False,2012,1,9.9,9.1,31.17,37181,1.0503382490329312e-06,2012,False,False
2012,1,Winter,34.11138888888889,133.6275,,310,SIS,7.5,140.0,39.8,4.2,10.1,0.99,0.37,9.36,0.02,1.2,38.6,60.2,False,False,False,False,False,False,False,False,False,False,False,False,False,False,False,False,False,False,False,False,False,False,False,False,2012,1,9.7,7.7,31.87,37254,1.2354953859983198e-07,2012,False,False
2012,1,Winter,34.05333333333333,133.5,,310,SIS,7.4,,71.4,8.8,19.4,1.95,0.55,15.52,0.2,0.05,0.1,99.9,True,False,False,False,False,False,False,False,False,False,False,False,False,False,False,False,False,False,False,False,False,False,False,False,2012,1,9.5,10.0,32.218,38274,0.43637760206084014,2012,False,False
2012,1,Winter,34.0,133.17499999999998,,310,SIS,7.6,226.0,56.8,6.8,11.6,1.28,0.51,10.07,0.11,0.05,14.6,85.4,True,False,False,False,False,False,False,False,False,False,False,False,False,False,False,False,False,False,False,False,False,False,False,False,2012,1,8.9,10.8,32.689,38328,0.43645341499088813,2012,False,False
2012,1,Winter,33.635,131.13333333333333,,316,SIS,7.6,110.0,64.5,9.9,13.5,1.85,0.49,18.74,0.48,0.05,16.2,83.8,True,False,False,False,False,False,False,False,False,False,False,False,False,False,False,False,False,False,False,False,False,False,False,False,2012,1,9.42,8.21,32.2,40617,0.4369762901225157,2012,False,False
2012,2,Winter,32.611666666666665,130.58972222222224,,500,SIS,7.5,-136.0,,7.8,10.0,1.7,0.31,,0.16,0.05,1.3,98.7,True,False,False,False,False,False,False,False,False,False,False,False,False,False,False,False,False,False,False,False,False,False,False,False,2012,2,8.5,10.8,33.1,44578,114.17457574625537,2012,True,False
2012,2,Winter,32.575,130.54611111111112,,500,SIS,7.6,-223.0,,8.8,11.3,2.04,0.1,,0.06,0.05,0.6,99.4,True,False,False,False,False,False,False,False,False,False,False,False,False,False,False,False,False,False,False,False,False,False,False,False,2012,2,8.5,10.8,33.1,44578,119.93324133027195,2012,True,False
2012,2,Winter,32.50333333333333,130.52,,500,SIS,7.5,-175.0,,6.4,10.6,1.29,0.14,,0.01,0.05,20.3,79.7,True,False,False,False,False,False,False,False,False,False,False,False,False,False,False,False,False,False,False,False,False,False,False,False,2012,2,8.5,10.8,33.1,44578,127.09697144420366,2012,True,False
2012,2,Winter,32.41166666666666,130.46194444444444,,500,SIS,7.6,-373.0,,8.7,10.4,1.92,0.18,,0.25,0.05,1.5,98.5,True,False,False,False,False,False,False,False,False,False,False,False,False,False,False,False,False,False,False,False,False,False,False,False,2012,2,8.5,10.8,33.1,44578,138.0927301285739,2012,True,False
2012,2,Winter,32.29,130.39027777777778,,500,SIS,7.5,-70.0,,10.4,8.7,1.83,0.17,,0.16,0.05,23.5,76.5,True,False,False,False,False,False,False,False,False,False,False,False,False,False,False,False,False,False,False,False,False,False,False,False,2012,2,8.5,10.8,33.1,44578,152.47498872883105,2012,True,False
2012,2,Winter,32.37583333333333,130.2827777777778,,500,SIS,7.6,-41.0,,8.1,6.2,1.5,0.2,,0.05,0.1,37.3,62.6,False,False,False,False,False,False,False,False,False,False,False,False,False,False,False,False,False,False,False,False,False,False,False,False,2012,2,8.5,10.8,33.1,44578,153.10784526113198,2012,True,False
2012,2,Winter,32.293055555555554,130.1638888888889,,500,SIS,8.0,114.0,,3.8,1.1,0.4,0.08,,0.005,0.2,94.3,5.5,False,False,False,False,False,False,False,False,False,False,False,False,False,False,False,False,False,False,False,False,False,False,True,False,2012,2,8.5,10.8,33.1,44578,167.5737322807336,2012,True,False
2012,2,Winter,33.30333333333333,131.61333333333332,,314,SIS,7.8,230.0,74.7,12.4,25.2,2.49,0.62,22.2,0.29,0.05,0.4,99.6,True,False,False,False,False,False,False,False,False,False,False,False,False,False,False,False,False,False,False,False,False,False,False,False,2012,2,8.5,10.8,33.1,44578,9.243698658432523,2012,False,False
2012,2,Winter,32.24027777777778,130.2313888888889,,500,SIS,9.12,-12.1,16.7,8.1,2.2,0.87,0.45,,0.005,0.05,97.4,2.6,True,False,False,False,False,False,False,False,False,False,False,False,False,False,False,False,False,False,False,False,False,False,True,False,2012,2,8.5,10.8,33.1,44578,166.90264830916988,2012,True,False
2012,2,Winter,32.19083333333333,130.2713888888889,,500,SIS,9.31,-12.0,30.2,8.5,11.0,1.6,0.4,,0.005,4.0,39.5,56.5,False,False,False,False,False,False,False,False,False,False,False,False,False,False,False,False,False,False,False,False,False,False,True,False,2012,2,8.5,10.8,33.1,44578,168.1702387314479,2012,True,False
2012,2,Winter,32.13,130.30472222222224,,500,SIS,9.1,-13.7,22.5,4.9,7.9,1.1,0.29,,0.005,1.1,46.3,42.7,False,False,False,False,False,False,False,False,False,False,False,False,False,False,False,False,False,False,False,False,False,False,True,False,2012,2,8.5,10.8,33.1,44578,171.05204477934865,2012,True,False
2012,1,Winter,34.65833333333333,135.40916666666666,13.6,301,SIS,7.6,,70.7,12.0,52.0,2.8,0.75,24.0,2.3,0.0,13.1,86.9,False,False,False,False,False,False,False,False,False,False,False,False,False,False,False,False,False,False,False,False,False,False,False,False,2012,1,7.9,12.0,30.99,272,3.0712552024428725e-06,2012,False,False
2012,1,Winter,34.439722222222215,135.13722222222222,31.5,302,SIS,7.8,-300.0,58.5,7.2,23.0,1.3,0.46,11.0,0.2,0.0,12.9,87.1,False,False,False,False,False,False,False,False,False,False,False,False,False,False,False,False,False,False,False,False,False,False,False,False,2012,1,8.8,12.2,32.15,2744,2.052811989601796e-06,2012,False,False
2013,2,Winter,35.61055555555556,139.89777777777778,7.5,100,Tokyo,7.5,46.0,39.4,6.4,8.3,0.24,0.7,12.8,0.55,0.05,7.9,92.1,True,False,False,False,False,False,False,False,False,False,False,False,False,False,False,False,False,False,False,False,False,False,False,False,2013,2,10.7,8.6,31.99,1212,0.2798600340455486,2013,False,False
2013,2,Winter,35.645833333333336,139.99027777777778,5.8,100,Tokyo,7.6,115.0,25.8,2.0,4.1,0.12,0.28,1.9,0.06,0.05,95.4,4.6,True,False,False,False,False,False,False,False,False,False,False,False,False,False,False,False,False,False,False,False,False,False,False,False,2013,2,10.6,7.9,31.7,122,0.1564635574419385,2013,False,False
2013,2,Winter,35.60527777777778,140.06111111111113,9.0,100,Tokyo,7.9,-195.0,59.0,16.8,13.0,0.52,0.48,12.2,0.11,0.05,28.9,71.1,True,False,False,False,False,False,False,False,False,False,False,False,False,False,False,False,False,False,False,False,False,False,False,False,2013,2,10.1,8.3,31.78,124,0.03981019418112153,2013,False,False
2013,2,Winter,35.550555555555555,139.91,17.8,100,Tokyo,7.7,-359.0,70.7,27.5,17.5,0.77,0.48,30.8,1.66,0.05,1.0,99.0,True,False,False,False,False,False,False,False,False,False,False,False,False,False,False,False,False,False,False,False,False,False,False,False,2013,2,9.9,9.4,32.52,1215,0.5904657166575917,2013,False,False
2013,2,Winter,35.536944444444444,140.02,15.3,100,Tokyo,7.8,-331.0,70.3,20.5,19.5,0.75,0.46,29.2,0.66,0.05,1.7,98.3,True,False,False,False,False,False,False,False,False,False,False,False,False,False,False,False,False,False,False,False,False,False,False,False,2013,2,10.1,8.6,32.03,129,0.4085553603445186,2013,False,False
2013,2,Winter,35.34361111111112,139.79944444444445,13.6,100,Tokyo,7.8,49.0,26.9,3.8,3.9,0.15,0.34,5.3,0.05,0.4,76.3,23.3,False,False,False,False,False,False,False,False,False,False,False,False,False,False,False,False,False,False,False,False,False,False,False,False,2013,2,9.9,8.5,32.24,1235,1.0996890622251891,2013,False,False
2013,2,Winter,35.559999999999995,139.8211111111111,16.4,100,Tokyo,7.7,-210.0,65.8,10.7,29.7,3.5,0.82,22.6,2.06,0.05,1.2,98.8,True,False,False,False,False,False,False,False,False,False,False,False,False,False,False,False,False,False,False,False,False,False,False,False,2013,2,8.2,10.7,32.8,1318,0.3706493848336432,2013,False,False
2013,2,Winter,35.4675,139.85277777777776,27.5,100,Tokyo,7.7,-153.0,63.7,11.9,29.3,3.8,0.8,27.1,0.93,0.05,4.1,95.9,True,False,False,False,False,False,False,False,False,False,False,False,False,False,False,False,False,False,False,False,False,False,False,False,2013,2,7.8,11.1,33.2,1326,2.012494465836712e-06,2013,False,False
2013,1,Winter,34.93666666666666,136.80194444444444,10.5,200,Ise,7.6,-360.0,23.7,1.7,5.1,0.3,0.31,5.0,0.05,0.05,92.0,8.0,True,False,False,False,False,False,False,False,False,False,False,False,False,False,False,False,False,False,False,False,False,False,False,False,2013,1,9.5,9.7,31.67,2310,4.068297542329713e-06,2013,False,False
2013,1,Winter,34.723333333333336,137.1186111111111,17.0,200,Ise,7.8,,61.9,9.8,49.0,2.6,0.71,34.0,0.59,0.4,19.4,80.2,False,False,False,False,False,False,False,False,False,False,False,False,False,False,False,False,False,False,False,False,False,False,False,False,2013,1,10.2,7.4,31.6,2359,1.0810001764324187e-06,2013,False,False
2013,1,Winter,34.75333333333333,137.28861111111112,10.0,200,Ise,7.6,-340.0,48.2,7.1,26.0,1.6,0.49,22.0,0.09,0.05,13.9,86.1,True,False,False,False,False,False,False,False,False,False,False,False,False,False,False,False,False,False,False,False,False,False,False,False,2013,1,10.7,5.3,29.94,2361,1.0806565858142234e-06,2013,False,False
2013,1,Winter,34.98722222222222,136.68027777777775,11.2,200,Ise,7.7,-400.0,70.0,8.9,13.0,2.0,0.7,15.0,0.72,0.05,0.7,99.2,True,False,False,False,False,False,False,False,False,False,False,False,False,False,False,False,False,False,False,False,False,False,False,False,2013,1,8.4,11.2,31.6,244,2.0394666780280975e-06,2013,False,False
2013,1,Winter,34.88972222222222,136.66361111111112,12.2,200,Ise,7.7,-310.0,57.0,7.1,8.4,2.1,0.59,11.0,0.53,2.8,13.7,83.5,False,False,False,False,False,False,False,False,False,False,False,False,False,False,False,False,False,False,False,False,False,False,False,False,2013,1,10.0,9.0,30.4,2411,1.0431147913434693e-06,2013,False,False
2013,1,Winter,34.669999999999995,136.5975,23.2,200,Ise,7.3,-370.0,79.0,12.0,21.0,3.3,0.58,19.0,0.51,0.1,1.1,98.8,False,False,False,False,False,False,False,False,False,False,False,False,False,False,False,False,False,False,False,False,False,False,False,False,2013,1,9.9,8.9,30.7,2427,7.073230889886872e-13,2013,False,False
2013,1,Winter,34.65833333333333,135.26388888888889,16.0,301,SIS,7.7,-175.0,60.5,10.2,26.4,2.84,0.55,1.5,0.86,0.2,1.2,98.6,False,False,False,False,False,False,False,False,False,False,False,False,False,False,False,False,False,False,False,False,False,False,False,False,2013,1,8.2,11.2,31.84,2823,1.0817522709564292e-06,2013,False,False
2013,1,Winter,34.60333333333333,134.61388888888888,39.0,305,SIS,8.32,39.0,41.7,5.9,12.4,1.35,0.29,1.0,0.04,0.6,40.9,58.5,False,False,False,False,False,False,False,False,False,False,False,False,False,False,False,False,False,False,False,False,False,False,False,False,2013,1,9.4,11.4,32.01,28143,1.0823854829045792e-06,2013,False,False
2013,1,Winter,34.11277777777778,135.00833333333333,63.6,303,SIS,8.8,250.0,30.4,5.5,8.8,1.03,0.4,5.5,0.001,0.3,38.5,61.2,False,False,False,False,False,False,False,False,False,False,False,False,False,False,False,False,False,False,False,False,False,False,False,False,2013,1,8.0,14.4,33.94,3079,3.0786714110954903e-06,2013,False,False
2013,1,Winter,34.38666666666666,133.24749999999997,14.0,309,SIS,8.5,80.0,32.4,5.6,10.6,1.1,0.36,5.4,0.003,0.4,13.0,86.6,False,False,False,False,False,False,False,False,False,False,False,False,False,False,False,False,False,False,False,False,False,False,False,False,2013,1,9.3,10.0,31.38,34312,0.8064028823361243,2013,False,False
2013,1,Winter,34.333333333333336,132.45583333333332,20.0,312,SIS,8.5,85.0,48.6,8.7,26.9,1.64,0.5,15.0,0.01,0.7,20.6,78.7,False,False,False,False,False,False,False,False,False,False,False,False,False,False,False,False,False,False,False,False,False,False,False,False,2013,1,8.0,12.2,31.99,34396,3.0830756027894546e-06,2013,False,False
2013,1,Winter,34.30305555555555,132.35305555555556,25.0,312,SIS,8.4,-28.0,60.9,10.8,24.4,2.66,0.56,19.0,0.06,0.0,0.4,99.6,False,False,False,False,False,False,False,False,False,False,False,False,False,False,False,False,False,False,False,False,False,False,False,False,2013,1,8.4,12.3,32.54,34411,1.4739665288241262,2013,False,False
2013,1,Winter,33.99666666666667,132.29222222222222,17.5,312,SIS,7.72,-36.0,53.5,10.4,14.4,1.77,0.42,16.6,0.26,0.05,13.3,86.7,True,False,False,False,False,False,False,False,False,False,False,False,False,False,False,False,False,False,False,False,False,False,False,False,2013,1,9.7,11.8,32.52,35426,2.0818909855812816e-06,2013,False,False
2013,1,Winter,34.03805555555555,131.70083333333332,11.9,315,SIS,7.57,-72.0,53.1,10.4,16.1,2.1,0.42,19.7,0.45,0.05,19.3,80.7,True,False,False,False,False,False,False,False,False,False,False,False,False,False,False,False,False,False,False,False,False,False,False,False,2013,1,9.3,10.7,32.68,35550,3.1109519614069765e-06,2013,False,False
2013,1,Winter,33.78333333333333,131.3252777777778,25.3,316,SIS,7.46,-80.0,56.0,8.4,14.8,1.64,0.49,15.4,0.26,0.05,24.1,75.9,True,False,False,False,False,False,False,False,False,False,False,False,False,False,False,False,False,False,False,False,False,False,False,False,2013,1,10.0,9.4,32.79,35598,2.0869368062898815e-06,2013,False,False
2013,1,Winter,34.282222222222224,134.3538888888889,,306,SIS,8.6,49.0,54.0,8.7,20.8,3.22,0.41,15.9,0.01,0.2,12.2,87.6,False,False,False,False,False,False,False,False,False,False,False,False,False,False,False,False,False,False,False,False,False,False,False,False,2013,1,9.6,8.3,32.08,37181,1.0503382490329312e-06,2013,False,False
2013,1,Winter,34.11138888888889,133.6275,,310,SIS,8.4,170.0,28.8,4.1,11.2,0.93,0.31,6.3,0.0004,0.1,44.7,55.2,False,False,False,False,False,False,False,False,False,False,False,False,False,False,False,False,False,False,False,False,False,False,False,False,2013,1,10.1,9.2,32.22,37254,1.2354953859983198e-07,2013,False,False
2013,1,Winter,34.056666666666665,133.49749999999997,23.0,310,SIS,8.3,-77.0,58.2,8.2,17.5,1.95,0.55,13.0,0.01,0.1,0.2,99.7,False,False,False,False,False,False,False,False,False,False,False,False,False,False,False,False,False,False,False,False,False,False,False,False,2013,1,9.5,9.5,32.71,38274,3.706493231318329e-07,2013,False,False
2013,1,Winter,34.00333333333333,133.1725,14.0,310,SIS,8.3,110.0,41.9,6.8,14.8,1.77,0.43,7.1,0.02,0.1,10.8,89.1,False,False,False,False,False,False,False,False,False,False,False,False,False,False,False,False,False,False,False,False,False,False,False,False,2013,1,9.1,11.0,32.831,38328,3.706493231225849e-07,2013,False,False
2013,1,Winter,33.638333333333335,131.13083333333333,8.6,316,SIS,8.5,81.0,54.3,9.7,25.2,2.24,0.51,17.0,0.01,0.9,11.5,87.6,False,False,False,False,False,False,False,False,False,False,False,False,False,False,False,False,False,False,False,False,False,False,False,False,2013,1,9.78,8.44,32.79,40617,3.108026703408754e-06,2013,False,False
2013,2,Winter,,,5.0,400,SIS,,,,9.4,16.5,2.14,0.91,20.1,0.32,0.0,0.7,99.3,False,False,False,False,False,False,False,False,False,False,False,False,False,False,False,False,False,False,False,False,False,False,False,False,2013,2,10.6,7.9,31.7,122,,2013,False,False
2013,2,Winter,,,8.0,400,SIS,,,,2.1,0.9,0.16,0.355,0.51,0.02,0.0,99.0,1.0,False,False,False,False,False,False,False,False,False,False,False,False,False,False,False,False,False,False,False,False,False,False,False,False,2013,2,10.6,7.9,31.7,122,,2013,False,False
2013,2,Winter,,,3.7,400,SIS,,,,10.4,21.8,2.59,0.857,18.1,0.33,0.0,1.2000000000000002,98.8,False,False,False,False,False,False,False,False,False,False,False,False,False,False,False,False,False,False,False,False,False,False,False,False,2013,2,10.6,7.9,31.7,122,,2013,False,False
2013,2,Winter,,,4.5,400,SIS,,,,10.6,21.2,2.29,0.898,20.6,0.44,0.0,0.8,99.2,False,False,False,False,False,False,False,False,False,False,False,False,False,False,False,False,False,False,False,False,False,False,False,False,2013,2,10.6,7.9,31.7,122,,2013,False,False
2013,2,Winter,,,15.5,400,SIS,,,,7.9,15.8,1.66,0.735,14.6,0.35,0.0,17.1,82.9,False,False,False,False,False,False,False,False,False,False,False,False,False,False,False,False,False,False,False,False,False,False,False,False,2013,2,10.6,7.9,31.7,122,,2013,False,False
2013,2,Winter,,,22.4,400,SIS,,,,2.2,2.4,0.44,0.475,1.36,0.03,13.9,80.3,5.8,False,False,False,False,False,False,False,False,False,False,False,False,False,False,False,False,False,False,False,False,False,False,False,False,2013,2,10.6,7.9,31.7,122,,2013,False,False
2013,2,Winter,,,7.0,400,SIS,,,,9.4,18.9,2.14,0.682,14.2,0.37,0.0,9.1,90.9,False,False,False,False,False,False,False,False,False,False,False,False,False,False,False,False,False,False,False,False,False,False,False,False,2013,2,10.6,7.9,31.7,122,,2013,False,False
2013,2,Winter,,,45.7,400,SIS,,,,1.4,1.2,0.18,0.426,0.44,0.06,2.1,95.7,2.2,False,False,False,False,False,False,False,False,False,False,False,False,False,False,False,False,False,False,False,False,False,False,False,False,2013,2,10.6,7.9,31.7,122,,2013,False,False
2013,2,Winter,,,14.1,400,SIS,,,,7.7,14.5,1.67,0.717,8.42,0.34,0.0,22.1,77.9,False,False,False,False,False,False,False,False,False,False,False,False,False,False,False,False,False,False,False,False,False,False,False,False,2013,2,10.6,7.9,31.7,122,,2013,False,False
2013,2,Winter,,,7.7,400,SIS,,,,4.7,10.1,1.02,0.539,7.32,0.28,0.0,45.3,54.7,False,False,False,False,False,False,False,False,False,False,False,False,False,False,False,False,False,False,False,False,False,False,False,False,2013,2,10.6,7.9,31.7,122,,2013,False,False
2013,2,Winter,,,48.0,400,SIS,,,,6.0,8.1,1.07,0.635,4.9,0.13,0.0,63.0,37.0,False,False,False,False,False,False,False,False,False,False,False,False,False,False,False,False,False,False,False,False,False,False,False,False,2013,2,10.6,7.9,31.7,122,,2013,False,False
2013,2,Winter,,,55.0,400,SIS,,,,2.3,1.3,0.28,0.4,0.51,0.01,21.0,77.69999999999999,1.3,False,False,False,False,False,False,False,False,False,False,False,False,False,False,False,False,False,False,False,False,False,False,False,False,2013,2,10.6,7.9,31.7,122,,2013,False,False
2013,2,Winter,32.611666666666665,130.58972222222224,6.1,500,SIS,7.7,-177.0,,8.8,15.9,2.95,0.28,,0.56,0.0,0.5,99.5,False,False,False,False,False,False,False,False,False,False,False,False,False,False,False,False,False,False,False,False,False,False,False,False,2013,2,9.1,11.0,33.08,44578,114.17457574625537,2013,True,False
2013,2,Winter,32.575,130.54611111111112,9.2,500,SIS,7.9,-295.0,,9.1,13.3,3.14,0.24,,0.56,0.0,0.3,99.7,False,False,False,False,False,False,False,False,False,False,False,False,False,False,False,False,False,False,False,False,False,False,False,False,2013,2,9.1,11.0,33.08,44578,119.93324133027195,2013,True,False
2013,2,Winter,32.50333333333333,130.52,9.8,500,SIS,7.4,-150.0,,6.2,13.0,2.46,0.35,,0.43,0.0,13.2,86.8,False,False,False,False,False,False,False,False,False,False,False,False,False,False,False,False,False,False,False,False,False,False,False,False,2013,2,9.1,11.0,33.08,44578,127.09697144420366,2013,True,False
2013,2,Winter,32.41166666666666,130.46194444444444,32.5,500,SIS,7.8,-148.0,,10.1,15.2,3.2,0.23,,0.33,0.0,1.2,98.8,False,False,False,False,False,False,False,False,False,False,False,False,False,False,False,False,False,False,False,False,False,False,False,False,2013,2,9.1,11.0,33.08,44578,138.0927301285739,2013,True,False
2013,2,Winter,32.29,130.39027777777778,48.0,500,SIS,7.7,-232.0,,10.8,15.9,3.3,0.43,,0.21,0.0,12.3,87.7,False,False,False,False,False,False,False,False,False,False,False,False,False,False,False,False,False,False,False,False,False,False,False,False,2013,2,9.1,11.0,33.08,44578,152.47498872883105,2013,True,False
2013,2,Winter,32.37583333333333,130.2827777777778,39.5,500,SIS,7.7,-202.0,,9.0,12.2,2.6,0.39,,0.15,0.0,38.1,61.9,False,False,False,False,False,False,False,False,False,False,False,False,False,False,False,False,False,False,False,False,False,False,False,False,2013,2,9.1,11.0,33.08,44578,153.10784526113198,2013,True,False
2013,2,Winter,32.293055555555554,130.1638888888889,11.0,500,SIS,8.0,130.0,,4.2,1.0,1.59,0.26,,0.01,0.0,90.2,9.8,False,False,False,False,False,False,False,False,False,False,False,False,False,False,False,False,False,False,False,False,False,False,False,False,2013,2,9.1,11.0,33.08,44578,167.5737322807336,2013,True,False
2013,1,Winter,33.306666666666665,131.61083333333332,,314,SIS,8.5,-20.0,61.7,11.5,27.9,1.91,0.53,23.0,0.01,0.1,0.4,99.5,False,False,False,False,False,False,False,False,False,False,False,False,False,False,False,False,False,False,False,False,False,False,False,False,2013,1,9.1,11.0,33.08,44578,9.12834753744645,2013,False,False
2013,2,Winter,32.24027777777778,130.2313888888889,39.6,500,SIS,8.2,10.5,15.6,8.2,2.1,0.8,0.44,,0.005,0.0,91.3,8.7,False,False,False,False,False,False,False,False,False,False,False,False,False,False,False,False,False,False,False,False,False,False,True,False,2013,2,9.1,11.0,33.08,44578,166.90264830916988,2013,True,False
2013,2,Winter,32.19083333333333,130.2713888888889,37.5,500,SIS,8.4,5.5,31.5,8.3,10.0,1.8,0.38,,0.005,4.5,46.0,49.5,False,False,False,False,False,False,False,False,False,False,False,False,False,False,False,False,False,False,False,False,False,False,True,False,2013,2,9.1,11.0,33.08,44578,168.1702387314479,2013,True,False
2013,2,Winter,32.13,130.30472222222224,15.6,500,SIS,8.5,5.1,25.3,5.4,7.7,1.3,0.31,,0.03,7.3,35.5,57.2,False,False,False,False,False,False,False,False,False,False,False,False,False,False,False,False,False,False,False,False,False,False,False,False,2013,2,9.1,11.0,33.08,44578,171.05204477934865,2013,True,False
2014,2,Winter,35.61055555555556,139.89777777777778,7.5,100,Tokyo,7.8,-73.0,45.1,6.4,4.4,0.03,0.6,8.5,0.43,0.05,8.3,91.7,True,False,False,False,False,False,False,False,False,False,False,False,False,False,False,False,False,False,False,False,False,False,False,False,2014,2,9.4,10.0,31.48,1212,0.2798600340455486,2014,False,False
2014,2,Winter,35.645833333333336,139.99027777777778,6.2,100,Tokyo,7.5,216.0,26.0,2.1,3.1,0.04,0.22,1.0,0.02,0.05,93.6,6.4,True,False,False,False,False,False,False,False,False,False,False,False,False,False,False,False,False,False,False,False,False,False,False,False,2014,2,9.5,9.3,31.34,122,0.1564635574419385,2014,False,False
2014,2,Winter,35.60527777777778,140.06111111111113,9.3,100,Tokyo,7.6,-123.0,51.1,7.1,10.6,0.02,0.4,13.9,0.06,0.05,10.6,89.4,True,False,False,False,False,False,False,False,False,False,False,False,False,False,False,False,False,False,False,False,False,False,False,False,2014,2,9.6,9.9,31.66,124,0.03981019418112153,2014,False,False
2014,2,Winter,35.550555555555555,139.91,17.6,100,Tokyo,7.8,-169.0,73.4,13.3,18.1,0.05,0.5,30.4,0.52,0.05,3.7,96.3,True,False,False,False,False,False,False,False,False,False,False,False,False,False,False,False,False,False,False,False,False,False,False,False,2014,2,7.8,10.2,32.26,1215,0.5904657166575917,2014,False,False
2014,2,Winter,35.536944444444444,140.02,15.0,100,Tokyo,7.6,-116.0,74.7,13.6,21.8,0.1,0.58,25.8,0.66,0.05,3.3,96.7,True,False,False,False,False,False,False,False,False,False,False,False,False,False,False,False,False,False,False,False,False,False,False,False,2014,2,8.8,9.9,32.19,129,0.4085553603445186,2014,False,False
2014,2,Winter,35.34361111111112,139.79944444444445,12.9,100,Tokyo,7.8,92.0,28.0,3.9,3.7,0.02,0.68,5.2,0.14,1.6,71.3,27.1,False,False,False,False,False,False,False,False,False,False,False,False,False,False,False,False,False,False,False,False,False,False,False,False,2014,2,8.9,10.7,32.99,1235,1.0996890622251891,2014,False,False
2014,2,Winter,35.559999999999995,139.8211111111111,17.1,100,Tokyo,7.6,-369.0,71.6,10.7,32.1,3.48,0.29,28.8,2.12,0.05,0.5,99.5,True,False,False,False,False,False,False,False,False,False,False,False,False,False,False,False,False,False,False,False,False,False,False,False,2014,2,8.1,10.6,32.9,1318,0.3706493848336432,2014,False,False
2014,2,Winter,35.4675,139.85277777777776,28.4,100,Tokyo,7.5,-330.0,66.1,11.0,26.0,3.62,0.55,31.5,2.45,0.05,2.1,97.9,True,False,False,False,False,False,False,False,False,False,False,False,False,False,False,False,False,False,False,False,False,False,False,False,2014,2,8.5,10.1,32.5,1326,2.012494465836712e-06,2014,False,False
2014,1,Winter,34.93666666666666,136.80194444444444,11.3,201,Ise,7.7,-100.0,23.2,1.8,3.4,0.26,0.12,4.0,0.01,0.05,95.1,4.9,True,False,False,False,False,False,False,False,False,False,False,False,False,False,False,False,False,False,False,False,False,False,False,False,2014,1,8.8,10.8,32.46,2310,4.068297542329713e-06,2014,False,False
2014,1,Winter,34.723333333333336,137.1186111111111,16.5,202,Ise,7.9,-360.0,62.4,10.9,29.0,3.3,0.56,29.0,1.2,0.05,32.7,67.3,True,False,False,False,False,False,False,False,False,False,False,False,False,False,False,False,False,False,False,False,False,False,False,False,2014,1,10.0,7.9,31.94,2359,1.0810001764324187e-06,2014,False,False
2014,1,Winter,34.75333333333333,137.28861111111112,8.5,202,Ise,7.9,-320.0,43.8,7.0,11.0,1.3,0.4,23.0,0.14,1.7,18.7,79.6,False,False,False,False,False,False,False,False,False,False,False,False,False,False,False,False,False,False,False,False,False,False,False,False,2014,1,10.7,6.0,30.62,2361,1.0806565858142234e-06,2014,False,False
2014,1,Winter,34.88972222222222,136.66361111111112,9.5,201,Ise,7.7,-330.0,64.0,10.0,14.0,2.6,0.7,18.0,0.27,3.3,2.9,93.8,False,False,False,False,False,False,False,False,False,False,False,False,False,False,False,False,False,False,False,False,False,False,False,False,2014,1,9.0,9.5,30.9,2411,1.0431147913434693e-06,2014,False,False
2014,1,Winter,34.669999999999995,136.5975,23.9,201,Ise,7.3,-400.0,77.0,11.0,18.0,2.9,0.57,21.0,0.27,0.05,0.4,99.6,True,False,False,False,False,False,False,False,False,False,False,False,False,False,False,False,False,False,False,False,False,False,False,False,2014,1,9.2,9.8,31.5,2427,7.073230889886872e-13,2014,False,False
2014,1,Winter,34.98722222222222,136.68027777777775,13.3,201,Ise,7.8,-380.0,71.0,9.2,18.0,1.7,0.72,15.0,0.94,0.05,0.7,99.3,True,False,False,False,False,False,False,False,False,False,False,False,False,False,False,False,False,False,False,False,False,False,False,False,2014,1,8.1,10.2,31.6,244,2.0394666780280975e-06,2014,False,False
2014,1,Winter,34.65833333333333,135.40916666666666,14.4,301,SIS,7.9,-381.0,78.0,11.0,44.0,2.0,0.58,22.0,3.3,0.1,3.1,96.8,False,False,False,False,False,False,False,False,False,False,False,False,False,False,False,False,False,False,False,False,False,False,False,False,2014,1,6.9,12.1,31.8,272,3.0712552024428725e-06,2014,False,False
2014,1,Winter,34.439722222222215,135.13722222222222,31.7,302,SIS,7.8,-260.0,57.6,7.0,20.0,1.2,0.41,12.0,0.23,0.7,24.2,75.1,False,False,False,False,False,False,False,False,False,False,False,False,False,False,False,False,False,False,False,False,False,False,False,False,2014,1,8.9,11.1,31.91,2744,2.052811989601796e-06,2014,False,False
2014,1,Winter,34.65833333333333,135.26388888888889,17.0,301,SIS,7.6,-390.0,63.2,11.0,27.8,2.88,0.62,21.0,0.71,0.0,3.0,97.0,False,False,False,False,False,False,False,False,False,False,False,False,False,False,False,False,False,False,False,False,False,False,False,False,2014,1,8.6,11.3,31.28,2823,1.0817522709564292e-06,2014,False,False
2014,1,Winter,34.60333333333333,134.61388888888888,38.0,305,SIS,7.62,-38.0,47.3,7.6,14.1,1.05,0.37,14.0,0.005,0.1,25.6,74.3,False,False,False,False,False,False,False,False,False,False,False,False,False,False,False,False,False,False,False,False,False,False,True,False,2014,1,9.1,11.0,31.88,28143,1.0823854829045792e-06,2014,False,False
2014,1,Winter,34.11277777777778,135.00833333333333,63.0,303,SIS,7.6,233.0,39.1,5.7,3.8,0.98,0.36,7.36,0.005,1.0,35.3,63.7,False,False,False,False,False,False,False,False,False,False,False,False,False,False,False,False,False,False,False,False,False,False,True,False,2014,1,7.6,15.1,34.34,3079,3.0786714110954903e-06,2014,False,False
2014,1,Winter,34.38666666666666,133.24749999999997,14.0,309,SIS,7.6,108.0,56.0,6.8,6.2,1.01,0.4,8.54,0.07,1.9,14.8,83.3,False,False,False,False,False,False,False,False,False,False,False,False,False,False,False,False,False,False,False,False,False,False,False,False,2014,1,8.9,10.9,32.87,34313,3.7065003045484965e-07,2014,False,False
2014,1,Winter,34.333333333333336,132.45583333333332,21.0,312,SIS,7.8,-81.0,69.6,11.2,12.0,2.39,0.67,22.82,0.07,0.2,4.2,95.6,False,False,False,False,False,False,False,False,False,False,False,False,False,False,False,False,False,False,False,False,False,False,False,False,2014,1,8.4,12.2,32.59,34396,3.0830756027894546e-06,2014,False,False
2014,1,Winter,34.30305555555555,132.35305555555556,26.0,312,SIS,7.7,-163.0,76.8,11.5,17.9,2.77,0.63,21.64,0.33,0.0,0.7,99.3,False,False,False,False,False,False,False,False,False,False,False,False,False,False,False,False,False,False,False,False,False,False,False,False,2014,1,8.5,12.9,33.07,34410,6.410111599588196e-07,2014,False,False
2014,1,Winter,33.99666666666667,132.29222222222222,17.1,312,SIS,7.706666666666666,-60.0,52.275990532999536,9.3688947655525,17.985680375018028,1.613593200842539,0.5547833333333333,17.454954783121746,0.2459414127150157,0.05,11.91634241245136,88.08365758754863,True,False,False,False,False,False,False,False,False,False,False,False,False,False,False,False,False,False,False,False,False,False,False,False,2014,1,10.0,12.0,33.28,35426,2.0818909855812816e-06,2014,False,False
2014,1,Winter,34.03805555555555,131.70083333333332,11.5,315,SIS,7.116666666666667,-24.666666666666657,51.49049337763134,10.671197775742533,19.902145176592224,1.88324511051178,0.6230933333333333,19.47729468345642,0.2541932862399699,0.05,30.273175100761325,69.72682489923868,True,False,False,False,False,False,False,False,False,False,False,False,False,False,False,False,False,False,False,False,False,False,False,False,2014,1,9.5,10.0,32.79,35550,3.1109519614069765e-06,2014,False,False
2014,1,Winter,33.78333333333333,131.3252777777778,24.5,316,SIS,7.173333333333333,-87.66666666666669,56.0390715461068,10.250626448629385,17.81157002406454,1.726858764886856,0.5908933333333333,16.93157474199931,0.3,0.05,40.6870002961208,59.3129997038792,True,False,False,False,False,False,False,False,False,False,False,False,False,False,False,False,False,False,False,False,False,False,False,False,2014,1,9.3,10.2,33.55,35598,2.0869368062898815e-06,2014,False,False
2014,1,Winter,34.282222222222224,134.3538888888889,20.9,306,SIS,7.4,-160.0,67.3,8.8,7.0,1.95,0.51,15.29,0.15,0.0,0.6,99.4,False,False,False,False,False,False,False,False,False,False,False,False,False,False,False,False,False,False,False,False,False,False,False,False,2014,1,9.0,9.8,32.2,37181,1.0503382490329312e-06,2014,False,False
2014,1,Winter,34.11138888888889,133.6275,14.0,310,SIS,7.4,-82.0,43.6,4.5,4.8,1.0,0.42,9.5,0.09,0.1,24.2,75.7,False,False,False,False,False,False,False,False,False,False,False,False,False,False,False,False,False,False,False,False,False,False,False,False,2014,1,9.9,10.3,32.44,37254,1.2354953859983198e-07,2014,False,False
2014,1,Winter,34.056666666666665,133.49749999999997,23.5,310,SIS,7.4,-188.0,72.4,9.7,9.7,2.05,0.58,15.87,0.15,0.0,0.4,99.6,False,False,False,False,False,False,False,False,False,False,False,False,False,False,False,False,False,False,False,False,False,False,False,False,2014,1,9.8,10.5,32.957,38274,3.706493231318329e-07,2014,False,False
2014,1,Winter,34.00333333333333,133.1725,16.0,310,SIS,7.6,-53.0,52.9,6.8,6.3,1.3,0.54,10.1,0.1,0.1,8.5,91.4,False,False,False,False,False,False,False,False,False,False,False,False,False,False,False,False,False,False,False,False,False,False,False,False,2014,1,9.2,11.3,33.321,38328,3.706493231225849e-07,2014,False,False
2014,1,Winter,33.638333333333335,131.13083333333333,6.5,316,SIS,7.5,-199.0,67.9,11.0,12.4,2.22,0.62,21.59,0.52,0.0,2.1,97.9,False,False,False,False,False,False,False,False,False,False,False,False,False,False,False,False,False,False,False,False,False,False,False,False,2014,1,10.06,8.8,32.8,40617,3.108026703408754e-06,2014,False,False
2014,2,Winter,33.086666666666666,130.3477777777778,4.9,400,SIS,7.7,-103.0,55.7,6.8,14.3,1.26,0.708,13.3,0.29,0.0,7.199999999999999,92.8,False,False,False,False,False,False,False,False,False,False,False,False,False,False,False,False,False,False,False,False,False,False,False,False,2014,2,10.06,8.8,32.8,40617,95.1390112217963,2014,True,False
2014,2,Winter,32.99166666666667,130.34944444444446,7.7,400,SIS,7.9,157.0,29.8,2.3,1.8,0.25,0.317,0.85,0.03,0.2,97.2,2.6,False,False,False,False,False,False,False,False,False,False,False,False,False,False,False,False,False,False,False,False,False,False,False,False,2014,2,10.06,8.8,32.8,40617,102.18722696229352,2014,True,False
2014,2,Winter,33.09055555555556,130.15444444444444,3.6,400,SIS,7.7,-24.0,67.7,9.3,18.7,2.09,0.8,17.3,0.33,0.0,1.2,98.8,False,False,False,False,False,False,False,False,False,False,False,False,False,False,False,False,False,False,False,False,False,False,False,False,2014,2,10.06,8.8,32.8,40617,109.23363830423409,2014,True,False
2014,2,Winter,33.12,130.23111111111112,5.5,400,SIS,7.8,-136.0,74.3,10.5,21.4,2.38,0.84,20.0,0.39,0.0,0.2,99.8,False,False,False,False,False,False,False,False,False,False,False,False,False,False,False,False,False,False,False,False,False,False,False,False,2014,2,10.06,8.8,32.8,40617,101.49396129962071,2014,True,False
2014,2,Winter,33.045,130.23777777777775,15.6,400,SIS,7.8,-104.0,62.5,7.4,13.2,1.54,0.748,16.1,0.49,1.2,19.9,78.9,False,False,False,False,False,False,False,False,False,False,False,False,False,False,False,False,False,False,False,False,False,False,False,False,2014,2,10.06,8.8,32.8,40617,105.99411125332038,2014,True,False
2014,2,Winter,32.93666666666666,130.33333333333334,23.7,400,SIS,7.9,-168.0,26.7,2.3,2.4,0.34,0.459,1.29,0.03,14.3,78.8,6.9,False,False,False,False,False,False,False,False,False,False,False,False,False,False,False,False,False,False,False,False,False,False,False,False,2014,2,10.06,8.8,32.8,40617,107.62071483510371,2014,True,False
2014,2,Winter,32.89666666666667,130.20777777777778,9.7,400,SIS,6.5,-201.0,63.1,8.3,16.2,1.73,0.629,12.4,0.56,3.3,13.2,83.5,False,False,False,False,False,False,False,False,False,False,False,False,False,False,False,False,False,False,False,False,False,False,False,False,2014,2,10.06,8.8,32.8,40617,119.01997409460549,2014,True,False
2014,2,Winter,32.81333333333333,130.39777777777778,47.0,400,SIS,7.5,-5.0,28.4,1.7,1.6,0.18,0.418,0.6,0.03,4.4,92.2,3.4,False,False,False,False,False,False,False,False,False,False,False,False,False,False,False,False,False,False,False,False,False,False,False,False,2014,2,10.06,8.8,32.8,40617,114.30057398616711,2014,True,False
2014,2,Winter,32.74,130.09166666666667,39.1,600,SIS,7.9,-207.0,70.4,12.4,20.3,2.74,0.812,22.3,0.32,0.1,2.2,97.7,False,False,False,False,False,False,False,False,False,False,False,False,False,False,False,False,False,False,False,False,False,False,False,False,2014,2,10.06,8.8,32.8,40617,139.02673816258616,2014,True,False
2014,2,Winter,32.74,130.185,98.3,600,SIS,7.7,-304.0,78.4,12.4,26.3,3.26,0.791,24.5,0.38,0.1,0.9,99.0,False,False,False,False,False,False,False,False,False,False,False,False,False,False,False,False,False,False,False,False,False,False,False,False,2014,2,10.06,8.8,32.8,40617,133.13245332525227,2014,True,False
2014,2,Winter,32.685,130.005,35.3,600,SIS,7.7,-75.0,50.5,7.3,7.5,1.25,0.509,7.77,0.06,0.1,54.400000000000006,45.5,False,False,False,False,False,False,False,False,False,False,False,False,False,False,False,False,False,False,False,False,False,False,False,False,2014,2,10.06,8.8,32.8,40617,149.06083823559445,2014,True,False
2014,2,Winter,32.685,130.105,40.0,600,SIS,7.7,-65.0,64.1,10.0,14.5,1.99,0.637,12.4,0.12,1.2,40.6,58.2,False,False,False,False,False,False,False,False,False,False,False,False,False,False,False,False,False,False,False,False,False,False,False,False,2014,2,10.06,8.8,32.8,40617,142.67059349576127,2014,True,False
2014,2,Winter,32.63166666666667,129.92888888888888,52.8,600,SIS,7.8,-35.0,50.4,8.0,8.7,1.55,0.695,9.64,0.08,0.0,38.2,61.8,False,False,False,False,False,False,False,False,False,False,False,False,False,False,False,False,False,False,False,False,False,False,False,False,2014,2,10.06,8.8,32.8,40617,158.28510045750994,2014,True,False
2014,2,Winter,32.625,130.02166666666668,53.0,600,SIS,8.0,118.0,27.2,2.6,1.5,0.29,0.43,0.67,0.01,2.9,92.6,4.5,False,False,False,False,False,False,False,False,False,False,False,False,False,False,False,False,False,False,False,False,False,False,False,False,2014,2,10.06,8.8,32.8,40617,152.8483019883832,2014,True,False
2014,2,Winter,32.81666666666667,130.5011111111111,13.0,400,SIS,7.7,-115.0,57.2,8.0,14.6,1.49,0.657,10.7,0.21,0.2,26.9,72.9,False,False,False,False,False,False,False,False,False,False,False,False,False,False,False,False,False,False,False,False,False,False,False,False,2014,2,8.4,11.1,33.27,44578,107.89349129950863,2014,True,False
2014,2,Winter,32.74333333333333,130.56194444444446,6.4,400,SIS,7.8,-153.0,35.0,3.6,7.5,0.68,0.421,5.29,0.19,0.0,66.7,33.3,False,False,False,False,False,False,False,False,False,False,False,False,False,False,False,False,False,False,False,False,False,False,False,False,2014,2,8.4,11.1,33.27,44578,107.30442609795942,2014,True,False
2014,2,Winter,32.74861111111111,130.45916666666665,48.0,400,SIS,7.6,-44.0,53.4,8.2,11.1,1.49,0.609,8.28,0.15,0.1,52.900000000000006,47.0,False,False,False,False,False,False,False,False,False,False,False,False,False,False,False,False,False,False,False,False,False,False,False,False,2014,2,8.4,11.1,33.27,44578,115.079641224355,2014,True,False
2014,2,Winter,32.623333333333335,130.37611111111113,57.0,400,SIS,7.8,162.0,31.3,2.7,2.1,0.38,0.467,0.71,0.01,14.0,82.0,4.0,False,False,False,False,False,False,False,False,False,False,False,False,False,False,False,False,False,False,False,False,False,False,False,False,2014,2,8.4,11.1,33.27,44578,129.19482358290225,2014,True,False
2014,2,Winter,32.611666666666665,130.58972222222224,2.3,500,SIS,7.9,-102.0,61.9,9.4,15.1,1.74,0.65,13.8,0.56,0.0,0.9,99.1,False,False,False,False,False,False,False,False,False,False,False,False,False,False,False,False,False,False,False,False,False,False,False,False,2014,2,8.4,11.1,33.27,44578,114.17457574625537,2014,True,False
2014,2,Winter,32.575,130.54611111111112,7.1,500,SIS,7.8,-88.0,65.5,9.0,18.7,2.01,0.634,14.4,0.86,0.0,0.5,99.5,False,False,False,False,False,False,False,False,False,False,False,False,False,False,False,False,False,False,False,False,False,False,False,False,2014,2,8.4,11.1,33.27,44578,119.93324133027195,2014,True,False
2014,2,Winter,32.50333333333333,130.52,8.8,500,SIS,7.7,-84.0,44.8,5.7,9.0,1.23,0.481,9.21,0.25,0.1,23.9,76.0,False,False,False,False,False,False,False,False,False,False,False,False,False,False,False,False,False,False,False,False,False,False,False,False,2014,2,8.4,11.1,33.27,44578,127.09697144420366,2014,True,False
2014,2,Winter,32.41166666666666,130.46194444444444,32.1,500,SIS,7.8,-97.0,66.5,9.8,17.5,2.01,0.568,14.1,0.33,0.0,2.2,97.8,False,False,False,False,False,False,False,False,False,False,False,False,False,False,False,False,False,False,False,False,False,False,False,False,2014,2,8.4,11.1,33.27,44578,138.0927301285739,2014,True,False
2014,2,Winter,32.29,130.39027777777778,47.9,500,SIS,7.8,-144.0,57.8,10.5,14.2,1.74,0.589,12.5,0.28,0.0,23.7,76.3,False,False,False,False,False,False,False,False,False,False,False,False,False,False,False,False,False,False,False,False,False,False,False,False,2014,2,8.4,11.1,33.27,44578,152.47498872883105,2014,True,False
2014,2,Winter,32.37583333333333,130.2827777777778,40.0,500,SIS,7.8,-75.0,51.3,8.5,10.4,1.44,0.766,9.17,0.14,0.4,46.400000000000006,53.2,False,False,False,False,False,False,False,False,False,False,False,False,False,False,False,False,False,False,False,False,False,False,False,False,2014,2,8.4,11.1,33.27,44578,153.10784526113198,2014,True,False
2014,2,Winter,32.293055555555554,130.1638888888889,14.4,500,SIS,8.3,201.0,30.6,3.1,1.3,0.22,0.394,0.5,0.01,3.1,94.7,2.2,False,False,False,False,False,False,False,False,False,False,False,False,False,False,False,False,False,False,False,False,False,False,False,False,2014,2,8.4,11.1,33.27,44578,167.5737322807336,2014,True,False
2014,1,Winter,33.306666666666665,131.61083333333332,55.4,314,SIS,7.8,-72.0,75.7,13.1,18.5,2.47,0.59,22.26,0.1,0.0,0.3,99.7,False,False,False,False,False,False,False,False,False,False,False,False,False,False,False,False,False,False,False,False,False,False,False,False,2014,1,8.8,10.9,33.23,44528,4.830500351793654e-07,2014,False,False
2014,2,Winter,32.24027777777778,130.2313888888889,44.1,500,SIS,8.0,262.0,36.6,4.6,3.2,0.59,0.742,1.53,0.01,0.0,93.6,6.4,False,False,False,False,False,False,False,False,False,False,False,False,False,False,False,False,False,False,False,False,False,False,False,False,2014,2,8.4,11.1,33.27,44578,166.90264830916988,2014,True,False
2014,2,Winter,32.19083333333333,130.2713888888889,38.6,500,SIS,7.4,-25.0,50.2,7.1,10.5,1.4,0.45,9.01,0.12,1.1,44.5,54.400000000000006,False,False,False,False,False,False,False,False,False,False,False,False,False,False,False,False,False,False,False,False,False,False,False,False,2014,2,8.4,11.1,33.27,44578,168.1702387314479,2014,True,False
2014,2,Winter,32.13,130.30472222222224,14.9,500,SIS,7.9,-74.0,44.7,5.2,9.2,1.01,0.392,6.95,0.12,0.5,23.4,76.1,False,False,False,False,False,False,False,False,False,False,False,False,False,False,False,False,False,False,False,False,False,False,False,False,2014,2,8.4,11.1,33.27,44578,171.05204477934865,2014,True,False
2015,2,Winter,35.61055555555556,139.89777777777778,6.8,100,Tokyo,7.6,-364.0,39.9,5.3,8.8,1.02,0.71,14.7,0.34,0.0,9.5,90.5,False,False,False,False,False,False,False,False,False,False,False,False,False,False,False,False,False,False,False,False,False,False,False,False,2015,2,8.9,10.9,32.4,1212,0.2798600340455486,2015,False,False
2015,2,Winter,35.645833333333336,139.99027777777778,5.6,100,Tokyo,7.7,-353.0,43.8,3.8,10.3,1.57,0.4,9.1,0.54,0.0,46.4,53.6,False,False,False,False,False,False,False,False,False,False,False,False,False,False,False,False,False,False,False,False,False,False,False,False,2015,2,11.0,10.0,31.36,122,0.1564635574419385,2015,False,False
2015,2,Winter,35.60527777777778,140.06111111111113,8.7,100,Tokyo,7.7,-384.0,43.2,4.5,12.5,1.22,0.38,11.9,0.88,0.0,8.9,91.1,False,False,False,False,False,False,False,False,False,False,False,False,False,False,False,False,False,False,False,False,False,False,False,False,2015,2,9.3,10.5,31.91,124,0.03981019418112153,2015,False,False
2015,2,Winter,35.550555555555555,139.91,17.3,100,Tokyo,7.7,-331.0,74.4,12.2,36.2,4.12,0.74,35.8,1.02,0.0,7.6,92.4,False,False,False,False,False,False,False,False,False,False,False,False,False,False,False,False,False,False,False,False,False,False,False,False,2015,2,9.3,10.2,32.13,1215,0.5904657166575917,2015,False,False
2015,2,Winter,35.536944444444444,140.02,15.3,100,Tokyo,7.5,-297.0,74.7,12.2,35.1,4.37,0.66,35.6,0.47,0.0,9.1,90.9,False,False,False,False,False,False,False,False,False,False,False,False,False,False,False,False,False,False,False,False,False,False,False,False,2015,2,9.2,10.2,32.1,129,0.4085553603445186,2015,False,False
2015,2,Winter,35.34361111111112,139.79944444444445,13.8,100,Tokyo,7.7,-110.0,30.4,3.8,5.7,0.9,0.39,7.3,0.19,0.0,36.0,64.0,False,False,False,False,False,False,False,False,False,False,False,False,False,False,False,False,False,False,False,False,False,False,False,False,2015,2,8.7,10.7,32.36,1235,1.0996890622251891,2015,False,False
2015,2,Winter,35.559999999999995,139.8211111111111,16.2,100,Tokyo,7.6,-270.0,68.4,9.7,24.5,3.11,0.77,26.9,1.26,0.05,0.4,99.6,True,False,False,False,False,False,False,False,False,False,False,False,False,False,False,False,False,False,False,False,False,False,False,False,2015,2,8.3,11.8,33.1,1318,0.3706493848336432,2015,False,False
2015,2,Winter,35.4675,139.85277777777776,28.3,100,Tokyo,7.7,-277.0,65.9,10.5,21.6,3.59,0.78,31.4,0.81,0.05,1.7,98.3,True,False,False,False,False,False,False,False,False,False,False,False,False,False,False,False,False,False,False,False,False,False,False,False,2015,2,8.0,12.4,33.5,1326,2.012494465836712e-06,2015,False,False
2015,2,Winter,35.46083333333333,139.74805555555554,27.3,100,Tokyo,7.7,-352.0,79.6,13.9,35.5,3.79,0.82,27.9,0.99,1.73,67.07,31.2,False,False,False,False,False,False,False,False,False,False,False,False,False,False,False,False,False,False,False,False,False,False,False,False,2015,2,8.3,11.2,32.7,1432,4.0423459997519365e-06,2015,False,False
2015,1,Winter,34.93666666666666,136.80194444444444,6.6,201,Ise,7.9,110.0,16.2,2.7,0.3,0.11,0.26,1.5,0.01,0.3,98.9,0.8,False,False,False,False,False,False,False,False,False,False,False,False,False,False,False,False,False,False,False,False,False,False,False,False,2015,1,9.2,9.9,31.9,2310,4.068297542329713e-06,2015,False,False
2015,1,Winter,34.723333333333336,137.1186111111111,15.9,202,Ise,8.2,-380.0,63.5,10.5,54.3,3.6,0.69,32.0,1.2,0.05,10.1,89.9,True,False,False,False,False,False,False,False,False,False,False,False,False,False,False,False,False,False,False,False,False,False,False,False,2015,1,10.6,8.7,31.88,2359,1.0810001764324187e-06,2015,False,False
2015,1,Winter,34.75333333333333,137.28861111111112,7.9,202,Ise,8.1,-330.0,49.7,7.0,25.0,1.7,0.53,21.0,0.12,0.05,12.6,87.4,True,False,False,False,False,False,False,False,False,False,False,False,False,False,False,False,False,False,False,False,False,False,False,False,2015,1,11.3,6.6,30.68,2361,1.0806565858142234e-06,2015,False,False
2015,1,Winter,34.98722222222222,136.68027777777775,13.0,201,Ise,7.8,-331.0,71.0,10.0,23.0,2.0,0.73,16.0,0.36,0.05,1.3,98.7,True,False,False,False,False,False,False,False,False,False,False,False,False,False,False,False,False,False,False,False,False,False,False,False,2015,1,8.7,10.0,31.6,244,2.0394666780280975e-06,2015,False,False
2015,1,Winter,34.88972222222222,136.66361111111112,14.6,201,Ise,7.8,-308.0,63.0,10.0,15.0,2.2,0.61,14.0,0.37,2.3,4.9,92.7,False,False,False,False,False,False,False,False,False,False,False,False,False,False,False,False,False,False,False,False,False,False,False,False,2015,1,9.5,9.0,30.7,2411,1.0431147913434693e-06,2015,False,False
2015,1,Winter,34.669999999999995,136.5975,25.9,201,Ise,7.6,-384.0,75.0,12.0,18.0,3.0,0.54,16.0,0.32,0.2,0.5,99.3,False,False,False,False,False,False,False,False,False,False,False,False,False,False,False,False,False,False,False,False,False,False,False,False,2015,1,9.6,9.0,31.1,2427,7.073230889886872e-13,2015,False,False
2015,1,Winter,34.65833333333333,135.40916666666666,15.0,301,SIS,8.0,,73.1,10.0,28.0,2.8,0.55,22.0,1.5,0.3,1.9,97.8,False,False,False,False,False,False,False,False,False,False,False,False,False,False,False,False,False,False,False,False,False,False,False,False,2015,1,8.2,10.4,31.31,272,3.0712552024428725e-06,2015,False,False
2015,1,Winter,34.439722222222215,135.13722222222222,32.0,302,SIS,7.8,-173.0,52.6,6.0,15.0,1.4,0.41,12.0,0.11,0.7,16.6,82.7,False,False,False,False,False,False,False,False,False,False,False,False,False,False,False,False,False,False,False,False,False,False,False,False,2015,1,9.1,11.3,31.61,2744,2.052811989601796e-06,2015,False,False
2015,1,Winter,34.65833333333333,135.26388888888889,17.0,301,SIS,7.92,-360.0,61.6,11.2,30.5,3.08,0.75,1.3,0.9,0.0,80.1,19.9,False,False,False,False,False,False,False,False,False,False,False,False,False,False,False,False,False,False,False,False,False,False,False,False,2015,1,8.9,10.9,31.76,2823,1.0817522709564292e-06,2015,False,False
2015,1,Winter,34.60333333333333,134.61388888888888,39.0,305,SIS,8.14,-38.0,49.5,7.9,17.2,1.58,0.39,1.0,0.005,0.1,60.5,39.4,False,False,False,False,False,False,False,False,False,False,False,False,False,False,False,False,False,False,False,False,False,False,True,False,2015,1,9.3,10.4,31.98,28143,1.0823854829045792e-06,2015,False,False
2015,1,Winter,34.11277777777778,135.00833333333333,63.1,303,SIS,7.5,-249.0,36.0,6.2,9.6,1.17,0.44,8.04,0.005,3.75,73.87,22.38,False,False,False,False,False,False,False,False,False,False,False,False,False,False,False,False,False,False,False,False,False,False,True,False,2015,1,7.2,13.7,27.43,3079,3.0786714110954903e-06,2015,False,False
2015,1,Winter,34.38666666666666,133.24055555555557,13.0,309,SIS,7.7,-297.0,54.0,6.3,14.5,0.93,0.39,9.32,0.03,6.72,62.23,31.05,False,False,False,False,False,False,False,False,False,False,False,False,False,False,False,False,False,False,False,False,False,False,False,False,2015,1,9.1,10.8,33.23,34312,0.49419955044346753,2015,False,False
2015,1,Winter,34.333333333333336,132.45583333333332,21.0,312,SIS,7.8,-369.0,62.4,8.3,19.1,1.66,0.49,18.6,0.08,6.91,74.29,18.8,False,False,False,False,False,False,False,False,False,False,False,False,False,False,False,False,False,False,False,False,False,False,False,False,2015,1,8.2,12.5,32.9,34396,3.0830756027894546e-06,2015,False,False
2015,1,Winter,34.30305555555555,132.35305555555556,27.0,312,SIS,7.8,-333.0,76.0,11.0,26.3,2.64,0.65,19.6,0.32,5.29,84.72,9.99,False,False,False,False,False,False,False,False,False,False,False,False,False,False,False,False,False,False,False,False,False,False,False,False,2015,1,8.7,12.7,32.49,34410,6.410111599588196e-07,2015,False,False
2015,1,Winter,33.99666666666667,132.29222222222222,17.1,312,SIS,7.510000000000001,-62.666666666666686,55.79736269982528,9.16055416531813,15.962733073980822,1.4596732298533122,0.52544,14.837106370925904,0.3025551910606137,0.05,24.55586261350178,75.44413738649823,True,False,False,False,False,False,False,False,False,False,False,False,False,False,False,False,False,False,False,False,False,False,False,False,2015,1,10.0,11.2,32.81,35426,2.0818909855812816e-06,2015,False,False
2015,1,Winter,34.03805555555555,131.70083333333332,12.6,315,SIS,7.443333333333334,-101.0,54.05665323115295,9.467721869580776,18.915369273101994,1.9495586134493352,0.60888,18.311265343427657,0.448804939689013,0.05,29.466470876162496,70.5335291238375,True,False,False,False,False,False,False,False,False,False,False,False,False,False,False,False,False,False,False,False,False,False,False,False,2015,1,9.5,10.1,33.29,35550,3.1109519614069765e-06,2015,False,False
2015,1,Winter,33.78333333333333,131.3252777777778,25.3,316,SIS,7.386666666666667,-133.66666666666669,56.05862156077732,9.062937401704389,15.164304991681604,2.080639142294725,0.4947849999999999,14.416518183549243,0.2527584228577645,0.3,33.00039952057532,66.67998401917704,False,False,False,False,False,False,False,False,False,False,False,False,False,False,False,False,False,False,False,False,False,False,False,False,2015,1,9.9,9.7,33.21,35598,2.0869368062898815e-06,2015,False,False
2015,1,Winter,34.282222222222224,134.3538888888889,20.6,306,SIS,7.6,-321.0,62.9,9.9,16.1,2.11,0.55,14.8,0.16,4.07,73.45,22.48,False,False,False,False,False,False,False,False,False,False,False,False,False,False,False,False,False,False,False,False,False,False,False,False,2015,1,9.7,9.3,31.75,37181,1.0503382490329312e-06,2015,False,False
2015,1,Winter,34.11138888888889,133.6275,10.0,310,SIS,7.5,-305.0,34.4,4.4,9.5,0.99,0.34,7.87,0.14,0.46,76.5,23.04,False,False,False,False,False,False,False,False,False,False,False,False,False,False,False,False,False,False,False,False,False,False,False,False,2015,1,9.8,10.1,32.16,37254,1.2354953859983198e-07,2015,False,False
2015,1,Winter,34.056666666666665,133.49749999999997,21.0,310,SIS,7.6,-341.0,72.4,9.5,16.8,1.96,0.57,14.0,0.09,6.73,80.39,12.88,False,False,False,False,False,False,False,False,False,False,False,False,False,False,False,False,False,False,False,False,False,False,False,False,2015,1,7.9,9.8,32.823,38274,3.706493231318329e-07,2015,False,False
2015,1,Winter,34.00333333333333,133.1725,13.6,310,SIS,7.6,-305.0,58.2,7.1,14.3,1.27,0.56,9.64,0.05,6.53,59.58,33.89,False,False,False,False,False,False,False,False,False,False,False,False,False,False,False,False,False,False,False,False,False,False,False,False,2015,1,9.1,11.4,33.15,38328,3.706493231225849e-07,2015,False,False
2015,1,Winter,33.641666666666666,131.13333333333333,8.3,316,SIS,7.6,-277.0,64.7,12.4,22.6,1.76,0.55,18.3,0.27,15.0,64.11,20.9,False,False,False,False,False,False,False,False,False,False,False,False,False,False,False,False,False,False,False,False,False,False,False,False,2015,1,11.25,9.1,32.57,40617,0.4369721738421311,2015,False,False
2015,1,Winter,33.086666666666666,130.3477777777778,4.9,400,SIS,7.623333333333332,-214.0,55.5,8.2,11.9,1.69,0.7,16.7,0.41,0.0,15.3,84.7,False,False,False,False,False,False,False,False,False,False,False,False,False,False,False,False,False,False,False,False,False,False,False,False,2015,1,11.25,9.1,32.57,40617,95.1390112217963,2015,True,False
2015,1,Winter,32.99166666666667,130.34944444444446,7.9,400,SIS,8.173333333333334,-12.633333333333333,17.1,2.5,1.5,0.3,0.35,0.72,0.05,0.0,96.2,3.8,False,False,False,False,False,False,False,False,False,False,False,False,False,False,False,False,False,False,False,False,False,False,False,False,2015,1,11.25,9.1,32.57,40617,102.18722696229352,2015,True,False
2015,1,Winter,33.09055555555556,130.15444444444444,3.1,400,SIS,7.653333333333333,-134.33333333333334,69.1,10.5,12.9,2.41,0.75,17.9,0.16,0.0,1.4,98.6,False,False,False,False,False,False,False,False,False,False,False,False,False,False,False,False,False,False,False,False,False,False,False,False,2015,1,11.25,9.1,32.57,40617,109.23363830423409,2015,True,False
2015,1,Winter,33.12,130.23111111111112,4.7,400,SIS,8.769999999999998,-87.0,64.7,10.3,9.9,2.3,0.72,21.7,0.22,0.0,0.2,99.8,False,False,False,False,False,False,False,False,False,False,False,False,False,False,False,False,False,False,False,False,False,False,False,False,2015,1,11.25,9.1,32.57,40617,101.49396129962071,2015,True,False
2015,1,Winter,33.045,130.23777777777775,15.7,400,SIS,8.0,-357.3333333333333,52.0,8.1,7.3,1.39,0.61,13.2,0.26,0.0,18.5,81.5,False,False,False,False,False,False,False,False,False,False,False,False,False,False,False,False,False,False,False,False,False,False,False,False,2015,1,11.25,9.1,32.57,40617,105.99411125332038,2015,True,False
2015,1,Winter,32.93666666666666,130.33333333333334,27.5,400,SIS,8.31,70.66666666666667,17.8,2.6,1.6,0.36,0.41,0.57,0.07,12.6,81.5,5.9,False,False,False,False,False,False,False,False,False,False,False,False,False,False,False,False,False,False,False,False,False,False,False,False,2015,1,11.25,9.1,32.57,40617,107.62071483510371,2015,True,False
2015,1,Winter,32.89666666666667,130.20777777777778,8.9,400,SIS,7.896666666666666,-382.6666666666667,64.0,10.0,11.1,2.23,0.62,15.0,0.11,0.0,8.7,91.3,False,False,False,False,False,False,False,False,False,False,False,False,False,False,False,False,False,False,False,False,False,False,False,False,2015,1,11.25,9.1,32.57,40617,119.01997409460549,2015,True,False
2015,1,Winter,32.81333333333333,130.39777777777778,47.3,400,SIS,8.32,216.66666666666663,18.4,2.0,1.4,0.28,0.43,0.79,0.005,3.2,93.0,3.8,False,False,False,False,False,False,False,False,False,False,False,False,False,False,False,False,False,False,False,False,False,False,True,False,2015,1,11.25,9.1,32.57,40617,114.30057398616711,2015,True,False
2015,2,Winter,32.74,130.09166666666667,37.9,600,SIS,7.87,-370.0,61.9,12.4,14.4,2.45,0.66,18.3,0.19,0.0,2.5,97.5,False,False,False,False,False,False,False,False,False,False,False,False,False,False,False,False,False,False,False,False,False,False,False,False,2015,2,11.25,9.1,32.57,40617,139.02673816258616,2015,True,False
2015,2,Winter,32.74,130.185,38.1,600,SIS,7.783333333333334,-366.3333333333333,72.8,12.6,22.6,3.01,0.71,22.9,0.13,0.0,1.5,98.5,False,False,False,False,False,False,False,False,False,False,False,False,False,False,False,False,False,False,False,False,False,False,False,False,2015,2,11.25,9.1,32.57,40617,133.13245332525227,2015,True,False
2015,2,Winter,32.685,130.005,34.8,600,SIS,7.776666666666666,-329.6666666666667,41.2,7.5,5.1,1.16,0.55,7.4,0.03,0.0,53.6,46.4,False,False,False,False,False,False,False,False,False,False,False,False,False,False,False,False,False,False,False,False,False,False,False,False,2015,2,11.25,9.1,32.57,40617,149.06083823559445,2015,True,False
2015,2,Winter,32.685,130.105,40.5,600,SIS,7.7,-127.33333333333331,45.3,7.6,6.4,1.27,0.51,8.34,0.07,0.3,48.7,51.0,False,False,False,False,False,False,False,False,False,False,False,False,False,False,False,False,False,False,False,False,False,False,False,False,2015,2,11.25,9.1,32.57,40617,142.67059349576127,2015,True,False
2015,2,Winter,32.63166666666667,129.92888888888888,53.1,600,SIS,7.753333333333333,-158.66666666666666,48.0,9.2,7.1,1.61,0.64,10.5,0.05,0.0,38.5,61.5,False,False,False,False,False,False,False,False,False,False,False,False,False,False,False,False,False,False,False,False,False,False,False,False,2015,2,11.25,9.1,32.57,40617,158.28510045750994,2015,True,False
2015,2,Winter,32.625,130.02166666666668,54.2,600,SIS,7.73666666666667,94.33333333333331,28.5,4.3,2.6,0.44,0.51,1.2,0.01,7.3,84.1,8.6,False,False,False,False,False,False,False,False,False,False,False,False,False,False,False,False,False,False,False,False,False,False,False,False,2015,2,11.25,9.1,32.57,40617,152.8483019883832,2015,True,False
2015,1,Winter,32.81666666666667,130.5011111111111,14.1,400,SIS,7.733333333333333,-151.33333333333334,48.3,7.4,6.5,1.37,0.57,9.81,0.02,0.0,26.1,73.9,False,False,False,False,False,False,False,False,False,False,False,False,False,False,False,False,False,False,False,False,False,False,False,False,2015,1,8.4,12.2,33.34,44578,107.89349129950863,2015,True,False
2015,1,Winter,32.74333333333333,130.56194444444446,5.6,400,SIS,7.793333333333333,-129.0,27.6,3.3,5.5,0.58,0.37,4.85,0.63,0.1,73.2,26.7,False,False,False,False,False,False,False,False,False,False,False,False,False,False,False,False,False,False,False,False,False,False,False,False,2015,1,8.4,12.2,33.34,44578,107.30442609795942,2015,True,False
2015,1,Winter,32.74861111111111,130.45916666666665,49.3,400,SIS,7.806666666666666,-241.66666666666663,45.7,7.7,6.2,1.25,0.57,6.51,0.01,0.0,57.8,42.2,False,False,False,False,False,False,False,False,False,False,False,False,False,False,False,False,False,False,False,False,False,False,False,False,2015,1,8.4,12.2,33.34,44578,115.079641224355,2015,True,False
2015,1,Winter,32.623333333333335,130.37611111111113,53.5,400,SIS,7.906666666666666,141.33333333333334,18.7,2.9,1.3,0.34,0.43,0.35,0.16,10.2,84.2,5.6,False,False,False,False,False,False,False,False,False,False,False,False,False,False,False,False,False,False,False,False,False,False,False,False,2015,1,8.4,12.2,33.34,44578,129.19482358290225,2015,True,False
2015,1,Winter,32.611666666666665,130.58972222222224,4.9,500,SIS,7.87,-60.333333333333336,59.7,8.3,10.3,2.08,0.66,15.6,0.07,0.0,0.8,99.2,False,False,False,False,False,False,False,False,False,False,False,False,False,False,False,False,False,False,False,False,False,False,False,False,2015,1,8.4,12.2,33.34,44578,114.17457574625537,2015,True,False
2015,1,Winter,32.575,130.54611111111112,8.0,500,SIS,7.693333333333332,-116.66666666666669,60.0,8.3,12.9,2.08,0.63,14.1,0.45,0.0,0.7000000000000001,99.3,False,False,False,False,False,False,False,False,False,False,False,False,False,False,False,False,False,False,False,False,False,False,False,False,2015,1,8.4,12.2,33.34,44578,119.93324133027195,2015,True,False
2015,1,Winter,32.50333333333333,130.52,11.4,500,SIS,7.733333333333333,-134.66666666666666,40.3,5.8,6.7,1.2,0.41,8.71,0.19,0.0,24.4,75.6,False,False,False,False,False,False,False,False,False,False,False,False,False,False,False,False,False,False,False,False,False,False,False,False,2015,1,8.4,12.2,33.34,44578,127.09697144420366,2015,True,False
2015,1,Winter,32.41166666666666,130.46194444444444,34.1,500,SIS,8.066666666666668,-303.3333333333333,61.3,8.4,12.9,2.07,0.5,13.6,0.17,8.6,6.699999999999999,84.7,False,False,False,False,False,False,False,False,False,False,False,False,False,False,False,False,False,False,False,False,False,False,False,False,2015,1,8.4,12.2,33.34,44578,138.0927301285739,2015,True,False
2015,1,Winter,32.29,130.39027777777778,48.8,500,SIS,7.833333333333333,-58.66666666666666,50.3,9.5,8.1,1.66,0.57,7.7,0.1,0.0,33.8,66.2,False,False,False,False,False,False,False,False,False,False,False,False,False,False,False,False,False,False,False,False,False,False,False,False,2015,1,8.4,12.2,33.34,44578,152.47498872883105,2015,True,False
2015,1,Winter,32.37583333333333,130.2827777777778,39.4,500,SIS,7.68,-80.66666666666667,47.9,9.5,8.0,1.77,0.72,5.78,0.1,0.2,36.7,63.1,False,False,False,False,False,False,False,False,False,False,False,False,False,False,False,False,False,False,False,False,False,False,False,False,2015,1,8.4,12.2,33.34,44578,153.10784526113198,2015,True,False
2015,1,Winter,32.293055555555554,130.1638888888889,15.5,500,SIS,7.95,118.0,20.7,3.6,1.4,0.48,0.633,0.32,0.005,16.9,82.10000000000001,1.0,False,False,False,False,False,False,False,False,False,False,False,False,False,False,False,False,False,False,False,False,False,False,True,False,2015,1,8.4,12.2,33.34,44578,167.5737322807336,2015,True,False
2015,1,Winter,33.306666666666665,131.61083333333332,56.0,314,SIS,7.7,-244.0,74.5,13.1,20.6,2.4,0.61,20.0,0.06,1.93,70.37,27.7,False,False,False,False,False,False,False,False,False,False,False,False,False,False,False,False,False,False,False,False,False,False,False,False,2015,1,8.5,11.8,33.15,44528,4.830500351793654e-07,2015,False,False
2015,1,Winter,32.24027777777778,130.2313888888889,40.5,500,SIS,7.81,115.0,21.8,4.0,1.6,0.31,0.43,0.67,0.005,0.0,95.3,4.7,False,False,False,False,False,False,False,False,False,False,False,False,False,False,False,False,False,False,False,False,False,False,True,False,2015,1,8.4,12.2,33.34,44578,166.90264830916988,2015,True,False
2015,1,Winter,32.19083333333333,130.2713888888889,38.3,500,SIS,7.896666666666667,-51.333333333333336,45.3,7.2,6.8,1.22,0.42,6.94,0.06,0.4,47.8,51.8,False,False,False,False,False,False,False,False,False,False,False,False,False,False,False,False,False,False,False,False,False,False,False,False,2015,1,8.4,12.2,33.34,44578,168.1702387314479,2015,True,False
2015,1,Winter,32.13,130.30472222222224,15.1,500,SIS,7.746666666666666,-94.66666666666669,36.7,5.1,6.8,0.79,0.37,6.53,0.11,5.0,32.8,62.2,False,False,False,False,False,False,False,False,False,False,False,False,False,False,False,False,False,False,False,False,False,False,False,False,2015,1,8.4,12.2,33.34,44578,171.05204477934865,2015,True,False
2016,2,Winter,35.61055555555556,139.89777777777778,7.6,100,Tokyo,8.0,-94.0,47.2,8.0,13.8,0.6,0.51,12.6,0.14,0.1,22.9,77.0,False,False,False,False,False,False,False,False,False,False,False,False,False,False,False,False,False,False,False,False,False,False,False,False,2016,2,9.6,10.8,31.45,1212,0.2798600340455486,2016,False,False
2016,2,Winter,35.645833333333336,139.99027777777778,5.8,100,Tokyo,7.7,112.0,27.7,2.1,3.5,0.22,0.23,2.3,0.11,0.3,91.1,8.6,False,False,False,False,False,False,False,False,False,False,False,False,False,False,False,False,False,False,False,False,False,False,False,False,2016,2,9.7,11.8,31.29,122,0.1564635574419385,2016,False,False
2016,2,Winter,35.60527777777778,140.06111111111113,9.1,100,Tokyo,7.7,-124.0,82.2,16.0,35.5,3.02,0.8,32.5,0.23,0.4,4.8,94.8,False,False,False,False,False,False,False,False,False,False,False,False,False,False,False,False,False,False,False,False,False,False,False,False,2016,2,9.2,10.8,31.95,124,0.03981019418112153,2016,False,False
2016,2,Winter,35.550555555555555,139.91,18.2,100,Tokyo,7.7,-151.0,78.3,16.9,27.9,2.44,0.6,36.5,1.2,0.3,5.3,94.4,False,False,False,False,False,False,False,False,False,False,False,False,False,False,False,False,False,False,False,False,False,False,False,False,2016,2,9.2,10.8,32.23,1215,0.5904657166575917,2016,False,False
2016,2,Winter,35.536944444444444,140.02,15.8,100,Tokyo,7.9,-127.0,74.2,14.8,22.0,2.06,0.58,27.4,0.43,0.1,5.5,94.4,False,False,False,False,False,False,False,False,False,False,False,False,False,False,False,False,False,False,False,False,False,False,False,False,2016,2,8.5,12.5,32.95,129,0.4085553603445186,2016,False,False
2016,2,Winter,35.34361111111112,139.79944444444445,14.0,100,Tokyo,7.8,-18.0,57.1,10.5,15.7,1.0,0.41,10.1,0.08,1.9,73.3,24.8,False,False,False,False,False,False,False,False,False,False,False,False,False,False,False,False,False,False,False,False,False,False,False,False,2016,2,9.1,12.1,32.81,1235,1.0996890622251891,2016,False,False
2016,2,Winter,35.559999999999995,139.8211111111111,16.5,100,Tokyo,7.8,-115.0,65.4,10.2,33.5,3.11,0.81,25.1,2.22,0.05,0.5,99.5,True,False,False,False,False,False,False,False,False,False,False,False,False,False,False,False,False,False,False,False,False,False,False,False,2016,2,8.0,12.0,33.1,1318,0.3706493848336432,2016,False,False
2016,2,Winter,35.4675,139.85277777777776,28.5,100,Tokyo,7.6,49.0,61.5,11.7,33.1,4.04,0.87,28.2,0.69,0.05,1.9,98.1,True,False,False,False,False,False,False,False,False,False,False,False,False,False,False,False,False,False,False,False,False,False,False,False,2016,2,7.3,13.1,33.8,1326,2.012494465836712e-06,2016,False,False
2016,2,Winter,35.46083333333333,139.74805555555554,27.4,100,Tokyo,7.7,-376.0,67.3,12.1,22.8,3.58,0.8,30.2,0.91,0.5,70.15,29.35,False,False,False,False,False,False,False,False,False,False,False,False,False,False,False,False,False,False,False,False,False,False,False,False,2016,2,6.9,13.3,34.04,1432,4.0423459997519365e-06,2016,False,False
2016,2,Winter,35.46083333333333,139.74805555555554,27.4,100,Tokyo,7.7,-376.0,67.3,12.1,22.8,3.58,0.8,30.2,0.91,0.5,70.15,29.35,False,False,False,False,False,False,False,False,False,False,False,False,False,False,False,False,False,False,False,False,False,False,False,False,2016,2,6.9,13.3,34.04,1432,4.0423459997519365e-06,2016,False,False
2016,1,Winter,34.93666666666666,136.80194444444444,8.0,201,Ise,7.6,50.0,20.5,1.3,7.2,0.13,0.19,2.4,0.01,1.0,95.2,3.8,False,False,False,False,False,False,False,False,False,False,False,False,False,False,False,False,False,False,False,False,False,False,False,False,2016,1,8.3,14.0,32.5,2310,4.068297542329713e-06,2016,False,False
2016,1,Winter,34.723333333333336,137.1186111111111,16.9,202,Ise,8.2,-320.0,50.5,7.3,11.0,2.5,0.49,27.0,0.48,4.4,45.3,50.3,False,False,False,False,False,False,False,False,False,False,False,False,False,False,False,False,False,False,False,False,False,False,False,False,2016,1,10.3,10.6,31.4,2359,1.0810001764324187e-06,2016,False,False
2016,1,Winter,34.75333333333333,137.28861111111112,9.1,202,Ise,7.9,-360.0,45.7,7.2,6.9,1.6,0.46,24.0,0.05,1.1,49.9,49.0,False,False,False,False,False,False,False,False,False,False,False,False,False,False,False,False,False,False,False,False,False,False,False,False,2016,1,11.2,9.4,30.4,2361,1.0806565858142234e-06,2016,False,False
2016,1,Winter,34.88972222222222,136.66361111111112,15.5,201,Ise,7.7,-330.0,64.0,8.9,15.0,2.4,0.66,17.0,0.3,7.2,4.9,87.9,False,False,False,False,False,False,False,False,False,False,False,False,False,False,False,False,False,False,False,False,False,False,False,False,2016,1,9.6,11.8,30.7,2411,1.0431147913434693e-06,2016,False,False
2016,1,Winter,34.669999999999995,136.5975,26.0,201,Ise,7.4,-390.0,79.0,12.0,26.0,3.7,0.64,27.0,0.51,0.05,0.1,99.8,True,False,False,False,False,False,False,False,False,False,False,False,False,False,False,False,False,False,False,False,False,False,False,False,2016,1,8.5,12.4,30.8,2427,7.073230889886872e-13,2016,False,False
2016,1,Winter,34.98722222222222,136.68027777777775,13.0,201,Ise,7.7,-320.0,69.0,8.6,15.0,1.7,0.62,14.0,0.3,0.3,1.1,98.5,False,False,False,False,False,False,False,False,False,False,False,False,False,False,False,False,False,False,False,False,False,False,False,False,2016,1,7.1,13.9,31.4,244,2.0394666780280975e-06,2016,False,False
2016,1,Winter,34.65833333333333,135.40916666666666,14.2,301,SIS,7.8,,76.2,10.0,45.0,2.9,0.65,22.0,1.9,1.7,5.5,92.8,False,False,False,False,False,False,False,False,False,False,False,False,False,False,False,False,False,False,False,False,False,False,False,False,2016,1,5.7,15.3,31.86,272,3.0712552024428725e-06,2016,False,False
2016,1,Winter,34.439722222222215,135.13722222222222,31.4,302,SIS,7.9,-378.0,58.2,6.8,20.0,1.7,0.46,11.0,0.13,0.4,27.7,71.9,False,False,False,False,False,False,False,False,False,False,False,False,False,False,False,False,False,False,False,False,False,False,False,False,2016,1,8.0,15.1,32.41,2744,2.052811989601796e-06,2016,False,False
2016,1,Winter,34.65833333333333,135.26388888888889,16.0,301,SIS,7.64,-320.0,62.0,10.7,32.4,2.97,0.73,22.1,0.92,1.3,65.3,33.4,False,False,False,False,False,False,False,False,False,False,False,False,False,False,False,False,False,False,False,False,False,False,False,False,2016,1,7.9,14.6,31.8,2823,1.0817522709564292e-06,2016,False,False
2016,1,Winter,34.60333333333333,134.61388888888888,39.0,305,SIS,7.68,44.0,49.0,7.6,9.7,1.4,0.37,10.2,0.02,0.1,56.0,42.5,False,False,False,False,False,False,False,False,False,False,False,False,False,False,False,False,False,False,False,False,False,False,False,False,2016,1,8.7,14.2,31.55,28143,1.0823854829045792e-06,2016,False,False
2016,1,Winter,34.11277777777778,135.00833333333333,60.0,303,SIS,7.8,-143.0,32.4,5.4,6.8,0.87,0.36,6.46,0.005,4.32,73.69,21.98,False,False,False,False,False,False,False,False,False,False,False,False,False,False,False,False,False,False,False,False,False,False,True,False,2016,1,7.8,15.2,31.51,3079,3.0786714110954903e-06,2016,False,False
2016,1,Winter,34.11277777777778,135.00833333333333,60.0,303,SIS,7.8,-143.0,32.4,5.4,6.8,0.87,0.36,6.46,0.005,4.32,73.69,21.98,False,False,False,False,False,False,False,False,False,False,False,False,False,False,False,False,False,False,False,False,False,False,True,False,2016,1,7.8,15.2,31.51,3079,3.0786714110954903e-06,2016,False,False
2016,2,Winter,34.38666666666666,133.24055555555557,14.0,309,SIS,7.5,-321.0,40.6,6.34,8.6,0.93,0.46,7.38,0.04,3.82,67.54,28.65,False,False,False,False,False,False,False,False,False,False,False,False,False,False,False,False,False,False,False,False,False,False,False,False,2016,2,9.4,10.5,33.4,34312,0.49419955044346753,2016,False,False
2016,2,Winter,34.38666666666666,133.24055555555557,14.0,309,SIS,7.5,-321.0,40.6,6.34,8.6,0.93,0.46,7.38,0.04,3.82,67.54,28.65,False,False,False,False,False,False,False,False,False,False,False,False,False,False,False,False,False,False,False,False,False,False,False,False,2016,2,9.4,10.5,33.4,34312,0.49419955044346753,2016,False,False
2016,2,Winter,34.333333333333336,132.45583333333332,20.0,312,SIS,7.5,-284.0,57.5,10.4,16.4,2.24,0.63,21.6,0.07,4.39,73.53,22.08,False,False,False,False,False,False,False,False,False,False,False,False,False,False,False,False,False,False,False,False,False,False,False,False,2016,2,8.3,11.8,33.4,34396,3.0830756027894546e-06,2016,False,False
2016,2,Winter,34.30305555555555,132.35305555555556,27.0,312,SIS,7.6,-332.0,67.1,12.0,16.3,2.8,0.7,21.7,0.16,2.5,74.39,23.1,False,False,False,False,False,False,False,False,False,False,False,False,False,False,False,False,False,False,False,False,False,False,False,False,2016,2,8.4,12.0,33.82,34410,6.410111599588196e-07,2016,False,False
2016,2,Winter,34.333333333333336,132.45583333333332,20.0,312,SIS,7.5,-284.0,57.5,10.4,16.4,2.24,0.63,21.6,0.07,4.39,73.53,22.08,False,False,False,False,False,False,False,False,False,False,False,False,False,False,False,False,False,False,False,False,False,False,False,False,2016,2,8.3,11.8,33.4,34396,3.0830756027894546e-06,2016,False,False
2016,2,Winter,34.30305555555555,132.35305555555556,27.0,312,SIS,7.6,-332.0,67.1,12.0,16.3,2.8,0.7,21.7,0.16,2.5,74.39,23.1,False,False,False,False,False,False,False,False,False,False,False,False,False,False,False,False,False,False,False,False,False,False,False,False,2016,2,8.4,12.0,33.82,34410,6.410111599588196e-07,2016,False,False
2016,1,Winter,33.99666666666667,132.29222222222222,15.9,312,SIS,7.7,-49.0,49.8,9.7,20.1,2.46,0.52,13.4,0.21,0.05,4.4,95.6,True,False,False,False,False,False,False,False,False,False,False,False,False,False,False,False,False,False,False,False,False,False,False,False,2016,1,9.5,11.8,32.94,35426,2.0818909855812816e-06,2016,False,False
2016,1,Winter,34.03805555555555,131.70083333333332,11.5,315,SIS,7.7,-158.0,53.4,10.0,25.0,2.88,0.61,16.9,0.38,0.05,21.1,78.9,True,False,False,False,False,False,False,False,False,False,False,False,False,False,False,False,False,False,False,False,False,False,False,False,2016,1,8.9,11.4,32.53,35550,3.1109519614069765e-06,2016,False,False
2016,1,Winter,33.78333333333333,131.3252777777778,24.1,316,SIS,7.6,-148.0,54.1,9.8,22.1,2.66,0.57,14.3,0.39,0.05,20.3,79.7,True,False,False,False,False,False,False,False,False,False,False,False,False,False,False,False,False,False,False,False,False,False,False,False,2016,1,9.0,12.5,32.42,35598,2.0869368062898815e-06,2016,False,False
2016,1,Winter,34.282222222222224,134.3538888888889,19.8,306,SIS,7.7,-318.0,58.4,9.32,13.1,1.98,0.54,15.2,0.12,9.7,72.94,17.36,False,False,False,False,False,False,False,False,False,False,False,False,False,False,False,False,False,False,False,False,False,False,False,False,2016,1,8.6,11.9,31.44,37181,1.0503382490329312e-06,2016,False,False
2016,1,Winter,34.282222222222224,134.3538888888889,19.8,306,SIS,7.7,-318.0,58.4,9.32,13.1,1.98,0.54,15.2,0.12,9.7,72.94,17.36,False,False,False,False,False,False,False,False,False,False,False,False,False,False,False,False,False,False,False,False,False,False,False,False,2016,1,8.6,11.9,31.44,37181,1.0503382490329312e-06,2016,False,False
2016,1,Winter,34.11138888888889,133.6275,12.2,310,SIS,7.7,-350.0,31.9,4.56,9.8,0.85,0.4,8.21,0.1,0.69,66.73,32.59,False,False,False,False,False,False,False,False,False,False,False,False,False,False,False,False,False,False,False,False,False,False,False,False,2016,1,9.4,10.2,32.04,37254,1.2354953859983198e-07,2016,False,False
2016,1,Winter,34.11138888888889,133.6275,12.2,310,SIS,7.7,-350.0,31.9,4.56,9.8,0.85,0.4,8.21,0.1,0.69,66.73,32.59,False,False,False,False,False,False,False,False,False,False,False,False,False,False,False,False,False,False,False,False,False,False,False,False,2016,1,9.4,10.2,32.04,37254,1.2354953859983198e-07,2016,False,False
2016,1,Winter,34.056666666666665,133.49749999999997,23.0,310,SIS,7.6,-223.0,63.1,10.0,14.6,2.1,0.62,15.1,0.02,5.51,74.1,20.38,False,False,False,False,False,False,False,False,False,False,False,False,False,False,False,False,False,False,False,False,False,False,False,False,2016,1,9.3,10.5,32.197,38274,3.706493231318329e-07,2016,False,False
2016,1,Winter,34.00333333333333,133.1725,14.7,310,SIS,7.6,-303.0,46.9,6.84,11.2,1.26,0.56,10.4,0.03,2.42,58.62,38.96,False,False,False,False,False,False,False,False,False,False,False,False,False,False,False,False,False,False,False,False,False,False,False,False,2016,1,8.9,13.3,32.593,38328,3.706493231225849e-07,2016,False,False
2016,1,Winter,34.056666666666665,133.49749999999997,23.0,310,SIS,7.6,-223.0,63.1,10.0,14.6,2.1,0.62,15.1,0.02,5.51,74.1,20.38,False,False,False,False,False,False,False,False,False,False,False,False,False,False,False,False,False,False,False,False,False,False,False,False,2016,1,9.3,10.5,32.197,38274,3.706493231318329e-07,2016,False,False
2016,1,Winter,34.00333333333333,133.1725,14.7,310,SIS,7.6,-303.0,46.9,6.84,11.2,1.26,0.56,10.4,0.03,2.42,58.62,38.96,False,False,False,False,False,False,False,False,False,False,False,False,False,False,False,False,False,False,False,False,False,False,False,False,2016,1,8.9,13.3,32.593,38328,3.706493231225849e-07,2016,False,False
2016,1,Winter,33.641666666666666,131.13333333333333,8.6,316,SIS,7.7,-330.0,63.2,12.6,17.6,2.33,0.6,23.3,0.32,2.99,70.37,26.64,False,False,False,False,False,False,False,False,False,False,False,False,False,False,False,False,False,False,False,False,False,False,False,False,2016,1,9.4,11.0,32.21,40617,0.4369721738421311,2016,False,False
2016,1,Winter,33.641666666666666,131.13333333333333,8.6,316,SIS,7.7,-330.0,63.2,12.6,17.6,2.33,0.6,23.3,0.32,2.99,70.37,26.64,False,False,False,False,False,False,False,False,False,False,False,False,False,False,False,False,False,False,False,False,False,False,False,False,2016,1,9.4,11.0,32.21,40617,0.4369721738421311,2016,False,False
2016,1,Winter,33.306666666666665,131.61083333333332,55.1,314,SIS,7.8,-355.0,67.3,13.3,18.1,2.49,0.66,22.5,0.15,2.58,81.3,16.12,False,False,False,False,False,False,False,False,False,False,False,False,False,False,False,False,False,False,False,False,False,False,False,False,2016,1,8.5,13.5,33.3,44528,4.830500351793654e-07,2016,False,False
2016,1,Winter,33.306666666666665,131.61083333333332,55.1,314,SIS,7.8,-355.0,67.3,13.3,18.1,2.49,0.66,22.5,0.15,2.58,81.3,16.12,False,False,False,False,False,False,False,False,False,False,False,False,False,False,False,False,False,False,False,False,False,False,False,False,2016,1,8.5,13.5,33.3,44528,4.830500351793654e-07,2016,False,False
2017,2,Winter,35.61055555555556,139.89777777777778,7.5,100,Tokyo,7.3,-172.0,42.9,7.5,9.4,1.14,0.63,13.8,0.25,0.7,9.1,90.2,False,False,False,False,False,False,False,False,False,False,False,False,False,False,False,False,False,False,False,False,False,False,False,False,2017,2,9.2,9.9,32.59,1212,0.2798600340455486,2017,False,False
2017,2,Winter,35.645833333333336,139.99027777777778,6.4,100,Tokyo,7.4,,26.2,2.0,2.2,0.3,0.29,1.8,0.08,0.3,93.1,6.6,False,False,False,False,False,False,False,False,False,False,False,False,False,False,False,False,False,False,False,False,False,False,False,False,2017,2,10.9,8.6,31.93,122,0.1564635574419385,2017,False,False
2017,2,Winter,35.60527777777778,140.06111111111113,9.6,100,Tokyo,7.3,-66.0,41.7,6.3,8.2,1.31,0.33,12.8,0.38,1.1,12.6,86.3,False,False,False,False,False,False,False,False,False,False,False,False,False,False,False,False,False,False,False,False,False,False,False,False,2017,2,9.7,8.6,32.03,124,0.03981019418112153,2017,False,False
2017,2,Winter,35.550555555555555,139.91,17.8,100,Tokyo,7.4,-151.0,69.8,14.2,25.1,3.61,0.61,33.6,0.24,0.3,5.6,94.1,False,False,False,False,False,False,False,False,False,False,False,False,False,False,False,False,False,False,False,False,False,False,False,False,2017,2,8.7,9.6,32.61,1215,0.5904657166575917,2017,False,False
2017,2,Winter,35.536944444444444,140.02,15.6,100,Tokyo,7.6,-142.0,68.3,14.2,28.7,3.58,0.52,32.7,0.48,0.1,4.5,95.4,False,False,False,False,False,False,False,False,False,False,False,False,False,False,False,False,False,False,False,False,False,False,False,False,2017,2,9.8,6.4,32.14,129,0.4085553603445186,2017,False,False
2017,2,Winter,35.34361111111112,139.79944444444445,14.2,100,Tokyo,7.8,61.0,27.9,4.9,5.2,0.83,0.36,7.7,0.21,2.0,73.3,24.7,False,False,False,False,False,False,False,False,False,False,False,False,False,False,False,False,False,False,False,False,False,False,False,False,2017,2,9.5,9.0,32.22,1235,1.0996890622251891,2017,False,False
2017,2,Winter,35.559999999999995,139.8211111111111,16.0,100,Tokyo,7.8,-86.0,62.2,12.3,40.1,3.82,0.82,30.3,2.01,0.0,0.5,99.5,False,False,False,False,False,False,False,False,False,False,False,False,False,False,False,False,False,False,False,False,False,False,False,False,2017,2,8.8,11.2,32.6,1318,0.3706493848336432,2017,False,False
2017,2,Winter,35.4675,139.85277777777776,27.9,100,Tokyo,7.7,-145.0,63.3,11.3,37.2,3.41,0.8,25.8,1.2,0.0,0.0,100.0,False,False,False,False,False,False,False,False,False,False,False,False,False,False,False,False,False,False,False,False,False,False,False,False,2017,2,8.7,11.6,32.9,1326,2.012494465836712e-06,2017,False,False
2017,2,Winter,35.46083333333333,139.74805555555554,28.2,100,Tokyo,7.7,-305.0,62.9,11.5,24.5,2.62,0.47,31.8,0.91,0.6,76.3,23.1,False,False,False,False,False,False,False,False,False,False,False,False,False,False,False,False,False,False,False,False,False,False,False,False,2017,2,8.1,12.2,33.52,1432,4.0423459997519365e-06,2017,False,False
2017,1,Winter,34.93666666666666,136.80194444444444,7.4,201,Ise,7.9,-60.0,17.7,1.1,1.5,0.15,0.44,2.7,0.03,1.0,98.0,1.0,False,False,False,False,False,False,False,False,False,False,False,False,False,False,False,False,False,False,False,False,False,False,False,False,2017,1,8.9,10.8,32.228,2310,4.068297542329713e-06,2017,False,False
2017,1,Winter,34.723333333333336,137.1186111111111,16.7,202,Ise,7.9,-290.0,57.8,8.6,34.0,2.7,0.36,26.0,0.79,7.2,73.6,19.2,False,False,False,False,False,False,False,False,False,False,False,False,False,False,False,False,False,False,False,False,False,False,False,False,2017,1,10.4,7.6,31.631,2359,1.0810001764324187e-06,2017,False,False
2017,1,Winter,34.75333333333333,137.28861111111112,9.1,202,Ise,7.9,-320.0,49.9,7.8,21.0,1.7,0.49,23.0,0.35,4.1,89.7,6.2,False,False,False,False,False,False,False,False,False,False,False,False,False,False,False,False,False,False,False,False,False,False,False,False,2017,1,10.7,5.9,29.451,2361,1.0806565858142234e-06,2017,False,False
2017,1,Winter,34.88972222222222,136.66361111111112,14.9,201,Ise,7.8,-244.0,68.5,9.2,14.3,2.4,0.69,19.8,0.72,0.5,2.3,97.1,False,False,False,False,False,False,False,False,False,False,False,False,False,False,False,False,False,False,False,False,False,False,False,False,2017,1,8.7,10.1,31.88,2411,1.0431147913434693e-06,2017,False,False
2017,1,Winter,34.669999999999995,136.5975,25.9,201,Ise,7.58,-339.0,79.1,12.0,23.3,3.6,0.66,26.8,0.77,,6.3,93.7,False,False,False,False,False,False,False,False,False,False,False,False,False,False,False,False,False,False,False,False,False,False,False,False,2017,1,8.0,10.5,31.57,2427,7.073230889886872e-13,2017,False,False
2017,1,Winter,34.98722222222222,136.68027777777775,13.3,201,Ise,7.74,-301.0,69.3,9.0,13.9,2.0,0.83,19.5,1.24,0.7,0.6,98.7,False,False,False,False,False,False,False,False,False,False,False,False,False,False,False,False,False,False,False,False,False,False,False,False,2017,1,6.0,11.5,30.96,244,2.0394666780280975e-06,2017,False,False
2017,1,Winter,34.65833333333333,135.40916666666666,14.6,301,SIS,7.9,-338.0,70.0,9.3,31.0,2.1,0.57,18.0,0.82,1.2,2.7,96.1,False,False,False,False,False,False,False,False,False,False,False,False,False,False,False,False,False,False,False,False,False,False,False,False,2017,1,8.6,11.3,31.59,272,3.0712552024428725e-06,2017,False,False
2017,1,Winter,34.439722222222215,135.13722222222222,31.9,302,SIS,7.8,-334.0,56.2,6.2,17.0,1.4,0.4,10.0,0.13,7.4,26.1,66.5,False,False,False,False,False,False,False,False,False,False,False,False,False,False,False,False,False,False,False,False,False,False,False,False,2017,1,9.0,12.0,32.05,2744,2.052811989601796e-06,2017,False,False
2017,1,Winter,34.65833333333333,135.26388888888889,16.0,301,SIS,7.91,-265.0,59.9,10.5,30.1,2.88,0.8,21.9,0.76,0.1,1.1,98.8,False,False,False,False,False,False,False,False,False,False,False,False,False,False,False,False,False,False,False,False,False,False,False,False,2017,1,8.3,13.5,31.07,2823,1.0817522709564292e-06,2017,False,False
2017,1,Winter,34.60333333333333,134.61388888888888,39.0,305,SIS,7.86,41.0,45.4,6.7,14.2,1.22,0.34,10.5,0.02,0.4,45.8,53.8,False,False,False,False,False,False,False,False,False,False,False,False,False,False,False,False,False,False,False,False,False,False,False,False,2017,1,8.8,13.3,31.31,28143,1.0823854829045792e-06,2017,False,False
2017,1,Winter,34.11277777777778,135.00833333333333,63.2,303,SIS,7.6,-304.0,35.3,5.4,6.1,0.44,0.28,6.6,0.005,6.3,63.1,30.6,False,False,False,False,False,False,False,False,False,False,False,False,False,False,False,False,False,False,False,False,False,False,True,False,2017,1,7.9,15.1,34.45,3079,3.0786714110954903e-06,2017,False,False
2017,1,Winter,34.38638888888889,133.2472222222222,13.4,309,SIS,7.7,-139.0,48.9,8.1,10.8,0.35,0.36,7.1,0.07,2.9,65.4,31.7,False,False,False,False,False,False,False,False,False,False,False,False,False,False,False,False,False,False,False,False,False,False,False,False,2017,1,8.6,12.9,32.66,34313,0.04004732351420277,2017,False,False
2017,1,Winter,34.333333333333336,132.45583333333332,22.0,312,SIS,7.8,-182.0,55.5,10.7,21.1,1.0,0.39,21.8,0.04,4.0,68.7,27.3,False,False,False,False,False,False,False,False,False,False,False,False,False,False,False,False,False,False,False,False,False,False,False,False,2017,1,7.5,14.5,32.99,34396,3.0830756027894546e-06,2017,False,False
2017,1,Winter,34.30305555555555,132.35305555555556,27.0,312,SIS,7.7,-232.0,63.3,10.9,17.6,1.16,0.35,21.3,0.08,2.6,81.2,16.2,False,False,False,False,False,False,False,False,False,False,False,False,False,False,False,False,False,False,False,False,False,False,False,False,2017,1,7.8,15.0,32.79,34410,6.410111599588196e-07,2017,False,False
2017,1,Winter,33.99666666666667,132.29222222222222,18.8,312,SIS,7.4,-84.0,52.9,10.3,22.6,2.65,0.56,14.2,0.37,0.05,17.4,82.6,True,False,False,False,False,False,False,False,False,False,False,False,False,False,False,False,False,False,False,False,False,False,False,False,2017,1,8.9,13.7,30.68,35426,2.0818909855812816e-06,2017,False,False
2017,1,Winter,34.03805555555555,131.70083333333332,13.8,315,SIS,7.54,-133.0,54.3,9.4,21.8,2.29,0.61,13.0,0.04,0.05,14.2,85.8,True,False,False,False,False,False,False,False,False,False,False,False,False,False,False,False,False,False,False,False,False,False,False,False,2017,1,9.6,11.5,30.89,35550,3.1109519614069765e-06,2017,False,False
2017,1,Winter,33.78333333333333,131.3252777777778,24.0,316,SIS,7.58,-146.0,53.7,9.7,23.3,2.54,0.57,13.7,0.38,0.05,22.3,77.7,True,False,False,False,False,False,False,False,False,False,False,False,False,False,False,False,False,False,False,False,False,False,False,False,2017,1,9.5,11.5,30.51,35598,2.0869368062898815e-06,2017,False,False
2017,1,Winter,34.282222222222224,134.3538888888889,19.8,306,SIS,7.4,-233.0,57.4,9.0,15.1,0.96,0.43,17.7,0.2,3.6,70.2,26.2,False,False,False,False,False,False,False,False,False,False,False,False,False,False,False,False,False,False,False,False,False,False,False,False,2017,1,9.8,10.3,29.57,37181,1.0503382490329312e-06,2017,False,False
2017,1,Winter,34.11138888888889,133.6275,11.7,310,SIS,7.5,,17.2,1.6,1.8,0.13,0.15,1.8,0.005,0.7,76.6,22.7,False,False,False,False,False,False,False,False,False,False,False,False,False,False,False,False,False,False,False,False,False,False,True,False,2017,1,9.2,11.3,30.01,37254,1.2354953859983198e-07,2017,False,False
2017,1,Winter,34.056666666666665,133.49749999999997,23.0,310,SIS,7.8,-379.0,43.1,11.1,11.5,0.6,0.31,15.4,0.04,0.6,72.0,27.4,False,False,False,False,False,False,False,False,False,False,False,False,False,False,False,False,False,False,False,False,False,False,False,False,2017,1,8.9,12.0,31.956,38274,3.706493231318329e-07,2017,False,False
2017,1,Winter,34.00333333333333,133.1725,14.3,310,SIS,7.7,-176.0,61.2,12.7,17.8,0.86,0.55,11.7,0.05,2.1,68.7,29.2,False,False,False,False,False,False,False,False,False,False,False,False,False,False,False,False,False,False,False,False,False,False,False,False,2017,1,8.8,13.6,32.13,38328,3.706493231225849e-07,2017,False,False
2017,1,Winter,33.638333333333335,131.13166666666666,8.7,316,SIS,7.6,-155.0,52.5,9.3,15.2,1.02,0.38,20.6,0.37,4.3,77.1,18.6,False,False,False,False,False,False,False,False,False,False,False,False,False,False,False,False,False,False,False,False,False,False,False,False,2017,1,9.3,11.0,31.66,40617,0.07714927453933929,2017,False,False
2017,1,Winter,33.306666666666665,131.61083333333332,51.0,314,SIS,,,,,,,,,,,,,False,False,False,False,False,False,False,False,False,False,False,False,False,False,False,False,False,False,False,False,False,False,False,False,2017,1,8.4,12.4,33.08,44528,4.830500351793654e-07,2017,False,False
2017,1,Winter,33.306666666666665,131.61083333333332,51.0,314,SIS,,,,,,,,,,,,,False,False,False,False,False,False,False,False,False,False,False,False,False,False,False,False,False,False,False,False,False,False,False,False,2017,1,8.4,12.4,33.08,44528,4.830500351793654e-07,2017,False,False
2017,1,Winter,33.306666666666665,131.61083333333332,51.0,314,SIS,7.7,-202.0,66.5,11.2,21.7,1.3,0.55,24.8,0.04,2.6,70.2,27.2,False,False,False,False,False,False,False,False,False,False,False,False,False,False,False,False,False,False,False,False,False,False,False,False,2017,1,8.4,12.4,33.08,44528,4.830500351793654e-07,2017,False,False
2018,2,Winter,35.61055555555556,139.89777777777778,7.3,100,Tokyo,7.9,-74.0,38.3,6.4,12.4,0.56,0.32,11.8,0.12,3.9,47.8,48.3,False,False,False,False,False,False,False,False,False,False,False,False,False,False,False,False,False,False,False,False,False,False,False,False,2018,2,9.0,9.2,31.8,1212,0.2798600340455486,2018,False,False
2018,2,Winter,35.645833333333336,139.99027777777778,5.3,100,Tokyo,7.9,-142.0,34.9,5.4,7.7,0.58,0.3,9.0,0.35,0.0,39.1,60.9,False,False,False,False,False,False,False,False,False,False,False,False,False,False,False,False,False,False,False,False,False,False,False,False,2018,2,10.1,8.2,31.4,122,0.1564635574419385,2018,False,False
2018,2,Winter,35.60527777777778,140.06111111111113,8.5,100,Tokyo,7.9,-142.0,52.9,12.4,14.3,0.97,0.32,17.1,0.12,0.5,19.4,80.1,False,False,False,False,False,False,False,False,False,False,False,False,False,False,False,False,False,False,False,False,False,False,False,False,2018,2,9.1,8.6,31.9,124,0.03981019418112153,2018,False,False
2018,2,Winter,35.550555555555555,139.91,18.0,100,Tokyo,7.8,-159.0,71.2,13.3,31.7,2.59,0.54,36.7,0.46,0.0,7.2,92.8,False,False,False,False,False,False,False,False,False,False,False,False,False,False,False,False,False,False,False,False,False,False,False,False,2018,2,8.4,9.1,32.3,1215,0.5904657166575917,2018,False,False
2018,2,Winter,35.536944444444444,140.02,15.9,100,Tokyo,7.7,-135.0,69.3,13.0,33.3,2.51,0.31,33.0,0.63,6.2,20.7,73.1,False,False,False,False,False,False,False,False,False,False,False,False,False,False,False,False,False,False,False,False,False,False,False,False,2018,2,9.2,8.3,31.95,129,0.4085553603445186,2018,False,False
2018,2,Winter,35.34361111111112,139.79944444444445,13.8,100,Tokyo,7.9,29.0,32.5,5.5,8.2,0.57,0.28,10.2,0.13,3.0,54.0,43.0,False,False,False,False,False,False,False,False,False,False,False,False,False,False,False,False,False,False,False,False,False,False,False,False,2018,2,9.4,9.8,32.67,1235,1.0996890622251891,2018,False,False
2018,2,Winter,35.559999999999995,139.8211111111111,16.2,100,Tokyo,7.7,-114.0,61.9,10.1,34.7,3.27,0.73,24.5,2.28,0.0,0.0,100.0,False,False,False,False,False,False,False,False,False,False,False,False,False,False,False,False,False,False,False,False,False,False,False,False,2018,2,8.2,10.1,32.5,1318,0.3706493848336432,2018,False,False
2018,2,Winter,35.4675,139.85277777777776,28.0,100,Tokyo,7.7,20.0,62.2,10.6,32.5,3.36,0.66,27.5,0.72,0.4,6.6,93.0,False,False,False,False,False,False,False,False,False,False,False,False,False,False,False,False,False,False,False,False,False,False,False,False,2018,2,7.6,11.7,33.3,1326,2.012494465836712e-06,2018,False,False
2018,2,Winter,35.46083333333333,139.74805555555554,27.3,100,Tokyo,7.9,-291.0,63.1,15.3,26.2,2.1,0.57,32.4,0.9,0.1,80.0,19.9,False,False,False,False,False,False,False,False,False,False,False,False,False,False,False,False,False,False,False,False,False,False,False,False,2018,2,8.1,11.2,33.59,1432,4.0423459997519365e-06,2018,False,False
2018,1,Winter,34.93666666666666,136.80194444444444,7.7,201,Ise,7.5,180.0,19.9,3.1,1.9,0.19,0.23,2.4,0.04,1.2,96.2,2.6,False,False,False,False,False,False,False,False,False,False,False,False,False,False,False,False,False,False,False,False,False,False,False,False,2018,1,9.9,10.6,32.24,2310,4.068297542329713e-06,2018,False,False
2018,1,Winter,34.723333333333336,137.1186111111111,16.3,202,Ise,7.9,-210.0,30.4,9.9,7.7,1.7,0.4,12.0,0.16,0.05,36.1,63.9,True,False,False,False,False,False,False,False,False,False,False,False,False,False,False,False,False,False,False,False,False,False,False,False,2018,1,9.7,8.4,31.91,2359,1.0810001764324187e-06,2018,False,False
2018,1,Winter,34.75333333333333,137.28861111111112,9.4,202,Ise,7.8,-40.0,27.0,36.7,12.0,2.2,0.37,18.0,0.2,0.4,12.0,87.6,False,False,False,False,False,False,False,False,False,False,False,False,False,False,False,False,False,False,False,False,False,False,False,False,2018,1,11.0,7.3,30.55,2361,1.0806565858142234e-06,2018,False,False
2018,1,Winter,34.98722222222222,136.68027777777775,13.0,201,Ise,7.8,-353.3,69.7,8.8,14.3,1.98,0.75,21.0,1.0,0.05,0.5,99.5,True,False,False,False,False,False,False,False,False,False,False,False,False,False,False,False,False,False,False,False,False,False,False,False,2018,1,7.4,10.5,32.1,244,2.0394666780280975e-06,2018,False,False
2018,1,Winter,34.88972222222222,136.66361111111112,14.3,201,Ise,7.9,-333.6,65.6,8.9,10.2,2.26,0.69,19.1,0.67,4.6,5.3,90.1,False,False,False,False,False,False,False,False,False,False,False,False,False,False,False,False,False,False,False,False,False,False,False,False,2018,1,6.7,10.5,31.9,2411,1.0431147913434693e-06,2018,False,False
2018,1,Winter,34.669999999999995,136.5975,25.5,201,Ise,7.7,-385.0,78.9,11.5,19.1,3.25,0.64,27.4,0.83,0.05,1.9,98.0,True,False,False,False,False,False,False,False,False,False,False,False,False,False,False,False,False,False,False,False,False,False,False,False,2018,1,6.9,9.2,31.7,2427,7.073230889886872e-13,2018,False,False
2018,1,Winter,34.65833333333333,135.40916666666666,,301,SIS,8.5,,74.2,9.8,36.0,2.3,0.61,20.0,1.5,0.1,5.8,94.1,False,False,False,False,False,False,False,False,False,False,False,False,False,False,False,False,False,False,False,False,False,False,False,False,2018,1,9.0,11.0,30.25,2811,8.264249798272015,2018,False,False
2018,1,Winter,34.439722222222215,135.13722222222222,,302,SIS,8.2,-336.0,58.5,6.7,19.0,1.5,0.41,11.0,0.13,0.4,23.3,76.3,False,False,False,False,False,False,False,False,False,False,False,False,False,False,False,False,False,False,False,False,False,False,False,False,2018,1,9.4,11.1,31.35,2848,19.377625523111977,2018,False,False
2018,1,Winter,34.65833333333333,135.26388888888889,17.0,301,SIS,7.69,-268.0,59.6,10.3,26.5,2.19,0.51,16.5,0.44,0.05,6.2,93.8,True,False,False,False,False,False,False,False,False,False,False,False,False,False,False,False,False,False,False,False,False,False,False,False,2018,1,8.8,11.2,30.96,2823,1.0817522709564292e-06,2018,False,False
2018,1,Winter,34.60333333333333,134.61388888888888,38.0,305,SIS,7.76,53.0,49.9,8.0,18.1,1.78,0.4,11.1,0.03,0.3,53.4,46.3,False,False,False,False,False,False,False,False,False,False,False,False,False,False,False,False,False,False,False,False,False,False,False,False,2018,1,9.5,10.2,31.2,28143,1.0823854829045792e-06,2018,False,False
2018,1,Winter,34.11277777777778,135.00833333333333,63.0,303,SIS,7.6,-156.0,29.0,5.6,5.9,0.48,0.28,7.5,0.01,2.4,69.7,27.9,False,False,False,False,False,False,False,False,False,False,False,False,False,False,False,False,False,False,False,False,False,False,False,False,2018,1,8.0,14.3,34.06,3079,3.0786714110954903e-06,2018,False,False
2018,2,Winter,34.38666666666666,133.24749999999997,14.0,309,SIS,7.8,-135.0,46.8,8.5,8.7,0.5,0.26,11.2,0.05,4.3,43.7,52.0,False,False,False,False,False,False,False,False,False,False,False,False,False,False,False,False,False,False,False,False,False,False,False,False,2018,2,10.1,8.6,33.32,34313,3.7065003045484965e-07,2018,False,False
2018,2,Winter,34.333333333333336,132.45583333333332,21.0,312,SIS,7.8,-244.0,56.4,10.5,19.9,1.31,0.36,25.8,0.1,0.5,82.7,16.8,False,False,False,False,False,False,False,False,False,False,False,False,False,False,False,False,False,False,False,False,False,False,False,False,2018,2,9.6,8.5,32.78,34396,3.0830756027894546e-06,2018,False,False
2018,2,Winter,34.30305555555555,132.35305555555556,26.0,312,SIS,7.8,-319.0,62.7,10.7,17.6,1.72,0.35,25.2,0.05,2.6,80.2,17.2,False,False,False,False,False,False,False,False,False,False,False,False,False,False,False,False,False,False,False,False,False,False,False,False,2018,2,9.6,8.8,33.12,34410,6.410111599588196e-07,2018,False,False
2018,1,Winter,33.99666666666667,132.29222222222222,16.9,312,SIS,7.6,-113.0,50.7,10.1,23.1,2.65,0.54,7.1,0.31,0.05,18.2,81.8,True,False,False,False,False,False,False,False,False,False,False,False,False,False,False,False,False,False,False,False,False,False,False,False,2018,1,9.2,11.5,33.08,35426,2.0818909855812816e-06,2018,False,False
2018,1,Winter,34.03805555555555,131.70083333333332,13.0,315,SIS,7.3,-171.0,54.5,10.3,22.4,2.31,0.61,9.2,0.59,0.05,5.8,94.2,True,False,False,False,False,False,False,False,False,False,False,False,False,False,False,False,False,False,False,False,False,False,False,False,2018,1,9.8,10.0,33.21,35550,3.1109519614069765e-06,2018,False,False
2018,1,Winter,33.78333333333333,131.3252777777778,25.4,316,SIS,7.5,-155.0,49.6,8.8,21.3,2.46,0.55,6.1,0.33,0.05,30.7,69.3,True,False,False,False,False,False,False,False,False,False,False,False,False,False,False,False,False,False,False,False,False,False,False,False,2018,1,9.5,9.1,33.81,35598,2.0869368062898815e-06,2018,False,False
2018,1,Winter,34.282222222222224,134.3538888888889,20.4,306,SIS,7.8,-229.0,56.7,10.9,19.0,1.0,0.43,17.4,0.04,0.5,53.7,45.8,False,False,False,False,False,False,False,False,False,False,False,False,False,False,False,False,False,False,False,False,False,False,False,False,2018,1,9.5,9.6,31.02,37181,1.0503382490329312e-06,2018,False,False
2018,1,Winter,34.11138888888889,133.6275,9.0,310,SIS,8.2,-320.0,22.6,1.5,1.4,0.12,0.1,1.9,0.01,0.6,96.9,2.5,False,False,False,False,False,False,False,False,False,False,False,False,False,False,False,False,False,False,False,False,False,False,False,False,2018,1,10.0,9.7,31.8,37254,1.2354953859983198e-07,2018,False,False
2018,1,Winter,34.056666666666665,133.49749999999997,23.8,310,SIS,8.1,-262.0,63.3,10.4,20.1,1.27,0.41,16.6,0.03,0.3,75.4,24.3,False,False,False,False,False,False,False,False,False,False,False,False,False,False,False,False,False,False,False,False,False,False,False,False,2018,1,11.1,9.4,32.686,38274,3.706493231318329e-07,2018,False,False
2018,1,Winter,34.00333333333333,133.1725,14.5,310,SIS,8.0,-157.0,48.0,7.6,13.2,0.78,0.37,14.5,0.07,0.1,64.2,35.7,False,False,False,False,False,False,False,False,False,False,False,False,False,False,False,False,False,False,False,False,False,False,False,False,2018,1,9.3,11.1,33.038,38328,3.706493231225849e-07,2018,False,False
2018,1,Winter,33.638333333333335,131.13083333333333,8.9,316,SIS,7.7,-317.0,56.7,9.7,18.6,1.21,0.38,20.8,0.38,0.6,71.7,27.7,False,False,False,False,False,False,False,False,False,False,False,False,False,False,False,False,False,False,False,False,False,False,False,False,2018,1,9.5,6.6,33.26,40617,3.108026703408754e-06,2018,False,False
2018,1,Winter,33.306666666666665,131.61083333333332,55.0,314,SIS,7.7,-327.0,64.7,12.2,18.6,1.62,0.4,26.4,0.04,0.3,70.5,29.2,False,False,False,False,False,False,False,False,False,False,False,False,False,False,False,False,False,False,False,False,False,False,False,False,2018,1,8.2,12.9,33.79,44528,4.830500351793654e-07,2018,False,False
2018,1,Winter,34.03805555555555,131.70083333333332,14.6,315,SIS,7.699999999999999,-167.5666666666667,52.218259377683694,10.888372746511244,22.91176693945912,1.903616338968277,0.60888,17.288894683122717,0.3395067239272085,0.05,0.7194244604316814,99.24631723192864,True,False,False,False,False,False,False,False,False,False,False,False,False,False,False,False,False,False,False,False,False,False,False,False,2018,1,9.8,10.0,33.21,35550,3.1109519614069765e-06,2018,False,False
2018,1,Winter,33.78333333333333,131.3252777777778,26.4,316,SIS,7.596666666666667,-151.2,50.55079839295428,9.8999087028369,20.69514627584422,1.4272707204023998,0.5936416666666666,13.452562052424682,0.2981922127186734,0.1,5.527123848515882,94.3705220061412,False,False,False,False,False,False,False,False,False,False,False,False,False,False,False,False,False,False,False,False,False,False,False,False,2018,1,9.5,9.1,33.81,35598,2.0869368062898815e-06,2018,False,False
2019,2,Winter,35.61055555555556,139.89777777777778,8.2,100,Tokyo,7.7,8.0,37.6,4.7,12.3,0.64,0.79,12.8,0.05,1.1,18.5,80.4,False,False,False,False,False,False,False,False,False,False,False,False,False,False,False,False,False,False,False,False,False,False,False,False,2019,2,8.5,10.4,32.75,1212,0.2798600340455486,2019,False,False
2019,2,Winter,35.645833333333336,139.99027777777778,6.9,100,Tokyo,7.9,-63.0,49.2,6.2,15.1,0.66,0.38,14.2,0.2,0.6,36.6,62.8,False,False,False,False,False,False,False,False,False,False,False,False,False,False,False,False,False,False,False,False,False,False,False,False,2019,2,10.7,8.4,31.86,122,0.1564635574419385,2019,False,False
2019,2,Winter,35.60527777777778,140.06111111111113,8.6,100,Tokyo,7.8,101.0,25.4,2.9,5.8,0.27,0.13,6.7,0.11,1.4,66.9,31.7,False,False,False,False,False,False,False,False,False,False,False,False,False,False,False,False,False,False,False,False,False,False,False,False,2019,2,10.7,9.4,32.04,124,0.03981019418112153,2019,False,False
2019,2,Winter,35.550555555555555,139.91,18.5,100,Tokyo,7.8,-42.0,74.6,14.3,40.1,2.33,0.38,34.9,0.15,0.9,21.6,77.6,False,False,False,False,False,False,False,False,False,False,False,False,False,False,False,False,False,False,False,False,False,False,False,False,2019,2,8.6,10.3,32.81,1215,0.5904657166575917,2019,False,False
2019,2,Winter,35.536944444444444,140.02,16.2,100,Tokyo,7.8,-140.0,66.9,11.5,30.5,1.69,0.54,30.5,0.18,0.7,16.4,82.9,False,False,False,False,False,False,False,False,False,False,False,False,False,False,False,False,False,False,False,False,False,False,False,False,2019,2,9.9,8.8,32.06,129,0.4085553603445186,2019,False,False
2019,2,Winter,35.34361111111112,139.79944444444445,11.8,100,Tokyo,8.0,116.0,24.1,2.8,4.4,0.21,0.23,5.4,0.04,1.0,74.2,24.8,False,False,False,False,False,False,False,False,False,False,False,False,False,False,False,False,False,False,False,False,False,False,False,False,2019,2,9.5,10.1,32.66,1235,1.0996890622251891,2019,False,False
2019,2,Winter,35.559999999999995,139.8211111111111,16.0,100,Tokyo,7.9,-135.0,62.4,11.3,14.0,3.17,0.62,29.7,1.35,0.05,0.2,99.8,True,False,False,False,False,False,False,False,False,False,False,False,False,False,False,False,False,False,False,False,False,False,False,False,2019,2,10.2,10.0,32.2,1318,0.3706493848336432,2019,False,False
2019,2,Winter,35.4675,139.85277777777776,28.0,100,Tokyo,7.7,-189.0,64.3,10.6,12.7,3.13,0.56,26.8,0.61,0.05,3.2,96.8,True,False,False,False,False,False,False,False,False,False,False,False,False,False,False,False,False,False,False,False,False,False,False,False,2019,2,9.1,10.0,32.8,1326,2.012494465836712e-06,2019,False,False
2019,1,Winter,34.93666666666666,136.80194444444444,8.5,201,Ise,7.9,60.0,22.6,2.1,1.8,0.28,0.21,2.5,0.06,1.5,91.2,7.3,False,False,False,False,False,False,False,False,False,False,False,False,False,False,False,False,False,False,False,False,False,False,False,False,2019,1,9.0,11.3,31.24,2310,4.068297542329713e-06,2019,False,False
2019,1,Winter,34.723333333333336,137.1186111111111,17.2,202,Ise,8.1,-360.0,39.6,23.4,21.0,3.2,0.54,20.0,0.59,0.05,23.4,76.6,True,False,False,False,False,False,False,False,False,False,False,False,False,False,False,False,False,False,False,False,False,False,False,False,2019,1,8.8,9.9,32.55,2359,1.0810001764324187e-06,2019,False,False
2019,1,Winter,34.75333333333333,137.28861111111112,10.7,202,Ise,8.0,-380.0,34.9,24.4,19.0,1.8,0.42,18.0,0.3,0.05,8.4,91.6,True,False,False,False,False,False,False,False,False,False,False,False,False,False,False,False,False,False,False,False,False,False,False,False,2019,1,11.2,7.3,30.76,2361,1.0806565858142234e-06,2019,False,False
2019,1,Winter,34.98722222222222,136.68027777777775,11.5,201,Ise,7.8,-244.0,53.6,8.3,9.2,1.98,0.83,19.9,0.62,0.1,1.6,98.3,False,False,False,False,False,False,False,False,False,False,False,False,False,False,False,False,False,False,False,False,False,False,False,False,2019,1,8.6,11.0,31.6,244,2.0394666780280975e-06,2019,False,False
2019,1,Winter,34.88972222222222,136.66361111111112,13.2,201,Ise,7.8,-265.0,54.0,8.9,11.1,2.52,0.82,19.0,0.39,1.2,6.1,92.7,False,False,False,False,False,False,False,False,False,False,False,False,False,False,False,False,False,False,False,False,False,False,False,False,2019,1,9.9,10.2,31.4,2411,1.0431147913434693e-06,2019,False,False
2019,1,Winter,34.669999999999995,136.5975,24.0,201,Ise,7.8,-390.0,68.1,11.1,18.2,3.78,0.76,24.7,0.76,0.05,1.3,98.6,True,False,False,False,False,False,False,False,False,False,False,False,False,False,False,False,False,False,False,False,False,False,False,False,2019,1,9.8,10.1,31.5,2427,7.073230889886872e-13,2019,False,False
2019,1,Winter,34.65833333333333,135.40916666666666,14.5,301,SIS,7.9,-377.0,73.4,9.2,32.0,2.6,0.67,21.0,1.4,0.1,3.1,96.8,False,False,False,False,False,False,False,False,False,False,False,False,False,False,False,False,False,False,False,False,False,False,False,False,2019,1,9.2,11.5,31.61,272,3.0712552024428725e-06,2019,False,False
2019,1,Winter,34.439722222222215,135.13722222222222,32.0,302,SIS,8.0,-394.0,56.8,5.6,17.0,1.5,0.45,11.0,0.08,0.5,37.5,62.0,False,False,False,False,False,False,False,False,False,False,False,False,False,False,False,False,False,False,False,False,False,False,False,False,2019,1,8.8,11.9,32.25,2744,2.052811989601796e-06,2019,False,False
2019,1,Winter,34.65833333333333,135.26388888888889,17.0,301,SIS,7.76,-394.0,62.0,10.4,31.4,2.67,0.58,20.6,0.92,0.0,0.8,99.2,False,False,False,False,False,False,False,False,False,False,False,False,False,False,False,False,False,False,False,False,False,False,False,False,2019,1,8.4,12.7,31.62,2823,1.0817522709564292e-06,2019,False,False
2019,1,Winter,34.60333333333333,134.61388888888888,38.0,305,SIS,7.7,38.0,54.4,8.3,18.3,1.72,0.41,15.0,0.12,1.4,29.4,69.2,False,False,False,False,False,False,False,False,False,False,False,False,False,False,False,False,False,False,False,False,False,False,False,False,2019,1,8.9,11.8,31.31,28143,1.0823854829045792e-06,2019,False,False
2019,1,Winter,33.99666666666667,132.29222222222222,17.2,312,SIS,7.576666666666667,-138.3433333333333,48.09334447583682,10.54729779495125,20.472174576341096,1.6533319652080536,0.6071416666666668,14.11338316599532,0.2266512023082729,0.05,1.3053933356235292,98.69460666437648,True,False,False,False,False,False,False,False,False,False,False,False,False,False,False,False,False,False,False,False,False,False,False,False,2019,1,9.9,12.9,33.0,35426,2.0818909855812816e-06,2019,False,False
2019,1,Winter,33.306666666666665,131.61083333333332,56.5,314,SIS,,,,,,,,,,,,,False,False,False,False,False,False,False,False,False,False,False,False,False,False,False,False,False,False,False,False,False,False,False,False,2019,1,8.3,12.9,33.3,44528,4.830500351793654e-07,2019,False,False
2019,1,Winter,33.306666666666665,131.61083333333332,56.5,314,SIS,,,,,,,,,,,,,False,False,False,False,False,False,False,False,False,False,False,False,False,False,False,False,False,False,False,False,False,False,False,False,2019,1,8.3,12.9,33.3,44528,4.830500351793654e-07,2019,False,False
2019,12,Winter,34.93666666666666,136.80194444444444,7.0,201,Ise,8.0,120.0,20.0,1.3,1.2,0.1,0.2,1.6,0.03,3.5,95.2,1.3,False,False,False,False,False,False,False,False,False,False,False,False,False,False,False,False,False,False,False,False,False,False,False,False,2019,12,9.0,11.3,31.24,2310,4.068297542329713e-06,2019,False,False
2019,12,Winter,34.723333333333336,137.1186111111111,16.7,202,Ise,7.9,-290.0,58.1,10.8,22.0,3.1,0.79,30.0,0.59,0.05,16.2,83.8,True,False,False,False,False,False,False,False,False,False,False,False,False,False,False,False,False,False,False,False,False,False,False,False,2019,12,8.8,9.9,32.55,2359,1.0810001764324187e-06,2019,False,False
2019,12,Winter,34.75333333333333,137.28861111111112,10.0,202,Ise,8.0,-300.0,43.7,8.1,15.0,1.4,0.5,28.0,0.3,0.05,19.4,80.6,True,False,False,False,False,False,False,False,False,False,False,False,False,False,False,False,False,False,False,False,False,False,False,False,2019,12,11.2,7.3,30.76,2361,1.0806565858142234e-06,2019,False,False
2020,2,Winter,35.61055555555556,139.89777777777778,9.0,100,Tokyo,7.5,-211.0,24.2,2.1,2.6,0.35,0.19,2.6,0.43,0.6,94.2,5.2,False,False,False,False,False,False,False,False,False,False,False,False,False,False,False,False,False,False,False,False,False,False,False,False,2020,2,8.2,12.2,31.96,1212,0.2798600340455486,2020,False,False
2020,2,Winter,35.645833333333336,139.99027777777778,7.0,100,Tokyo,7.7,-285.0,38.3,5.5,4.5,1.22,0.46,13.3,0.12,1.0,25.3,73.7,False,False,False,False,False,False,False,False,False,False,False,False,False,False,False,False,False,False,False,False,False,False,False,False,2020,2,10.8,9.8,31.21,122,0.1564635574419385,2020,False,False
2020,2,Winter,35.60527777777778,140.06111111111113,8.0,100,Tokyo,7.6,-228.0,43.5,6.2,4.0,1.03,0.28,11.4,0.48,5.6,18.0,76.4,False,False,False,False,False,False,False,False,False,False,False,False,False,False,False,False,False,False,False,False,False,False,False,False,2020,2,8.9,10.2,31.59,124,0.03981019418112153,2020,False,False
2020,2,Winter,35.550555555555555,139.91,19.0,100,Tokyo,7.6,-332.0,72.1,13.4,21.3,4.51,0.59,35.6,1.18,0.0,0.4,99.6,False,False,False,False,False,False,False,False,False,False,False,False,False,False,False,False,False,False,False,False,False,False,False,False,2020,2,6.9,14.5,33.41,1215,0.5904657166575917,2020,False,False
2020,2,Winter,35.536944444444444,140.02,16.0,100,Tokyo,7.5,-335.0,68.6,11.7,12.8,3.92,0.58,32.0,0.67,0.0,1.7,98.3,False,False,False,False,False,False,False,False,False,False,False,False,False,False,False,False,False,False,False,False,False,False,False,False,2020,2,8.8,11.2,32.03,129,0.4085553603445186,2020,False,False
2020,2,Winter,35.34361111111112,139.79944444444445,11.0,100,Tokyo,7.8,-238.0,20.9,2.3,2.2,1.48,0.23,2.2,0.08,3.1,90.4,6.5,False,False,False,False,False,False,False,False,False,False,False,False,False,False,False,False,False,False,False,False,False,False,False,False,2020,2,8.8,12.0,32.34,1235,1.0996890622251891,2020,False,False
2020,2,Winter,35.559999999999995,139.8211111111111,17.0,100,Tokyo,7.9,-139.0,63.6,9.6,28.7,2.71,0.79,22.8,0.74,0.0,0.0,100.0,False,False,False,False,False,False,False,False,False,False,False,False,False,False,False,False,False,False,False,False,False,False,False,False,2020,2,7.0,13.3,33.1,1318,0.3706493848336432,2020,False,False
2020,2,Winter,35.4675,139.85277777777776,28.4,100,Tokyo,7.8,-27.0,60.7,11.5,40.5,3.78,0.87,29.4,0.53,0.0,1.4,98.6,False,False,False,False,False,False,False,False,False,False,False,False,False,False,False,False,False,False,False,False,False,False,False,False,2020,2,9.1,11.2,31.0,1326,2.012494465836712e-06,2020,False,False
2020,2,Winter,35.46083333333333,139.74805555555554,27.0,100,Tokyo,7.5,-177.0,72.2,10.7,19.3,3.27,0.68,27.4,0.48,0.1,5.8,94.1,False,False,False,False,False,False,False,False,False,False,False,False,False,False,False,False,False,False,False,False,False,False,False,False,2020,2,6.9,13.5,33.54,1432,4.0423459997519365e-06,2020,False,False
2020,1,Winter,34.98722222222222,136.68027777777775,13.8,201,Ise,7.9,-319.0,53.3,8.2,11.7,1.68,0.74,20.4,0.63,0.05,0.7,99.3,True,False,False,False,False,False,False,False,False,False,False,False,False,False,False,False,False,False,False,False,False,False,False,False,2020,1,7.2,12.2,30.9,244,2.0394666780280975e-06,2020,False,False
2020,1,Winter,34.88972222222222,136.66361111111112,15.2,201,Ise,7.8,-278.0,53.6,8.8,14.3,2.18,0.72,20.0,0.33,0.1,1.2,98.7,False,False,False,False,False,False,False,False,False,False,False,False,False,False,False,False,False,False,False,False,False,False,False,False,2020,1,8.3,12.0,30.0,2411,1.0431147913434693e-06,2020,False,False
2020,1,Winter,34.669999999999995,136.5975,25.2,201,Ise,7.7,-366.0,68.1,11.3,23.1,3.35,0.76,28.2,0.34,0.05,0.7,99.3,True,False,False,False,False,False,False,False,False,False,False,False,False,False,False,False,False,False,False,False,False,False,False,False,2020,1,8.7,10.7,29.9,2427,7.073230889886872e-13,2020,False,False
2020,1,Winter,34.65833333333333,135.40916666666666,15.0,301,SIS,8.0,-314.0,73.3,9.8,43.0,2.6,0.63,20.0,2.3,0.1,1.7,98.2,False,False,False,False,False,False,False,False,False,False,False,False,False,False,False,False,False,False,False,False,False,False,False,False,2020,1,8.1,12.4,31.95,272,3.0712552024428725e-06,2020,False,False
2020,1,Winter,34.439722222222215,135.13722222222222,31.8,302,SIS,7.8,-395.0,57.8,6.0,15.0,1.4,0.38,10.0,0.07,0.6,25.8,73.60000000000001,False,False,False,False,False,False,False,False,False,False,False,False,False,False,False,False,False,False,False,False,False,False,False,False,2020,1,8.6,12.5,32.44,2744,2.052811989601796e-06,2020,False,False
2020,1,Winter,34.65833333333333,135.26388888888889,16.0,301,SIS,7.72,-359.0,64.2,10.5,31.2,2.6,0.52,22.5,0.2,0.0,1.0,99.0,False,False,False,False,False,False,False,False,False,False,False,False,False,False,False,False,False,False,False,False,False,False,False,False,2020,1,8.0,13.8,31.2,2823,1.0817522709564292e-06,2020,False,False
2020,1,Winter,34.60333333333333,134.61388888888888,39.0,305,SIS,7.63,-20.0,58.5,8.6,21.2,1.97,0.42,12.7,0.01,0.0,14.4,85.6,False,False,False,False,False,False,False,False,False,False,False,False,False,False,False,False,False,False,False,False,False,False,False,False,2020,1,9.0,13.8,31.82,28143,1.0823854829045792e-06,2020,False,False
2020,1,Winter,34.11277777777778,135.00833333333333,67.0,303,SIS,7.5,65.0,44.5,5.9,4.7,1.0,0.33,7.8,0.005,0.5,38.0,61.5,False,False,False,False,False,False,False,False,False,False,False,False,False,False,False,False,False,False,False,False,False,False,True,False,2020,1,7.8,16.3,33.99,3079,3.0786714110954903e-06,2020,False,False
2020,1,Winter,34.38666666666666,133.24749999999997,14.0,309,SIS,7.7,-63.0,50.8,6.7,5.9,0.95,0.32,8.7,0.07,1.7,23.5,74.8,False,False,False,False,False,False,False,False,False,False,False,False,False,False,False,False,False,False,False,False,False,False,False,False,2020,1,8.4,11.0,33.05,34313,3.7065003045484965e-07,2020,False,False
2020,1,Winter,34.333333333333336,132.45583333333332,20.0,312,SIS,7.7,-105.0,61.9,9.2,8.7,2.06,0.45,19.4,0.04,0.9,19.4,79.7,False,False,False,False,False,False,False,False,False,False,False,False,False,False,False,False,False,False,False,False,False,False,False,False,2020,1,8.0,13.7,32.91,34396,3.0830756027894546e-06,2020,False,False
2020,1,Winter,34.30305555555555,132.35305555555556,26.0,312,SIS,7.8,-160.0,76.6,11.3,17.5,2.77,0.52,21.4,0.25,0.0,0.6,99.4,False,False,False,False,False,False,False,False,False,False,False,False,False,False,False,False,False,False,False,False,False,False,False,False,2020,1,8.4,14.2,33.05,34410,6.410111599588196e-07,2020,False,False
2020,1,Winter,33.99666666666667,132.29222222222222,18.9,312,SIS,7.5,-235.0,49.5,10.3,22.3,2.63,0.53,14.7,0.25,0.05,1.0,99.0,True,False,False,False,False,False,False,False,False,False,False,False,False,False,False,False,False,False,False,False,False,False,False,False,2020,1,10.0,13.1,32.8,35426,2.0818909855812816e-06,2020,False,False
2020,1,Winter,34.03805555555555,131.70083333333332,11.5,315,SIS,7.8,-234.0,51.0,9.6,22.3,1.99,0.61,14.2,0.1,0.05,6.3,93.7,True,False,False,False,False,False,False,False,False,False,False,False,False,False,False,False,False,False,False,False,False,False,False,False,2020,1,9.3,12.7,32.7,35550,3.1109519614069765e-06,2020,False,False
2020,1,Winter,33.78333333333333,131.3252777777778,26.7,316,SIS,7.8,-197.0,48.7,9.7,20.8,1.93,0.48,13.2,0.23,0.05,2.5,97.5,True,False,False,False,False,False,False,False,False,False,False,False,False,False,False,False,False,False,False,False,False,False,False,False,2020,1,9.6,12.6,32.8,35598,2.0869368062898815e-06,2020,False,False
2020,1,Winter,34.282222222222224,134.3538888888889,20.3,306,SIS,7.6,-138.0,63.9,7.8,8.3,2.05,0.39,16.0,0.1,0.0,1.4,98.6,False,False,False,False,False,False,False,False,False,False,False,False,False,False,False,False,False,False,False,False,False,False,False,False,2020,1,9.1,12.0,32.06,37181,1.0503382490329312e-06,2020,False,False
2020,1,Winter,34.11138888888889,133.6275,11.1,310,SIS,7.8,-64.0,21.5,1.4,0.8,0.21,0.13,1.1,0.005,0.4,98.3,1.3,False,False,False,False,False,False,False,False,False,False,False,False,False,False,False,False,False,False,False,False,False,False,True,False,2020,1,8.9,12.5,32.45,37254,1.2354953859983198e-07,2020,False,False
2020,1,Winter,34.056666666666665,133.49749999999997,24.0,310,SIS,7.3,-149.0,74.6,9.7,12.5,2.21,0.48,17.8,0.11,0.0,0.2,99.8,False,False,False,False,False,False,False,False,False,False,False,False,False,False,False,False,False,False,False,False,False,False,False,False,2020,1,9.1,13.0,32.648,38274,3.706493231318329e-07,2020,False,False
2020,1,Winter,34.00333333333333,133.1725,27.0,310,SIS,7.6,-90.0,66.6,8.2,9.2,1.79,0.48,14.1,0.06,0.0,1.7,98.3,False,False,False,False,False,False,False,False,False,False,False,False,False,False,False,False,False,False,False,False,False,False,False,False,2020,1,9.2,11.5,32.602,38328,3.706493231225849e-07,2020,False,False
2020,1,Winter,33.638333333333335,131.13083333333333,10.2,316,SIS,7.5,-155.0,66.7,9.6,10.1,1.9,0.47,16.8,0.21,0.6,5.5,93.9,False,False,False,False,False,False,False,False,False,False,False,False,False,False,False,False,False,False,False,False,False,False,False,False,2020,1,7.9,12.2,32.64,40617,3.108026703408754e-06,2020,False,False
2020,1,Winter,33.306666666666665,131.61083333333332,53.0,314,SIS,7.5,-184.0,73.0,11.7,13.0,2.41,0.5,21.4,0.07,0.0,0.6,99.4,False,False,False,False,False,False,False,False,False,False,False,False,False,False,False,False,False,False,False,False,False,False,False,False,2020,1,8.2,13.0,33.21,44528,4.830500351793654e-07,2020,False,False
2021,2,Winter,35.61055555555556,139.89777777777778,9.0,100,Tokyo,7.9,-142.0,27.6,3.9,4.5,0.83,0.35,6.4,0.4,0.8,54.4,44.8,False,False,False,False,False,False,False,False,False,False,False,False,False,False,False,False,False,False,False,False,False,False,False,False,2021,2,8.6,11.1,31.94,1212,0.2798600340455486,2021,False,False
2021,2,Winter,35.645833333333336,139.99027777777778,7.0,100,Tokyo,7.6,18.0,23.0,2.0,2.6,0.38,0.2,2.2,0.05,0.2,93.4,6.3,False,False,False,False,False,False,False,False,False,False,False,False,False,False,False,False,False,False,False,False,False,False,False,False,2021,2,11.2,9.4,31.42,122,0.1564635574419385,2021,False,False
2021,2,Winter,35.60527777777778,140.06111111111113,9.0,100,Tokyo,7.9,-46.0,45.8,7.1,4.9,1.05,0.32,12.0,0.34,0.7,9.7,89.6,False,False,False,False,False,False,False,False,False,False,False,False,False,False,False,False,False,False,False,False,False,False,False,False,2021,2,10.6,9.9,31.64,124,0.03981019418112153,2021,False,False
2021,2,Winter,35.550555555555555,139.91,19.0,100,Tokyo,7.9,-357.0,72.5,13.3,22.7,4.33,0.81,34.5,1.45,0.8,0.4,98.8,False,False,False,False,False,False,False,False,False,False,False,False,False,False,False,False,False,False,False,False,False,False,False,False,2021,2,8.8,11.6,32.46,1215,0.5904657166575917,2021,False,False
2021,2,Winter,35.536944444444444,140.02,17.0,100,Tokyo,7.9,-339.0,70.5,13.2,14.2,3.86,0.59,32.5,0.63,0.0,1.8,98.2,False,False,False,False,False,False,False,False,False,False,False,False,False,False,False,False,False,False,False,False,False,False,False,False,2021,2,11.0,9.7,31.51,129,0.4085553603445186,2021,False,False
2021,2,Winter,35.34361111111112,139.79944444444445,9.0,100,Tokyo,7.8,186.0,22.5,1.8,2.1,0.26,0.25,2.0,0.02,2.0,92.0,6.0,False,False,False,False,False,False,False,False,False,False,False,False,False,False,False,False,False,False,False,False,False,False,False,False,2021,2,9.2,11.6,31.99,1235,1.0996890622251891,2021,False,False
2021,2,Winter,35.559999999999995,139.8211111111111,16.2,100,Tokyo,7.8,-25.0,64.3,10.4,36.1,2.67,0.87,27.7,1.43,0.05,0.05,100.0,True,False,True,False,False,False,False,False,False,False,False,False,False,False,False,False,False,False,False,False,False,False,False,False,2021,2,8.7,10.8,32.3,1318,0.3706493848336432,2021,False,False
2021,2,Winter,35.4675,139.85277777777776,28.3,100,Tokyo,7.8,,64.9,11.6,40.6,3.32,0.78,29.9,0.69,0.05,4.0,96.0,True,False,False,False,False,False,False,False,False,False,False,False,False,False,False,False,False,False,False,False,False,False,False,False,2021,2,8.0,11.6,32.9,1326,2.012494465836712e-06,2021,False,False
2021,2,Winter,35.46083333333333,139.74805555555554,26.0,100,Tokyo,7.6,-231.0,72.9,11.5,15.6,3.67,0.67,38.2,0.71,0.0,1.8,98.2,False,False,False,False,False,False,False,False,False,False,False,False,False,False,False,False,False,False,False,False,False,False,False,False,2021,2,8.8,12.1,32.79,1432,4.0423459997519365e-06,2021,False,False
2021,1,Winter,34.93666666666666,136.80194444444444,8.6,201,Ise,8.0,48.0,21.4,1.8,1.6,0.13,0.2,2.2,0.04,1.1,97.3,1.5,False,False,False,False,False,False,False,False,False,False,False,False,False,False,False,False,False,False,False,False,False,False,False,False,2021,1,9.4,10.7,32.54,2310,4.068297542329713e-06,2021,False,False
2021,1,Winter,34.723333333333336,137.1186111111111,17.8,202,Ise,8.2,-320.0,56.3,10.3,11.0,3.1,0.62,28.0,0.53,0.05,19.6,80.3,True,False,False,False,False,False,False,False,False,False,False,False,False,False,False,False,False,False,False,False,False,False,False,False,2021,1,10.0,7.7,32.16,2359,1.0810001764324187e-06,2021,False,False
2021,1,Winter,34.75333333333333,137.28861111111112,9.8,202,Ise,8.1,-350.0,42.3,7.5,6.5,1.4,0.46,21.0,0.21,0.2,30.8,69.0,False,False,False,False,False,False,False,False,False,False,False,False,False,False,False,False,False,False,False,False,False,False,False,False,2021,1,11.0,6.1,30.99,2361,1.0806565858142234e-06,2021,False,False
2021,1,Winter,34.98722222222222,136.68027777777775,13.1,201,Ise,8.0,-188.0,51.1,7.9,9.7,2.0,0.67,20.3,0.41,0.05,0.5,99.5,True,False,False,False,False,False,False,False,False,False,False,False,False,False,False,False,False,False,False,False,False,False,False,False,2021,1,8.2,10.5,31.0,244,2.0394666780280975e-06,2021,False,False
2021,1,Winter,34.88972222222222,136.66361111111112,14.5,201,Ise,8.0,-91.0,52.4,8.3,12.8,2.54,0.68,19.7,0.27,0.8,2.1,97.2,False,False,False,False,False,False,False,False,False,False,False,False,False,False,False,False,False,False,False,False,False,False,False,False,2021,1,8.7,9.1,30.8,2411,1.0431147913434693e-06,2021,False,False
2021,1,Winter,34.669999999999995,136.5975,25.2,201,Ise,7.8,-172.0,68.6,10.8,18.4,3.91,0.7,28.2,0.24,0.05,0.5,99.5,True,False,False,False,False,False,False,False,False,False,False,False,False,False,False,False,False,False,False,False,False,False,False,False,2021,1,9.7,9.1,30.8,2427,7.073230889886872e-13,2021,False,False
2021,1,Winter,34.65833333333333,135.40916666666666,14.3,301,SIS,7.4,30.0,63.4,9.9,42.0,3.2,0.74,31.0,0.43,0.0,0.9,99.1,False,False,False,False,False,False,False,False,False,False,False,False,False,False,False,False,False,False,False,False,False,False,False,False,2021,1,8.6,10.0,29.36,272,3.0712552024428725e-06,2021,False,False
2021,1,Winter,34.439722222222215,135.13722222222222,32.0,302,SIS,7.7,-90.0,40.4,6.0,20.0,1.9,0.44,19.0,0.27,0.8,16.0,83.2,False,False,False,False,False,False,False,False,False,False,False,False,False,False,False,False,False,False,False,False,False,False,False,False,2021,1,9.2,11.4,31.26,2744,2.052811989601796e-06,2021,False,False
2021,1,Winter,34.65833333333333,135.26388888888889,18.0,301,SIS,8.01,,65.4,11.5,35.8,4.14,0.55,24.0,0.07,0.05,0.7,99.3,True,False,False,False,False,False,False,False,False,False,False,False,False,False,False,False,False,False,False,False,False,False,False,False,2021,1,8.5,11.8,31.45,2823,1.0817522709564292e-06,2021,False,False
2021,1,Winter,34.60333333333333,134.61388888888888,39.0,305,SIS,7.7,19.0,59.4,10.0,24.0,2.98,0.36,15.3,0.01,0.05,24.4,75.6,True,False,False,False,False,False,False,False,False,False,False,False,False,False,False,False,False,False,False,False,False,False,False,False,2021,1,9.3,10.8,31.64,28143,1.0823854829045792e-06,2021,False,False
2021,1,Winter,34.11277777777778,135.00833333333333,64.8,303,SIS,7.5,86.0,45.9,5.9,3.7,1.02,0.31,7.1,0.005,0.0,42.9,57.1,False,False,False,False,False,False,False,False,False,False,False,False,False,False,False,False,False,False,False,False,False,False,True,False,2021,1,8.1,16.0,34.42,3079,3.0786714110954903e-06,2021,False,False
2021,1,Winter,34.38666666666666,133.24749999999997,14.0,309,SIS,7.5,-191.0,58.2,7.2,6.1,1.21,0.39,9.8,0.11,1.3,18.6,80.1,False,False,False,False,False,False,False,False,False,False,False,False,False,False,False,False,False,False,False,False,False,False,False,False,2021,1,9.2,10.0,32.78,34313,3.7065003045484965e-07,2021,False,False
2021,1,Winter,34.333333333333336,132.45583333333332,21.0,312,SIS,7.7,-121.0,69.1,11.3,8.1,2.46,0.5,26.6,0.07,1.0,7.5,91.5,False,False,False,False,False,False,False,False,False,False,False,False,False,False,False,False,False,False,False,False,False,False,False,False,2021,1,8.9,11.2,32.78,34396,3.0830756027894546e-06,2021,False,False
2021,1,Winter,34.30305555555555,132.35305555555556,27.0,312,SIS,7.7,-157.0,76.5,11.8,13.3,2.9,0.54,21.7,0.18,0.0,0.5,99.5,False,False,False,False,False,False,False,False,False,False,False,False,False,False,False,False,False,False,False,False,False,False,False,False,2021,1,8.7,12.1,33.05,34410,6.410111599588196e-07,2021,False,False
2021,1,Winter,33.99666666666667,132.29222222222222,19.2,312,SIS,7.4,-30.63,56.1359432946661,12.4683289841305,25.5981943209701,2.70981232325236,0.5200825,15.6440327882766,0.182381671940233,0.05,2.44712990936557,97.5528700906344,True,False,False,False,False,False,False,False,False,False,False,False,False,False,False,False,False,False,False,False,False,False,False,False,2021,1,9.9,11.7,32.8,35426,2.0818909855812816e-06,2021,False,False
2021,1,Winter,34.03805555555555,131.70083333333332,12.2,315,SIS,7.75,-38.2333333333333,51.7538734588953,10.5472496266962,21.9899320207686,2.37021346886953,0.525950833333333,14.2196683228017,0.400723015905987,0.05,3.0821917808219,96.9178082191781,True,False,False,False,False,False,False,False,False,False,False,False,False,False,False,False,False,False,False,False,False,False,False,False,2021,1,9.3,12.0,32.7,35550,3.1109519614069765e-06,2021,False,False
2021,1,Winter,33.78333333333333,131.3252777777778,26.7,316,SIS,7.51333333333333,-30.6366666666667,43.2535449075716,7.62714999556613,17.3738976601944,2.11214117705821,0.532365833333333,10.9153357744217,0.217341035898099,0.05,35.7466063348416,64.2102995044172,True,False,False,False,False,False,False,False,False,False,False,False,False,False,False,False,False,False,False,False,False,False,False,False,2021,1,9.1,11.7,32.9,35598,2.0869368062898815e-06,2021,False,False
2021,1,Winter,34.282222222222224,134.3538888888889,20.4,306,SIS,7.4,-207.0,68.5,8.6,9.1,2.1,0.46,15.8,0.15,0.0,1.6,98.4,False,False,False,False,False,False,False,False,False,False,False,False,False,False,False,False,False,False,False,False,False,False,False,False,2021,1,9.9,9.1,31.62,37181,1.0503382490329312e-06,2021,False,False
2021,1,Winter,34.11138888888889,133.6275,4.5,310,SIS,7.6,-92.0,29.5,1.6,0.6,0.29,0.15,1.4,0.01,0.0,97.0,3.0,False,False,False,False,False,False,False,False,False,False,False,False,False,False,False,False,False,False,False,False,False,False,False,False,2021,1,9.4,9.4,32.25,37254,1.2354953859983198e-07,2021,False,False
2021,1,Winter,34.056666666666665,133.49749999999997,21.0,310,SIS,7.4,-148.0,78.4,9.5,11.5,2.42,0.49,16.7,0.09,0.0,0.1,99.9,False,False,False,False,False,False,False,False,False,False,False,False,False,False,False,False,False,False,False,False,False,False,False,False,2021,1,9.3,11.0,32.29,38274,3.706493231318329e-07,2021,False,False
2021,1,Winter,34.00333333333333,133.1725,13.9,310,SIS,7.5,-195.0,55.1,7.0,5.1,1.51,0.46,10.7,0.07,0.0,10.6,89.4,False,False,False,False,False,False,False,False,False,False,False,False,False,False,False,False,False,False,False,False,False,False,False,False,2021,1,9.2,13.1,32.6,38328,3.706493231225849e-07,2021,False,False
2021,1,Winter,33.638333333333335,131.13083333333333,10.2,316,SIS,7.6,-112.0,67.8,9.6,9.0,2.05,0.49,17.5,0.16,0.5,3.2,96.3,False,False,False,False,False,False,False,False,False,False,False,False,False,False,False,False,False,False,False,False,False,False,False,False,2021,1,11.0,8.3,32.93,40617,3.108026703408754e-06,2021,False,False
2021,1,Winter,33.306666666666665,131.61083333333332,,314,SIS,7.6,-149.0,72.9,12.0,11.2,2.61,0.52,22.2,0.08,0.0,0.6,99.4,False,False,False,False,False,False,False,False,False,False,False,False,False,False,False,False,False,False,False,False,False,False,False,False,2021,1,8.5,10.4,33.52,44528,4.830500351793654e-07,2021,False,False
2021,1,Winter,34.65833333333333,135.40916666666666,14.8,301,SIS,8.0,,73.6,10.0,41.0,3.1,0.63,22.0,1.3,0.0,1.0,99.0,False,False,False,False,False,False,False,False,False,False,False,False,False,False,False,False,False,False,False,False,False,False,False,False,2021,1,8.6,10.0,29.36,272,3.0712552024428725e-06,2021,False,False
2021,1,Winter,34.439722222222215,135.13722222222222,31.5,302,SIS,7.9,-349.0,56.1,6.9,17.0,1.5,0.38,11.0,0.12,0.6,22.2,77.2,False,False,False,False,False,False,False,False,False,False,False,False,False,False,False,False,False,False,False,False,False,False,False,False,2021,1,9.2,11.4,31.26,2744,2.052811989601796e-06,2021,False,False
2022,2,Winter,35.61055555555556,139.89777777777778,9.0,100,Tokyo,7.6,-119.0,38.3,5.1,5.3,1.17,0.4,11.0,0.94,0.4,33.2,66.4,False,False,False,False,False,False,False,False,False,False,False,False,False,False,False,False,False,False,False,False,False,False,False,False,2022,2,7.9,11.3,32.98,1212,0.2798600340455486,2022,False,False
2022,2,Winter,35.645833333333336,139.99027777777778,7.0,100,Tokyo,7.5,-120.0,25.1,1.6,2.3,0.39,0.23,2.6,0.06,0.05,95.8,4.2,True,False,False,False,False,False,False,False,False,False,False,False,False,False,False,False,False,False,False,False,False,False,False,False,2022,2,9.5,9.2,32.14,122,0.1564635574419385,2022,False,False
2022,2,Winter,35.60527777777778,140.06111111111113,9.0,100,Tokyo,7.9,-121.0,42.4,4.4,4.2,0.91,0.25,6.8,0.52,0.9,11.5,87.6,False,False,False,False,False,False,False,False,False,False,False,False,False,False,False,False,False,False,False,False,False,False,False,False,2022,2,9.0,9.7,32.43,124,0.03981019418112153,2022,False,False
2022,2,Winter,35.550555555555555,139.91,19.0,100,Tokyo,7.6,-360.0,70.6,12.1,24.1,4.2,0.72,36.0,1.49,0.05,0.3,99.7,True,False,False,False,False,False,False,False,False,False,False,False,False,False,False,False,False,False,False,False,False,False,False,False,2022,2,8.4,10.6,32.91,1215,0.5904657166575917,2022,False,False
2022,2,Winter,35.536944444444444,140.02,16.0,100,Tokyo,7.6,-348.0,71.7,12.2,16.0,4.57,0.69,36.1,0.82,0.05,2.1,97.9,True,False,False,False,False,False,False,False,False,False,False,False,False,False,False,False,False,False,False,False,False,False,False,False,2022,2,11.1,8.7,32.23,129,0.4085553603445186,2022,False,False
2022,2,Winter,35.34361111111112,139.79944444444445,8.0,100,Tokyo,7.6,174.0,23.0,2.7,2.1,0.27,0.23,1.7,0.01,1.6,93.2,5.2,False,False,False,False,False,False,False,False,False,False,False,False,False,False,False,False,False,False,False,False,False,False,False,False,2022,2,9.5,9.9,32.71,1235,1.0996890622251891,2022,False,False
2022,2,Winter,35.4675,139.85277777777776,28.3,100,Tokyo,7.9,,64.1,11.6,34.4,3.61,0.83,27.8,0.4,0.05,3.2,96.8,True,False,False,False,False,False,False,True,False,True,False,True,False,True,False,True,False,True,False,True,False,True,False,False,2022,2,8.3,10.7,33.1,1326,2.012494465836712e-06,2022,False,False
2022,2,Winter,35.559999999999995,139.8211111111111,16.7,100,Tokyo,8.2,-129.0,66.4,11.0,38.9,3.38,0.81,25.3,0.64,0.05,0.05,100.0,True,False,True,False,False,False,False,True,False,True,False,True,False,True,False,True,False,True,False,True,False,True,False,False,2022,2,8.3,10.9,33.0,1318,0.3706493848336432,2022,False,False
2022,2,Winter,35.46083333333333,139.74805555555554,26.1,100,Tokyo,7.5,-144.0,75.3,11.3,27.9,3.14,0.64,27.3,0.68,0.05,2.7,97.3,True,False,False,False,False,False,False,False,False,False,False,False,False,False,False,False,False,False,False,False,False,False,False,False,2022,2,8.6,10.3,32.93,1432,4.0423459997519365e-06,2022,False,False
2022,1,Winter,34.93666666666666,136.80194444444444,7.5,201,Ise,8.0,,19.0,2.1,1.7,0.09,0.37,4.9,0.005,1.6,97.0,1.2,False,False,False,False,False,False,False,False,False,False,False,False,False,False,False,False,False,False,False,False,False,False,True,False,2022,1,9.7,11.4,31.91,2310,4.068297542329713e-06,2022,False,False
2022,1,Winter,34.723333333333336,137.1186111111111,17.7,202,Ise,8.1,-100.0,58.5,11.0,27.0,2.6,0.57,31.0,0.58,0.05,18.5,81.4,True,False,False,False,False,False,False,False,False,False,False,False,False,False,False,False,False,False,False,False,False,False,False,False,2022,1,10.2,8.8,31.52,2359,1.0810001764324187e-06,2022,False,False
2022,1,Winter,34.75333333333333,137.28861111111112,10.5,202,Ise,8.1,-130.0,43.7,8.4,17.0,1.3,0.41,22.0,0.13,0.05,28.5,71.3,True,False,False,False,False,False,False,False,False,False,False,False,False,False,False,False,False,False,False,False,False,False,False,False,2022,1,12.1,6.9,30.14,2361,1.0806565858142234e-06,2022,False,False
2022,2,Winter,34.98722222222222,136.68027777777775,13.5,201,Ise,7.8,-181.0,54.3,8.2,14.4,2.08,0.77,20.5,1.01,0.05,0.2,99.8,True,False,False,False,False,False,False,False,False,False,False,False,False,False,False,False,False,False,False,False,False,False,False,False,2022,2,7.9,9.7,31.1,244,2.0394666780280975e-06,2022,False,False
2022,2,Winter,34.88972222222222,136.66361111111112,13.3,201,Ise,7.8,-84.0,54.7,8.8,18.6,2.48,0.76,21.4,0.55,0.05,1.3,98.7,True,False,False,False,False,False,False,False,False,False,False,False,False,False,False,False,False,False,False,False,False,False,False,False,2022,2,10.6,9.0,30.5,2411,1.0431147913434693e-06,2022,False,False
2022,2,Winter,34.669999999999995,136.5975,24.2,201,Ise,7.8,-186.0,67.5,10.9,39.7,3.72,0.73,29.9,0.76,0.05,0.3,99.7,True,False,False,False,False,False,False,False,False,False,False,False,False,False,False,False,False,False,False,False,False,False,False,False,2022,2,8.5,9.2,30.7,2427,7.073230889886872e-13,2022,False,False
2022,1,Winter,34.65833333333333,135.26388888888889,17.0,301,SIS,7.77,,65.8,11.7,34.8,3.34,0.85,21.1,0.57,0.4,1.3,98.3,False,False,False,False,False,False,False,False,False,False,False,False,False,False,False,False,False,False,False,False,False,False,False,False,2022,1,8.5,12.2,31.88,2823,1.0817522709564292e-06,2022,False,False
2022,1,Winter,34.60333333333333,134.61388888888888,39.0,305,SIS,7.72,-5.0,50.5,8.0,18.4,2.21,0.49,10.9,0.05,0.0,27.7,72.3,False,False,False,False,False,False,False,False,False,False,False,False,False,False,False,False,False,False,False,False,False,False,False,False,2022,1,9.0,11.5,31.52,28143,1.0823854829045792e-06,2022,False,False
2022,1,Winter,34.11277777777778,135.00833333333333,63.6,303,SIS,7.5,-14.0,38.4,5.3,4.8,0.98,0.32,6.6,0.3,1.2,46.9,51.9,False,False,False,False,False,False,False,False,False,False,False,False,False,False,False,False,False,False,False,False,False,False,False,False,2022,1,8.2,14.9,33.93,3079,3.0786714110954903e-06,2022,False,False
2022,1,Winter,34.11277777777778,135.00833333333333,63.6,303,SIS,7.5,-104.0,38.4,5.3,4.8,0.98,0.32,6.6,0.03,1.2,46.9,51.9,False,False,False,False,False,False,False,False,False,False,False,False,False,False,False,False,False,False,False,False,False,False,False,False,2022,1,8.2,14.9,33.93,3079,3.0786714110954903e-06,2022,False,False
2022,1,Winter,34.38666666666666,133.24749999999997,14.0,309,SIS,7.5,-84.0,6.3,7.6,8.5,1.3,0.38,1.3,0.7,0.4,12.2,87.4,False,False,False,False,False,False,False,False,False,False,False,False,False,False,False,False,False,False,False,False,False,False,False,False,2022,1,9.1,9.5,32.46,34313,3.7065003045484965e-07,2022,False,False
2022,1,Winter,34.38666666666666,133.24749999999997,14.0,309,SIS,7.5,-84.0,60.3,7.6,8.5,1.3,0.38,10.3,0.07,0.4,12.2,87.4,False,False,False,False,False,False,False,False,False,False,False,False,False,False,False,False,False,False,False,False,False,False,False,False,2022,1,9.1,9.5,32.46,34313,3.7065003045484965e-07,2022,False,False
2022,1,Winter,34.333333333333336,132.45583333333332,2.0,312,SIS,7.6,42.0,69.0,1.9,14.2,2.44,0.51,21.5,0.14,1.2,8.1,9.7,False,False,False,False,False,False,False,False,False,False,False,False,False,False,False,False,False,False,False,False,False,False,False,False,2022,1,8.1,13.0,32.46,34396,3.0830756027894546e-06,2022,False,False
2022,1,Winter,34.333333333333336,132.45583333333332,20.0,312,SIS,7.6,42.0,69.0,10.9,14.2,2.44,0.51,21.5,0.14,1.2,8.1,90.7,False,False,False,False,False,False,False,False,False,False,False,False,False,False,False,False,False,False,False,False,False,False,False,False,2022,1,8.1,13.0,32.46,34396,3.0830756027894546e-06,2022,False,False
2022,1,Winter,34.30305555555555,132.35305555555556,26.6,312,SIS,7.7,-198.0,76.9,11.3,21.3,2.94,0.65,22.4,0.58,0.05,0.8,99.2,True,False,False,False,False,False,False,False,False,False,False,False,False,False,False,False,False,False,False,False,False,False,False,False,2022,1,8.7,13.0,32.66,34410,6.410111599588196e-07,2022,False,False
2022,1,Winter,34.30305555555555,132.35305555555556,26.6,312,SIS,7.7,-198.0,76.9,11.3,21.3,2.94,0.65,22.4,0.58,0.0,0.8,99.2,False,False,False,False,False,False,False,False,False,False,False,False,False,False,False,False,False,False,False,False,False,False,False,False,2022,1,8.7,13.0,32.66,34410,6.410111599588196e-07,2022,False,False
2022,1,Winter,33.99666666666667,132.29222222222222,17.6,312,SIS,6.613333333333333,11.906666666666656,49.32037368243591,9.345454058328167,20.61241627121292,1.6914107898871105,0.5358916666666667,14.895102129646796,0.1611429929552644,0.0,14.441416893732908,85.5585831062671,True,False,False,False,False,False,False,False,False,False,False,False,False,False,False,False,False,False,False,False,False,False,False,False,2022,1,9.8,12.2,32.4,35426,2.0818909855812816e-06,2022,False,False
2022,1,Winter,34.03805555555555,131.70083333333332,14.5,315,SIS,7.503333333333333,-100.46,53.86763423829424,8.918944048644512,22.368388255137248,1.0721396406491597,0.493705,10.802151246865634,0.3034745729780311,0.0,14.937210839391945,85.06278916060805,True,False,False,False,False,False,False,False,False,False,False,False,False,False,False,False,False,False,False,False,False,False,False,False,2022,1,9.9,12.9,32.2,35550,3.1109519614069765e-06,2022,False,False
2022,1,Winter,33.78333333333333,131.3252777777778,26.8,316,SIS,7.616666666666667,-73.33333333333331,47.46935853373075,7.601885782538716,18.415181062619723,1.424226239323616,0.47711,14.517039847373972,0.193537835878034,0.094637223974767,23.817034700315475,76.08832807570975,False,False,False,False,False,False,False,False,False,False,False,False,False,False,False,False,False,False,False,False,False,False,False,False,2022,1,10.0,10.5,32.7,35598,2.0869368062898815e-06,2022,False,False
2022,1,Winter,34.282222222222224,134.3538888888889,18.9,306,SIS,7.3,-157.0,67.2,8.2,13.4,2.7,0.51,15.6,0.15,0.05,2.0,98.0,True,False,False,False,False,False,False,False,False,False,False,False,False,False,False,False,False,False,False,False,False,False,False,False,2022,1,10.0,8.6,31.28,37181,1.0503382490329312e-06,2022,False,False
2022,1,Winter,34.282222222222224,134.3538888888889,18.9,306,SIS,7.3,-157.0,67.2,8.2,13.4,2.07,0.51,15.6,0.15,0.0,2.0,98.0,False,False,False,False,False,False,False,False,False,False,False,False,False,False,False,False,False,False,False,False,False,False,False,False,2022,1,10.0,8.6,31.28,37181,1.0503382490329312e-06,2022,False,False
2022,1,Winter,34.11138888888889,133.6275,11.0,310,SIS,7.5,-111.0,44.1,4.1,8.7,1.4,0.33,9.0,0.15,0.05,46.7,53.3,True,False,False,False,False,False,False,False,False,False,False,False,False,False,False,False,False,False,False,False,False,False,False,False,2022,1,9.5,10.1,31.67,37254,1.2354953859983198e-07,2022,False,False
2022,1,Winter,34.11138888888889,133.6275,11.0,310,SIS,7.5,-111.0,44.1,4.1,8.7,1.04,0.33,9.0,0.15,0.0,46.7,53.3,False,False,False,False,False,False,False,False,False,False,False,False,False,False,False,False,False,False,False,False,False,False,False,False,2022,1,9.5,10.1,31.67,37254,1.2354953859983198e-07,2022,False,False
2022,1,Winter,34.056666666666665,133.49749999999997,22.0,310,SIS,7.4,9.0,73.5,9.8,16.9,2.2,0.5,16.1,0.16,0.05,0.2,99.8,True,False,False,False,False,False,False,False,False,False,False,False,False,False,False,False,False,False,False,False,False,False,False,False,2022,1,9.1,11.8,32.0,38274,3.706493231318329e-07,2022,False,False
2022,1,Winter,34.056666666666665,133.49749999999997,22.0,310,SIS,7.4,90.0,73.5,9.8,16.9,2.2,0.5,16.1,0.16,0.0,0.2,99.8,False,False,False,False,False,False,False,False,False,False,False,False,False,False,False,False,False,False,False,False,False,False,False,False,2022,1,9.1,11.8,32.0,38274,3.706493231318329e-07,2022,False,False
2022,1,Winter,34.00333333333333,133.1725,16.8,310,SIS,7.5,49.0,54.9,6.7,9.9,1.38,0.48,1.0,0.9,0.05,14.5,85.5,True,False,False,False,False,False,False,False,False,False,False,False,False,False,False,False,False,False,False,False,False,False,False,False,2022,1,8.7,13.1,32.45,38328,3.706493231225849e-07,2022,False,False
2022,1,Winter,34.00333333333333,133.1725,16.8,310,SIS,7.5,49.0,54.9,6.7,9.9,1.38,0.48,10.0,0.09,0.0,14.5,85.5,False,False,False,False,False,False,False,False,False,False,False,False,False,False,False,False,False,False,False,False,False,False,False,False,2022,1,8.7,13.1,32.45,38328,3.706493231225849e-07,2022,False,False
2022,1,Winter,33.638333333333335,131.13083333333333,1.1,316,SIS,7.5,-12.0,65.8,1.2,16.5,2.6,0.53,18.2,0.23,0.2,4.4,95.4,False,False,False,False,False,False,False,False,False,False,False,False,False,False,False,False,False,False,False,False,False,False,False,False,2022,1,11.0,7.7,32.45,40617,3.108026703408754e-06,2022,False,False
2022,1,Winter,33.638333333333335,131.13083333333333,10.1,316,SIS,7.5,-102.0,65.8,10.2,16.5,2.06,0.53,18.2,0.23,0.2,4.4,95.4,False,False,False,False,False,False,False,False,False,False,False,False,False,False,False,False,False,False,False,False,False,False,False,False,2022,1,11.0,7.7,32.45,40617,3.108026703408754e-06,2022,False,False
2022,1,Winter,33.306666666666665,131.61083333333332,54.6,314,SIS,7.6,-164.0,73.7,11.2,2.9,2.43,0.54,21.8,0.19,0.05,0.3,99.7,True,False,False,False,False,False,False,False,False,False,False,False,False,False,False,False,False,False,False,False,False,False,False,False,2022,1,8.5,12.1,32.83,44528,4.830500351793654e-07,2022,False,False
2022,1,Winter,33.306666666666665,131.61083333333332,54.6,314,SIS,7.6,-164.0,73.7,11.2,20.9,2.43,0.54,21.8,0.19,0.0,0.3,99.7,False,False,False,False,False,False,False,False,False,False,False,False,False,False,False,False,False,False,False,False,False,False,False,False,2022,1,8.5,12.1,32.83,44528,4.830500351793654e-07,2022,False,False
2023,2,Winter,35.61055555555556,139.89777777777778,8.0,100,Tokyo,7.5,-143.0,33.6,4.4,3.6,1.06,0.45,9.1,0.68,0.3,17.5,82.2,False,False,False,False,False,False,False,False,False,False,False,False,False,False,False,False,False,False,False,False,False,False,False,False,2023,2,11.1,9.2,31.59,1212,0.2798600340455486,2023,False,False
2023,2,Winter,35.645833333333336,139.99027777777778,6.0,100,Tokyo,7.5,-96.0,26.7,1.5,2.6,0.36,0.25,2.4,0.22,0.05,95.0,5.0,True,False,False,False,False,False,False,False,False,False,False,False,False,False,False,False,False,False,False,False,False,False,False,False,2023,2,10.4,8.7,31.48,122,0.1564635574419385,2023,False,False
2023,2,Winter,35.60527777777778,140.06111111111113,9.0,100,Tokyo,7.5,-64.0,37.3,3.3,4.1,0.68,0.22,4.1,0.17,1.6,43.2,55.2,False,False,False,False,False,False,False,False,False,False,False,False,False,False,False,False,False,False,False,False,False,False,False,False,2023,2,10.5,9.1,31.74,124,0.03981019418112153,2023,False,False
2023,2,Winter,35.550555555555555,139.91,18.0,100,Tokyo,7.6,-350.0,71.1,11.4,15.6,4.12,0.63,35.0,1.79,0.05,0.7,99.3,True,False,False,False,False,False,False,False,False,False,False,False,False,False,False,False,False,False,False,False,False,False,False,False,2023,2,8.9,10.3,32.5,1215,0.5904657166575917,2023,False,False
2023,2,Winter,35.536944444444444,140.02,16.0,100,Tokyo,7.5,-330.0,64.8,11.6,13.3,3.37,0.53,31.2,1.35,0.05,0.9,99.1,True,False,False,False,False,False,False,False,False,False,False,False,False,False,False,False,False,False,False,False,False,False,False,False,2023,2,10.3,9.1,32.02,129,0.4085553603445186,2023,False,False
2023,2,Winter,35.34361111111112,139.79944444444445,9.0,100,Tokyo,7.6,245.0,22.4,1.9,2.1,0.29,0.24,1.6,0.02,1.4,91.1,7.4,False,False,False,False,False,False,False,False,False,False,False,False,False,False,False,False,False,False,False,False,False,False,False,False,2023,2,9.0,10.6,32.6,1235,1.0996890622251891,2023,False,False
2023,2,Winter,35.24,139.8338888888889,10.0,100,Tokyo,7.7,-83.0,23.7,3.1,1.6,0.29,0.34,1.4,,1.8,95.4,2.8,False,False,False,False,False,False,False,False,False,False,False,False,False,False,False,False,False,False,False,False,False,False,False,False,2023,2,0.0,,0.0,1238,0.6586621995590785,2023,False,True
2023,2,Winter,35.61416666666667,139.84611111111113,5.0,100,Tokyo,7.4,-132.0,50.8,8.2,18.4,1.82,0.85,21.2,0.73,0.0,27.5,72.5,False,False,False,False,False,False,False,False,False,False,False,False,False,False,False,False,False,False,False,False,False,False,False,False,2023,2,0.0,,0.0,1313,1.0706159695529937e-06,2023,False,True
2023,2,Winter,35.559999999999995,139.8211111111111,16.4,100,Tokyo,7.8,-30.0,57.8,11.3,42.2,3.19,0.84,26.5,1.65,0.05,0.05,100.0,True,False,True,False,False,False,False,False,False,False,False,False,False,False,False,False,False,False,False,False,False,False,False,False,2023,2,8.5,10.8,32.8,1318,0.3706493848336432,2023,False,False
2023,2,Winter,35.57277777777778,139.78250000000003,7.0,100,Tokyo,7.7,-313.0,64.1,8.4,18.0,2.3,0.67,20.5,0.78,0.0,5.3,94.7,False,False,False,False,False,False,False,False,False,False,False,False,False,False,False,False,False,False,False,False,False,False,False,False,2023,2,0.0,,0.0,1320,2.4709978453612357e-07,2023,False,True
2023,2,Winter,35.4675,139.85277777777776,28.0,100,Tokyo,7.8,-107.0,54.4,12.2,42.8,3.75,0.92,29.4,1.0,0.05,2.4,97.6,True,False,False,False,False,False,False,False,False,False,False,False,False,False,False,False,False,False,False,False,False,False,False,False,2023,2,8.7,10.7,33.0,1326,2.012494465836712e-06,2023,False,False
2023,2,Winter,35.46083333333333,139.74805555555554,27.0,100,Tokyo,7.5,-194.0,72.9,10.9,24.1,2.91,0.62,25.9,0.94,0.1,4.8,95.1,False,False,False,False,False,False,False,False,False,False,False,False,False,False,False,False,False,False,False,False,False,False,False,False,2023,2,8.9,10.8,32.98,1434,6.675921802919468,2023,False,False
2023,2,Winter,35.50861111111111,139.84611111111113,25.0,100,Tokyo,7.5,-258.0,77.1,12.5,30.6,3.73,0.72,30.6,1.28,0.0,0.9,99.1,False,False,False,False,False,False,False,False,False,False,False,False,False,False,False,False,False,False,False,False,False,False,False,False,2023,2,8.5,10.8,33.0,1352,1.0132930001663663e-06,2023,False,False
2023,1,Winter,34.93666666666666,136.80194444444444,9.0,201,Ise,7.7,-110.0,22.6,2.4,2.2,0.08,0.25,4.1,0.01,5.3,89.6,4.9,False,False,False,False,False,False,False,False,False,False,False,False,False,False,False,False,False,False,False,False,False,False,False,False,2023,1,8.6,11.9,32.02,2310,4.068297542329713e-06,2023,False,False
2023,1,Winter,34.723333333333336,137.1186111111111,16.5,202,Ise,8.0,-320.0,54.8,9.2,21.0,2.4,0.5,27.0,0.43,1.1,37.2,61.6,False,False,False,False,False,False,False,False,False,False,False,False,False,False,False,False,False,False,False,False,False,False,False,False,2023,1,10.1,8.7,31.38,2359,1.0810001764324187e-06,2023,False,False
2023,1,Winter,34.75333333333333,137.28861111111112,9.2,202,Ise,8.0,-340.0,45.4,7.8,16.0,1.5,0.35,22.0,0.39,0.1,25.6,74.1,False,False,False,False,False,False,False,False,False,False,False,False,False,False,False,False,False,False,False,False,False,False,False,False,2023,1,10.9,7.8,30.84,2361,1.0806565858142234e-06,2023,False,False
2023,1,Winter,34.98722222222222,136.68027777777775,14.0,201,Ise,8.0,-350.0,44.0,7.2,22.0,1.9,0.68,19.0,0.83,0.05,0.6,99.4,True,False,False,False,False,False,False,False,False,False,False,False,False,False,False,False,False,False,False,False,False,False,False,False,2023,1,7.5,12.9,32.3,244,2.0394666780280975e-06,2023,False,False
2023,1,Winter,34.88972222222222,136.66361111111112,14.0,201,Ise,8.1,,48.0,8.4,25.0,2.4,0.69,19.0,0.26,1.3,3.7,95.1,False,False,False,False,False,False,False,False,False,False,False,False,False,False,False,False,False,False,False,False,False,False,False,False,2023,1,9.4,11.0,31.4,2411,1.0431147913434693e-06,2023,False,False
2023,1,Winter,34.722500000000004,136.53166666666667,5.5,201,Ise,7.8,-93.0,24.0,1.5,2.7,0.31,0.45,1.4,0.05,0.05,88.6,11.4,True,False,False,False,False,False,False,False,False,False,False,False,False,False,False,False,False,False,False,False,False,False,False,False,2023,1,10.6,9.8,31.4,2423,3.0464449880475693e-06,2023,False,False
2023,1,Winter,34.669999999999995,136.5975,25.2,201,Ise,7.8,,65.0,11.0,48.0,4.1,0.73,28.0,0.37,0.05,0.3,99.7,True,False,False,False,False,False,False,False,False,False,False,False,False,False,False,False,False,False,False,False,False,False,False,False,2023,1,8.8,10.8,32.0,2427,7.073230889886872e-13,2023,False,False
2023,1,Winter,34.669999999999995,136.7161111111111,36.0,201,Ise,7.8,,57.0,10.0,41.0,3.4,0.71,22.0,0.55,0.05,0.5,99.5,True,False,False,False,False,False,False,False,False,False,False,False,False,False,False,False,False,False,False,False,False,False,False,False,2023,1,8.7,12.0,32.5,2428,1.0161252080742395e-06,2023,False,False
2023,1,Winter,34.55444444444444,136.7302777777778,11.0,201,Ise,7.8,-84.0,21.0,3.0,4.9,0.44,0.36,3.1,0.06,0.8,83.5,15.8,False,False,False,False,False,False,False,False,False,False,False,False,False,False,False,False,False,False,False,False,False,False,False,False,2023,1,9.3,9.7,31.5,2439,2.0942299790005487e-06,2023,False,False
2023,1,Winter,34.55444444444444,136.79694444444445,24.5,201,Ise,7.9,-200.0,39.0,7.0,27.0,2.2,0.67,12.0,0.3,0.05,0.2,99.7,True,False,False,False,False,False,False,False,False,False,False,False,False,False,False,False,False,False,False,False,False,False,False,False,2023,1,9.1,10.4,31.7,2440,4.100060630971725e-06,2023,False,False
2023,1,Winter,34.65833333333333,135.40916666666666,14.4,301,SIS,7.7,-369.0,75.6,10.0,48.0,3.3,0.67,26.0,2.9,0.2,5.5,94.3,False,False,False,False,False,False,False,False,False,False,False,False,False,False,False,False,False,False,False,False,False,False,False,False,2023,1,7.9,12.0,32.54,272,3.0712552024428725e-06,2023,False,False
2023,1,Winter,34.439722222222215,135.13722222222222,31.7,302,SIS,7.8,,57.1,6.4,15.0,1.6,0.4,11.0,0.22,0.5,12.1,87.4,False,False,False,False,False,False,False,False,False,False,False,False,False,False,False,False,False,False,False,False,False,False,False,False,2023,1,9.2,12.3,32.78,2744,2.052811989601796e-06,2023,False,False
2023,1,Winter,34.65833333333333,135.26388888888889,11.0,301,SIS,7.77,-390.0,63.9,10.6,32.5,2.36,0.55,24.9,0.91,0.0,1.6,98.4,False,False,False,False,False,False,False,False,False,False,False,False,False,False,False,False,False,False,False,False,False,False,False,False,2023,1,8.9,11.2,32.36,2823,1.0817522709564292e-06,2023,False,False
2023,1,Winter,34.60333333333333,134.61388888888888,39.0,305,SIS,7.64,-13.0,55.7,8.4,18.8,1.64,0.42,14.6,0.09,0.1,34.5,65.4,False,False,False,False,False,False,False,False,False,False,False,False,False,False,False,False,False,False,False,False,False,False,False,False,2023,1,9.3,11.4,32.7,28143,1.0823854829045792e-06,2023,False,False
2023,1,Winter,34.11277777777778,135.00833333333333,64.2,303,SIS,7.5,152.0,40.1,5.4,6.7,0.92,0.32,6.5,,0.0,52.2,47.8,False,False,False,False,False,False,False,False,False,False,False,False,False,False,False,False,False,False,False,False,False,False,False,False,2023,1,8.1,14.6,33.78,3079,3.0786714110954903e-06,2023,False,False
2023,1,Winter,34.38666666666666,133.24749999999997,15.0,309,SIS,7.5,-76.0,62.6,7.6,14.3,1.45,0.39,12.0,0.14,0.5,18.0,81.5,False,False,False,False,False,False,False,False,False,False,False,False,False,False,False,False,False,False,False,False,False,False,False,False,2023,1,9.1,11.0,33.12,34313,3.7065003045484965e-07,2023,False,False
2023,1,Winter,34.333333333333336,132.45583333333332,20.1,312,SIS,7.6,-54.0,65.5,11.1,23.0,2.6,0.56,23.9,0.12,0.0,1.9,98.1,False,False,False,False,False,False,False,False,False,False,False,False,False,False,False,False,False,False,False,False,False,False,False,False,2023,1,8.4,13.0,32.72,34396,3.0830756027894546e-06,2023,False,False
2023,1,Winter,34.30305555555555,132.35305555555556,27.1,312,SIS,7.6,-95.0,74.2,11.0,31.0,3.02,0.64,23.4,0.29,0.0,0.9,99.1,False,False,False,False,False,False,False,False,False,False,False,False,False,False,False,False,False,False,False,False,False,False,False,False,2023,1,8.6,13.0,33.12,34410,6.410111599588196e-07,2023,False,False
2023,1,Winter,33.99666666666667,132.29222222222222,21.0,312,SIS,7.3,115.0,60.2,11.0,24.2,2.1,0.52,16.7,0.2,0.05,14.4,85.6,True,False,False,False,False,False,False,False,False,False,False,False,False,False,False,False,False,False,False,False,False,False,False,False,2023,1,10.0,12.8,32.7,35426,2.0818909855812816e-06,2023,False,False
2023,1,Winter,34.03805555555555,131.70083333333332,14.0,315,SIS,7.5,-162.0,52.2,9.3,19.6,1.84,0.61,16.7,0.3,0.05,14.9,85.1,True,False,False,False,False,False,False,False,False,False,False,False,False,False,False,False,False,False,False,False,False,False,False,False,2023,1,9.6,8.5,32.9,35550,3.1109519614069765e-06,2023,False,False
2023,1,Winter,33.78333333333333,131.3252777777778,25.0,316,SIS,7.5,-196.0,52.2,8.4,16.7,1.43,0.53,13.4,0.28,0.1,23.8,76.1,False,False,False,False,False,False,False,False,False,False,False,False,False,False,False,False,False,False,False,False,False,False,False,False,2023,1,9.9,9.8,33.1,35598,2.0869368062898815e-06,2023,False,False
2023,1,Winter,34.282222222222224,134.3538888888889,19.9,306,SIS,7.6,-124.0,63.9,7.6,17.7,1.9,0.49,14.9,0.11,0.0,2.3,97.7,False,False,False,False,False,False,False,False,False,False,False,False,False,False,False,False,False,False,False,False,False,False,False,False,2023,1,9.8,10.2,32.07,37181,1.0503382490329312e-06,2023,False,False
2023,1,Winter,34.11138888888889,133.6275,13.0,310,SIS,7.5,-147.0,36.8,3.2,6.6,0.76,0.3,6.5,0.08,0.0,66.2,33.8,False,False,False,False,False,False,False,False,False,False,False,False,False,False,False,False,False,False,False,False,False,False,False,False,2023,1,9.2,11.2,32.32,37254,1.2354953859983198e-07,2023,False,False
2023,1,Winter,34.056666666666665,133.49749999999997,22.1,310,SIS,7.2,-164.0,74.8,9.4,24.0,2.14,0.48,16.7,0.16,0.0,0.3,99.7,False,False,False,False,False,False,False,False,False,False,False,False,False,False,False,False,False,False,False,False,False,False,False,False,2023,1,9.6,11.0,32.734,38274,3.706493231318329e-07,2023,False,False
2023,1,Winter,34.00333333333333,133.1725,15.6,310,SIS,7.5,-119.0,62.5,7.0,15.5,1.47,0.5,11.7,0.09,0.0,10.2,89.8,False,False,False,False,False,False,False,False,False,False,False,False,False,False,False,False,False,False,False,False,False,False,False,False,2023,1,8.9,12.9,32.942,38328,3.706493231225849e-07,2023,False,False
2023,1,Winter,33.638333333333335,131.13083333333333,9.3,316,SIS,7.5,-100.0,67.4,9.2,19.4,2.14,0.55,19.7,0.25,0.0,3.3,96.7,False,False,False,False,False,False,False,False,False,False,False,False,False,False,False,False,False,False,False,False,False,False,False,False,2023,1,9.0,11.2,32.73,40617,3.108026703408754e-06,2023,False,False
2023,1,Winter,33.306666666666665,131.61083333333332,55.0,314,SIS,7.6,-159.0,72.8,11.5,24.0,2.55,0.59,22.4,0.12,0.0,0.7,99.3,False,False,False,False,False,False,False,False,False,False,False,False,False,False,False,False,False,False,False,False,False,False,False,False,2023,1,8.6,11.9,33.28,44528,4.830500351793654e-07,2023,False,False
2024,2,Winter,35.645833333333336,139.99027777777778,6.1,100,Tokyo,7.6,-216.0,69.6,8.2,22.3,2.01,0.65,17.1,1.32,0.05,21.9,78.1,True,False,False,False,False,False,False,False,False,False,False,False,False,False,False,False,False,False,False,False,False,False,False,False,2024,2,0.0,10.4,0.0,122,0.1564635574419385,2024,False,True
2024,2,Winter,35.60527777777778,140.06111111111113,8.3,100,Tokyo,7.6,-105.0,50.0,5.8,10.2,0.88,0.38,8.2,0.08,0.05,30.2,69.8,True,False,False,False,False,False,False,False,False,False,False,False,False,False,False,False,False,False,False,False,False,False,False,False,2024,2,0.0,10.6,0.0,124,0.03981019418112153,2024,False,True
2024,2,Winter,35.536944444444444,140.02,16.7,100,Tokyo,7.4,-176.0,79.9,12.6,44.4,3.51,0.6,29.8,0.5,0.3,2.4,97.3,False,False,False,False,False,False,False,False,False,False,False,False,False,False,False,False,False,False,False,False,False,False,False,False,2024,2,0.0,10.4,0.0,129,0.4085553603445186,2024,False,True
2024,2,Winter,35.61055555555556,139.89777777777778,7.8,100,Tokyo,7.7,-110.0,52.7,6.4,10.6,1.31,0.66,11.7,0.27,0.9,25.3,73.8,False,False,False,False,False,False,False,False,False,False,False,False,False,False,False,False,False,False,False,False,False,False,False,False,2024,2,0.0,10.4,0.0,1212,0.2798600340455486,2024,False,True
2024,2,Winter,35.550555555555555,139.91,19.6,100,Tokyo,7.1,-183.0,83.1,13.4,44.4,3.92,0.64,31.5,0.7,0.05,0.3,99.7,True,False,False,False,False,False,False,False,False,False,False,False,False,False,False,False,False,False,False,False,False,False,False,False,2024,2,0.0,10.7,0.0,1215,0.5904657166575917,2024,False,True
2024,2,Winter,35.34361111111112,139.79944444444445,9.0,100,Tokyo,7.6,-41.0,30.2,3.1,2.5,0.41,0.27,2.5,0.01,0.3,90.9,8.8,False,False,False,False,False,False,False,False,False,False,False,False,False,False,False,False,False,False,False,False,False,False,False,False,2024,2,0.0,10.9,0.0,1235,1.0996890622251891,2024,False,True
2024,2,Winter,35.24,139.8338888888889,10.0,100,Tokyo,7.6,27.0,26.7,2.2,1.8,0.36,0.39,1.9,0.005,0.8,94.4,4.8,False,False,False,False,False,False,False,False,False,False,False,False,False,False,False,False,False,False,False,False,False,False,True,False,2024,2,0.0,13.0,0.0,1238,0.6586621995590785,2024,False,True
2024,2,Winter,35.61416666666667,139.84611111111113,3.8,100,Tokyo,7.5,-71.0,52.2,7.1,16.6,1.76,0.92,19.8,0.53,0.05,27.0,73.0,True,False,False,False,False,False,False,False,False,False,False,False,False,False,False,False,False,False,False,False,False,False,False,False,2024,2,7.9,11.3,32.3,1313,1.0706159695529937e-06,2024,False,False
2024,2,Winter,35.559999999999995,139.8211111111111,17.5,100,Tokyo,8.2,-187.0,63.1,10.8,45.0,3.39,0.84,25.6,2.2,0.05,0.5,99.5,True,False,False,False,False,False,False,False,False,False,False,False,False,False,False,False,False,False,False,False,False,False,False,False,2024,2,7.6,12.9,33.4,1318,0.3706493848336432,2024,False,False
2024,2,Winter,35.57277777777778,139.78250000000003,5.6,100,Tokyo,7.6,-51.0,47.9,5.3,10.3,1.11,0.54,8.5,0.34,0.05,50.2,49.8,True,False,False,False,False,False,False,False,False,False,False,False,False,False,False,False,False,False,False,False,False,False,False,False,2024,2,8.7,10.5,31.6,1320,2.4709978453612357e-07,2024,False,False
2024,2,Winter,35.4675,139.85277777777776,27.1,100,Tokyo,8.1,-91.0,64.2,11.8,44.4,3.76,0.902,29.0,1.13,0.05,0.5,99.5,True,False,False,False,False,False,False,False,False,False,False,False,False,False,False,False,False,False,False,False,False,False,False,False,2024,2,8.2,12.4,33.3,1326,2.012494465836712e-06,2024,False,False
2024,2,Winter,35.50861111111111,139.84611111111113,26.5,100,Tokyo,7.5,-173.0,80.2,12.7,37.5,4.05,0.78,32.5,1.28,0.05,0.7,99.3,True,False,False,False,False,False,False,False,False,False,False,False,False,False,False,False,False,False,False,False,False,False,False,False,2024,2,8.1,12.3,33.2,1352,1.0132930001663663e-06,2024,False,False
2024,2,Winter,35.46083333333333,139.74805555555554,27.0,100,Tokyo,7.6,-148.0,75.7,11.4,31.9,3.41,0.72,29.5,0.86,0.05,1.9,98.1,True,False,False,False,False,False,False,False,False,False,False,False,False,False,False,False,False,False,False,False,False,False,False,False,2024,2,8.4,11.5,33.1,1432,4.0423459997519365e-06,2024,False,False
2024,1,Winter,34.93666666666666,136.80194444444444,7.7,201,Ise,7.7,171.0,23.5,2.7,3.4,0.21,0.41,7.6,0.01,0.4,95.7,3.8,False,False,False,False,False,False,False,False,False,False,False,False,False,False,False,False,False,False,False,False,False,False,False,False,2024,1,9.0,11.8,32.26,2310,4.068297542329713e-06,2024,False,False
2024,1,Winter,34.723333333333336,137.1186111111111,17.7,202,Ise,8.1,-366.0,54.7,9.6,23.0,2.4,0.73,27.0,0.4,0.05,22.7,77.2,True,False,False,False,False,False,False,False,False,False,False,False,False,False,False,False,False,False,False,False,False,False,False,False,2024,1,9.9,10.0,31.83,2359,1.0810001764324187e-06,2024,False,False
2024,1,Winter,34.75333333333333,137.28861111111112,10.4,202,Ise,7.9,-350.0,41.3,7.2,15.0,1.1,0.53,21.0,0.19,0.05,18.5,81.4,True,False,False,False,False,False,False,False,False,False,False,False,False,False,False,False,False,False,False,False,False,False,False,False,2024,1,10.3,8.9,30.73,2361,1.0806565858142234e-06,2024,False,False
2024,2,Winter,34.98722222222222,136.68027777777775,16.0,201,Ise,8.0,-280.0,51.0,8.7,23.0,1.2,0.74,20.0,1.3,0.05,0.5,99.5,True,False,False,False,False,False,False,False,False,False,False,False,False,False,False,False,False,False,False,False,False,False,False,False,2024,2,7.3,12.0,30.9,244,2.0394666780280975e-06,2024,False,False
2024,2,Winter,34.88972222222222,136.66361111111112,14.5,201,Ise,7.8,-160.0,47.0,8.5,27.0,2.0,0.65,19.0,0.33,1.5,4.1,94.4,False,False,False,False,False,False,False,False,False,False,False,False,False,False,False,False,False,False,False,False,False,False,False,False,2024,2,7.5,11.8,30.7,2411,1.0431147913434693e-06,2024,False,False
2024,2,Winter,34.722500000000004,136.53166666666667,6.2,201,Ise,7.7,-160.0,28.0,1.9,3.3,0.21,0.5,1.5,0.08,0.05,88.7,11.3,True,False,False,False,False,False,False,False,False,False,False,False,False,False,False,False,False,False,False,False,False,False,False,False,2024,2,9.4,11.5,29.6,2423,3.0464449880475693e-06,2024,False,False
2024,2,Winter,34.669999999999995,136.5975,25.0,201,Ise,7.8,-320.0,64.0,12.0,45.0,3.4,0.67,27.0,0.4,0.05,0.5,99.5,True,False,False,False,False,False,False,False,False,False,False,False,False,False,False,False,False,False,False,False,False,False,False,False,2024,2,5.0,11.9,31.5,2427,7.073230889886872e-13,2024,False,False
2024,2,Winter,34.669999999999995,136.7161111111111,35.5,201,Ise,7.8,-310.0,61.0,10.0,39.0,2.0,0.74,25.0,1.5,0.05,1.0,99.0,True,False,False,False,False,False,False,False,False,False,False,False,False,False,False,False,False,False,False,False,False,False,False,False,2024,2,7.5,12.0,31.5,2428,1.0161252080742395e-06,2024,False,False
2024,2,Winter,34.55444444444444,136.7302777777778,10.0,201,Ise,7.6,-120.0,20.0,3.7,5.6,0.54,0.4,6.2,0.14,1.4,73.0,25.6,False,False,False,False,False,False,False,False,False,False,False,False,False,False,False,False,False,False,False,False,False,False,False,False,2024,2,8.9,10.5,30.4,2439,2.0942299790005487e-06,2024,False,False
2024,2,Winter,34.55444444444444,136.79694444444445,23.8,201,Ise,7.8,-180.0,37.0,7.4,21.0,1.4,0.62,14.0,0.83,0.05,15.2,84.8,True,False,False,False,False,False,False,False,False,False,False,False,False,False,False,False,False,False,False,False,False,False,False,False,2024,2,8.3,11.7,31.6,2440,4.100060630971725e-06,2024,False,False
2024,1,Winter,34.65833333333333,135.40916666666666,14.5,301,SIS,7.8,,72.8,9.8,43.0,2.6,0.57,22.0,1.3,0.1,2.0,97.9,False,False,False,False,False,False,False,False,False,False,False,False,False,False,False,False,False,False,False,False,False,False,False,False,2024,1,7.6,12.0,31.95,272,3.0712552024428725e-06,2024,False,False
2024,1,Winter,34.439722222222215,135.13722222222222,32.0,302,SIS,7.7,-314.0,54.7,8.1,21.0,2.1,0.51,12.0,0.17,0.5,25.1,74.4,False,False,False,False,False,False,False,False,False,False,False,False,False,False,False,False,False,False,False,False,False,False,False,False,2024,1,8.8,12.1,32.55,2744,2.052811989601796e-06,2024,False,False
2024,1,Winter,34.65833333333333,135.26388888888889,17.0,301,SIS,7.87,,65.5,10.9,35.9,2.63,0.55,27.0,0.73,0.0,2.7,97.3,False,False,False,False,False,False,False,False,False,False,False,False,False,False,False,False,False,False,False,False,False,False,False,False,2024,1,8.6,11.6,31.82,2823,1.0817522709564292e-06,2024,False,False
2024,1,Winter,34.60333333333333,134.61388888888888,39.0,305,SIS,7.63,-37.0,66.7,12.0,27.2,2.59,0.5,17.8,0.22,0.4,21.9,77.7,False,False,False,False,False,False,False,False,False,False,False,False,False,False,False,False,False,False,False,False,False,False,False,False,2024,1,9.0,12.4,32.32,28143,1.0823854829045792e-06,2024,False,False
2024,1,Winter,34.11277777777778,135.00833333333333,64.6,303,SIS,7.5,167.0,45.4,5.7,7.2,1.133,0.36,7.9,0.005,0.2,43.8,56.0,False,False,False,False,False,False,False,False,False,False,False,False,False,False,False,False,False,False,False,False,False,False,True,False,2024,1,8.2,14.6,33.76,3079,3.0786714110954903e-06,2024,False,False
2024,1,Winter,34.38666666666666,133.24749999999997,13.0,309,SIS,7.6,-50.0,59.0,8.0,14.5,1.54,0.43,12.0,0.09,0.6,16.2,83.2,False,False,False,False,False,False,False,False,False,False,False,False,False,False,False,False,False,False,False,False,False,False,False,False,2024,1,8.7,12.8,33.18,34313,3.7065003045484965e-07,2024,False,False
2024,1,Winter,34.30305555555555,132.35305555555556,22.4,312,SIS,7.6,143.0,70.9,12.0,26.7,2.77,0.64,24.9,0.06,0.1,2.9,97.0,False,False,False,False,False,False,False,False,False,False,False,False,False,False,False,False,False,False,False,False,False,False,False,False,2024,1,8.8,13.0,33.31,34410,6.410111599588196e-07,2024,False,False
2024,1,Winter,34.333333333333336,132.45583333333332,26.5,312,SIS,7.7,63.0,75.6,11.4,29.0,3.09,0.62,21.9,0.15,0.05,0.9,99.1,True,False,False,False,False,False,False,False,False,False,False,False,False,False,False,False,False,False,False,False,False,False,False,False,2024,1,8.6,12.9,33.04,34396,3.0830756027894546e-06,2024,False,False
2024,1,Winter,33.99666666666667,132.29222222222222,17.6,312,SIS,7.1,111.0,50.6,11.2,20.5,1.69,0.55,14.7,0.24,0.05,12.4,87.6,True,False,False,False,False,False,False,False,False,False,False,False,False,False,False,False,False,False,False,False,False,False,False,False,2024,1,9.6,13.0,33.1,35426,2.0818909855812816e-06,2024,False,False
2024,1,Winter,34.03805555555555,131.70083333333332,11.2,315,SIS,7.136666666666667,-172.0,49.9,9.7,19.63019757069545,1.33,0.47,12.8,0.47,0.2,8.2,91.6,False,False,False,False,False,False,False,False,False,False,False,False,False,False,False,False,False,False,False,False,False,False,False,False,2024,1,9.2,11.8,33.0,35550,3.1109519614069765e-06,2024,False,False
2024,1,Winter,33.78333333333333,131.3252777777778,25.7,316,SIS,7.263333333333333,-132.0,49.8,9.5,17.2,1.63,0.56,14.2,0.25,0.05,24.5,75.9,True,False,False,False,False,False,False,False,False,False,False,False,False,False,False,False,False,False,False,False,False,False,False,False,2024,1,9.3,11.1,33.0,35598,2.0869368062898815e-06,2024,False,False
2024,1,Winter,34.282222222222224,134.3538888888889,20.5,306,SIS,7.5,-120.0,64.8,7.9,18.1,2.08,0.48,16.6,0.15,0.05,3.6,96.4,True,False,False,False,False,False,False,False,False,False,False,False,False,False,False,False,False,False,False,False,False,False,False,False,2024,1,8.9,11.4,32.55,37181,1.0503382490329312e-06,2024,False,False
2024,1,Winter,34.11138888888889,133.6275,11.0,310,SIS,7.4,-38.0,30.7,2.0,2.7,0.38,0.2,2.1,0.02,0.05,93.5,6.5,True,False,False,False,False,False,False,False,False,False,False,False,False,False,False,False,False,False,False,False,False,False,False,False,2024,1,9.1,11.3,32.59,37254,1.2354953859983198e-07,2024,False,False
2024,1,Winter,34.056666666666665,133.49749999999997,23.0,310,SIS,7.3,-97.0,75.7,9.8,24.6,2.29,0.53,16.9,0.07,0.05,0.2,99.8,True,False,False,False,False,False,False,False,False,False,False,False,False,False,False,False,False,False,False,False,False,False,False,False,2024,1,9.25,12.0,32.884,38274,3.706493231318329e-07,2024,False,False
2024,1,Winter,34.00333333333333,133.1725,16.3,310,SIS,7.4,-78.0,57.5,6.9,9.2,1.65,0.53,11.3,0.07,0.05,15.3,84.7,True,False,False,False,False,False,False,False,False,False,False,False,False,False,False,False,False,False,False,False,False,False,False,False,2024,1,8.72,13.9,33.197,38328,3.706493231225849e-07,2024,False,False
2024,1,Winter,33.638333333333335,131.13083333333333,11.0,316,SIS,7.5,-94.0,67.8,9.8,19.2,2.2,0.55,18.8,0.25,0.05,1.7,98.3,True,False,False,False,False,False,False,False,False,False,False,False,False,False,False,False,False,False,False,False,False,False,False,False,2024,1,9.5,8.4,33.05,40617,3.108026703408754e-06,2024,False,False
2024,1,Winter,33.306666666666665,131.61083333333332,54.8,314,SIS,7.6,-125.0,70.9,11.9,24.2,2.58,0.6,21.7,0.1,0.05,0.4,99.6,True,False,False,False,False,False,False,False,False,False,False,False,False,False,False,False,False,False,False,False,False,False,False,False,2024,1,8.5,12.8,33.74,44528,4.830500351793654e-07,2024,False,False
