連番,Year,renban_num,do_station,TOC,Sulfides,ORP,COD,LOI,Clay_pct,Depth_m
1,2009.0,1.0,5.469101123595506,,,,,,,
10,2007.0,10.0,6.5,2.1,0.03,30.0,1.9,1.1,1.5,9.5
10,2008.0,10.0,2.4,4.9,0.03,-100.0,2.6,1.7,2.2,8.0
10,2009.0,10.0,5.0,4.0,0.03,-90.0,5.9,2.8,10.3,6.5
10,2011.0,10.0,7.8,14.0,0.07,-100.0,10.0,3.4,13.5,7.5
10,2012.0,10.0,5.4,2.5,0.03,-40.0,1.6,1.2,1.2,10.9
10,2013.0,10.0,8.3,5.4,0.01,-220.0,2.5,1.7,2.2,7.8
10,2014.0,10.0,7.5,3.1,0.01,80.0,6.0,1.7,22.1,6.0
10,2016.0,10.0,4.8,4.9,0.04,-160.0,3.0,1.5,3.1,7.1
10,2017.0,10.0,6.9,4.0,0.03,-320.0,1.6,1.9,0.8,6.4
10,2018.0,10.0,5.3,3.2,0.02,-83.0,1.8,2.0,9.2,7.1
10,2019.0,10.0,6.3,3.0,0.3,-130.0,1.5,1.5,2.9,7.1
10,2020.0,10.0,6.5,3.2,0.04,-20.0,1.5,2.3,6.3,5.5
10,2021.0,10.0,4.5,4.3,0.03,-130.0,2.8,2.4,1.8,8.5
10,2022.0,10.0,5.1,2.1,0.01,3.0,1.4,1.4,0.9,6.9
10,2023.0,10.0,5.7,5.1,0.01,100.0,1.4,1.9,1.3,7.8
11,2007.0,11.0,4.6,16.0,0.34,-337.0,13.0,12.0,93.7,13.8
11,2008.0,11.0,3.3,18.0,0.36,-313.8,15.0,18.0,96.8,13.0
11,2009.0,11.0,0.7,17.0,0.25,-138.0,14.0,10.0,96.0,14.9
11,2010.0,11.0,3.3,14.0,0.2,,17.0,9.1,97.1,12.6
11,2011.0,11.0,5.4,14.0,0.19,-340.0,10.0,10.0,93.7,13.3
11,2012.0,11.0,4.2,18.0,0.54,-330.0,15.0,10.0,95.2,12.5
11,2013.0,11.0,5.2,20.0,0.5,-290.0,14.0,10.0,97.4,14.1
11,2014.0,11.0,1.8,15.0,0.3,-340.0,14.0,17.0,97.5,14.7
11,2015.0,11.0,4.4,14.0,0.45,-320.0,15.0,9.7,96.2,15.0
11,2016.0,11.0,4.8,16.6,0.53,-350.0,14.3,9.2,86.6,15.2
11,2017.0,11.0,5.9,15.7,0.55,-317.2,11.1,10.4,92.2,14.0
11,2018.0,11.0,3.5,15.9,0.68,-327.0,18.2,9.7,93.7,14.7
11,2019.0,11.0,2.8,19.5,0.37,-309.0,14.8,9.1,94.3,15.0
11,2021.0,11.0,2.0,17.2,0.41,-101.0,16.6,8.6,96.8,14.2
11,2022.0,11.0,0.7,,,,,,,
11,2023.0,11.0,2.4,20.0,0.18,-250.0,27.0,8.7,92.9,15.0
12,2003.0,12.0,8.3,12.6,0.76,-133.0,11.0,6.1,69.0,8.0
12,2004.0,12.0,4.8,11.2,0.79,-156.0,12.0,5.7,73.0,7.0
12,2005.0,12.0,6.5,12.5,0.69,-89.0,10.0,6.7,84.0,6.0
12,2007.0,12.0,6.5,10.6,0.31,-106.0,10.0,5.8,71.0,7.0
12,2008.0,12.0,5.7,8.7,0.32,-93.0,9.7,5.0,68.0,7.0
12,2010.0,12.0,7.4,8.7,0.32,3.0,6.9,4.5,15.9,8.0
12,2011.0,12.0,10.8,12.0,0.26,-55.0,11.0,6.1,89.5,6.5
12,2012.0,12.0,6.6,14.0,0.56,144.0,13.6,7.3,81.0,6.4
12,2014.0,12.0,7.3,23.5,1.43,,25.5,9.1,90.7,7.8
12,2015.0,12.0,1.9,12.9,0.68,-112.0,20.7,7.1,93.7,7.5
12,2016.0,12.0,3.3,11.1,0.28,-138.0,9.7,4.9,57.2,6.5
12,2017.0,12.0,5.9,16.3,0.69,-202.0,15.8,7.0,82.3,6.5
12,2018.0,12.0,5.0,15.5,0.21,-161.0,13.0,5.1,85.9,8.2
12,2019.0,12.0,0.5,9.8,0.69,-349.0,6.8,3.9,58.3,9.0
12,2020.0,12.0,1.8,26.1,0.4,-359.0,7.2,9.0,55.5,7.0
12,2021.0,12.0,2.6,10.4,0.79,-260.0,5.2,5.5,56.7,8.0
12,2022.0,12.0,1.8,10.4,0.82,-306.0,6.2,4.3,50.4,8.0
12,2023.0,12.0,0.0,14.8,0.6,-213.0,13.2,6.5,70.3,8.7
13,2022.0,13.0,1.8,20.0,0.47,-119.0,18.7,7.2,61.9,4.0
13,2023.0,13.0,0.0,15.6,0.47,-144.0,11.0,6.4,56.8,4.8
143,2007.0,143.0,5.4,8.6,0.16,24.8,15.0,5.09,50.8,36.0
143,2008.0,143.0,5.8,8.4,0.275453442314833,-186.0,12.8108302865535,5.52154017711723,55.9215618818268,37.0
143,2009.0,143.0,5.5,7.86,0.02179697708371181,-229.2,12.770354630448782,4.749606997864336,41.9602713970408,37.0
143,2010.0,143.0,6.1,11.4,0.03,-4.3,8.0,7.4,70.7,36.0
143,2011.0,143.0,7.6,15.3,0.01,-42.0,16.0,7.4,64.6,38.0
143,2012.0,143.0,5.3,1.3,0.02,-40.0,17.2,7.5,64.6,37.0
143,2013.0,143.0,5.8,12.0,0.02,-61.0,13.1,6.7,61.5,38.0
143,2014.0,143.0,6.0,11.0,0.02,-50.0,15.7,7.7,44.4,38.0
143,2015.0,143.0,6.4,12.9,0.01,-100.0,15.3,8.1,57.7,38.0
143,2016.0,143.0,5.8,16.3,0.03,-66.0,26.4,10.7,10.3,38.0
143,2017.0,143.0,6.0,10.3,0.02,-317.0,14.8,5.4,52.8,38.0
143,2019.0,143.0,6.3,13.6,0.01,-274.0,16.9,7.9,74.3,38.0
143,2020.0,143.0,5.4,12.1,0.01,-82.0,18.0,7.9,67.8,38.0
143,2021.0,143.0,6.0,11.3,0.03,-301.0,20.0,7.7,63.3,38.0
143,2022.0,143.0,5.8,12.6,0.08,-80.0,17.0,6.7,67.9,38.0
143,2023.0,143.0,5.8,14.2,0.1,-114.0,30.5,14.6,85.3,38.0
15,2005.0,15.0,0.0,27.6,1.0,-172.0,34.0,12.4,99.0,16.0
15,2010.0,15.0,1.7,34.5,1.18,-50.0,27.0,13.6,57.1,17.6
15,2015.0,15.0,0.6,34.5,0.53,-159.0,67.6,13.3,83.8,17.5
15,2016.0,15.0,1.6,35.6,0.28,-182.0,25.9,14.5,97.0,16.5
15,2018.0,15.0,2.7,43.8,0.17,-167.0,33.6,15.4,84.9,18.2
15,2020.0,15.0,1.2,37.5,1.29,,24.0,13.8,99.5,17.0
15,2021.0,15.0,0.5,33.7,1.49,-390.0,16.8,14.8,99.1,18.0
15,2022.0,15.0,0.5,35.1,1.23,,16.1,12.1,99.7,18.0
18,2004.0,18.0,1.5,21.5,2.68,-193.0,31.1,9.9,89.4,15.2
18,2007.0,18.0,6.5,22.5,1.33,-155.0,25.9,10.1,89.1,15.6
18,2008.0,18.0,0.0,17.0,1.02,-94.0,19.9,9.4,90.3,15.4
18,2009.0,18.0,0.0,19.0,2.17,-195.0,29.0,10.0,90.9,16.5
18,2010.0,18.0,0.5,21.6,2.17,-192.0,24.9,10.4,92.3,16.0
18,2011.0,18.0,1.5,20.7,2.44,-192.0,31.9,10.7,98.5,16.1
18,2012.0,18.0,1.8,21.8,1.58,-130.0,30.5,10.7,99.2,15.1
18,2016.0,18.0,1.6,23.6,2.12,-176.0,35.8,12.7,99.6,15.7
18,2017.0,18.0,0.5,23.9,2.29,-162.0,37.1,13.0,100.0,16.0
18,2020.0,18.0,0.9,22.3,1.37,-1.0,32.3,9.8,99.7,15.8
18,2021.0,18.0,2.7,24.3,1.65,-88.0,36.7,11.1,100.0,16.8
18,2022.0,18.0,0.5,19.6,1.72,-165.0,35.8,9.0,99.6,16.4
181,2007.0,181.0,6.5,14.3,0.05,-59.0,19.1,8.7,99.3,19.5
181,2008.0,181.0,6.7,13.8,0.22,16.0,9.5,8.0,99.3,
181,2009.0,181.0,6.0,16.4,2.1,-174.0,26.0,9.1,99.0,
181,2010.0,181.0,7.0,15.5,0.2,124.0,20.2,11.5,98.3,
181,2011.0,181.0,7.0,16.4,0.21,-140.0,9.4,9.4,99.5,
181,2012.0,181.0,6.3,15.0,0.02,61.0,21.8,8.5,86.5,19.0
181,2013.0,181.0,6.5,15.65,0.14,117.0,12.1,9.7,98.9,19.0
181,2014.0,181.0,6.7,14.5,0.09,-185.0,10.0,10.3,28.09,19.7
181,2015.0,181.0,6.7,15.5,0.12,-335.0,17.2,10.1,20.09,19.0
181,2016.0,181.0,7.2,17.2,0.12,-161.0,14.2,8.7,19.9,19.5
181,2017.0,181.0,6.8,7.3,0.14,-234.0,17.5,10.1,19.0,18.0
181,2019.0,181.0,6.6,14.9,0.1,-124.0,4.9,8.2,95.7,19.4
181,2020.0,181.0,7.0,15.8,0.06,-238.0,8.1,9.0,98.1,19.0
181,2021.0,181.0,5.9,14.9,0.275,-127.0,12.5,8.6,97.0,19.3
181,2022.0,181.0,6.5,15.2,0.12,-163.0,17.3,8.1,77.7,19.0
181,2023.0,181.0,6.8,15.7,0.1,-135.0,10.3,7.7,97.6,19.0
2,2003.0,2.0,9.0,9.2,1.24,-241.0,22.9,6.35,50.6,10.25
2,2004.0,2.0,7.9,9.7,1.7349999999999999,-111.0,20.8,5.45,49.9,9.8
2,2005.0,2.0,6.0,11.2,1.605,-139.0,27.65,6.05,55.25,8.5
2,2007.0,2.0,6.5,17.55,2.2,-259.0,26.5,8.5,92.3,9.85
2,2008.0,2.0,6.1,10.45,0.5549999999999999,-223.0,18.4,5.9,52.5,8.35
2,2009.0,2.0,1.2,12.85,0.685,-206.0,17.8,6.55,60.5,9.65
2,2010.0,2.0,8.1,20.8,1.915,1.0,30.0,11.15,61.8,10.55
2,2011.0,2.0,9.9,12.0,0.48,100.0,18.55,6.05,61.300000000000004,9.75
2,2012.0,2.0,3.2,20.95,0.875,-202.0,35.4,10.35,78.9,10.1
2,2013.0,2.0,14.9,10.7,1.0,71.0,25.95,5.6,53.25,9.7
2,2014.0,2.0,10.0,14.4,0.955,-351.0,24.75,7.4,71.65,10.25
2,2015.0,2.0,4.2,13.95,1.6800000000000002,-197.0,34.25,7.3,62.099999999999994,10.55
2,2016.0,2.0,4.0,11.2,0.45999999999999996,-117.0,19.85,5.95,61.85,9.6
2,2017.0,2.0,4.8,11.8,0.74,-230.0,23.05,6.05,55.800000000000004,5.6
2,2018.0,2.0,10.0,12.05,0.785,-245.0,20.75,6.15,54.75,10.25
2,2019.0,2.0,1.1,12.4,0.96,-271.0,21.65,5.9,54.849999999999994,10.25
2,2020.0,2.0,8.5,11.1,0.755,-209.0,22.15,6.050000000000001,53.800000000000004,9.7
2,2021.0,2.0,2.2,11.2,0.7150000000000001,-286.0,23.4,5.7,51.25,10.75
2,2022.0,2.0,5.9,11.7,0.525,-368.0,20.75,6.65,55.4,10.2
2,2023.0,2.0,0.0,21.0,1.45,-226.0,29.7,9.15,88.5,9.6
20,2022.0,20.0,0.0,22.6,0.94,-144.0,20.5,9.7,97.1,5.2
20,2023.0,20.0,3.4,11.4,0.38,-144.0,10.0,6.3,63.4,6.0
23,2007.0,23.0,2.2,17.6,0.96,-370.4,14.1,10.79,98.7,15.0
23,2008.0,23.0,2.1,20.4,0.574179083498009,-209.0,15.9856555930589,10.9539260220532,98.3756877128635,16.0
23,2009.0,23.0,1.5,25.066666666666663,1.0417471476676619,-271.6,13.53808287936859,11.374868215252784,97.52192677154392,15.0
23,2010.0,23.0,2.1,18.1,0.9,-150.0,15.3,11.0,98.7,16.0
23,2011.0,23.0,2.0,22.7,0.84,,29.5,10.9,98.2,16.0
23,2013.0,23.0,4.8,22.0,1.03,-350.0,29.4,11.1,99.0,16.0
23,2014.0,23.0,3.6,22.0,0.82,-400.0,27.9,10.9,87.3,16.0
23,2015.0,23.0,4.0,22.1,0.96,-400.0,32.6,11.3,53.5,16.0
23,2016.0,23.0,2.6,23.1,0.74,-314.0,29.1,11.1,12.4,16.0
23,2017.0,23.0,3.0,22.3,0.66,-355.0,29.9,10.8,98.3,16.0
23,2019.0,23.0,3.5,21.8,0.46,-372.0,33.8,11.4,98.5,15.0
23,2020.0,23.0,5.9,20.1,0.12,-223.0,33.6,11.3,97.7,17.0
23,2021.0,23.0,1.4,21.1,0.88,,33.8,10.8,98.9,16.0
23,2022.0,23.0,2.9,20.1,1.0,,30.7,10.6,99.2,17.0
23,2023.0,23.0,5.0,11.85,0.63,-258.0,17.45,7.0,58.050000000000004,10.75
254,2007.0,254.0,7.7,9.6,0.04,-13.0,7.1,5.0,91.7,9.0
254,2008.0,254.0,8.2,5.7,0.1,-151.0,5.3,3.4,66.3,
254,2009.0,254.0,6.7,5.41,0.38,-121.0,7.8,3.4,26.3,
254,2010.0,254.0,7.7,4.3,0.02,115.0,7.1,3.4,26.2,
254,2011.0,254.0,7.8,11.3,0.04,-60.0,6.2,4.9,35.6,
254,2012.0,254.0,6.3,9.8,0.04,78.0,16.9,4.7,54.7,13.0
254,2013.0,254.0,7.3,7.47,0.07,57.0,6.7,4.2,71.9,12.0
254,2014.0,254.0,6.2,7.1,0.18,-145.0,11.0,4.8,32.35,13.5
254,2015.0,254.0,6.2,8.51,0.22,-336.0,11.1,5.0,27.87,10.9
254,2016.0,254.0,6.1,11.7,0.09,-252.0,7.4,3.7,19.3,12.1
254,2019.0,254.0,5.1,9.6,0.1,-126.0,3.1,4.5,52.5,9.8
254,2020.0,254.0,6.4,8.8,0.03,-108.0,5.0,4.0,60.7,12.0
254,2021.0,254.0,5.7,4.2,0.1,-87.0,4.9,3.0,18.4,12.0
254,2022.0,254.0,8.0,5.1,0.04,-155.0,5.7,3.3,18.6,11.0
254,2023.0,254.0,6.3,8.1,0.04,-110.0,5.3,4.0,55.6,7.3
26,2003.0,26.0,1.3,32.2,1.18,-150.0,40.2,15.5,95.0,27.0
26,2004.0,26.0,2.3,24.8,1.19,-127.0,30.7,11.2,88.9,26.4
26,2005.0,26.0,2.0,25.8,1.29,-109.0,37.0,11.3,13.0,27.1
26,2007.0,26.0,6.5,24.9,0.79,-163.0,31.0,11.6,89.4,27.0
26,2008.0,26.0,3.0,26.9,1.46,-179.0,27.4,12.6,89.5,27.6
26,2009.0,26.0,3.6,24.0,0.81,-135.0,30.8,11.6,91.4,27.3
26,2010.0,26.0,0.6,25.5,1.12,-110.0,30.9,11.9,95.5,26.3
26,2011.0,26.0,3.8,23.9,1.19,-154.0,33.6,12.1,95.4,26.7
26,2012.0,26.0,1.3,27.7,1.08,-52.0,35.6,12.8,96.8,27.0
26,2013.0,26.0,1.5,27.8,1.25,,14.7,14.2,93.1,27.1
26,2015.0,26.0,2.7,24.7,0.9,-23.0,29.4,11.9,93.8,27.4
26,2016.0,26.0,0.8,27.3,0.79,-24.0,40.1,14.1,95.0,27.0
26,2017.0,26.0,4.4,27.2,0.83,68.0,38.0,13.1,96.7,28.0
26,2018.0,26.0,3.4,25.0,0.69,-238.0,17.6,10.1,95.4,27.2
26,2019.0,26.0,7.3,23.6,0.79,-91.0,31.8,11.3,92.2,28.7
26,2020.0,26.0,2.7,19.4,0.31,,19.7,9.5,90.0,27.0
26,2021.0,26.0,5.0,28.1,1.23,-136.0,37.0,12.2,99.1,28.1
26,2022.0,26.0,2.1,27.3,1.13,-66.0,43.6,10.4,97.9,27.6
27,2007.0,27.0,0.7,26.0,0.2,-368.0,15.0,27.0,99.6,25.5
27,2008.0,27.0,2.5,24.0,0.23,-373.0,18.0,37.0,98.5,23.0
27,2010.0,27.0,4.0,23.0,0.18,,26.0,12.0,99.8,23.2
27,2011.0,27.0,4.3,23.0,0.17,-380.0,16.0,19.0,99.5,23.3
27,2012.0,27.0,2.8,24.0,0.53,-390.0,20.0,13.0,99.3,23.0
27,2013.0,27.0,3.9,21.0,0.51,-380.0,19.0,12.0,99.4,24.1
27,2014.0,27.0,0.7,21.0,0.4,-400.0,21.0,12.0,99.4,24.7
27,2015.0,27.0,2.3,22.0,0.52,-390.0,30.0,12.0,99.4,24.5
27,2017.0,27.0,2.5,22.9,0.74,-374.0,21.0,13.8,99.2,24.9
27,2019.0,27.0,2.2,26.2,0.58,-358.0,19.4,11.8,99.2,25.3
27,2021.0,27.0,1.6,25.5,0.78,-173.0,28.7,10.9,99.0,24.7
27,2023.0,27.0,1.2,27.0,0.46,-310.0,42.0,12.0,99.6,24.5
274,2007.0,274.0,5.8,14.4,0.06,-28.0,12.3,9.0,99.7,21.0
274,2008.0,274.0,5.4,14.1,0.31,-32.0,11.4,9.0,100.0,
274,2009.0,274.0,5.8,16.8,2.48,-228.0,18.0,11.0,99.2,
274,2010.0,274.0,6.6,15.0,0.17,-154.0,21.8,9.6,99.8,
274,2011.0,274.0,3.3,16.5,0.17,-149.0,17.7,10.4,99.8,
274,2012.0,274.0,7.8,18.0,0.02,88.0,20.9,7.7,99.6,23.0
274,2013.0,274.0,5.7,16.12,0.13,-134.0,8.4,10.6,99.6,21.0
274,2014.0,274.0,7.2,14.7,0.07,-268.0,14.0,10.4,20.79,23.6
274,2015.0,274.0,8.3,16.0,0.12,-370.0,21.7,12.0,13.99,23.0
274,2016.0,274.0,5.1,17.1,0.03,-264.0,11.8,9.3,30.0,22.7
274,2017.0,274.0,7.6,17.8,0.03,-242.0,19.1,8.7,21.8,21.0
274,2019.0,274.0,5.4,15.4,0.1,-98.0,3.4,9.8,99.7,20.7
274,2020.0,274.0,4.6,16.2,0.04,-167.0,11.2,9.9,99.9,25.0
274,2021.0,274.0,3.6,16.5,0.275,-151.0,15.4,11.0,99.7,22.5
274,2022.0,274.0,5.3,16.3,0.09,-154.0,20.8,9.0,99.6,22.8
274,2023.0,274.0,7.02,17.9,0.11,-173.0,14.7,10.4,99.8,22.5
28,2018.0,28.0,1.1,,,,,,,
28,2022.0,28.0,5.3,,,,,,,
28,2023.0,28.0,0.8,24.0,0.62,-360.0,35.0,11.0,98.9,34.5
3,2009.0,3.0,5.469101123595506,,,,,,,
313,2007.0,313.0,7.3,7.0,0.09,10.0,6.8,5.9,82.6,12.0
313,2008.0,313.0,7.1,8.6,0.22,-100.0,6.3,6.4,84.4,
313,2009.0,313.0,6.8,12.8,0.91,-130.0,9.1,6.4,72.7,
313,2010.0,313.0,7.5,8.0,0.06,96.0,7.0,7.1,74.9,
313,2011.0,313.0,7.7,7.8,0.14,118.0,3.0,6.1,77.8,
313,2012.0,313.0,7.4,8.1,0.0004,22.0,7.9,5.3,87.0,15.0
313,2013.0,313.0,6.5,6.84,0.08,69.0,4.2,7.3,78.0,13.0
313,2014.0,313.0,7.3,7.7,0.06,-168.0,8.0,6.8,30.68,
313,2015.0,313.0,7.2,9.35,0.04,-308.0,11.9,7.6,16.37,13.0
313,2016.0,313.0,8.4,11.9,0.07,-342.0,9.7,5.8,23.6,13.0
313,2017.0,313.0,7.1,15.6,0.21,-234.0,12.7,7.7,26.4,13.8
313,2019.0,313.0,7.2,9.2,0.06,-98.0,3.1,6.9,79.2,13.0
313,2020.0,313.0,6.4,8.0,0.07,-146.0,4.4,6.6,75.0,13.0
313,2021.0,313.0,6.8,8.3,0.22,-82.5,6.1,7.7,75.2,14.0
313,2022.0,313.0,6.7,12.0,0.13,-276.0,11.2,7.9,78.6,14.0
313,2023.0,313.0,6.8,11.9,0.14,-131.0,7.7,7.7,85.1,12.0
32,2003.0,32.0,2.3,22.8,1.63,-152.0,33.3,10.2,95.8,27.5
32,2004.0,32.0,2.2,25.4,0.73,-179.0,31.6,10.0,96.7,24.0
32,2007.0,32.0,6.5,27.0,1.3,-162.0,23.0,11.3,97.5,26.5
32,2009.0,32.0,3.6,21.6,11.3,-311.0,35.0,10.1,66.9,
32,2022.0,32.0,3.1,28.2,0.86,-161.0,28.6,11.8,97.3,25.5
32,2023.0,32.0,4.2,29.9,0.83,-181.0,21.5,12.5,98.0,25.4
328,2007.0,328.0,5.9,8.9,0.02,-50.0,7.7,6.5,93.0,13.5
328,2008.0,328.0,7.0,8.6,0.08,73.0,6.6,6.2,94.1,
328,2009.0,328.0,7.1,14.7,2.63,-160.0,12.0,8.0,90.2,
328,2010.0,328.0,7.5,10.8,0.15,55.0,13.7,7.3,88.1,
328,2011.0,328.0,7.6,10.0,0.11,-31.0,7.1,7.3,93.5,
328,2012.0,328.0,7.2,10.0,0.02,42.0,10.7,5.9,89.4,15.6
328,2013.0,328.0,7.1,10.01,0.14,-77.0,7.5,7.1,90.7,13.7
328,2014.0,328.0,6.7,9.8,0.15,-165.0,11.0,7.6,34.68,15.1
328,2015.0,328.0,7.2,9.75,0.07,-282.0,12.1,7.6,35.1,25.7
328,2016.0,328.0,9.6,12.5,0.06,-252.0,10.0,6.6,21.1,15.7
328,2017.0,328.0,7.9,12.1,0.08,-164.0,11.5,7.7,30.2,14.5
328,2019.0,328.0,6.9,10.9,0.1,67.0,4.1,7.3,90.0,14.1
328,2020.0,328.0,6.4,10.6,0.08,-76.0,6.1,7.2,86.3,15.5
328,2021.0,328.0,6.9,6.300000000000001,0.11,-57.0,8.7,8.2,84.8,15.7
328,2022.0,328.0,7.0,10.9,0.1,-212.0,13.5,6.9,81.4,15.4
328,2023.0,328.0,7.57,12.4,0.07,-69.0,8.1,7.3,94.4,16.7
35,2007.0,35.0,6.5,7.2,0.15,-52.0,5.8,5.0,37.0,12.0
35,2008.0,35.0,4.9,2.2,0.05,20.0,3.8,3.2,13.0,12.0
35,2010.0,35.0,7.4,9.8,0.23,-19.0,4.7,4.9,11.9,10.5
35,2011.0,35.0,6.4,2.6,0.06,26.0,2.3,3.5,7.9,8.5
35,2012.0,35.0,6.6,5.8,0.32,-109.0,6.2,2.2,21.4,7.3
35,2013.0,35.0,5.5,9.2,0.34,-104.0,14.4,3.9,50.7,8.7
35,2014.0,35.0,8.8,11.7,0.18,-296.0,7.5,4.6,61.4,8.2
35,2015.0,35.0,4.1,10.5,0.1,-33.0,22.5,8.4,36.6,10.2
35,2016.0,35.0,5.7,7.0,0.08,36.0,4.0,3.5,14.5,7.1
35,2017.0,35.0,5.8,2.1,0.02,79.0,2.2,2.2,42.5,8.9
35,2018.0,35.0,6.8,7.1,0.07,-110.0,6.3,4.3,32.3,12.1
35,2019.0,35.0,4.3,6.9,0.18,-332.0,3.8,3.8,26.2,12.0
35,2020.0,35.0,8.5,2.1,0.02,-113.0,1.9,2.5,6.6,8.0
35,2021.0,35.0,4.9,1.7,0.01,57.0,1.7,2.7,4.1,8.0
35,2022.0,35.0,4.1,1.8,0.01,-138.0,2.0,1.8,5.1,8.0
35,2023.0,35.0,0.0,1.9,0.02,-98.0,1.3,3.2,1.6,7.4
38,2022.0,38.0,6.3,2.0,,-140.0,1.9,2.9,3.6,10.5
38,2023.0,38.0,0.0,1.2,0.01,7.0,1.4,2.6,2.2,10.0
39,2022.0,39.0,4.0,,,,,,,
39,2023.0,39.0,3.9,4.9,0.05,-200.0,7.5,3.8,18.4,10.0
396,2007.0,396.0,4.1,20.3,0.05,53.0,19.3,10.4,95.2,20.3
396,2008.0,396.0,3.8,19.4,0.24,-1.0,14.5,9.6,89.8,
396,2009.0,396.0,2.5,25.5,4.92,-152.0,25.0,12.4,92.2,
396,2010.0,396.0,4.8,25.9,0.22,66.0,15.4,11.3,92.0,
396,2011.0,396.0,4.0,26.6,0.21,114.0,9.6,11.2,94.5,
396,2012.0,396.0,5.1,27.0,0.05,-2.3,28.4,10.4,78.8,20.0
396,2013.0,396.0,6.4,25.26,0.17,61.0,7.7,12.3,97.7,20.0
396,2014.0,396.0,5.2,18.9,0.07,-199.0,16.0,12.6,15.73,20.5
396,2015.0,396.0,5.0,23.4,0.15,-300.0,24.0,12.0,17.77,20.0
396,2016.0,396.0,4.2,23.6,0.12,,11.3,9.5,21.5,20.0
396,2017.0,396.0,4.9,19.0,0.04,-172.0,17.1,10.4,20.4,20.0
396,2019.0,396.0,3.9,23.0,0.13,-187.0,6.6,11.5,96.6,20.0
396,2020.0,396.0,3.2,22.4,0.08,-112.0,9.7,12.2,90.3,26.0
396,2021.0,396.0,4.2,22.2,0.32999999999999996,-89.0,19.8,11.8,91.9,21.0
396,2022.0,396.0,4.8,19.3,0.08,77.0,17.1,9.7,84.0,21.3
396,2023.0,396.0,3.9,23.8,0.09,-126.0,14.0,11.3,98.4,19.9
4,2003.0,4.0,4.4,12.2,0.54,-200.0,10.25,7.300000000000001,94.9,11.2
4,2004.0,4.0,7.6,14.75,0.745,-169.5,11.45,8.0,93.7,10.65
4,2005.0,4.0,7.5,11.75,0.515,-206.0,12.2,12.149999999999999,94.75,9.5
4,2007.0,4.0,6.5,13.8,0.5549999999999999,-267.0,13.5,8.55,96.6,11.25
4,2008.0,4.0,4.7,14.85,0.66,-262.1,17.5,9.55,95.15,11.3
4,2010.0,4.0,5.8,15.4,0.585,6.0,13.4,11.8,68.15,10.100000000000001
4,2011.0,4.0,1.7,12.9,0.23,73.0,11.95,8.15,79.1,11.0
4,2012.0,4.0,2.2,17.35,0.485,-246.0,13.3,9.35,96.7,10.35
4,2013.0,4.0,10.9,22.7,0.565,-268.5,20.25,9.85,94.15,10.35
4,2014.0,4.0,8.8,15.2,0.525,-386.0,13.95,14.75,97.3,10.95
4,2015.0,4.0,4.1,22.45,0.6200000000000001,-169.0,22.4,9.95,91.35,11.3
4,2016.0,4.0,3.8,18.75,0.62,-259.5,12.899999999999999,8.6,87.4,10.85
4,2017.0,4.0,1.3,15.4,0.795,-274.5,14.35,9.35,90.35,10.8
4,2018.0,4.0,8.0,14.7,0.65,-270.5,12.7,7.45,87.9,10.7
4,2019.0,4.0,1.0,18.5,0.815,-348.5,10.0,7.6,94.8,10.75
4,2020.0,4.0,7.7,10.7,0.42,-278.0,4.2,6.4,87.2,8.0
4,2021.0,4.0,0.9,16.2,0.745,-250.5,10.6,6.75,95.85,10.65
4,2022.0,4.0,1.1,10.5,0.39,-349.0,5.0,4.1,74.9,8.0
4,2023.0,4.0,0.0,15.7,0.41000000000000003,-199.0,14.35,7.15,89.4,10.9
40,2022.0,40.0,3.0,,,,,,,
40,2023.0,40.0,2.7,13.0,0.54,-180.0,24.0,7.6,84.0,22.5
410,2007.0,410.0,3.1,18.7,0.27,-90.0,20.5,11.3,99.4,24.2
410,2008.0,410.0,5.3,18.8,0.68,-62.0,23.0,10.9,99.0,
410,2009.0,410.0,5.1,25.1,7.19,-245.0,22.0,13.4,99.3,
410,2010.0,410.0,6.2,21.7,0.31,-69.0,23.8,13.2,98.0,
410,2011.0,410.0,5.6,22.6,0.18,-126.0,7.2,12.6,99.4,
410,2012.0,410.0,6.5,23.0,0.22,-130.0,31.5,11.3,99.4,26.0
410,2013.0,410.0,5.3,20.78,0.24,-42.0,7.6,12.3,99.5,25.0
410,2014.0,410.0,6.3,19.2,0.26,-329.0,17.0,13.9,14.62,26.0
410,2015.0,410.0,6.0,20.2,0.21,-316.0,19.6,11.5,16.61,24.0
410,2016.0,410.0,5.2,22.1,0.31,,14.3,11.1,24.5,25.0
410,2017.0,410.0,2.9,24.0,0.82,-301.0,17.6,11.0,31.0,23.0
410,2019.0,410.0,6.0,21.2,0.23,-151.0,6.3,11.6,99.4,24.0
410,2020.0,410.0,4.7,22.6,0.17,-164.0,11.7,12.8,97.9,24.0
410,2021.0,410.0,5.7,21.4,0.17,-134.0,18.0,12.6,98.7,25.0
410,2022.0,410.0,5.7,22.4,0.32,-144.0,27.3,11.7,98.9,26.3
410,2023.0,410.0,3.9,21.9,0.2,-157.0,15.7,11.1,99.1,24.0
426,2007.0,426.0,7.2,15.9,0.13,118.0,22.7,8.5,85.0,15.0
426,2008.0,426.0,7.8,15.9,0.13,118.0,22.7,8.5,85.0,
426,2009.0,426.0,7.5,18.0,0.26,-76.0,13.0,11.0,72.0,19.8
426,2010.0,426.0,8.1,16.4,0.19,10.0,12.4,9.8,82.0,14.8
426,2011.0,426.0,7.8,18.5,0.25,-110.0,13.8,10.9,81.5,16.7
426,2012.0,426.0,7.6,18.2,0.26,-84.0,15.0,10.3,85.8,15.5
426,2013.0,426.0,8.5,18.221648931503296,0.31291811619592114,-125.33333333333331,15.698167207178543,10.162080973048878,79.96183206106869,16.0
426,2014.0,426.0,8.0,13.34753007888794,0.15974045346160595,-92.66666666666669,13.987746406146808,9.506186476377179,77.33739837398376,14.7
426,2015.0,426.0,7.6,14.6,0.19,-86.0,13.7,9.8,83.1,17.0
426,2016.0,426.0,7.8,14.4,0.43,-118.0,28.8,13.3,86.3,15.9
426,2017.0,426.0,7.7,14.1,0.33,-119.0,23.8,11.0,77.4,17.7
426,2018.0,426.0,7.7,14.052235531806906,0.3124782734319188,,23.312194282548482,8.864802359664182,92.38836265223273,17.1
426,2019.0,426.0,8.4,14.0,0.09,-37.0,19.8,10.5,94.0,24.5
426,2022.0,426.0,7.5,15.6,0.34,-93.0,18.5,9.9,87.9,19.0
426,2023.0,426.0,7.8,15.558153351147931,0.34,-105.0,20.9,9.8,97.8,18.0
44,2007.0,44.0,6.6,12.0,0.43,-289.0,23.0,6.9,77.6,31.0
44,2008.0,44.0,6.5,11.0,0.36,-276.0,22.0,7.9,89.1,26.8
44,2009.0,44.0,6.1,15.0,0.6,,21.0,8.3,100.0,30.6
44,2010.0,44.0,6.1,10.0,0.27,,18.0,6.2,76.1,30.2
44,2011.0,44.0,6.5,11.0,0.2,-270.0,17.0,5.5,71.5,31.5
44,2012.0,44.0,5.9,12.0,0.22,-246.0,28.0,7.8,72.3,31.0
44,2013.0,44.0,6.2,12.0,0.22,-246.0,22.0,6.5,76.9,31.2
44,2014.0,44.0,5.9,10.0,0.13,-297.0,19.0,6.7,76.3,31.7
44,2015.0,44.0,6.3,11.0,0.06,-287.0,20.0,6.2,78.0,31.6
44,2016.0,44.0,5.8,11.0,0.15,,20.0,7.9,73.9,31.6
44,2017.0,44.0,6.7,10.0,0.08,-369.0,15.0,6.6,79.4,
44,2018.0,44.0,6.2,10.0,0.1,-397.0,17.0,6.4,74.9,32.2
44,2019.0,44.0,6.5,9.9,0.12,-352.0,17.0,6.4,80.3,31.2
44,2020.0,44.0,6.0,14.0,1.0,-185.0,20.0,8.6,87.4,30.6
44,2021.0,44.0,6.1,12.0,0.14,-311.0,18.0,7.2,84.39999999999999,31.5
44,2022.0,44.0,6.4,13.0,0.22,-372.0,17.0,7.3,84.1,31.6
44,2023.0,44.0,7.2,12.0,0.14,-299.0,19.0,8.2,74.3,31.5
5,2009.0,5.0,5.469101123595506,,,,,,,
528,2008.0,528.0,5.8,18.8,0.29,-37.0,17.8,11.6,99.7,
528,2009.0,528.0,5.9,25.2,4.81,-153.0,33.0,14.3,99.6,
528,2010.0,528.0,6.2,21.4,0.24,-177.0,30.7,12.4,99.7,54.0
528,2011.0,528.0,6.0,21.9,0.19,-126.0,10.1,14.7,99.7,
528,2012.0,528.0,6.3,25.0,0.02,-120.0,30.4,11.7,99.3,53.3
528,2013.0,528.0,5.3,22.33,0.2,-117.0,9.8,12.6,99.4,53.4
528,2014.0,528.0,6.3,6.7,0.22,-344.0,19.0,13.3,24.72,51.0
528,2015.0,528.0,5.1,21.8,0.06,,24.8,13.9,19.3,55.0
528,2016.0,528.0,5.8,21.9,0.09,-69.0,28.1,13.6,28.6,51.0
528,2017.0,528.0,6.2,23.5,0.06,-246.0,21.3,11.1,18.8,53.0
528,2019.0,528.0,4.0,22.3,0.1,-222.0,8.9,12.6,99.6,54.3
528,2020.0,528.0,5.9,21.5,0.08,-122.0,10.8,12.0,99.5,52.7
528,2021.0,528.0,6.2,21.3,0.44,-133.0,14.6,13.1,99.6,54.3
528,2022.0,528.0,6.7,21.9,0.12,-99.0,23.5,11.8,99.4,54.3
528,2023.0,528.0,6.8,22.8,0.1,-132.0,14.5,10.6,99.3,53.5
550,2007.0,550.0,7.4,14.5,0.17,107.0,20.5,8.5,81.0,10.0
550,2008.0,550.0,11.0,14.5,0.17,107.0,20.5,8.5,81.0,
550,2009.0,550.0,7.2,18.0,0.26,-89.0,12.0,11.0,74.0,11.4
550,2010.0,550.0,8.6,18.5,0.33,16.0,13.8,10.2,74.7,11.7
550,2011.0,550.0,7.2,20.2,0.44,-60.0,15.3,9.9,64.3,12.5
550,2012.0,550.0,7.0,20.2,0.36,-94.0,15.6,9.9,86.9,11.6
550,2013.0,550.0,6.0,17.61035680770874,0.3041825745680598,-82.33333333333331,15.300106957813508,9.320070902151496,94.6998123827392,12.6
550,2014.0,550.0,6.8,16.58164422903488,0.3946382415074008,-97.66666666666669,16.231058108296065,11.033498355883502,73.77131394182543,11.8
550,2015.0,550.0,7.4,16.8,0.45,-140.0,14.5,10.0,80.7,11.9
550,2016.0,550.0,6.8,15.0,0.19,-131.0,25.7,13.0,89.5,12.8
550,2017.0,550.0,6.8,12.9,0.07,-146.0,23.0,10.7,84.1,14.1
550,2018.0,550.0,5.4,13.752019250392882,0.3585094508949677,-234.82666666666668,23.97980330200987,8.305119070534458,90.29224051058107,15.0
550,2019.0,550.0,8.0,13.4,0.12,-194.0,19.9,9.5,95.4,13.5
550,2022.0,550.0,7.0,13.7,0.04,-131.0,16.7,8.8,88.6,14.0
550,2023.0,550.0,8.6,17.1,0.2,-124.0,24.2,10.1,97.2,14.8
59,2007.0,59.0,4.9,14.0,0.21,-370.0,14.0,3.6,26.9,16.5
59,2008.0,59.0,1.4,34.0,0.67,-320.0,27.0,8.2,41.3,15.0
59,2009.0,59.0,5.1,25.0,0.58,-200.0,32.0,8.7,90.6,16.5
59,2011.0,59.0,2.4,25.0,0.66,-300.0,25.0,7.6,40.3,16.0
59,2012.0,59.0,4.7,18.0,0.18,-340.0,20.0,5.1,25.6,16.0
59,2013.0,59.0,3.8,4.1,0.02,-140.0,4.1,1.5,4.0,12.6
59,2014.0,59.0,7.0,3.6,0.03,180.0,7.2,1.1,2.6,11.0
59,2016.0,59.0,3.3,25.0,0.35,-320.0,19.0,7.8,12.5,17.1
59,2017.0,59.0,2.4,5.4,0.06,-340.0,4.4,3.5,12.3,15.5
59,2018.0,59.0,4.7,24.0,0.79,-340.0,28.0,14.8,98.6,16.4
59,2019.0,59.0,5.6,5.8,0.41,-250.0,4.6,1.5,5.6,16.8
59,2022.0,59.0,1.3,26.0,0.34,-360.0,19.0,9.8,65.2,15.2
59,2023.0,59.0,1.4,29.0,0.57,-350.0,26.0,10.9,81.0,17.7
598,2007.0,598.0,7.6,17.9,0.21,86.0,24.5,8.9,84.0,19.0
598,2008.0,598.0,6.9,17.9,0.21,86.0,24.5,8.9,84.0,
598,2009.0,598.0,6.0,14.0,0.22,-119.0,11.0,11.0,70.0,24.8
598,2010.0,598.0,7.9,14.2,0.27,27.0,11.5,9.3,69.9,24.0
598,2011.0,598.0,5.7,17.1,0.42,-99.0,14.4,9.9,67.1,23.4
598,2012.0,598.0,5.7,16.9,0.32,-120.0,13.3,9.6,82.0,25.5
598,2013.0,598.0,7.8,14.195337295532227,0.3878645589992056,-126.66666666666669,15.519961976161163,8.119068484090329,77.357499343315,23.4
598,2014.0,598.0,6.4,13.982735377550123,0.3713218794772171,-102.0,15.727138029554839,11.117906117399151,77.44599745870397,24.7
598,2015.0,598.0,6.1,13.6,0.34,-129.0,14.3,8.7,85.6,24.2
598,2016.0,598.0,7.3,14.0,0.41,-155.0,24.8,13.1,79.8,25.1
598,2017.0,598.0,7.3,11.1,0.3,-167.0,19.2,8.9,61.3,26.1
598,2018.0,598.0,6.1,13.5456398114636,0.4075290250071785,-171.4633333333333,21.1582697368421,7.7200768255344565,76.65816326530599,23.7
598,2019.0,598.0,7.6,13.5,0.43,-154.0,18.3,8.9,82.5,24.1
598,2022.0,598.0,7.6,12.9,0.39,-126.0,15.0,8.6,73.3,23.0
598,2023.0,598.0,8.0,13.9,0.3933667487688323,-141.0,18.7,9.0,89.9,24.5
61,2007.0,61.0,4.8,21.0,0.27,-350.0,18.0,7.8,91.9,9.0
61,2009.0,61.0,7.1,20.0,0.09,-220.0,23.0,5.7,94.1,9.3
61,2011.0,61.0,5.4,23.0,0.15,-300.0,19.4,7.0,79.5,7.7
61,2012.0,61.0,6.4,20.0,0.13,-340.0,29.0,7.2,86.8,7.7
61,2013.0,61.0,2.8,22.0,0.15,,17.0,8.1,86.8,9.1
61,2014.0,61.0,4.7,20.0,0.06,-280.0,29.4,2.0,87.6,7.7
61,2017.0,61.0,3.2,16.0,0.31,-360.0,13.0,11.6,92.0,8.6
61,2018.0,61.0,11.6,18.0,0.13,-330.0,20.0,10.0,90.9,9.6
61,2019.0,61.0,1.9,22.0,0.47,-340.0,21.0,8.7,78.5,10.2
617,2007.0,617.0,4.7,8.4,0.09,-58.0,5.9,5.4,33.1,8.4
617,2008.0,617.0,5.4,10.8,0.28,-65.0,9.7,8.0,66.6,
617,2009.0,617.0,4.8,9.82,0.76,-206.0,18.0,6.3,37.1,
617,2010.0,617.0,5.12,24.1,0.53,-194.0,32.5,12.2,95.3,
617,2011.0,617.0,6.35,19.1,0.29,-93.0,9.0,10.9,94.5,
617,2012.0,617.0,2.4,24.0,0.29,-21.0,35.4,10.0,77.7,9.2
617,2013.0,617.0,6.02,12.33,0.13,89.0,11.9,8.0,62.2,7.7
617,2014.0,617.0,6.59,19.0,0.28,-245.0,15.0,12.0,29.35,8.0
617,2015.0,617.0,6.4,14.9,0.21,,18.6,10.1,10.08,7.5
617,2016.0,617.0,8.0,20.2,0.21,-324.0,13.5,7.9,24.4,9.2
617,2017.0,617.0,5.7,20.1,0.29,-109.0,23.1,10.0,17.7,8.7
617,2019.0,617.0,8.5,17.2,0.1,-159.0,7.0,9.6,98.0,9.5
617,2020.0,617.0,6.8,17.1,0.14,-105.0,9.8,9.4,88.3,7.5
617,2021.0,617.0,7.3,17.5,0.1,-165.0,13.1,6.199999999999999,95.1,11.5
617,2022.0,617.0,10.0,18.7,0.19,-230.0,19.7,9.9,86.9,10.2
617,2023.0,617.0,8.4,20.0,0.21,-107.0,11.9,9.5,98.0,11.8
79,2007.0,79.0,6.5,5.7,0.01,18.0,4.9,5.1,65.2,28.6
79,2008.0,79.0,6.5,6.5,0.01,110.0,5.5,5.1,72.4,
79,2009.0,79.0,6.7,13.0,0.56,-133.0,14.0,6.6,87.8,
79,2010.0,79.0,6.4,11.7,0.05,173.0,6.2,7.1,49.4,
79,2011.0,79.0,6.8,8.1,0.06,138.0,4.1,6.5,72.3,
79,2012.0,79.0,6.4,8.3,0.001,83.0,12.9,6.5,61.0,63.4
79,2013.0,79.0,6.6,7.6,0.03,174.0,6.9,6.3,71.9,63.0
79,2014.0,79.0,6.9,21.4,0.01,-115.0,7.7,6.5,29.04,63.0
79,2015.0,79.0,6.3,7.73,0.01,-151.0,8.8,7.8,24.63,59.0
79,2016.0,79.0,6.7,11.5,0.01,-153.0,6.6,4.9,20.9,61.8
79,2017.0,79.0,6.5,9.0,0.02,-254.0,10.4,5.4,22.9,47.0
79,2019.0,79.0,6.4,9.0,0.02,-44.0,1.8,5.7,54.0,62.9
79,2020.0,79.0,6.4,6.9,0.02,-49.0,2.9,5.8,52.4,64.1
79,2021.0,79.0,6.7,7.6,0.11,-126.0,4.1,6.2,54.7,63.8
79,2022.0,79.0,7.2,6.5,0.02,-55.0,6.1,6.2,48.1,63.4
79,2023.0,79.0,6.7,7.4,0.01,71.0,3.7,5.9,62.3,63.7
8,2009.0,8.0,5.469101123595506,,,,,,,
9,2009.0,9.0,0.6,25.7,1.0,-213.0,34.0,11.3,99.0,14.0
9,2010.0,9.0,2.9,30.9,0.32,-60.0,24.0,15.3,51.7,15.2
9,2016.0,9.0,3.7,33.1,0.45,-154.0,36.4,12.8,95.1,14.5
9,2018.0,9.0,3.2,41.7,0.18,-166.0,34.5,14.4,88.1,15.4
9,2020.0,9.0,0.7,33.8,1.11,,13.2,13.4,98.5,15.0
9,2022.0,9.0,1.2,32.8,1.83,-375.0,20.2,12.0,98.5,15.0
Afk-1,2010.0,,6.042640449438203,,,,,,,
Afk-1,2010.0,,6.042640449438203,,,,,,,
Afk-1,2010.0,,6.042640449438203,,,,,,,
Afk-1,2010.0,,6.042640449438203,,,,,,,
Afk-1,2010.0,,6.042640449438203,,,,,,,
Afk-1,2010.0,,6.042640449438203,,,,,,,
Afk-1,2010.0,,6.042640449438203,,,,,,,
Afk-1,2010.0,,6.042640449438203,,,,,,,
Afk-1,2010.0,,6.042640449438203,,,,,,,
Afk-1,2010.0,,6.042640449438203,,,,,,,
Afk-1,2010.0,,6.042640449438203,,,,,,,
Afk-1,2010.0,,6.042640449438203,,,,,,,
Afk-1,2010.0,,6.042640449438203,,,,,,,
Afk-1,2010.0,,6.042640449438203,,,,,,,
Afk-1,2010.0,,6.042640449438203,,,,,,,
Afk-1,2012.0,,5.970338983050848,,,,,,,
Afk-1,2012.0,,5.970338983050848,,,,,,,
Afk-1,2012.0,,5.970338983050848,,,,,,,
Afk-1,2012.0,,5.970338983050848,,,,,,,
Afk-1,2012.0,,5.970338983050848,,,,,,,
Afk-1,2012.0,,5.970338983050848,,,,,,,
Afk-1,2012.0,,5.970338983050848,,,,,,,
Afk-1,2012.0,,5.970338983050848,,,,,,,
Afk-1,2012.0,,5.970338983050848,,,,,,,
Afk-1,2012.0,,5.970338983050848,,,,,,,
Afk-1,2012.0,,5.970338983050848,,,,,,,
Afk-1,2012.0,,5.970338983050848,,,,,,,
Afk-1,2012.0,,5.970338983050848,,,,,,,
Afk-1,2012.0,,5.970338983050848,,,,,,,
Afk-1,2012.0,,5.970338983050848,,,,,,,
Afk-1,2012.0,,5.970338983050848,,,,,,,
Afk-1,2012.0,,5.970338983050848,,,,,,,
Afk-1,2012.0,,5.970338983050848,,,,,,,
Afk-1,2012.0,,5.970338983050848,,,,,,,
Afk-1,2013.0,,6.1017679558011055,,,,,,,
Afk-1,2013.0,,6.1017679558011055,,,,,,,
Afk-1,2013.0,,6.1017679558011055,,,,,,,
Afk-1,2013.0,,6.1017679558011055,,,,,,,
Afk-1,2013.0,,6.1017679558011055,,,,,,,
Afk-1,2013.0,,6.1017679558011055,,,,,,,
Afk-1,2013.0,,6.1017679558011055,,,,,,,
Afk-1,2013.0,,6.1017679558011055,,,,,,,
Afk-1,2013.0,,6.1017679558011055,,,,,,,
Afk-1,2013.0,,6.1017679558011055,,,,,,,
Afk-1,2013.0,,6.1017679558011055,,,,,,,
Afk-1,2013.0,,6.1017679558011055,,,,,,,
Afk-1,2013.0,,6.1017679558011055,,,,,,,
Afk-1,2013.0,,6.1017679558011055,,,,,,,
Afk-1,2013.0,,6.1017679558011055,,,,,,,
Afk-1,2013.0,,6.1017679558011055,,,,,,,
Afk-1,2013.0,,6.1017679558011055,,,,,,,
Afk-1,2013.0,,6.1017679558011055,,,,,,,
Afk-1,2013.0,,6.1017679558011055,,,,,,,
Afk-1,2013.0,,6.1017679558011055,,,,,,,
Afk-1,2013.0,,6.1017679558011055,,,,,,,
Afk-1,2013.0,,6.1017679558011055,,,,,,,
Afk-1,2013.0,,6.1017679558011055,,,,,,,
Afk-1,2013.0,,6.1017679558011055,,,,,,,
Afk-1,2013.0,,6.1017679558011055,,,,,,,
Afk-1,2013.0,,6.1017679558011055,,,,,,,
Afk-1,2013.0,,6.1017679558011055,,,,,,,
Afk-1,2013.0,,6.1017679558011055,,,,,,,
Afk-1,2014.0,,5.988611925257731,,,,,,,
Afk-1,2014.0,,5.988611925257731,,,,,,,
Afk-1,2014.0,,5.988611925257731,,,,,,,
Afk-1,2014.0,,5.988611925257731,,,,,,,
Afk-1,2014.0,,5.988611925257731,,,,,,,
Afk-1,2014.0,,5.988611925257731,,,,,,,
Afk-1,2014.0,,5.988611925257731,,,,,,,
Afk-1,2014.0,,5.988611925257731,,,,,,,
Afk-1,2014.0,,5.988611925257731,,,,,,,
Afk-1,2014.0,,5.988611925257731,,,,,,,
Afk-1,2014.0,,5.988611925257731,,,,,,,
Afk-1,2014.0,,5.988611925257731,,,,,,,
Afk-1,2014.0,,5.988611925257731,,,,,,,
Afk-1,2014.0,,5.988611925257731,,,,,,,
Afk-1,2014.0,,5.988611925257731,,,,,,,
Afk-1,2014.0,,5.988611925257731,,,,,,,
Afk-1,2014.0,,5.988611925257731,,,,,,,
Afk-1,2014.0,,5.988611925257731,,,,,,,
Afk-1,2014.0,,5.988611925257731,,,,,,,
Afk-1,2014.0,,5.988611925257731,,,,,,,
Afk-1,2014.0,,5.988611925257731,,,,,,,
Afk-1,2014.0,,5.988611925257731,,,,,,,
Afk-1,2014.0,,5.988611925257731,,,,,,,
Afk-1,2014.0,,5.988611925257731,,,,,,,
Afk-1,2014.0,,5.988611925257731,,,,,,,
Afk-1,2014.0,,5.988611925257731,,,,,,,
Afk-1,2014.0,,5.988611925257731,,,,,,,
Afk-1,2014.0,,5.988611925257731,,,,,,,
Afk-1,2015.0,,5.6063829787234045,,,,,,,
Afk-1,2015.0,,5.6063829787234045,,,,,,,
Afk-1,2015.0,,5.6063829787234045,,,,,,,
Afk-1,2015.0,,5.6063829787234045,,,,,,,
Afk-1,2015.0,,5.6063829787234045,,,,,,,
Afk-1,2015.0,,5.6063829787234045,,,,,,,
Afk-1,2015.0,,5.6063829787234045,,,,,,,
Afk-1,2015.0,,5.6063829787234045,,,,,,,
Afk-1,2015.0,,5.6063829787234045,,,,,,,
Afk-1,2015.0,,5.6063829787234045,,,,,,,
Afk-1,2015.0,,5.6063829787234045,,,,,,,
Afk-1,2015.0,,5.6063829787234045,,,,,,,
Afk-1,2015.0,,5.6063829787234045,,,,,,,
Afk-1,2015.0,,5.6063829787234045,,,,,,,
Afk-1,2015.0,,5.6063829787234045,,,,,,,
Afk-1,2015.0,,5.6063829787234045,,,,,,,
Afk-1,2015.0,,5.6063829787234045,,,,,,,
Afk-1,2015.0,,5.6063829787234045,,,,,,,
Afk-1,2015.0,,5.6063829787234045,,,,,,,
Afk-1,2015.0,,5.6063829787234045,,,,,,,
Afk-1,2015.0,,5.6063829787234045,,,,,,,
Afk-1,2015.0,,5.6063829787234045,,,,,,,
Afk-1,2015.0,,5.6063829787234045,,,,,,,
Afk-1,2015.0,,5.6063829787234045,,,,,,,
Afk-1,2015.0,,5.6063829787234045,,,,,,,
Afk-1,2015.0,,5.6063829787234045,,,,,,,
Afk-1,2015.0,,5.6063829787234045,,,,,,,
Afk-1,2015.0,,5.6063829787234045,,,,,,,
Afk-2,2010.0,,6.042640449438203,,,,,,,
Afk-2,2010.0,,6.042640449438203,,,,,,,
Afk-2,2010.0,,6.042640449438203,,,,,,,
Afk-2,2010.0,,6.042640449438203,,,,,,,
Afk-2,2010.0,,6.042640449438203,,,,,,,
Afk-2,2010.0,,6.042640449438203,,,,,,,
Afk-2,2010.0,,6.042640449438203,,,,,,,
Afk-2,2010.0,,6.042640449438203,,,,,,,
Afk-2,2010.0,,6.042640449438203,,,,,,,
Afk-2,2010.0,,6.042640449438203,,,,,,,
Afk-2,2010.0,,6.042640449438203,,,,,,,
Afk-2,2010.0,,6.042640449438203,,,,,,,
Afk-2,2010.0,,6.042640449438203,,,,,,,
Afk-2,2010.0,,6.042640449438203,,,,,,,
Afk-2,2010.0,,6.042640449438203,,,,,,,
Afk-2,2012.0,,5.970338983050848,,,,,,,
Afk-2,2012.0,,5.970338983050848,,,,,,,
Afk-2,2012.0,,5.970338983050848,,,,,,,
Afk-2,2012.0,,5.970338983050848,,,,,,,
Afk-2,2012.0,,5.970338983050848,,,,,,,
Afk-2,2012.0,,5.970338983050848,,,,,,,
Afk-2,2012.0,,5.970338983050848,,,,,,,
Afk-2,2012.0,,5.970338983050848,,,,,,,
Afk-2,2012.0,,5.970338983050848,,,,,,,
Afk-2,2012.0,,5.970338983050848,,,,,,,
Afk-2,2012.0,,5.970338983050848,,,,,,,
Afk-2,2012.0,,5.970338983050848,,,,,,,
Afk-2,2012.0,,5.970338983050848,,,,,,,
Afk-2,2012.0,,5.970338983050848,,,,,,,
Afk-2,2012.0,,5.970338983050848,,,,,,,
Afk-2,2012.0,,5.970338983050848,,,,,,,
Afk-2,2012.0,,5.970338983050848,,,,,,,
Afk-2,2012.0,,5.970338983050848,,,,,,,
Afk-2,2012.0,,5.970338983050848,,,,,,,
Afk-2,2013.0,,6.1017679558011055,,,,,,,
Afk-2,2013.0,,6.1017679558011055,,,,,,,
Afk-2,2013.0,,6.1017679558011055,,,,,,,
Afk-2,2013.0,,6.1017679558011055,,,,,,,
Afk-2,2013.0,,6.1017679558011055,,,,,,,
Afk-2,2013.0,,6.1017679558011055,,,,,,,
Afk-2,2013.0,,6.1017679558011055,,,,,,,
Afk-2,2013.0,,6.1017679558011055,,,,,,,
Afk-2,2013.0,,6.1017679558011055,,,,,,,
Afk-2,2013.0,,6.1017679558011055,,,,,,,
Afk-2,2013.0,,6.1017679558011055,,,,,,,
Afk-2,2013.0,,6.1017679558011055,,,,,,,
Afk-2,2013.0,,6.1017679558011055,,,,,,,
Afk-2,2013.0,,6.1017679558011055,,,,,,,
Afk-2,2013.0,,6.1017679558011055,,,,,,,
Afk-2,2013.0,,6.1017679558011055,,,,,,,
Afk-2,2013.0,,6.1017679558011055,,,,,,,
Afk-2,2013.0,,6.1017679558011055,,,,,,,
Afk-2,2013.0,,6.1017679558011055,,,,,,,
Afk-2,2013.0,,6.1017679558011055,,,,,,,
Afk-2,2013.0,,6.1017679558011055,,,,,,,
Afk-2,2013.0,,6.1017679558011055,,,,,,,
Afk-2,2013.0,,6.1017679558011055,,,,,,,
Afk-2,2013.0,,6.1017679558011055,,,,,,,
Afk-2,2013.0,,6.1017679558011055,,,,,,,
Afk-2,2013.0,,6.1017679558011055,,,,,,,
Afk-2,2013.0,,6.1017679558011055,,,,,,,
Afk-2,2013.0,,6.1017679558011055,,,,,,,
Afk-2,2014.0,,5.988611925257731,,,,,,,
Afk-2,2014.0,,5.988611925257731,,,,,,,
Afk-2,2014.0,,5.988611925257731,,,,,,,
Afk-2,2014.0,,5.988611925257731,,,,,,,
Afk-2,2014.0,,5.988611925257731,,,,,,,
Afk-2,2014.0,,5.988611925257731,,,,,,,
Afk-2,2014.0,,5.988611925257731,,,,,,,
Afk-2,2014.0,,5.988611925257731,,,,,,,
Afk-2,2014.0,,5.988611925257731,,,,,,,
Afk-2,2014.0,,5.988611925257731,,,,,,,
Afk-2,2014.0,,5.988611925257731,,,,,,,
Afk-2,2014.0,,5.988611925257731,,,,,,,
Afk-2,2014.0,,5.988611925257731,,,,,,,
Afk-2,2014.0,,5.988611925257731,,,,,,,
Afk-2,2014.0,,5.988611925257731,,,,,,,
Afk-2,2014.0,,5.988611925257731,,,,,,,
Afk-2,2014.0,,5.988611925257731,,,,,,,
Afk-2,2014.0,,5.988611925257731,,,,,,,
Afk-2,2014.0,,5.988611925257731,,,,,,,
Afk-2,2014.0,,5.988611925257731,,,,,,,
Afk-2,2014.0,,5.988611925257731,,,,,,,
Afk-2,2014.0,,5.988611925257731,,,,,,,
Afk-2,2014.0,,5.988611925257731,,,,,,,
Afk-2,2014.0,,5.988611925257731,,,,,,,
Afk-2,2014.0,,5.988611925257731,,,,,,,
Afk-2,2014.0,,5.988611925257731,,,,,,,
Afk-2,2014.0,,5.988611925257731,,,,,,,
Afk-2,2014.0,,5.988611925257731,,,,,,,
Afk-2,2015.0,,5.6063829787234045,,,,,,,
Afk-2,2015.0,,5.6063829787234045,,,,,,,
Afk-2,2015.0,,5.6063829787234045,,,,,,,
Afk-2,2015.0,,5.6063829787234045,,,,,,,
Afk-2,2015.0,,5.6063829787234045,,,,,,,
Afk-2,2015.0,,5.6063829787234045,,,,,,,
Afk-2,2015.0,,5.6063829787234045,,,,,,,
Afk-2,2015.0,,5.6063829787234045,,,,,,,
Afk-2,2015.0,,5.6063829787234045,,,,,,,
Afk-2,2015.0,,5.6063829787234045,,,,,,,
Afk-2,2015.0,,5.6063829787234045,,,,,,,
Afk-2,2015.0,,5.6063829787234045,,,,,,,
Afk-2,2015.0,,5.6063829787234045,,,,,,,
Afk-2,2015.0,,5.6063829787234045,,,,,,,
Afk-2,2015.0,,5.6063829787234045,,,,,,,
Afk-2,2015.0,,5.6063829787234045,,,,,,,
Afk-2,2015.0,,5.6063829787234045,,,,,,,
Afk-2,2015.0,,5.6063829787234045,,,,,,,
Afk-2,2015.0,,5.6063829787234045,,,,,,,
Afk-2,2015.0,,5.6063829787234045,,,,,,,
Afk-2,2015.0,,5.6063829787234045,,,,,,,
Afk-2,2015.0,,5.6063829787234045,,,,,,,
Afk-2,2015.0,,5.6063829787234045,,,,,,,
Afk-2,2015.0,,5.6063829787234045,,,,,,,
Afk-2,2015.0,,5.6063829787234045,,,,,,,
Afk-2,2015.0,,5.6063829787234045,,,,,,,
Afk-2,2015.0,,5.6063829787234045,,,,,,,
Afk-2,2015.0,,5.6063829787234045,,,,,,,
Akm-1,2010.0,,6.042640449438203,,,,,,,
Akm-1,2010.0,,6.042640449438203,,,,,,,
Akm-1,2010.0,,6.042640449438203,,,,,,,
Akm-1,2010.0,,6.042640449438203,,,,,,,
Akm-1,2010.0,,6.042640449438203,,,,,,,
Akm-1,2010.0,,6.042640449438203,,,,,,,
Akm-1,2010.0,,6.042640449438203,,,,,,,
Akm-1,2010.0,,6.042640449438203,,,,,,,
Akm-1,2010.0,,6.042640449438203,,,,,,,
Akm-1,2010.0,,6.042640449438203,,,,,,,
Akm-1,2010.0,,6.042640449438203,,,,,,,
Akm-1,2010.0,,6.042640449438203,,,,,,,
Akm-1,2010.0,,6.042640449438203,,,,,,,
Akm-1,2010.0,,6.042640449438203,,,,,,,
Akm-1,2010.0,,6.042640449438203,,,,,,,
Akm-1,2012.0,,5.970338983050848,,,,,,,
Akm-1,2012.0,,5.970338983050848,,,,,,,
Akm-1,2012.0,,5.970338983050848,,,,,,,
Akm-1,2012.0,,5.970338983050848,,,,,,,
Akm-1,2012.0,,5.970338983050848,,,,,,,
Akm-1,2012.0,,5.970338983050848,,,,,,,
Akm-1,2012.0,,5.970338983050848,,,,,,,
Akm-1,2012.0,,5.970338983050848,,,,,,,
Akm-1,2012.0,,5.970338983050848,,,,,,,
Akm-1,2012.0,,5.970338983050848,,,,,,,
Akm-1,2012.0,,5.970338983050848,,,,,,,
Akm-1,2012.0,,5.970338983050848,,,,,,,
Akm-1,2012.0,,5.970338983050848,,,,,,,
Akm-1,2012.0,,5.970338983050848,,,,,,,
Akm-1,2012.0,,5.970338983050848,,,,,,,
Akm-1,2012.0,,5.970338983050848,,,,,,,
Akm-1,2012.0,,5.970338983050848,,,,,,,
Akm-1,2012.0,,5.970338983050848,,,,,,,
Akm-1,2012.0,,5.970338983050848,,,,,,,
Akm-1,2013.0,,6.1017679558011055,,,,,,,
Akm-1,2013.0,,6.1017679558011055,,,,,,,
Akm-1,2013.0,,6.1017679558011055,,,,,,,
Akm-1,2013.0,,6.1017679558011055,,,,,,,
Akm-1,2013.0,,6.1017679558011055,,,,,,,
Akm-1,2013.0,,6.1017679558011055,,,,,,,
Akm-1,2013.0,,6.1017679558011055,,,,,,,
Akm-1,2013.0,,6.1017679558011055,,,,,,,
Akm-1,2013.0,,6.1017679558011055,,,,,,,
Akm-1,2013.0,,6.1017679558011055,,,,,,,
Akm-1,2013.0,,6.1017679558011055,,,,,,,
Akm-1,2013.0,,6.1017679558011055,,,,,,,
Akm-1,2013.0,,6.1017679558011055,,,,,,,
Akm-1,2013.0,,6.1017679558011055,,,,,,,
Akm-1,2013.0,,6.1017679558011055,,,,,,,
Akm-1,2013.0,,6.1017679558011055,,,,,,,
Akm-1,2013.0,,6.1017679558011055,,,,,,,
Akm-1,2013.0,,6.1017679558011055,,,,,,,
Akm-1,2013.0,,6.1017679558011055,,,,,,,
Akm-1,2013.0,,6.1017679558011055,,,,,,,
Akm-1,2013.0,,6.1017679558011055,,,,,,,
Akm-1,2013.0,,6.1017679558011055,,,,,,,
Akm-1,2013.0,,6.1017679558011055,,,,,,,
Akm-1,2013.0,,6.1017679558011055,,,,,,,
Akm-1,2013.0,,6.1017679558011055,,,,,,,
Akm-1,2013.0,,6.1017679558011055,,,,,,,
Akm-1,2013.0,,6.1017679558011055,,,,,,,
Akm-1,2013.0,,6.1017679558011055,,,,,,,
Akm-1,2014.0,,5.988611925257731,,,,,,,
Akm-1,2014.0,,5.988611925257731,,,,,,,
Akm-1,2014.0,,5.988611925257731,,,,,,,
Akm-1,2014.0,,5.988611925257731,,,,,,,
Akm-1,2014.0,,5.988611925257731,,,,,,,
Akm-1,2014.0,,5.988611925257731,,,,,,,
Akm-1,2014.0,,5.988611925257731,,,,,,,
Akm-1,2014.0,,5.988611925257731,,,,,,,
Akm-1,2014.0,,5.988611925257731,,,,,,,
Akm-1,2014.0,,5.988611925257731,,,,,,,
Akm-1,2014.0,,5.988611925257731,,,,,,,
Akm-1,2014.0,,5.988611925257731,,,,,,,
Akm-1,2014.0,,5.988611925257731,,,,,,,
Akm-1,2014.0,,5.988611925257731,,,,,,,
Akm-1,2014.0,,5.988611925257731,,,,,,,
Akm-1,2014.0,,5.988611925257731,,,,,,,
Akm-1,2014.0,,5.988611925257731,,,,,,,
Akm-1,2014.0,,5.988611925257731,,,,,,,
Akm-1,2014.0,,5.988611925257731,,,,,,,
Akm-1,2014.0,,5.988611925257731,,,,,,,
Akm-1,2014.0,,5.988611925257731,,,,,,,
Akm-1,2014.0,,5.988611925257731,,,,,,,
Akm-1,2014.0,,5.988611925257731,,,,,,,
Akm-1,2014.0,,5.988611925257731,,,,,,,
Akm-1,2014.0,,5.988611925257731,,,,,,,
Akm-1,2014.0,,5.988611925257731,,,,,,,
Akm-1,2014.0,,5.988611925257731,,,,,,,
Akm-1,2014.0,,5.988611925257731,,,,,,,
Akm-1,2015.0,,5.6063829787234045,,,,,,,
Akm-1,2015.0,,5.6063829787234045,,,,,,,
Akm-1,2015.0,,5.6063829787234045,,,,,,,
Akm-1,2015.0,,5.6063829787234045,,,,,,,
Akm-1,2015.0,,5.6063829787234045,,,,,,,
Akm-1,2015.0,,5.6063829787234045,,,,,,,
Akm-1,2015.0,,5.6063829787234045,,,,,,,
Akm-1,2015.0,,5.6063829787234045,,,,,,,
Akm-1,2015.0,,5.6063829787234045,,,,,,,
Akm-1,2015.0,,5.6063829787234045,,,,,,,
Akm-1,2015.0,,5.6063829787234045,,,,,,,
Akm-1,2015.0,,5.6063829787234045,,,,,,,
Akm-1,2015.0,,5.6063829787234045,,,,,,,
Akm-1,2015.0,,5.6063829787234045,,,,,,,
Akm-1,2015.0,,5.6063829787234045,,,,,,,
Akm-1,2015.0,,5.6063829787234045,,,,,,,
Akm-1,2015.0,,5.6063829787234045,,,,,,,
Akm-1,2015.0,,5.6063829787234045,,,,,,,
Akm-1,2015.0,,5.6063829787234045,,,,,,,
Akm-1,2015.0,,5.6063829787234045,,,,,,,
Akm-1,2015.0,,5.6063829787234045,,,,,,,
Akm-1,2015.0,,5.6063829787234045,,,,,,,
Akm-1,2015.0,,5.6063829787234045,,,,,,,
Akm-1,2015.0,,5.6063829787234045,,,,,,,
Akm-1,2015.0,,5.6063829787234045,,,,,,,
Akm-1,2015.0,,5.6063829787234045,,,,,,,
Akm-1,2015.0,,5.6063829787234045,,,,,,,
Akm-1,2015.0,,5.6063829787234045,,,,,,,
Akm-2,2010.0,,6.042640449438203,,,,,,,
Akm-2,2010.0,,6.042640449438203,,,,,,,
Akm-2,2010.0,,6.042640449438203,,,,,,,
Akm-2,2010.0,,6.042640449438203,,,,,,,
Akm-2,2010.0,,6.042640449438203,,,,,,,
Akm-2,2010.0,,6.042640449438203,,,,,,,
Akm-2,2010.0,,6.042640449438203,,,,,,,
Akm-2,2010.0,,6.042640449438203,,,,,,,
Akm-2,2010.0,,6.042640449438203,,,,,,,
Akm-2,2010.0,,6.042640449438203,,,,,,,
Akm-2,2010.0,,6.042640449438203,,,,,,,
Akm-2,2010.0,,6.042640449438203,,,,,,,
Akm-2,2010.0,,6.042640449438203,,,,,,,
Akm-2,2010.0,,6.042640449438203,,,,,,,
Akm-2,2010.0,,6.042640449438203,,,,,,,
Akm-2,2012.0,,5.970338983050848,,,,,,,
Akm-2,2012.0,,5.970338983050848,,,,,,,
Akm-2,2012.0,,5.970338983050848,,,,,,,
Akm-2,2012.0,,5.970338983050848,,,,,,,
Akm-2,2012.0,,5.970338983050848,,,,,,,
Akm-2,2012.0,,5.970338983050848,,,,,,,
Akm-2,2012.0,,5.970338983050848,,,,,,,
Akm-2,2012.0,,5.970338983050848,,,,,,,
Akm-2,2012.0,,5.970338983050848,,,,,,,
Akm-2,2012.0,,5.970338983050848,,,,,,,
Akm-2,2012.0,,5.970338983050848,,,,,,,
Akm-2,2012.0,,5.970338983050848,,,,,,,
Akm-2,2012.0,,5.970338983050848,,,,,,,
Akm-2,2012.0,,5.970338983050848,,,,,,,
Akm-2,2012.0,,5.970338983050848,,,,,,,
Akm-2,2012.0,,5.970338983050848,,,,,,,
Akm-2,2012.0,,5.970338983050848,,,,,,,
Akm-2,2012.0,,5.970338983050848,,,,,,,
Akm-2,2012.0,,5.970338983050848,,,,,,,
Akm-2,2013.0,,6.1017679558011055,,,,,,,
Akm-2,2013.0,,6.1017679558011055,,,,,,,
Akm-2,2013.0,,6.1017679558011055,,,,,,,
Akm-2,2013.0,,6.1017679558011055,,,,,,,
Akm-2,2013.0,,6.1017679558011055,,,,,,,
Akm-2,2013.0,,6.1017679558011055,,,,,,,
Akm-2,2013.0,,6.1017679558011055,,,,,,,
Akm-2,2013.0,,6.1017679558011055,,,,,,,
Akm-2,2013.0,,6.1017679558011055,,,,,,,
Akm-2,2013.0,,6.1017679558011055,,,,,,,
Akm-2,2013.0,,6.1017679558011055,,,,,,,
Akm-2,2013.0,,6.1017679558011055,,,,,,,
Akm-2,2013.0,,6.1017679558011055,,,,,,,
Akm-2,2013.0,,6.1017679558011055,,,,,,,
Akm-2,2013.0,,6.1017679558011055,,,,,,,
Akm-2,2013.0,,6.1017679558011055,,,,,,,
Akm-2,2013.0,,6.1017679558011055,,,,,,,
Akm-2,2013.0,,6.1017679558011055,,,,,,,
Akm-2,2013.0,,6.1017679558011055,,,,,,,
Akm-2,2013.0,,6.1017679558011055,,,,,,,
Akm-2,2013.0,,6.1017679558011055,,,,,,,
Akm-2,2013.0,,6.1017679558011055,,,,,,,
Akm-2,2013.0,,6.1017679558011055,,,,,,,
Akm-2,2013.0,,6.1017679558011055,,,,,,,
Akm-2,2013.0,,6.1017679558011055,,,,,,,
Akm-2,2013.0,,6.1017679558011055,,,,,,,
Akm-2,2013.0,,6.1017679558011055,,,,,,,
Akm-2,2013.0,,6.1017679558011055,,,,,,,
Akm-2,2014.0,,5.988611925257731,,,,,,,
Akm-2,2014.0,,5.988611925257731,,,,,,,
Akm-2,2014.0,,5.988611925257731,,,,,,,
Akm-2,2014.0,,5.988611925257731,,,,,,,
Akm-2,2014.0,,5.988611925257731,,,,,,,
Akm-2,2014.0,,5.988611925257731,,,,,,,
Akm-2,2014.0,,5.988611925257731,,,,,,,
Akm-2,2014.0,,5.988611925257731,,,,,,,
Akm-2,2014.0,,5.988611925257731,,,,,,,
Akm-2,2014.0,,5.988611925257731,,,,,,,
Akm-2,2014.0,,5.988611925257731,,,,,,,
Akm-2,2014.0,,5.988611925257731,,,,,,,
Akm-2,2014.0,,5.988611925257731,,,,,,,
Akm-2,2014.0,,5.988611925257731,,,,,,,
Akm-2,2014.0,,5.988611925257731,,,,,,,
Akm-2,2014.0,,5.988611925257731,,,,,,,
Akm-2,2014.0,,5.988611925257731,,,,,,,
Akm-2,2014.0,,5.988611925257731,,,,,,,
Akm-2,2014.0,,5.988611925257731,,,,,,,
Akm-2,2014.0,,5.988611925257731,,,,,,,
Akm-2,2014.0,,5.988611925257731,,,,,,,
Akm-2,2014.0,,5.988611925257731,,,,,,,
Akm-2,2014.0,,5.988611925257731,,,,,,,
Akm-2,2014.0,,5.988611925257731,,,,,,,
Akm-2,2014.0,,5.988611925257731,,,,,,,
Akm-2,2014.0,,5.988611925257731,,,,,,,
Akm-2,2014.0,,5.988611925257731,,,,,,,
Akm-2,2014.0,,5.988611925257731,,,,,,,
Akm-2,2015.0,,5.6063829787234045,,,,,,,
Akm-2,2015.0,,5.6063829787234045,,,,,,,
Akm-2,2015.0,,5.6063829787234045,,,,,,,
Akm-2,2015.0,,5.6063829787234045,,,,,,,
Akm-2,2015.0,,5.6063829787234045,,,,,,,
Akm-2,2015.0,,5.6063829787234045,,,,,,,
Akm-2,2015.0,,5.6063829787234045,,,,,,,
Akm-2,2015.0,,5.6063829787234045,,,,,,,
Akm-2,2015.0,,5.6063829787234045,,,,,,,
Akm-2,2015.0,,5.6063829787234045,,,,,,,
Akm-2,2015.0,,5.6063829787234045,,,,,,,
Akm-2,2015.0,,5.6063829787234045,,,,,,,
Akm-2,2015.0,,5.6063829787234045,,,,,,,
Akm-2,2015.0,,5.6063829787234045,,,,,,,
Akm-2,2015.0,,5.6063829787234045,,,,,,,
Akm-2,2015.0,,5.6063829787234045,,,,,,,
Akm-2,2015.0,,5.6063829787234045,,,,,,,
Akm-2,2015.0,,5.6063829787234045,,,,,,,
Akm-2,2015.0,,5.6063829787234045,,,,,,,
Akm-2,2015.0,,5.6063829787234045,,,,,,,
Akm-2,2015.0,,5.6063829787234045,,,,,,,
Akm-2,2015.0,,5.6063829787234045,,,,,,,
Akm-2,2015.0,,5.6063829787234045,,,,,,,
Akm-2,2015.0,,5.6063829787234045,,,,,,,
Akm-2,2015.0,,5.6063829787234045,,,,,,,
Akm-2,2015.0,,5.6063829787234045,,,,,,,
Akm-2,2015.0,,5.6063829787234045,,,,,,,
Akm-2,2015.0,,5.6063829787234045,,,,,,,
Akm-3,2010.0,,6.042640449438203,,,,,,,
Akm-3,2010.0,,6.042640449438203,,,,,,,
Akm-3,2010.0,,6.042640449438203,,,,,,,
Akm-3,2010.0,,6.042640449438203,,,,,,,
Akm-3,2010.0,,6.042640449438203,,,,,,,
Akm-3,2010.0,,6.042640449438203,,,,,,,
Akm-3,2010.0,,6.042640449438203,,,,,,,
Akm-3,2010.0,,6.042640449438203,,,,,,,
Akm-3,2010.0,,6.042640449438203,,,,,,,
Akm-3,2010.0,,6.042640449438203,,,,,,,
Akm-3,2010.0,,6.042640449438203,,,,,,,
Akm-3,2010.0,,6.042640449438203,,,,,,,
Akm-3,2010.0,,6.042640449438203,,,,,,,
Akm-3,2010.0,,6.042640449438203,,,,,,,
Akm-3,2010.0,,6.042640449438203,,,,,,,
Akm-3,2012.0,,5.970338983050848,,,,,,,
Akm-3,2012.0,,5.970338983050848,,,,,,,
Akm-3,2012.0,,5.970338983050848,,,,,,,
Akm-3,2012.0,,5.970338983050848,,,,,,,
Akm-3,2012.0,,5.970338983050848,,,,,,,
Akm-3,2012.0,,5.970338983050848,,,,,,,
Akm-3,2012.0,,5.970338983050848,,,,,,,
Akm-3,2012.0,,5.970338983050848,,,,,,,
Akm-3,2012.0,,5.970338983050848,,,,,,,
Akm-3,2012.0,,5.970338983050848,,,,,,,
Akm-3,2012.0,,5.970338983050848,,,,,,,
Akm-3,2012.0,,5.970338983050848,,,,,,,
Akm-3,2012.0,,5.970338983050848,,,,,,,
Akm-3,2012.0,,5.970338983050848,,,,,,,
Akm-3,2012.0,,5.970338983050848,,,,,,,
Akm-3,2012.0,,5.970338983050848,,,,,,,
Akm-3,2012.0,,5.970338983050848,,,,,,,
Akm-3,2012.0,,5.970338983050848,,,,,,,
Akm-3,2012.0,,5.970338983050848,,,,,,,
Akm-3,2013.0,,6.1017679558011055,,,,,,,
Akm-3,2013.0,,6.1017679558011055,,,,,,,
Akm-3,2013.0,,6.1017679558011055,,,,,,,
Akm-3,2013.0,,6.1017679558011055,,,,,,,
Akm-3,2013.0,,6.1017679558011055,,,,,,,
Akm-3,2013.0,,6.1017679558011055,,,,,,,
Akm-3,2013.0,,6.1017679558011055,,,,,,,
Akm-3,2013.0,,6.1017679558011055,,,,,,,
Akm-3,2013.0,,6.1017679558011055,,,,,,,
Akm-3,2013.0,,6.1017679558011055,,,,,,,
Akm-3,2013.0,,6.1017679558011055,,,,,,,
Akm-3,2013.0,,6.1017679558011055,,,,,,,
Akm-3,2013.0,,6.1017679558011055,,,,,,,
Akm-3,2013.0,,6.1017679558011055,,,,,,,
Akm-3,2013.0,,6.1017679558011055,,,,,,,
Akm-3,2013.0,,6.1017679558011055,,,,,,,
Akm-3,2013.0,,6.1017679558011055,,,,,,,
Akm-3,2013.0,,6.1017679558011055,,,,,,,
Akm-3,2013.0,,6.1017679558011055,,,,,,,
Akm-3,2013.0,,6.1017679558011055,,,,,,,
Akm-3,2013.0,,6.1017679558011055,,,,,,,
Akm-3,2013.0,,6.1017679558011055,,,,,,,
Akm-3,2013.0,,6.1017679558011055,,,,,,,
Akm-3,2013.0,,6.1017679558011055,,,,,,,
Akm-3,2013.0,,6.1017679558011055,,,,,,,
Akm-3,2013.0,,6.1017679558011055,,,,,,,
Akm-3,2013.0,,6.1017679558011055,,,,,,,
Akm-3,2013.0,,6.1017679558011055,,,,,,,
Akm-3,2014.0,,5.988611925257731,,,,,,,
Akm-3,2014.0,,5.988611925257731,,,,,,,
Akm-3,2014.0,,5.988611925257731,,,,,,,
Akm-3,2014.0,,5.988611925257731,,,,,,,
Akm-3,2014.0,,5.988611925257731,,,,,,,
Akm-3,2014.0,,5.988611925257731,,,,,,,
Akm-3,2014.0,,5.988611925257731,,,,,,,
Akm-3,2014.0,,5.988611925257731,,,,,,,
Akm-3,2014.0,,5.988611925257731,,,,,,,
Akm-3,2014.0,,5.988611925257731,,,,,,,
Akm-3,2014.0,,5.988611925257731,,,,,,,
Akm-3,2014.0,,5.988611925257731,,,,,,,
Akm-3,2014.0,,5.988611925257731,,,,,,,
Akm-3,2014.0,,5.988611925257731,,,,,,,
Akm-3,2014.0,,5.988611925257731,,,,,,,
Akm-3,2014.0,,5.988611925257731,,,,,,,
Akm-3,2014.0,,5.988611925257731,,,,,,,
Akm-3,2014.0,,5.988611925257731,,,,,,,
Akm-3,2014.0,,5.988611925257731,,,,,,,
Akm-3,2014.0,,5.988611925257731,,,,,,,
Akm-3,2014.0,,5.988611925257731,,,,,,,
Akm-3,2014.0,,5.988611925257731,,,,,,,
Akm-3,2014.0,,5.988611925257731,,,,,,,
Akm-3,2014.0,,5.988611925257731,,,,,,,
Akm-3,2014.0,,5.988611925257731,,,,,,,
Akm-3,2014.0,,5.988611925257731,,,,,,,
Akm-3,2014.0,,5.988611925257731,,,,,,,
Akm-3,2014.0,,5.988611925257731,,,,,,,
Akm-3,2015.0,,5.6063829787234045,,,,,,,
Akm-3,2015.0,,5.6063829787234045,,,,,,,
Akm-3,2015.0,,5.6063829787234045,,,,,,,
Akm-3,2015.0,,5.6063829787234045,,,,,,,
Akm-3,2015.0,,5.6063829787234045,,,,,,,
Akm-3,2015.0,,5.6063829787234045,,,,,,,
Akm-3,2015.0,,5.6063829787234045,,,,,,,
Akm-3,2015.0,,5.6063829787234045,,,,,,,
Akm-3,2015.0,,5.6063829787234045,,,,,,,
Akm-3,2015.0,,5.6063829787234045,,,,,,,
Akm-3,2015.0,,5.6063829787234045,,,,,,,
Akm-3,2015.0,,5.6063829787234045,,,,,,,
Akm-3,2015.0,,5.6063829787234045,,,,,,,
Akm-3,2015.0,,5.6063829787234045,,,,,,,
Akm-3,2015.0,,5.6063829787234045,,,,,,,
Akm-3,2015.0,,5.6063829787234045,,,,,,,
Akm-3,2015.0,,5.6063829787234045,,,,,,,
Akm-3,2015.0,,5.6063829787234045,,,,,,,
Akm-3,2015.0,,5.6063829787234045,,,,,,,
Akm-3,2015.0,,5.6063829787234045,,,,,,,
Akm-3,2015.0,,5.6063829787234045,,,,,,,
Akm-3,2015.0,,5.6063829787234045,,,,,,,
Akm-3,2015.0,,5.6063829787234045,,,,,,,
Akm-3,2015.0,,5.6063829787234045,,,,,,,
Akm-3,2015.0,,5.6063829787234045,,,,,,,
Akm-3,2015.0,,5.6063829787234045,,,,,,,
Akm-3,2015.0,,5.6063829787234045,,,,,,,
Akm-3,2015.0,,5.6063829787234045,,,,,,,
Akm-4,2010.0,,6.042640449438203,,,,,,,
Akm-4,2010.0,,6.042640449438203,,,,,,,
Akm-4,2010.0,,6.042640449438203,,,,,,,
Akm-4,2010.0,,6.042640449438203,,,,,,,
Akm-4,2010.0,,6.042640449438203,,,,,,,
Akm-4,2010.0,,6.042640449438203,,,,,,,
Akm-4,2010.0,,6.042640449438203,,,,,,,
Akm-4,2010.0,,6.042640449438203,,,,,,,
Akm-4,2010.0,,6.042640449438203,,,,,,,
Akm-4,2010.0,,6.042640449438203,,,,,,,
Akm-4,2010.0,,6.042640449438203,,,,,,,
Akm-4,2010.0,,6.042640449438203,,,,,,,
Akm-4,2010.0,,6.042640449438203,,,,,,,
Akm-4,2010.0,,6.042640449438203,,,,,,,
Akm-4,2010.0,,6.042640449438203,,,,,,,
Akm-4,2012.0,,5.970338983050848,,,,,,,
Akm-4,2012.0,,5.970338983050848,,,,,,,
Akm-4,2012.0,,5.970338983050848,,,,,,,
Akm-4,2012.0,,5.970338983050848,,,,,,,
Akm-4,2012.0,,5.970338983050848,,,,,,,
Akm-4,2012.0,,5.970338983050848,,,,,,,
Akm-4,2012.0,,5.970338983050848,,,,,,,
Akm-4,2012.0,,5.970338983050848,,,,,,,
Akm-4,2012.0,,5.970338983050848,,,,,,,
Akm-4,2012.0,,5.970338983050848,,,,,,,
Akm-4,2012.0,,5.970338983050848,,,,,,,
Akm-4,2012.0,,5.970338983050848,,,,,,,
Akm-4,2012.0,,5.970338983050848,,,,,,,
Akm-4,2012.0,,5.970338983050848,,,,,,,
Akm-4,2012.0,,5.970338983050848,,,,,,,
Akm-4,2012.0,,5.970338983050848,,,,,,,
Akm-4,2012.0,,5.970338983050848,,,,,,,
Akm-4,2012.0,,5.970338983050848,,,,,,,
Akm-4,2012.0,,5.970338983050848,,,,,,,
Akm-4,2013.0,,6.1017679558011055,,,,,,,
Akm-4,2013.0,,6.1017679558011055,,,,,,,
Akm-4,2013.0,,6.1017679558011055,,,,,,,
Akm-4,2013.0,,6.1017679558011055,,,,,,,
Akm-4,2013.0,,6.1017679558011055,,,,,,,
Akm-4,2013.0,,6.1017679558011055,,,,,,,
Akm-4,2013.0,,6.1017679558011055,,,,,,,
Akm-4,2013.0,,6.1017679558011055,,,,,,,
Akm-4,2013.0,,6.1017679558011055,,,,,,,
Akm-4,2013.0,,6.1017679558011055,,,,,,,
Akm-4,2013.0,,6.1017679558011055,,,,,,,
Akm-4,2013.0,,6.1017679558011055,,,,,,,
Akm-4,2013.0,,6.1017679558011055,,,,,,,
Akm-4,2013.0,,6.1017679558011055,,,,,,,
Akm-4,2013.0,,6.1017679558011055,,,,,,,
Akm-4,2013.0,,6.1017679558011055,,,,,,,
Akm-4,2013.0,,6.1017679558011055,,,,,,,
Akm-4,2013.0,,6.1017679558011055,,,,,,,
Akm-4,2013.0,,6.1017679558011055,,,,,,,
Akm-4,2013.0,,6.1017679558011055,,,,,,,
Akm-4,2013.0,,6.1017679558011055,,,,,,,
Akm-4,2013.0,,6.1017679558011055,,,,,,,
Akm-4,2013.0,,6.1017679558011055,,,,,,,
Akm-4,2013.0,,6.1017679558011055,,,,,,,
Akm-4,2013.0,,6.1017679558011055,,,,,,,
Akm-4,2013.0,,6.1017679558011055,,,,,,,
Akm-4,2013.0,,6.1017679558011055,,,,,,,
Akm-4,2013.0,,6.1017679558011055,,,,,,,
Akm-4,2014.0,,5.988611925257731,,,,,,,
Akm-4,2014.0,,5.988611925257731,,,,,,,
Akm-4,2014.0,,5.988611925257731,,,,,,,
Akm-4,2014.0,,5.988611925257731,,,,,,,
Akm-4,2014.0,,5.988611925257731,,,,,,,
Akm-4,2014.0,,5.988611925257731,,,,,,,
Akm-4,2014.0,,5.988611925257731,,,,,,,
Akm-4,2014.0,,5.988611925257731,,,,,,,
Akm-4,2014.0,,5.988611925257731,,,,,,,
Akm-4,2014.0,,5.988611925257731,,,,,,,
Akm-4,2014.0,,5.988611925257731,,,,,,,
Akm-4,2014.0,,5.988611925257731,,,,,,,
Akm-4,2014.0,,5.988611925257731,,,,,,,
Akm-4,2014.0,,5.988611925257731,,,,,,,
Akm-4,2014.0,,5.988611925257731,,,,,,,
Akm-4,2014.0,,5.988611925257731,,,,,,,
Akm-4,2014.0,,5.988611925257731,,,,,,,
Akm-4,2014.0,,5.988611925257731,,,,,,,
Akm-4,2014.0,,5.988611925257731,,,,,,,
Akm-4,2014.0,,5.988611925257731,,,,,,,
Akm-4,2014.0,,5.988611925257731,,,,,,,
Akm-4,2014.0,,5.988611925257731,,,,,,,
Akm-4,2014.0,,5.988611925257731,,,,,,,
Akm-4,2014.0,,5.988611925257731,,,,,,,
Akm-4,2014.0,,5.988611925257731,,,,,,,
Akm-4,2014.0,,5.988611925257731,,,,,,,
Akm-4,2014.0,,5.988611925257731,,,,,,,
Akm-4,2014.0,,5.988611925257731,,,,,,,
Akm-4,2015.0,,5.6063829787234045,,,,,,,
Akm-4,2015.0,,5.6063829787234045,,,,,,,
Akm-4,2015.0,,5.6063829787234045,,,,,,,
Akm-4,2015.0,,5.6063829787234045,,,,,,,
Akm-4,2015.0,,5.6063829787234045,,,,,,,
Akm-4,2015.0,,5.6063829787234045,,,,,,,
Akm-4,2015.0,,5.6063829787234045,,,,,,,
Akm-4,2015.0,,5.6063829787234045,,,,,,,
Akm-4,2015.0,,5.6063829787234045,,,,,,,
Akm-4,2015.0,,5.6063829787234045,,,,,,,
Akm-4,2015.0,,5.6063829787234045,,,,,,,
Akm-4,2015.0,,5.6063829787234045,,,,,,,
Akm-4,2015.0,,5.6063829787234045,,,,,,,
Akm-4,2015.0,,5.6063829787234045,,,,,,,
Akm-4,2015.0,,5.6063829787234045,,,,,,,
Akm-4,2015.0,,5.6063829787234045,,,,,,,
Akm-4,2015.0,,5.6063829787234045,,,,,,,
Akm-4,2015.0,,5.6063829787234045,,,,,,,
Akm-4,2015.0,,5.6063829787234045,,,,,,,
Akm-4,2015.0,,5.6063829787234045,,,,,,,
Akm-4,2015.0,,5.6063829787234045,,,,,,,
Akm-4,2015.0,,5.6063829787234045,,,,,,,
Akm-4,2015.0,,5.6063829787234045,,,,,,,
Akm-4,2015.0,,5.6063829787234045,,,,,,,
Akm-4,2015.0,,5.6063829787234045,,,,,,,
Akm-4,2015.0,,5.6063829787234045,,,,,,,
Akm-4,2015.0,,5.6063829787234045,,,,,,,
Akm-4,2015.0,,5.6063829787234045,,,,,,,
Ang-1,2010.0,,6.042640449438203,,,,,,,
Ang-1,2010.0,,6.042640449438203,,,,,,,
Ang-1,2010.0,,6.042640449438203,,,,,,,
Ang-1,2010.0,,6.042640449438203,,,,,,,
Ang-1,2010.0,,6.042640449438203,,,,,,,
Ang-1,2010.0,,6.042640449438203,,,,,,,
Ang-1,2010.0,,6.042640449438203,,,,,,,
Ang-1,2010.0,,6.042640449438203,,,,,,,
Ang-1,2010.0,,6.042640449438203,,,,,,,
Ang-1,2010.0,,6.042640449438203,,,,,,,
Ang-1,2010.0,,6.042640449438203,,,,,,,
Ang-1,2010.0,,6.042640449438203,,,,,,,
Ang-1,2010.0,,6.042640449438203,,,,,,,
Ang-1,2010.0,,6.042640449438203,,,,,,,
Ang-1,2010.0,,6.042640449438203,,,,,,,
Ang-1,2012.0,,5.970338983050848,,,,,,,
Ang-1,2012.0,,5.970338983050848,,,,,,,
Ang-1,2012.0,,5.970338983050848,,,,,,,
Ang-1,2012.0,,5.970338983050848,,,,,,,
Ang-1,2012.0,,5.970338983050848,,,,,,,
Ang-1,2012.0,,5.970338983050848,,,,,,,
Ang-1,2012.0,,5.970338983050848,,,,,,,
Ang-1,2012.0,,5.970338983050848,,,,,,,
Ang-1,2012.0,,5.970338983050848,,,,,,,
Ang-1,2012.0,,5.970338983050848,,,,,,,
Ang-1,2012.0,,5.970338983050848,,,,,,,
Ang-1,2012.0,,5.970338983050848,,,,,,,
Ang-1,2012.0,,5.970338983050848,,,,,,,
Ang-1,2012.0,,5.970338983050848,,,,,,,
Ang-1,2012.0,,5.970338983050848,,,,,,,
Ang-1,2012.0,,5.970338983050848,,,,,,,
Ang-1,2012.0,,5.970338983050848,,,,,,,
Ang-1,2012.0,,5.970338983050848,,,,,,,
Ang-1,2012.0,,5.970338983050848,,,,,,,
Ang-1,2013.0,,6.1017679558011055,,,,,,,
Ang-1,2013.0,,6.1017679558011055,,,,,,,
Ang-1,2013.0,,6.1017679558011055,,,,,,,
Ang-1,2013.0,,6.1017679558011055,,,,,,,
Ang-1,2013.0,,6.1017679558011055,,,,,,,
Ang-1,2013.0,,6.1017679558011055,,,,,,,
Ang-1,2013.0,,6.1017679558011055,,,,,,,
Ang-1,2013.0,,6.1017679558011055,,,,,,,
Ang-1,2013.0,,6.1017679558011055,,,,,,,
Ang-1,2013.0,,6.1017679558011055,,,,,,,
Ang-1,2013.0,,6.1017679558011055,,,,,,,
Ang-1,2013.0,,6.1017679558011055,,,,,,,
Ang-1,2013.0,,6.1017679558011055,,,,,,,
Ang-1,2013.0,,6.1017679558011055,,,,,,,
Ang-1,2013.0,,6.1017679558011055,,,,,,,
Ang-1,2013.0,,6.1017679558011055,,,,,,,
Ang-1,2013.0,,6.1017679558011055,,,,,,,
Ang-1,2013.0,,6.1017679558011055,,,,,,,
Ang-1,2013.0,,6.1017679558011055,,,,,,,
Ang-1,2013.0,,6.1017679558011055,,,,,,,
Ang-1,2013.0,,6.1017679558011055,,,,,,,
Ang-1,2013.0,,6.1017679558011055,,,,,,,
Ang-1,2013.0,,6.1017679558011055,,,,,,,
Ang-1,2013.0,,6.1017679558011055,,,,,,,
Ang-1,2013.0,,6.1017679558011055,,,,,,,
Ang-1,2013.0,,6.1017679558011055,,,,,,,
Ang-1,2013.0,,6.1017679558011055,,,,,,,
Ang-1,2013.0,,6.1017679558011055,,,,,,,
Ang-1,2014.0,,5.988611925257731,,,,,,,
Ang-1,2014.0,,5.988611925257731,,,,,,,
Ang-1,2014.0,,5.988611925257731,,,,,,,
Ang-1,2014.0,,5.988611925257731,,,,,,,
Ang-1,2014.0,,5.988611925257731,,,,,,,
Ang-1,2014.0,,5.988611925257731,,,,,,,
Ang-1,2014.0,,5.988611925257731,,,,,,,
Ang-1,2014.0,,5.988611925257731,,,,,,,
Ang-1,2014.0,,5.988611925257731,,,,,,,
Ang-1,2014.0,,5.988611925257731,,,,,,,
Ang-1,2014.0,,5.988611925257731,,,,,,,
Ang-1,2014.0,,5.988611925257731,,,,,,,
Ang-1,2014.0,,5.988611925257731,,,,,,,
Ang-1,2014.0,,5.988611925257731,,,,,,,
Ang-1,2014.0,,5.988611925257731,,,,,,,
Ang-1,2014.0,,5.988611925257731,,,,,,,
Ang-1,2014.0,,5.988611925257731,,,,,,,
Ang-1,2014.0,,5.988611925257731,,,,,,,
Ang-1,2014.0,,5.988611925257731,,,,,,,
Ang-1,2014.0,,5.988611925257731,,,,,,,
Ang-1,2014.0,,5.988611925257731,,,,,,,
Ang-1,2014.0,,5.988611925257731,,,,,,,
Ang-1,2014.0,,5.988611925257731,,,,,,,
Ang-1,2014.0,,5.988611925257731,,,,,,,
Ang-1,2014.0,,5.988611925257731,,,,,,,
Ang-1,2014.0,,5.988611925257731,,,,,,,
Ang-1,2014.0,,5.988611925257731,,,,,,,
Ang-1,2014.0,,5.988611925257731,,,,,,,
Ang-1,2015.0,,5.6063829787234045,,,,,,,
Ang-1,2015.0,,5.6063829787234045,,,,,,,
Ang-1,2015.0,,5.6063829787234045,,,,,,,
Ang-1,2015.0,,5.6063829787234045,,,,,,,
Ang-1,2015.0,,5.6063829787234045,,,,,,,
Ang-1,2015.0,,5.6063829787234045,,,,,,,
Ang-1,2015.0,,5.6063829787234045,,,,,,,
Ang-1,2015.0,,5.6063829787234045,,,,,,,
Ang-1,2015.0,,5.6063829787234045,,,,,,,
Ang-1,2015.0,,5.6063829787234045,,,,,,,
Ang-1,2015.0,,5.6063829787234045,,,,,,,
Ang-1,2015.0,,5.6063829787234045,,,,,,,
Ang-1,2015.0,,5.6063829787234045,,,,,,,
Ang-1,2015.0,,5.6063829787234045,,,,,,,
Ang-1,2015.0,,5.6063829787234045,,,,,,,
Ang-1,2015.0,,5.6063829787234045,,,,,,,
Ang-1,2015.0,,5.6063829787234045,,,,,,,
Ang-1,2015.0,,5.6063829787234045,,,,,,,
Ang-1,2015.0,,5.6063829787234045,,,,,,,
Ang-1,2015.0,,5.6063829787234045,,,,,,,
Ang-1,2015.0,,5.6063829787234045,,,,,,,
Ang-1,2015.0,,5.6063829787234045,,,,,,,
Ang-1,2015.0,,5.6063829787234045,,,,,,,
Ang-1,2015.0,,5.6063829787234045,,,,,,,
Ang-1,2015.0,,5.6063829787234045,,,,,,,
Ang-1,2015.0,,5.6063829787234045,,,,,,,
Ang-1,2015.0,,5.6063829787234045,,,,,,,
Ang-1,2015.0,,5.6063829787234045,,,,,,,
Ang-2,2010.0,,6.042640449438203,,,,,,,
Ang-2,2010.0,,6.042640449438203,,,,,,,
Ang-2,2010.0,,6.042640449438203,,,,,,,
Ang-2,2010.0,,6.042640449438203,,,,,,,
Ang-2,2010.0,,6.042640449438203,,,,,,,
Ang-2,2010.0,,6.042640449438203,,,,,,,
Ang-2,2010.0,,6.042640449438203,,,,,,,
Ang-2,2010.0,,6.042640449438203,,,,,,,
Ang-2,2010.0,,6.042640449438203,,,,,,,
Ang-2,2010.0,,6.042640449438203,,,,,,,
Ang-2,2010.0,,6.042640449438203,,,,,,,
Ang-2,2010.0,,6.042640449438203,,,,,,,
Ang-2,2010.0,,6.042640449438203,,,,,,,
Ang-2,2010.0,,6.042640449438203,,,,,,,
Ang-2,2010.0,,6.042640449438203,,,,,,,
Ang-2,2012.0,,5.970338983050848,,,,,,,
Ang-2,2012.0,,5.970338983050848,,,,,,,
Ang-2,2012.0,,5.970338983050848,,,,,,,
Ang-2,2012.0,,5.970338983050848,,,,,,,
Ang-2,2012.0,,5.970338983050848,,,,,,,
Ang-2,2012.0,,5.970338983050848,,,,,,,
Ang-2,2012.0,,5.970338983050848,,,,,,,
Ang-2,2012.0,,5.970338983050848,,,,,,,
Ang-2,2012.0,,5.970338983050848,,,,,,,
Ang-2,2012.0,,5.970338983050848,,,,,,,
Ang-2,2012.0,,5.970338983050848,,,,,,,
Ang-2,2012.0,,5.970338983050848,,,,,,,
Ang-2,2012.0,,5.970338983050848,,,,,,,
Ang-2,2012.0,,5.970338983050848,,,,,,,
Ang-2,2012.0,,5.970338983050848,,,,,,,
Ang-2,2012.0,,5.970338983050848,,,,,,,
Ang-2,2012.0,,5.970338983050848,,,,,,,
Ang-2,2012.0,,5.970338983050848,,,,,,,
Ang-2,2012.0,,5.970338983050848,,,,,,,
Ang-2,2013.0,,6.1017679558011055,,,,,,,
Ang-2,2013.0,,6.1017679558011055,,,,,,,
Ang-2,2013.0,,6.1017679558011055,,,,,,,
Ang-2,2013.0,,6.1017679558011055,,,,,,,
Ang-2,2013.0,,6.1017679558011055,,,,,,,
Ang-2,2013.0,,6.1017679558011055,,,,,,,
Ang-2,2013.0,,6.1017679558011055,,,,,,,
Ang-2,2013.0,,6.1017679558011055,,,,,,,
Ang-2,2013.0,,6.1017679558011055,,,,,,,
Ang-2,2013.0,,6.1017679558011055,,,,,,,
Ang-2,2013.0,,6.1017679558011055,,,,,,,
Ang-2,2013.0,,6.1017679558011055,,,,,,,
Ang-2,2013.0,,6.1017679558011055,,,,,,,
Ang-2,2013.0,,6.1017679558011055,,,,,,,
Ang-2,2013.0,,6.1017679558011055,,,,,,,
Ang-2,2013.0,,6.1017679558011055,,,,,,,
Ang-2,2013.0,,6.1017679558011055,,,,,,,
Ang-2,2013.0,,6.1017679558011055,,,,,,,
Ang-2,2013.0,,6.1017679558011055,,,,,,,
Ang-2,2013.0,,6.1017679558011055,,,,,,,
Ang-2,2013.0,,6.1017679558011055,,,,,,,
Ang-2,2013.0,,6.1017679558011055,,,,,,,
Ang-2,2013.0,,6.1017679558011055,,,,,,,
Ang-2,2013.0,,6.1017679558011055,,,,,,,
Ang-2,2013.0,,6.1017679558011055,,,,,,,
Ang-2,2013.0,,6.1017679558011055,,,,,,,
Ang-2,2013.0,,6.1017679558011055,,,,,,,
Ang-2,2013.0,,6.1017679558011055,,,,,,,
Ang-2,2014.0,,5.988611925257731,,,,,,,
Ang-2,2014.0,,5.988611925257731,,,,,,,
Ang-2,2014.0,,5.988611925257731,,,,,,,
Ang-2,2014.0,,5.988611925257731,,,,,,,
Ang-2,2014.0,,5.988611925257731,,,,,,,
Ang-2,2014.0,,5.988611925257731,,,,,,,
Ang-2,2014.0,,5.988611925257731,,,,,,,
Ang-2,2014.0,,5.988611925257731,,,,,,,
Ang-2,2014.0,,5.988611925257731,,,,,,,
Ang-2,2014.0,,5.988611925257731,,,,,,,
Ang-2,2014.0,,5.988611925257731,,,,,,,
Ang-2,2014.0,,5.988611925257731,,,,,,,
Ang-2,2014.0,,5.988611925257731,,,,,,,
Ang-2,2014.0,,5.988611925257731,,,,,,,
Ang-2,2014.0,,5.988611925257731,,,,,,,
Ang-2,2014.0,,5.988611925257731,,,,,,,
Ang-2,2014.0,,5.988611925257731,,,,,,,
Ang-2,2014.0,,5.988611925257731,,,,,,,
Ang-2,2014.0,,5.988611925257731,,,,,,,
Ang-2,2014.0,,5.988611925257731,,,,,,,
Ang-2,2014.0,,5.988611925257731,,,,,,,
Ang-2,2014.0,,5.988611925257731,,,,,,,
Ang-2,2014.0,,5.988611925257731,,,,,,,
Ang-2,2014.0,,5.988611925257731,,,,,,,
Ang-2,2014.0,,5.988611925257731,,,,,,,
Ang-2,2014.0,,5.988611925257731,,,,,,,
Ang-2,2014.0,,5.988611925257731,,,,,,,
Ang-2,2014.0,,5.988611925257731,,,,,,,
Ang-2,2015.0,,5.6063829787234045,,,,,,,
Ang-2,2015.0,,5.6063829787234045,,,,,,,
Ang-2,2015.0,,5.6063829787234045,,,,,,,
Ang-2,2015.0,,5.6063829787234045,,,,,,,
Ang-2,2015.0,,5.6063829787234045,,,,,,,
Ang-2,2015.0,,5.6063829787234045,,,,,,,
Ang-2,2015.0,,5.6063829787234045,,,,,,,
Ang-2,2015.0,,5.6063829787234045,,,,,,,
Ang-2,2015.0,,5.6063829787234045,,,,,,,
Ang-2,2015.0,,5.6063829787234045,,,,,,,
Ang-2,2015.0,,5.6063829787234045,,,,,,,
Ang-2,2015.0,,5.6063829787234045,,,,,,,
Ang-2,2015.0,,5.6063829787234045,,,,,,,
Ang-2,2015.0,,5.6063829787234045,,,,,,,
Ang-2,2015.0,,5.6063829787234045,,,,,,,
Ang-2,2015.0,,5.6063829787234045,,,,,,,
Ang-2,2015.0,,5.6063829787234045,,,,,,,
Ang-2,2015.0,,5.6063829787234045,,,,,,,
Ang-2,2015.0,,5.6063829787234045,,,,,,,
Ang-2,2015.0,,5.6063829787234045,,,,,,,
Ang-2,2015.0,,5.6063829787234045,,,,,,,
Ang-2,2015.0,,5.6063829787234045,,,,,,,
Ang-2,2015.0,,5.6063829787234045,,,,,,,
Ang-2,2015.0,,5.6063829787234045,,,,,,,
Ang-2,2015.0,,5.6063829787234045,,,,,,,
Ang-2,2015.0,,5.6063829787234045,,,,,,,
Ang-2,2015.0,,5.6063829787234045,,,,,,,
Ang-2,2015.0,,5.6063829787234045,,,,,,,
Ang-3,2010.0,,6.042640449438203,,,,,,,
Ang-3,2010.0,,6.042640449438203,,,,,,,
Ang-3,2010.0,,6.042640449438203,,,,,,,
Ang-3,2010.0,,6.042640449438203,,,,,,,
Ang-3,2010.0,,6.042640449438203,,,,,,,
Ang-3,2010.0,,6.042640449438203,,,,,,,
Ang-3,2010.0,,6.042640449438203,,,,,,,
Ang-3,2010.0,,6.042640449438203,,,,,,,
Ang-3,2010.0,,6.042640449438203,,,,,,,
Ang-3,2010.0,,6.042640449438203,,,,,,,
Ang-3,2010.0,,6.042640449438203,,,,,,,
Ang-3,2010.0,,6.042640449438203,,,,,,,
Ang-3,2010.0,,6.042640449438203,,,,,,,
Ang-3,2010.0,,6.042640449438203,,,,,,,
Ang-3,2010.0,,6.042640449438203,,,,,,,
Ang-3,2012.0,,5.970338983050848,,,,,,,
Ang-3,2012.0,,5.970338983050848,,,,,,,
Ang-3,2012.0,,5.970338983050848,,,,,,,
Ang-3,2012.0,,5.970338983050848,,,,,,,
Ang-3,2012.0,,5.970338983050848,,,,,,,
Ang-3,2012.0,,5.970338983050848,,,,,,,
Ang-3,2012.0,,5.970338983050848,,,,,,,
Ang-3,2012.0,,5.970338983050848,,,,,,,
Ang-3,2012.0,,5.970338983050848,,,,,,,
Ang-3,2012.0,,5.970338983050848,,,,,,,
Ang-3,2012.0,,5.970338983050848,,,,,,,
Ang-3,2012.0,,5.970338983050848,,,,,,,
Ang-3,2012.0,,5.970338983050848,,,,,,,
Ang-3,2012.0,,5.970338983050848,,,,,,,
Ang-3,2012.0,,5.970338983050848,,,,,,,
Ang-3,2012.0,,5.970338983050848,,,,,,,
Ang-3,2012.0,,5.970338983050848,,,,,,,
Ang-3,2012.0,,5.970338983050848,,,,,,,
Ang-3,2012.0,,5.970338983050848,,,,,,,
Ang-3,2013.0,,6.1017679558011055,,,,,,,
Ang-3,2013.0,,6.1017679558011055,,,,,,,
Ang-3,2013.0,,6.1017679558011055,,,,,,,
Ang-3,2013.0,,6.1017679558011055,,,,,,,
Ang-3,2013.0,,6.1017679558011055,,,,,,,
Ang-3,2013.0,,6.1017679558011055,,,,,,,
Ang-3,2013.0,,6.1017679558011055,,,,,,,
Ang-3,2013.0,,6.1017679558011055,,,,,,,
Ang-3,2013.0,,6.1017679558011055,,,,,,,
Ang-3,2013.0,,6.1017679558011055,,,,,,,
Ang-3,2013.0,,6.1017679558011055,,,,,,,
Ang-3,2013.0,,6.1017679558011055,,,,,,,
Ang-3,2013.0,,6.1017679558011055,,,,,,,
Ang-3,2013.0,,6.1017679558011055,,,,,,,
Ang-3,2013.0,,6.1017679558011055,,,,,,,
Ang-3,2013.0,,6.1017679558011055,,,,,,,
Ang-3,2013.0,,6.1017679558011055,,,,,,,
Ang-3,2013.0,,6.1017679558011055,,,,,,,
Ang-3,2013.0,,6.1017679558011055,,,,,,,
Ang-3,2013.0,,6.1017679558011055,,,,,,,
Ang-3,2013.0,,6.1017679558011055,,,,,,,
Ang-3,2013.0,,6.1017679558011055,,,,,,,
Ang-3,2013.0,,6.1017679558011055,,,,,,,
Ang-3,2013.0,,6.1017679558011055,,,,,,,
Ang-3,2013.0,,6.1017679558011055,,,,,,,
Ang-3,2013.0,,6.1017679558011055,,,,,,,
Ang-3,2013.0,,6.1017679558011055,,,,,,,
Ang-3,2013.0,,6.1017679558011055,,,,,,,
Ang-3,2014.0,,5.988611925257731,,,,,,,
Ang-3,2014.0,,5.988611925257731,,,,,,,
Ang-3,2014.0,,5.988611925257731,,,,,,,
Ang-3,2014.0,,5.988611925257731,,,,,,,
Ang-3,2014.0,,5.988611925257731,,,,,,,
Ang-3,2014.0,,5.988611925257731,,,,,,,
Ang-3,2014.0,,5.988611925257731,,,,,,,
Ang-3,2014.0,,5.988611925257731,,,,,,,
Ang-3,2014.0,,5.988611925257731,,,,,,,
Ang-3,2014.0,,5.988611925257731,,,,,,,
Ang-3,2014.0,,5.988611925257731,,,,,,,
Ang-3,2014.0,,5.988611925257731,,,,,,,
Ang-3,2014.0,,5.988611925257731,,,,,,,
Ang-3,2014.0,,5.988611925257731,,,,,,,
Ang-3,2014.0,,5.988611925257731,,,,,,,
Ang-3,2014.0,,5.988611925257731,,,,,,,
Ang-3,2014.0,,5.988611925257731,,,,,,,
Ang-3,2014.0,,5.988611925257731,,,,,,,
Ang-3,2014.0,,5.988611925257731,,,,,,,
Ang-3,2014.0,,5.988611925257731,,,,,,,
Ang-3,2014.0,,5.988611925257731,,,,,,,
Ang-3,2014.0,,5.988611925257731,,,,,,,
Ang-3,2014.0,,5.988611925257731,,,,,,,
Ang-3,2014.0,,5.988611925257731,,,,,,,
Ang-3,2014.0,,5.988611925257731,,,,,,,
Ang-3,2014.0,,5.988611925257731,,,,,,,
Ang-3,2014.0,,5.988611925257731,,,,,,,
Ang-3,2014.0,,5.988611925257731,,,,,,,
Ang-3,2015.0,,5.6063829787234045,,,,,,,
Ang-3,2015.0,,5.6063829787234045,,,,,,,
Ang-3,2015.0,,5.6063829787234045,,,,,,,
Ang-3,2015.0,,5.6063829787234045,,,,,,,
Ang-3,2015.0,,5.6063829787234045,,,,,,,
Ang-3,2015.0,,5.6063829787234045,,,,,,,
Ang-3,2015.0,,5.6063829787234045,,,,,,,
Ang-3,2015.0,,5.6063829787234045,,,,,,,
Ang-3,2015.0,,5.6063829787234045,,,,,,,
Ang-3,2015.0,,5.6063829787234045,,,,,,,
Ang-3,2015.0,,5.6063829787234045,,,,,,,
Ang-3,2015.0,,5.6063829787234045,,,,,,,
Ang-3,2015.0,,5.6063829787234045,,,,,,,
Ang-3,2015.0,,5.6063829787234045,,,,,,,
Ang-3,2015.0,,5.6063829787234045,,,,,,,
Ang-3,2015.0,,5.6063829787234045,,,,,,,
Ang-3,2015.0,,5.6063829787234045,,,,,,,
Ang-3,2015.0,,5.6063829787234045,,,,,,,
Ang-3,2015.0,,5.6063829787234045,,,,,,,
Ang-3,2015.0,,5.6063829787234045,,,,,,,
Ang-3,2015.0,,5.6063829787234045,,,,,,,
Ang-3,2015.0,,5.6063829787234045,,,,,,,
Ang-3,2015.0,,5.6063829787234045,,,,,,,
Ang-3,2015.0,,5.6063829787234045,,,,,,,
Ang-3,2015.0,,5.6063829787234045,,,,,,,
Ang-3,2015.0,,5.6063829787234045,,,,,,,
Ang-3,2015.0,,5.6063829787234045,,,,,,,
Ang-3,2015.0,,5.6063829787234045,,,,,,,
Asg-2,2010.0,,6.042640449438203,,,,,,,
Asg-2,2010.0,,6.042640449438203,,,,,,,
Asg-2,2010.0,,6.042640449438203,,,,,,,
Asg-2,2010.0,,6.042640449438203,,,,,,,
Asg-2,2010.0,,6.042640449438203,,,,,,,
Asg-2,2010.0,,6.042640449438203,,,,,,,
Asg-2,2010.0,,6.042640449438203,,,,,,,
Asg-2,2010.0,,6.042640449438203,,,,,,,
Asg-2,2010.0,,6.042640449438203,,,,,,,
Asg-2,2010.0,,6.042640449438203,,,,,,,
Asg-2,2010.0,,6.042640449438203,,,,,,,
Asg-2,2010.0,,6.042640449438203,,,,,,,
Asg-2,2010.0,,6.042640449438203,,,,,,,
Asg-2,2010.0,,6.042640449438203,,,,,,,
Asg-2,2010.0,,6.042640449438203,,,,,,,
Asg-2,2012.0,,5.970338983050848,,,,,,,
Asg-2,2012.0,,5.970338983050848,,,,,,,
Asg-2,2012.0,,5.970338983050848,,,,,,,
Asg-2,2012.0,,5.970338983050848,,,,,,,
Asg-2,2012.0,,5.970338983050848,,,,,,,
Asg-2,2012.0,,5.970338983050848,,,,,,,
Asg-2,2012.0,,5.970338983050848,,,,,,,
Asg-2,2012.0,,5.970338983050848,,,,,,,
Asg-2,2012.0,,5.970338983050848,,,,,,,
Asg-2,2012.0,,5.970338983050848,,,,,,,
Asg-2,2012.0,,5.970338983050848,,,,,,,
Asg-2,2012.0,,5.970338983050848,,,,,,,
Asg-2,2012.0,,5.970338983050848,,,,,,,
Asg-2,2012.0,,5.970338983050848,,,,,,,
Asg-2,2012.0,,5.970338983050848,,,,,,,
Asg-2,2012.0,,5.970338983050848,,,,,,,
Asg-2,2012.0,,5.970338983050848,,,,,,,
Asg-2,2012.0,,5.970338983050848,,,,,,,
Asg-2,2012.0,,5.970338983050848,,,,,,,
Asg-2,2013.0,,6.1017679558011055,,,,,,,
Asg-2,2013.0,,6.1017679558011055,,,,,,,
Asg-2,2013.0,,6.1017679558011055,,,,,,,
Asg-2,2013.0,,6.1017679558011055,,,,,,,
Asg-2,2013.0,,6.1017679558011055,,,,,,,
Asg-2,2013.0,,6.1017679558011055,,,,,,,
Asg-2,2013.0,,6.1017679558011055,,,,,,,
Asg-2,2013.0,,6.1017679558011055,,,,,,,
Asg-2,2013.0,,6.1017679558011055,,,,,,,
Asg-2,2013.0,,6.1017679558011055,,,,,,,
Asg-2,2013.0,,6.1017679558011055,,,,,,,
Asg-2,2013.0,,6.1017679558011055,,,,,,,
Asg-2,2013.0,,6.1017679558011055,,,,,,,
Asg-2,2013.0,,6.1017679558011055,,,,,,,
Asg-2,2013.0,,6.1017679558011055,,,,,,,
Asg-2,2013.0,,6.1017679558011055,,,,,,,
Asg-2,2013.0,,6.1017679558011055,,,,,,,
Asg-2,2013.0,,6.1017679558011055,,,,,,,
Asg-2,2013.0,,6.1017679558011055,,,,,,,
Asg-2,2013.0,,6.1017679558011055,,,,,,,
Asg-2,2013.0,,6.1017679558011055,,,,,,,
Asg-2,2013.0,,6.1017679558011055,,,,,,,
Asg-2,2013.0,,6.1017679558011055,,,,,,,
Asg-2,2013.0,,6.1017679558011055,,,,,,,
Asg-2,2013.0,,6.1017679558011055,,,,,,,
Asg-2,2013.0,,6.1017679558011055,,,,,,,
Asg-2,2013.0,,6.1017679558011055,,,,,,,
Asg-2,2013.0,,6.1017679558011055,,,,,,,
Asg-2,2014.0,,5.988611925257731,,,,,,,
Asg-2,2014.0,,5.988611925257731,,,,,,,
Asg-2,2014.0,,5.988611925257731,,,,,,,
Asg-2,2014.0,,5.988611925257731,,,,,,,
Asg-2,2014.0,,5.988611925257731,,,,,,,
Asg-2,2014.0,,5.988611925257731,,,,,,,
Asg-2,2014.0,,5.988611925257731,,,,,,,
Asg-2,2014.0,,5.988611925257731,,,,,,,
Asg-2,2014.0,,5.988611925257731,,,,,,,
Asg-2,2014.0,,5.988611925257731,,,,,,,
Asg-2,2014.0,,5.988611925257731,,,,,,,
Asg-2,2014.0,,5.988611925257731,,,,,,,
Asg-2,2014.0,,5.988611925257731,,,,,,,
Asg-2,2014.0,,5.988611925257731,,,,,,,
Asg-2,2014.0,,5.988611925257731,,,,,,,
Asg-2,2014.0,,5.988611925257731,,,,,,,
Asg-2,2014.0,,5.988611925257731,,,,,,,
Asg-2,2014.0,,5.988611925257731,,,,,,,
Asg-2,2014.0,,5.988611925257731,,,,,,,
Asg-2,2014.0,,5.988611925257731,,,,,,,
Asg-2,2014.0,,5.988611925257731,,,,,,,
Asg-2,2014.0,,5.988611925257731,,,,,,,
Asg-2,2014.0,,5.988611925257731,,,,,,,
Asg-2,2014.0,,5.988611925257731,,,,,,,
Asg-2,2014.0,,5.988611925257731,,,,,,,
Asg-2,2014.0,,5.988611925257731,,,,,,,
Asg-2,2014.0,,5.988611925257731,,,,,,,
Asg-2,2014.0,,5.988611925257731,,,,,,,
Asg-2,2015.0,,5.6063829787234045,,,,,,,
Asg-2,2015.0,,5.6063829787234045,,,,,,,
Asg-2,2015.0,,5.6063829787234045,,,,,,,
Asg-2,2015.0,,5.6063829787234045,,,,,,,
Asg-2,2015.0,,5.6063829787234045,,,,,,,
Asg-2,2015.0,,5.6063829787234045,,,,,,,
Asg-2,2015.0,,5.6063829787234045,,,,,,,
Asg-2,2015.0,,5.6063829787234045,,,,,,,
Asg-2,2015.0,,5.6063829787234045,,,,,,,
Asg-2,2015.0,,5.6063829787234045,,,,,,,
Asg-2,2015.0,,5.6063829787234045,,,,,,,
Asg-2,2015.0,,5.6063829787234045,,,,,,,
Asg-2,2015.0,,5.6063829787234045,,,,,,,
Asg-2,2015.0,,5.6063829787234045,,,,,,,
Asg-2,2015.0,,5.6063829787234045,,,,,,,
Asg-2,2015.0,,5.6063829787234045,,,,,,,
Asg-2,2015.0,,5.6063829787234045,,,,,,,
Asg-2,2015.0,,5.6063829787234045,,,,,,,
Asg-2,2015.0,,5.6063829787234045,,,,,,,
Asg-2,2015.0,,5.6063829787234045,,,,,,,
Asg-2,2015.0,,5.6063829787234045,,,,,,,
Asg-2,2015.0,,5.6063829787234045,,,,,,,
Asg-2,2015.0,,5.6063829787234045,,,,,,,
Asg-2,2015.0,,5.6063829787234045,,,,,,,
Asg-2,2015.0,,5.6063829787234045,,,,,,,
Asg-2,2015.0,,5.6063829787234045,,,,,,,
Asg-2,2015.0,,5.6063829787234045,,,,,,,
Asg-2,2015.0,,5.6063829787234045,,,,,,,
Asg-3,2010.0,,6.042640449438203,,,,,,,
Asg-3,2010.0,,6.042640449438203,,,,,,,
Asg-3,2010.0,,6.042640449438203,,,,,,,
Asg-3,2010.0,,6.042640449438203,,,,,,,
Asg-3,2010.0,,6.042640449438203,,,,,,,
Asg-3,2010.0,,6.042640449438203,,,,,,,
Asg-3,2010.0,,6.042640449438203,,,,,,,
Asg-3,2010.0,,6.042640449438203,,,,,,,
Asg-3,2010.0,,6.042640449438203,,,,,,,
Asg-3,2010.0,,6.042640449438203,,,,,,,
Asg-3,2010.0,,6.042640449438203,,,,,,,
Asg-3,2010.0,,6.042640449438203,,,,,,,
Asg-3,2010.0,,6.042640449438203,,,,,,,
Asg-3,2010.0,,6.042640449438203,,,,,,,
Asg-3,2010.0,,6.042640449438203,,,,,,,
Asg-3,2012.0,,5.970338983050848,,,,,,,
Asg-3,2012.0,,5.970338983050848,,,,,,,
Asg-3,2012.0,,5.970338983050848,,,,,,,
Asg-3,2012.0,,5.970338983050848,,,,,,,
Asg-3,2012.0,,5.970338983050848,,,,,,,
Asg-3,2012.0,,5.970338983050848,,,,,,,
Asg-3,2012.0,,5.970338983050848,,,,,,,
Asg-3,2012.0,,5.970338983050848,,,,,,,
Asg-3,2012.0,,5.970338983050848,,,,,,,
Asg-3,2012.0,,5.970338983050848,,,,,,,
Asg-3,2012.0,,5.970338983050848,,,,,,,
Asg-3,2012.0,,5.970338983050848,,,,,,,
Asg-3,2012.0,,5.970338983050848,,,,,,,
Asg-3,2012.0,,5.970338983050848,,,,,,,
Asg-3,2012.0,,5.970338983050848,,,,,,,
Asg-3,2012.0,,5.970338983050848,,,,,,,
Asg-3,2012.0,,5.970338983050848,,,,,,,
Asg-3,2012.0,,5.970338983050848,,,,,,,
Asg-3,2012.0,,5.970338983050848,,,,,,,
Asg-3,2013.0,,6.1017679558011055,,,,,,,
Asg-3,2013.0,,6.1017679558011055,,,,,,,
Asg-3,2013.0,,6.1017679558011055,,,,,,,
Asg-3,2013.0,,6.1017679558011055,,,,,,,
Asg-3,2013.0,,6.1017679558011055,,,,,,,
Asg-3,2013.0,,6.1017679558011055,,,,,,,
Asg-3,2013.0,,6.1017679558011055,,,,,,,
Asg-3,2013.0,,6.1017679558011055,,,,,,,
Asg-3,2013.0,,6.1017679558011055,,,,,,,
Asg-3,2013.0,,6.1017679558011055,,,,,,,
Asg-3,2013.0,,6.1017679558011055,,,,,,,
Asg-3,2013.0,,6.1017679558011055,,,,,,,
Asg-3,2013.0,,6.1017679558011055,,,,,,,
Asg-3,2013.0,,6.1017679558011055,,,,,,,
Asg-3,2013.0,,6.1017679558011055,,,,,,,
Asg-3,2013.0,,6.1017679558011055,,,,,,,
Asg-3,2013.0,,6.1017679558011055,,,,,,,
Asg-3,2013.0,,6.1017679558011055,,,,,,,
Asg-3,2013.0,,6.1017679558011055,,,,,,,
Asg-3,2013.0,,6.1017679558011055,,,,,,,
Asg-3,2013.0,,6.1017679558011055,,,,,,,
Asg-3,2013.0,,6.1017679558011055,,,,,,,
Asg-3,2013.0,,6.1017679558011055,,,,,,,
Asg-3,2013.0,,6.1017679558011055,,,,,,,
Asg-3,2013.0,,6.1017679558011055,,,,,,,
Asg-3,2013.0,,6.1017679558011055,,,,,,,
Asg-3,2013.0,,6.1017679558011055,,,,,,,
Asg-3,2013.0,,6.1017679558011055,,,,,,,
Asg-3,2014.0,,5.988611925257731,,,,,,,
Asg-3,2014.0,,5.988611925257731,,,,,,,
Asg-3,2014.0,,5.988611925257731,,,,,,,
Asg-3,2014.0,,5.988611925257731,,,,,,,
Asg-3,2014.0,,5.988611925257731,,,,,,,
Asg-3,2014.0,,5.988611925257731,,,,,,,
Asg-3,2014.0,,5.988611925257731,,,,,,,
Asg-3,2014.0,,5.988611925257731,,,,,,,
Asg-3,2014.0,,5.988611925257731,,,,,,,
Asg-3,2014.0,,5.988611925257731,,,,,,,
Asg-3,2014.0,,5.988611925257731,,,,,,,
Asg-3,2014.0,,5.988611925257731,,,,,,,
Asg-3,2014.0,,5.988611925257731,,,,,,,
Asg-3,2014.0,,5.988611925257731,,,,,,,
Asg-3,2014.0,,5.988611925257731,,,,,,,
Asg-3,2014.0,,5.988611925257731,,,,,,,
Asg-3,2014.0,,5.988611925257731,,,,,,,
Asg-3,2014.0,,5.988611925257731,,,,,,,
Asg-3,2014.0,,5.988611925257731,,,,,,,
Asg-3,2014.0,,5.988611925257731,,,,,,,
Asg-3,2014.0,,5.988611925257731,,,,,,,
Asg-3,2014.0,,5.988611925257731,,,,,,,
Asg-3,2014.0,,5.988611925257731,,,,,,,
Asg-3,2014.0,,5.988611925257731,,,,,,,
Asg-3,2014.0,,5.988611925257731,,,,,,,
Asg-3,2014.0,,5.988611925257731,,,,,,,
Asg-3,2014.0,,5.988611925257731,,,,,,,
Asg-3,2014.0,,5.988611925257731,,,,,,,
Asg-3,2015.0,,5.6063829787234045,,,,,,,
Asg-3,2015.0,,5.6063829787234045,,,,,,,
Asg-3,2015.0,,5.6063829787234045,,,,,,,
Asg-3,2015.0,,5.6063829787234045,,,,,,,
Asg-3,2015.0,,5.6063829787234045,,,,,,,
Asg-3,2015.0,,5.6063829787234045,,,,,,,
Asg-3,2015.0,,5.6063829787234045,,,,,,,
Asg-3,2015.0,,5.6063829787234045,,,,,,,
Asg-3,2015.0,,5.6063829787234045,,,,,,,
Asg-3,2015.0,,5.6063829787234045,,,,,,,
Asg-3,2015.0,,5.6063829787234045,,,,,,,
Asg-3,2015.0,,5.6063829787234045,,,,,,,
Asg-3,2015.0,,5.6063829787234045,,,,,,,
Asg-3,2015.0,,5.6063829787234045,,,,,,,
Asg-3,2015.0,,5.6063829787234045,,,,,,,
Asg-3,2015.0,,5.6063829787234045,,,,,,,
Asg-3,2015.0,,5.6063829787234045,,,,,,,
Asg-3,2015.0,,5.6063829787234045,,,,,,,
Asg-3,2015.0,,5.6063829787234045,,,,,,,
Asg-3,2015.0,,5.6063829787234045,,,,,,,
Asg-3,2015.0,,5.6063829787234045,,,,,,,
Asg-3,2015.0,,5.6063829787234045,,,,,,,
Asg-3,2015.0,,5.6063829787234045,,,,,,,
Asg-3,2015.0,,5.6063829787234045,,,,,,,
Asg-3,2015.0,,5.6063829787234045,,,,,,,
Asg-3,2015.0,,5.6063829787234045,,,,,,,
Asg-3,2015.0,,5.6063829787234045,,,,,,,
Asg-3,2015.0,,5.6063829787234045,,,,,,,
Asg-4,2010.0,,6.042640449438203,,,,,,,
Asg-4,2010.0,,6.042640449438203,,,,,,,
Asg-4,2010.0,,6.042640449438203,,,,,,,
Asg-4,2010.0,,6.042640449438203,,,,,,,
Asg-4,2010.0,,6.042640449438203,,,,,,,
Asg-4,2010.0,,6.042640449438203,,,,,,,
Asg-4,2010.0,,6.042640449438203,,,,,,,
Asg-4,2010.0,,6.042640449438203,,,,,,,
Asg-4,2010.0,,6.042640449438203,,,,,,,
Asg-4,2010.0,,6.042640449438203,,,,,,,
Asg-4,2010.0,,6.042640449438203,,,,,,,
Asg-4,2010.0,,6.042640449438203,,,,,,,
Asg-4,2010.0,,6.042640449438203,,,,,,,
Asg-4,2010.0,,6.042640449438203,,,,,,,
Asg-4,2010.0,,6.042640449438203,,,,,,,
Asg-4,2012.0,,5.970338983050848,,,,,,,
Asg-4,2012.0,,5.970338983050848,,,,,,,
Asg-4,2012.0,,5.970338983050848,,,,,,,
Asg-4,2012.0,,5.970338983050848,,,,,,,
Asg-4,2012.0,,5.970338983050848,,,,,,,
Asg-4,2012.0,,5.970338983050848,,,,,,,
Asg-4,2012.0,,5.970338983050848,,,,,,,
Asg-4,2012.0,,5.970338983050848,,,,,,,
Asg-4,2012.0,,5.970338983050848,,,,,,,
Asg-4,2012.0,,5.970338983050848,,,,,,,
Asg-4,2012.0,,5.970338983050848,,,,,,,
Asg-4,2012.0,,5.970338983050848,,,,,,,
Asg-4,2012.0,,5.970338983050848,,,,,,,
Asg-4,2012.0,,5.970338983050848,,,,,,,
Asg-4,2012.0,,5.970338983050848,,,,,,,
Asg-4,2012.0,,5.970338983050848,,,,,,,
Asg-4,2012.0,,5.970338983050848,,,,,,,
Asg-4,2012.0,,5.970338983050848,,,,,,,
Asg-4,2012.0,,5.970338983050848,,,,,,,
Asg-4,2013.0,,6.1017679558011055,,,,,,,
Asg-4,2013.0,,6.1017679558011055,,,,,,,
Asg-4,2013.0,,6.1017679558011055,,,,,,,
Asg-4,2013.0,,6.1017679558011055,,,,,,,
Asg-4,2013.0,,6.1017679558011055,,,,,,,
Asg-4,2013.0,,6.1017679558011055,,,,,,,
Asg-4,2013.0,,6.1017679558011055,,,,,,,
Asg-4,2013.0,,6.1017679558011055,,,,,,,
Asg-4,2013.0,,6.1017679558011055,,,,,,,
Asg-4,2013.0,,6.1017679558011055,,,,,,,
Asg-4,2013.0,,6.1017679558011055,,,,,,,
Asg-4,2013.0,,6.1017679558011055,,,,,,,
Asg-4,2013.0,,6.1017679558011055,,,,,,,
Asg-4,2013.0,,6.1017679558011055,,,,,,,
Asg-4,2013.0,,6.1017679558011055,,,,,,,
Asg-4,2013.0,,6.1017679558011055,,,,,,,
Asg-4,2013.0,,6.1017679558011055,,,,,,,
Asg-4,2013.0,,6.1017679558011055,,,,,,,
Asg-4,2013.0,,6.1017679558011055,,,,,,,
Asg-4,2013.0,,6.1017679558011055,,,,,,,
Asg-4,2013.0,,6.1017679558011055,,,,,,,
Asg-4,2013.0,,6.1017679558011055,,,,,,,
Asg-4,2013.0,,6.1017679558011055,,,,,,,
Asg-4,2013.0,,6.1017679558011055,,,,,,,
Asg-4,2013.0,,6.1017679558011055,,,,,,,
Asg-4,2013.0,,6.1017679558011055,,,,,,,
Asg-4,2013.0,,6.1017679558011055,,,,,,,
Asg-4,2013.0,,6.1017679558011055,,,,,,,
Asg-4,2014.0,,5.988611925257731,,,,,,,
Asg-4,2014.0,,5.988611925257731,,,,,,,
Asg-4,2014.0,,5.988611925257731,,,,,,,
Asg-4,2014.0,,5.988611925257731,,,,,,,
Asg-4,2014.0,,5.988611925257731,,,,,,,
Asg-4,2014.0,,5.988611925257731,,,,,,,
Asg-4,2014.0,,5.988611925257731,,,,,,,
Asg-4,2014.0,,5.988611925257731,,,,,,,
Asg-4,2014.0,,5.988611925257731,,,,,,,
Asg-4,2014.0,,5.988611925257731,,,,,,,
Asg-4,2014.0,,5.988611925257731,,,,,,,
Asg-4,2014.0,,5.988611925257731,,,,,,,
Asg-4,2014.0,,5.988611925257731,,,,,,,
Asg-4,2014.0,,5.988611925257731,,,,,,,
Asg-4,2014.0,,5.988611925257731,,,,,,,
Asg-4,2014.0,,5.988611925257731,,,,,,,
Asg-4,2014.0,,5.988611925257731,,,,,,,
Asg-4,2014.0,,5.988611925257731,,,,,,,
Asg-4,2014.0,,5.988611925257731,,,,,,,
Asg-4,2014.0,,5.988611925257731,,,,,,,
Asg-4,2014.0,,5.988611925257731,,,,,,,
Asg-4,2014.0,,5.988611925257731,,,,,,,
Asg-4,2014.0,,5.988611925257731,,,,,,,
Asg-4,2014.0,,5.988611925257731,,,,,,,
Asg-4,2014.0,,5.988611925257731,,,,,,,
Asg-4,2014.0,,5.988611925257731,,,,,,,
Asg-4,2014.0,,5.988611925257731,,,,,,,
Asg-4,2014.0,,5.988611925257731,,,,,,,
Asg-4,2015.0,,5.6063829787234045,,,,,,,
Asg-4,2015.0,,5.6063829787234045,,,,,,,
Asg-4,2015.0,,5.6063829787234045,,,,,,,
Asg-4,2015.0,,5.6063829787234045,,,,,,,
Asg-4,2015.0,,5.6063829787234045,,,,,,,
Asg-4,2015.0,,5.6063829787234045,,,,,,,
Asg-4,2015.0,,5.6063829787234045,,,,,,,
Asg-4,2015.0,,5.6063829787234045,,,,,,,
Asg-4,2015.0,,5.6063829787234045,,,,,,,
Asg-4,2015.0,,5.6063829787234045,,,,,,,
Asg-4,2015.0,,5.6063829787234045,,,,,,,
Asg-4,2015.0,,5.6063829787234045,,,,,,,
Asg-4,2015.0,,5.6063829787234045,,,,,,,
Asg-4,2015.0,,5.6063829787234045,,,,,,,
Asg-4,2015.0,,5.6063829787234045,,,,,,,
Asg-4,2015.0,,5.6063829787234045,,,,,,,
Asg-4,2015.0,,5.6063829787234045,,,,,,,
Asg-4,2015.0,,5.6063829787234045,,,,,,,
Asg-4,2015.0,,5.6063829787234045,,,,,,,
Asg-4,2015.0,,5.6063829787234045,,,,,,,
Asg-4,2015.0,,5.6063829787234045,,,,,,,
Asg-4,2015.0,,5.6063829787234045,,,,,,,
Asg-4,2015.0,,5.6063829787234045,,,,,,,
Asg-4,2015.0,,5.6063829787234045,,,,,,,
Asg-4,2015.0,,5.6063829787234045,,,,,,,
Asg-4,2015.0,,5.6063829787234045,,,,,,,
Asg-4,2015.0,,5.6063829787234045,,,,,,,
Asg-4,2015.0,,5.6063829787234045,,,,,,,
Tng-1,2013.0,,6.1017679558011055,,,,,,,
Tng-1,2013.0,,6.1017679558011055,,,,,,,
Tng-1,2013.0,,6.1017679558011055,,,,,,,
Tng-1,2013.0,,6.1017679558011055,,,,,,,
Tng-1,2013.0,,6.1017679558011055,,,,,,,
Tng-1,2013.0,,6.1017679558011055,,,,,,,
Tng-1,2013.0,,6.1017679558011055,,,,,,,
Tng-1,2013.0,,6.1017679558011055,,,,,,,
Tng-1,2013.0,,6.1017679558011055,,,,,,,
Tng-1,2013.0,,6.1017679558011055,,,,,,,
Tng-1,2013.0,,6.1017679558011055,,,,,,,
Tng-1,2013.0,,6.1017679558011055,,,,,,,
Tng-1,2013.0,,6.1017679558011055,,,,,,,
Tng-1,2013.0,,6.1017679558011055,,,,,,,
Tng-1,2013.0,,6.1017679558011055,,,,,,,
Tng-1,2013.0,,6.1017679558011055,,,,,,,
Tng-1,2013.0,,6.1017679558011055,,,,,,,
Tng-1,2013.0,,6.1017679558011055,,,,,,,
Tng-1,2013.0,,6.1017679558011055,,,,,,,
Tng-1,2013.0,,6.1017679558011055,,,,,,,
Tng-1,2013.0,,6.1017679558011055,,,,,,,
Tng-1,2013.0,,6.1017679558011055,,,,,,,
Tng-1,2013.0,,6.1017679558011055,,,,,,,
Tng-1,2013.0,,6.1017679558011055,,,,,,,
Tng-1,2013.0,,6.1017679558011055,,,,,,,
Tng-1,2013.0,,6.1017679558011055,,,,,,,
Tng-1,2013.0,,6.1017679558011055,,,,,,,
Tng-1,2013.0,,6.1017679558011055,,,,,,,
Tng-1,2014.0,,5.988611925257731,,,,,,,
Tng-1,2014.0,,5.988611925257731,,,,,,,
Tng-1,2014.0,,5.988611925257731,,,,,,,
Tng-1,2014.0,,5.988611925257731,,,,,,,
Tng-1,2014.0,,5.988611925257731,,,,,,,
Tng-1,2014.0,,5.988611925257731,,,,,,,
Tng-1,2014.0,,5.988611925257731,,,,,,,
Tng-1,2014.0,,5.988611925257731,,,,,,,
Tng-1,2014.0,,5.988611925257731,,,,,,,
Tng-1,2014.0,,5.988611925257731,,,,,,,
Tng-1,2014.0,,5.988611925257731,,,,,,,
Tng-1,2014.0,,5.988611925257731,,,,,,,
Tng-1,2014.0,,5.988611925257731,,,,,,,
Tng-1,2014.0,,5.988611925257731,,,,,,,
Tng-1,2014.0,,5.988611925257731,,,,,,,
Tng-1,2014.0,,5.988611925257731,,,,,,,
Tng-1,2014.0,,5.988611925257731,,,,,,,
Tng-1,2014.0,,5.988611925257731,,,,,,,
Tng-1,2014.0,,5.988611925257731,,,,,,,
Tng-1,2014.0,,5.988611925257731,,,,,,,
Tng-1,2014.0,,5.988611925257731,,,,,,,
Tng-1,2014.0,,5.988611925257731,,,,,,,
Tng-1,2014.0,,5.988611925257731,,,,,,,
Tng-1,2014.0,,5.988611925257731,,,,,,,
Tng-1,2014.0,,5.988611925257731,,,,,,,
Tng-1,2014.0,,5.988611925257731,,,,,,,
Tng-1,2014.0,,5.988611925257731,,,,,,,
Tng-1,2014.0,,5.988611925257731,,,,,,,
Tng-1,2015.0,,5.6063829787234045,,,,,,,
Tng-1,2015.0,,5.6063829787234045,,,,,,,
Tng-1,2015.0,,5.6063829787234045,,,,,,,
Tng-1,2015.0,,5.6063829787234045,,,,,,,
Tng-1,2015.0,,5.6063829787234045,,,,,,,
Tng-1,2015.0,,5.6063829787234045,,,,,,,
Tng-1,2015.0,,5.6063829787234045,,,,,,,
Tng-1,2015.0,,5.6063829787234045,,,,,,,
Tng-1,2015.0,,5.6063829787234045,,,,,,,
Tng-1,2015.0,,5.6063829787234045,,,,,,,
Tng-1,2015.0,,5.6063829787234045,,,,,,,
Tng-1,2015.0,,5.6063829787234045,,,,,,,
Tng-1,2015.0,,5.6063829787234045,,,,,,,
Tng-1,2015.0,,5.6063829787234045,,,,,,,
Tng-1,2015.0,,5.6063829787234045,,,,,,,
Tng-1,2015.0,,5.6063829787234045,,,,,,,
Tng-1,2015.0,,5.6063829787234045,,,,,,,
Tng-1,2015.0,,5.6063829787234045,,,,,,,
Tng-1,2015.0,,5.6063829787234045,,,,,,,
Tng-1,2015.0,,5.6063829787234045,,,,,,,
Tng-1,2015.0,,5.6063829787234045,,,,,,,
Tng-1,2015.0,,5.6063829787234045,,,,,,,
Tng-1,2015.0,,5.6063829787234045,,,,,,,
Tng-1,2015.0,,5.6063829787234045,,,,,,,
Tng-1,2015.0,,5.6063829787234045,,,,,,,
Tng-1,2015.0,,5.6063829787234045,,,,,,,
Tng-1,2015.0,,5.6063829787234045,,,,,,,
Tng-1,2015.0,,5.6063829787234045,,,,,,,
Tng-2,2013.0,,6.1017679558011055,,,,,,,
Tng-2,2013.0,,6.1017679558011055,,,,,,,
Tng-2,2013.0,,6.1017679558011055,,,,,,,
Tng-2,2013.0,,6.1017679558011055,,,,,,,
Tng-2,2013.0,,6.1017679558011055,,,,,,,
Tng-2,2013.0,,6.1017679558011055,,,,,,,
Tng-2,2013.0,,6.1017679558011055,,,,,,,
Tng-2,2013.0,,6.1017679558011055,,,,,,,
Tng-2,2013.0,,6.1017679558011055,,,,,,,
Tng-2,2013.0,,6.1017679558011055,,,,,,,
Tng-2,2013.0,,6.1017679558011055,,,,,,,
Tng-2,2013.0,,6.1017679558011055,,,,,,,
Tng-2,2013.0,,6.1017679558011055,,,,,,,
Tng-2,2013.0,,6.1017679558011055,,,,,,,
Tng-2,2013.0,,6.1017679558011055,,,,,,,
Tng-2,2013.0,,6.1017679558011055,,,,,,,
Tng-2,2013.0,,6.1017679558011055,,,,,,,
Tng-2,2013.0,,6.1017679558011055,,,,,,,
Tng-2,2013.0,,6.1017679558011055,,,,,,,
Tng-2,2013.0,,6.1017679558011055,,,,,,,
Tng-2,2013.0,,6.1017679558011055,,,,,,,
Tng-2,2013.0,,6.1017679558011055,,,,,,,
Tng-2,2013.0,,6.1017679558011055,,,,,,,
Tng-2,2013.0,,6.1017679558011055,,,,,,,
Tng-2,2013.0,,6.1017679558011055,,,,,,,
Tng-2,2013.0,,6.1017679558011055,,,,,,,
Tng-2,2013.0,,6.1017679558011055,,,,,,,
Tng-2,2013.0,,6.1017679558011055,,,,,,,
Tng-2,2014.0,,5.988611925257731,,,,,,,
Tng-2,2014.0,,5.988611925257731,,,,,,,
Tng-2,2014.0,,5.988611925257731,,,,,,,
Tng-2,2014.0,,5.988611925257731,,,,,,,
Tng-2,2014.0,,5.988611925257731,,,,,,,
Tng-2,2014.0,,5.988611925257731,,,,,,,
Tng-2,2014.0,,5.988611925257731,,,,,,,
Tng-2,2014.0,,5.988611925257731,,,,,,,
Tng-2,2014.0,,5.988611925257731,,,,,,,
Tng-2,2014.0,,5.988611925257731,,,,,,,
Tng-2,2014.0,,5.988611925257731,,,,,,,
Tng-2,2014.0,,5.988611925257731,,,,,,,
Tng-2,2014.0,,5.988611925257731,,,,,,,
Tng-2,2014.0,,5.988611925257731,,,,,,,
Tng-2,2014.0,,5.988611925257731,,,,,,,
Tng-2,2014.0,,5.988611925257731,,,,,,,
Tng-2,2014.0,,5.988611925257731,,,,,,,
Tng-2,2014.0,,5.988611925257731,,,,,,,
Tng-2,2014.0,,5.988611925257731,,,,,,,
Tng-2,2014.0,,5.988611925257731,,,,,,,
Tng-2,2014.0,,5.988611925257731,,,,,,,
Tng-2,2014.0,,5.988611925257731,,,,,,,
Tng-2,2014.0,,5.988611925257731,,,,,,,
Tng-2,2014.0,,5.988611925257731,,,,,,,
Tng-2,2014.0,,5.988611925257731,,,,,,,
Tng-2,2014.0,,5.988611925257731,,,,,,,
Tng-2,2014.0,,5.988611925257731,,,,,,,
Tng-2,2014.0,,5.988611925257731,,,,,,,
Tng-2,2015.0,,5.6063829787234045,,,,,,,
Tng-2,2015.0,,5.6063829787234045,,,,,,,
Tng-2,2015.0,,5.6063829787234045,,,,,,,
Tng-2,2015.0,,5.6063829787234045,,,,,,,
Tng-2,2015.0,,5.6063829787234045,,,,,,,
Tng-2,2015.0,,5.6063829787234045,,,,,,,
Tng-2,2015.0,,5.6063829787234045,,,,,,,
Tng-2,2015.0,,5.6063829787234045,,,,,,,
Tng-2,2015.0,,5.6063829787234045,,,,,,,
Tng-2,2015.0,,5.6063829787234045,,,,,,,
Tng-2,2015.0,,5.6063829787234045,,,,,,,
Tng-2,2015.0,,5.6063829787234045,,,,,,,
Tng-2,2015.0,,5.6063829787234045,,,,,,,
Tng-2,2015.0,,5.6063829787234045,,,,,,,
Tng-2,2015.0,,5.6063829787234045,,,,,,,
Tng-2,2015.0,,5.6063829787234045,,,,,,,
Tng-2,2015.0,,5.6063829787234045,,,,,,,
Tng-2,2015.0,,5.6063829787234045,,,,,,,
Tng-2,2015.0,,5.6063829787234045,,,,,,,
Tng-2,2015.0,,5.6063829787234045,,,,,,,
Tng-2,2015.0,,5.6063829787234045,,,,,,,
Tng-2,2015.0,,5.6063829787234045,,,,,,,
Tng-2,2015.0,,5.6063829787234045,,,,,,,
Tng-2,2015.0,,5.6063829787234045,,,,,,,
Tng-2,2015.0,,5.6063829787234045,,,,,,,
Tng-2,2015.0,,5.6063829787234045,,,,,,,
Tng-2,2015.0,,5.6063829787234045,,,,,,,
Tng-2,2015.0,,5.6063829787234045,,,,,,,
Tng-3,2013.0,,6.1017679558011055,,,,,,,
Tng-3,2013.0,,6.1017679558011055,,,,,,,
Tng-3,2013.0,,6.1017679558011055,,,,,,,
Tng-3,2013.0,,6.1017679558011055,,,,,,,
Tng-3,2013.0,,6.1017679558011055,,,,,,,
Tng-3,2013.0,,6.1017679558011055,,,,,,,
Tng-3,2013.0,,6.1017679558011055,,,,,,,
Tng-3,2013.0,,6.1017679558011055,,,,,,,
Tng-3,2013.0,,6.1017679558011055,,,,,,,
Tng-3,2013.0,,6.1017679558011055,,,,,,,
Tng-3,2013.0,,6.1017679558011055,,,,,,,
Tng-3,2013.0,,6.1017679558011055,,,,,,,
Tng-3,2013.0,,6.1017679558011055,,,,,,,
Tng-3,2013.0,,6.1017679558011055,,,,,,,
Tng-3,2013.0,,6.1017679558011055,,,,,,,
Tng-3,2013.0,,6.1017679558011055,,,,,,,
Tng-3,2013.0,,6.1017679558011055,,,,,,,
Tng-3,2013.0,,6.1017679558011055,,,,,,,
Tng-3,2013.0,,6.1017679558011055,,,,,,,
Tng-3,2013.0,,6.1017679558011055,,,,,,,
Tng-3,2013.0,,6.1017679558011055,,,,,,,
Tng-3,2013.0,,6.1017679558011055,,,,,,,
Tng-3,2013.0,,6.1017679558011055,,,,,,,
Tng-3,2013.0,,6.1017679558011055,,,,,,,
Tng-3,2013.0,,6.1017679558011055,,,,,,,
Tng-3,2013.0,,6.1017679558011055,,,,,,,
Tng-3,2013.0,,6.1017679558011055,,,,,,,
Tng-3,2013.0,,6.1017679558011055,,,,,,,
Tng-3,2014.0,,5.988611925257731,,,,,,,
Tng-3,2014.0,,5.988611925257731,,,,,,,
Tng-3,2014.0,,5.988611925257731,,,,,,,
Tng-3,2014.0,,5.988611925257731,,,,,,,
Tng-3,2014.0,,5.988611925257731,,,,,,,
Tng-3,2014.0,,5.988611925257731,,,,,,,
Tng-3,2014.0,,5.988611925257731,,,,,,,
Tng-3,2014.0,,5.988611925257731,,,,,,,
Tng-3,2014.0,,5.988611925257731,,,,,,,
Tng-3,2014.0,,5.988611925257731,,,,,,,
Tng-3,2014.0,,5.988611925257731,,,,,,,
Tng-3,2014.0,,5.988611925257731,,,,,,,
Tng-3,2014.0,,5.988611925257731,,,,,,,
Tng-3,2014.0,,5.988611925257731,,,,,,,
Tng-3,2014.0,,5.988611925257731,,,,,,,
Tng-3,2014.0,,5.988611925257731,,,,,,,
Tng-3,2014.0,,5.988611925257731,,,,,,,
Tng-3,2014.0,,5.988611925257731,,,,,,,
Tng-3,2014.0,,5.988611925257731,,,,,,,
Tng-3,2014.0,,5.988611925257731,,,,,,,
Tng-3,2014.0,,5.988611925257731,,,,,,,
Tng-3,2014.0,,5.988611925257731,,,,,,,
Tng-3,2014.0,,5.988611925257731,,,,,,,
Tng-3,2014.0,,5.988611925257731,,,,,,,
Tng-3,2014.0,,5.988611925257731,,,,,,,
Tng-3,2014.0,,5.988611925257731,,,,,,,
Tng-3,2014.0,,5.988611925257731,,,,,,,
Tng-3,2014.0,,5.988611925257731,,,,,,,
Tng-3,2015.0,,5.6063829787234045,,,,,,,
Tng-3,2015.0,,5.6063829787234045,,,,,,,
Tng-3,2015.0,,5.6063829787234045,,,,,,,
Tng-3,2015.0,,5.6063829787234045,,,,,,,
Tng-3,2015.0,,5.6063829787234045,,,,,,,
Tng-3,2015.0,,5.6063829787234045,,,,,,,
Tng-3,2015.0,,5.6063829787234045,,,,,,,
Tng-3,2015.0,,5.6063829787234045,,,,,,,
Tng-3,2015.0,,5.6063829787234045,,,,,,,
Tng-3,2015.0,,5.6063829787234045,,,,,,,
Tng-3,2015.0,,5.6063829787234045,,,,,,,
Tng-3,2015.0,,5.6063829787234045,,,,,,,
Tng-3,2015.0,,5.6063829787234045,,,,,,,
Tng-3,2015.0,,5.6063829787234045,,,,,,,
Tng-3,2015.0,,5.6063829787234045,,,,,,,
Tng-3,2015.0,,5.6063829787234045,,,,,,,
Tng-3,2015.0,,5.6063829787234045,,,,,,,
Tng-3,2015.0,,5.6063829787234045,,,,,,,
Tng-3,2015.0,,5.6063829787234045,,,,,,,
Tng-3,2015.0,,5.6063829787234045,,,,,,,
Tng-3,2015.0,,5.6063829787234045,,,,,,,
Tng-3,2015.0,,5.6063829787234045,,,,,,,
Tng-3,2015.0,,5.6063829787234045,,,,,,,
Tng-3,2015.0,,5.6063829787234045,,,,,,,
Tng-3,2015.0,,5.6063829787234045,,,,,,,
Tng-3,2015.0,,5.6063829787234045,,,,,,,
Tng-3,2015.0,,5.6063829787234045,,,,,,,
Tng-3,2015.0,,5.6063829787234045,,,,,,,
Tng-4,2013.0,,6.1017679558011055,,,,,,,
Tng-4,2013.0,,6.1017679558011055,,,,,,,
Tng-4,2013.0,,6.1017679558011055,,,,,,,
Tng-4,2013.0,,6.1017679558011055,,,,,,,
Tng-4,2013.0,,6.1017679558011055,,,,,,,
Tng-4,2013.0,,6.1017679558011055,,,,,,,
Tng-4,2013.0,,6.1017679558011055,,,,,,,
Tng-4,2013.0,,6.1017679558011055,,,,,,,
Tng-4,2013.0,,6.1017679558011055,,,,,,,
Tng-4,2013.0,,6.1017679558011055,,,,,,,
Tng-4,2013.0,,6.1017679558011055,,,,,,,
Tng-4,2013.0,,6.1017679558011055,,,,,,,
Tng-4,2013.0,,6.1017679558011055,,,,,,,
Tng-4,2013.0,,6.1017679558011055,,,,,,,
Tng-4,2013.0,,6.1017679558011055,,,,,,,
Tng-4,2013.0,,6.1017679558011055,,,,,,,
Tng-4,2013.0,,6.1017679558011055,,,,,,,
Tng-4,2013.0,,6.1017679558011055,,,,,,,
Tng-4,2013.0,,6.1017679558011055,,,,,,,
Tng-4,2013.0,,6.1017679558011055,,,,,,,
Tng-4,2013.0,,6.1017679558011055,,,,,,,
Tng-4,2013.0,,6.1017679558011055,,,,,,,
Tng-4,2013.0,,6.1017679558011055,,,,,,,
Tng-4,2013.0,,6.1017679558011055,,,,,,,
Tng-4,2013.0,,6.1017679558011055,,,,,,,
Tng-4,2013.0,,6.1017679558011055,,,,,,,
Tng-4,2013.0,,6.1017679558011055,,,,,,,
Tng-4,2013.0,,6.1017679558011055,,,,,,,
Tng-4,2014.0,,5.988611925257731,,,,,,,
Tng-4,2014.0,,5.988611925257731,,,,,,,
Tng-4,2014.0,,5.988611925257731,,,,,,,
Tng-4,2014.0,,5.988611925257731,,,,,,,
Tng-4,2014.0,,5.988611925257731,,,,,,,
Tng-4,2014.0,,5.988611925257731,,,,,,,
Tng-4,2014.0,,5.988611925257731,,,,,,,
Tng-4,2014.0,,5.988611925257731,,,,,,,
Tng-4,2014.0,,5.988611925257731,,,,,,,
Tng-4,2014.0,,5.988611925257731,,,,,,,
Tng-4,2014.0,,5.988611925257731,,,,,,,
Tng-4,2014.0,,5.988611925257731,,,,,,,
Tng-4,2014.0,,5.988611925257731,,,,,,,
Tng-4,2014.0,,5.988611925257731,,,,,,,
Tng-4,2014.0,,5.988611925257731,,,,,,,
Tng-4,2014.0,,5.988611925257731,,,,,,,
Tng-4,2014.0,,5.988611925257731,,,,,,,
Tng-4,2014.0,,5.988611925257731,,,,,,,
Tng-4,2014.0,,5.988611925257731,,,,,,,
Tng-4,2014.0,,5.988611925257731,,,,,,,
Tng-4,2014.0,,5.988611925257731,,,,,,,
Tng-4,2014.0,,5.988611925257731,,,,,,,
Tng-4,2014.0,,5.988611925257731,,,,,,,
Tng-4,2014.0,,5.988611925257731,,,,,,,
Tng-4,2014.0,,5.988611925257731,,,,,,,
Tng-4,2014.0,,5.988611925257731,,,,,,,
Tng-4,2014.0,,5.988611925257731,,,,,,,
Tng-4,2014.0,,5.988611925257731,,,,,,,
Tng-4,2015.0,,5.6063829787234045,,,,,,,
Tng-4,2015.0,,5.6063829787234045,,,,,,,
Tng-4,2015.0,,5.6063829787234045,,,,,,,
Tng-4,2015.0,,5.6063829787234045,,,,,,,
Tng-4,2015.0,,5.6063829787234045,,,,,,,
Tng-4,2015.0,,5.6063829787234045,,,,,,,
Tng-4,2015.0,,5.6063829787234045,,,,,,,
Tng-4,2015.0,,5.6063829787234045,,,,,,,
Tng-4,2015.0,,5.6063829787234045,,,,,,,
Tng-4,2015.0,,5.6063829787234045,,,,,,,
Tng-4,2015.0,,5.6063829787234045,,,,,,,
Tng-4,2015.0,,5.6063829787234045,,,,,,,
Tng-4,2015.0,,5.6063829787234045,,,,,,,
Tng-4,2015.0,,5.6063829787234045,,,,,,,
Tng-4,2015.0,,5.6063829787234045,,,,,,,
Tng-4,2015.0,,5.6063829787234045,,,,,,,
Tng-4,2015.0,,5.6063829787234045,,,,,,,
Tng-4,2015.0,,5.6063829787234045,,,,,,,
Tng-4,2015.0,,5.6063829787234045,,,,,,,
Tng-4,2015.0,,5.6063829787234045,,,,,,,
Tng-4,2015.0,,5.6063829787234045,,,,,,,
Tng-4,2015.0,,5.6063829787234045,,,,,,,
Tng-4,2015.0,,5.6063829787234045,,,,,,,
Tng-4,2015.0,,5.6063829787234045,,,,,,,
Tng-4,2015.0,,5.6063829787234045,,,,,,,
Tng-4,2015.0,,5.6063829787234045,,,,,,,
Tng-4,2015.0,,5.6063829787234045,,,,,,,
Tng-4,2015.0,,5.6063829787234045,,,,,,,
Tng-5,2013.0,,6.1017679558011055,,,,,,,
Tng-5,2013.0,,6.1017679558011055,,,,,,,
Tng-5,2013.0,,6.1017679558011055,,,,,,,
Tng-5,2013.0,,6.1017679558011055,,,,,,,
Tng-5,2013.0,,6.1017679558011055,,,,,,,
Tng-5,2013.0,,6.1017679558011055,,,,,,,
Tng-5,2013.0,,6.1017679558011055,,,,,,,
Tng-5,2013.0,,6.1017679558011055,,,,,,,
Tng-5,2013.0,,6.1017679558011055,,,,,,,
Tng-5,2013.0,,6.1017679558011055,,,,,,,
Tng-5,2013.0,,6.1017679558011055,,,,,,,
Tng-5,2013.0,,6.1017679558011055,,,,,,,
Tng-5,2013.0,,6.1017679558011055,,,,,,,
Tng-5,2013.0,,6.1017679558011055,,,,,,,
Tng-5,2013.0,,6.1017679558011055,,,,,,,
Tng-5,2013.0,,6.1017679558011055,,,,,,,
Tng-5,2013.0,,6.1017679558011055,,,,,,,
Tng-5,2013.0,,6.1017679558011055,,,,,,,
Tng-5,2013.0,,6.1017679558011055,,,,,,,
Tng-5,2013.0,,6.1017679558011055,,,,,,,
Tng-5,2013.0,,6.1017679558011055,,,,,,,
Tng-5,2013.0,,6.1017679558011055,,,,,,,
Tng-5,2013.0,,6.1017679558011055,,,,,,,
Tng-5,2013.0,,6.1017679558011055,,,,,,,
Tng-5,2013.0,,6.1017679558011055,,,,,,,
Tng-5,2013.0,,6.1017679558011055,,,,,,,
Tng-5,2013.0,,6.1017679558011055,,,,,,,
Tng-5,2013.0,,6.1017679558011055,,,,,,,
Tng-5,2014.0,,5.988611925257731,,,,,,,
Tng-5,2014.0,,5.988611925257731,,,,,,,
Tng-5,2014.0,,5.988611925257731,,,,,,,
Tng-5,2014.0,,5.988611925257731,,,,,,,
Tng-5,2014.0,,5.988611925257731,,,,,,,
Tng-5,2014.0,,5.988611925257731,,,,,,,
Tng-5,2014.0,,5.988611925257731,,,,,,,
Tng-5,2014.0,,5.988611925257731,,,,,,,
Tng-5,2014.0,,5.988611925257731,,,,,,,
Tng-5,2014.0,,5.988611925257731,,,,,,,
Tng-5,2014.0,,5.988611925257731,,,,,,,
Tng-5,2014.0,,5.988611925257731,,,,,,,
Tng-5,2014.0,,5.988611925257731,,,,,,,
Tng-5,2014.0,,5.988611925257731,,,,,,,
Tng-5,2014.0,,5.988611925257731,,,,,,,
Tng-5,2014.0,,5.988611925257731,,,,,,,
Tng-5,2014.0,,5.988611925257731,,,,,,,
Tng-5,2014.0,,5.988611925257731,,,,,,,
Tng-5,2014.0,,5.988611925257731,,,,,,,
Tng-5,2014.0,,5.988611925257731,,,,,,,
Tng-5,2014.0,,5.988611925257731,,,,,,,
Tng-5,2014.0,,5.988611925257731,,,,,,,
Tng-5,2014.0,,5.988611925257731,,,,,,,
Tng-5,2014.0,,5.988611925257731,,,,,,,
Tng-5,2014.0,,5.988611925257731,,,,,,,
Tng-5,2014.0,,5.988611925257731,,,,,,,
Tng-5,2014.0,,5.988611925257731,,,,,,,
Tng-5,2014.0,,5.988611925257731,,,,,,,
Tng-5,2015.0,,5.6063829787234045,,,,,,,
Tng-5,2015.0,,5.6063829787234045,,,,,,,
Tng-5,2015.0,,5.6063829787234045,,,,,,,
Tng-5,2015.0,,5.6063829787234045,,,,,,,
Tng-5,2015.0,,5.6063829787234045,,,,,,,
Tng-5,2015.0,,5.6063829787234045,,,,,,,
Tng-5,2015.0,,5.6063829787234045,,,,,,,
Tng-5,2015.0,,5.6063829787234045,,,,,,,
Tng-5,2015.0,,5.6063829787234045,,,,,,,
Tng-5,2015.0,,5.6063829787234045,,,,,,,
Tng-5,2015.0,,5.6063829787234045,,,,,,,
Tng-5,2015.0,,5.6063829787234045,,,,,,,
Tng-5,2015.0,,5.6063829787234045,,,,,,,
Tng-5,2015.0,,5.6063829787234045,,,,,,,
Tng-5,2015.0,,5.6063829787234045,,,,,,,
Tng-5,2015.0,,5.6063829787234045,,,,,,,
Tng-5,2015.0,,5.6063829787234045,,,,,,,
Tng-5,2015.0,,5.6063829787234045,,,,,,,
Tng-5,2015.0,,5.6063829787234045,,,,,,,
Tng-5,2015.0,,5.6063829787234045,,,,,,,
Tng-5,2015.0,,5.6063829787234045,,,,,,,
Tng-5,2015.0,,5.6063829787234045,,,,,,,
Tng-5,2015.0,,5.6063829787234045,,,,,,,
Tng-5,2015.0,,5.6063829787234045,,,,,,,
Tng-5,2015.0,,5.6063829787234045,,,,,,,
Tng-5,2015.0,,5.6063829787234045,,,,,,,
Tng-5,2015.0,,5.6063829787234045,,,,,,,
Tng-5,2015.0,,5.6063829787234045,,,,,,,
Tng-6,2013.0,,6.1017679558011055,,,,,,,
Tng-6,2013.0,,6.1017679558011055,,,,,,,
Tng-6,2013.0,,6.1017679558011055,,,,,,,
Tng-6,2013.0,,6.1017679558011055,,,,,,,
Tng-6,2013.0,,6.1017679558011055,,,,,,,
Tng-6,2013.0,,6.1017679558011055,,,,,,,
Tng-6,2013.0,,6.1017679558011055,,,,,,,
Tng-6,2013.0,,6.1017679558011055,,,,,,,
Tng-6,2013.0,,6.1017679558011055,,,,,,,
Tng-6,2013.0,,6.1017679558011055,,,,,,,
Tng-6,2013.0,,6.1017679558011055,,,,,,,
Tng-6,2013.0,,6.1017679558011055,,,,,,,
Tng-6,2013.0,,6.1017679558011055,,,,,,,
Tng-6,2013.0,,6.1017679558011055,,,,,,,
Tng-6,2013.0,,6.1017679558011055,,,,,,,
Tng-6,2013.0,,6.1017679558011055,,,,,,,
Tng-6,2013.0,,6.1017679558011055,,,,,,,
Tng-6,2013.0,,6.1017679558011055,,,,,,,
Tng-6,2013.0,,6.1017679558011055,,,,,,,
Tng-6,2013.0,,6.1017679558011055,,,,,,,
Tng-6,2013.0,,6.1017679558011055,,,,,,,
Tng-6,2013.0,,6.1017679558011055,,,,,,,
Tng-6,2013.0,,6.1017679558011055,,,,,,,
Tng-6,2013.0,,6.1017679558011055,,,,,,,
Tng-6,2013.0,,6.1017679558011055,,,,,,,
Tng-6,2013.0,,6.1017679558011055,,,,,,,
Tng-6,2013.0,,6.1017679558011055,,,,,,,
Tng-6,2013.0,,6.1017679558011055,,,,,,,
Tng-6,2014.0,,5.988611925257731,,,,,,,
Tng-6,2014.0,,5.988611925257731,,,,,,,
Tng-6,2014.0,,5.988611925257731,,,,,,,
Tng-6,2014.0,,5.988611925257731,,,,,,,
Tng-6,2014.0,,5.988611925257731,,,,,,,
Tng-6,2014.0,,5.988611925257731,,,,,,,
Tng-6,2014.0,,5.988611925257731,,,,,,,
Tng-6,2014.0,,5.988611925257731,,,,,,,
Tng-6,2014.0,,5.988611925257731,,,,,,,
Tng-6,2014.0,,5.988611925257731,,,,,,,
Tng-6,2014.0,,5.988611925257731,,,,,,,
Tng-6,2014.0,,5.988611925257731,,,,,,,
Tng-6,2014.0,,5.988611925257731,,,,,,,
Tng-6,2014.0,,5.988611925257731,,,,,,,
Tng-6,2014.0,,5.988611925257731,,,,,,,
Tng-6,2014.0,,5.988611925257731,,,,,,,
Tng-6,2014.0,,5.988611925257731,,,,,,,
Tng-6,2014.0,,5.988611925257731,,,,,,,
Tng-6,2014.0,,5.988611925257731,,,,,,,
Tng-6,2014.0,,5.988611925257731,,,,,,,
Tng-6,2014.0,,5.988611925257731,,,,,,,
Tng-6,2014.0,,5.988611925257731,,,,,,,
Tng-6,2014.0,,5.988611925257731,,,,,,,
Tng-6,2014.0,,5.988611925257731,,,,,,,
Tng-6,2014.0,,5.988611925257731,,,,,,,
Tng-6,2014.0,,5.988611925257731,,,,,,,
Tng-6,2014.0,,5.988611925257731,,,,,,,
Tng-6,2014.0,,5.988611925257731,,,,,,,
Tng-6,2015.0,,5.6063829787234045,,,,,,,
Tng-6,2015.0,,5.6063829787234045,,,,,,,
Tng-6,2015.0,,5.6063829787234045,,,,,,,
Tng-6,2015.0,,5.6063829787234045,,,,,,,
Tng-6,2015.0,,5.6063829787234045,,,,,,,
Tng-6,2015.0,,5.6063829787234045,,,,,,,
Tng-6,2015.0,,5.6063829787234045,,,,,,,
Tng-6,2015.0,,5.6063829787234045,,,,,,,
Tng-6,2015.0,,5.6063829787234045,,,,,,,
Tng-6,2015.0,,5.6063829787234045,,,,,,,
Tng-6,2015.0,,5.6063829787234045,,,,,,,
Tng-6,2015.0,,5.6063829787234045,,,,,,,
Tng-6,2015.0,,5.6063829787234045,,,,,,,
Tng-6,2015.0,,5.6063829787234045,,,,,,,
Tng-6,2015.0,,5.6063829787234045,,,,,,,
Tng-6,2015.0,,5.6063829787234045,,,,,,,
Tng-6,2015.0,,5.6063829787234045,,,,,,,
Tng-6,2015.0,,5.6063829787234045,,,,,,,
Tng-6,2015.0,,5.6063829787234045,,,,,,,
Tng-6,2015.0,,5.6063829787234045,,,,,,,
Tng-6,2015.0,,5.6063829787234045,,,,,,,
Tng-6,2015.0,,5.6063829787234045,,,,,,,
Tng-6,2015.0,,5.6063829787234045,,,,,,,
Tng-6,2015.0,,5.6063829787234045,,,,,,,
Tng-6,2015.0,,5.6063829787234045,,,,,,,
Tng-6,2015.0,,5.6063829787234045,,,,,,,
Tng-6,2015.0,,5.6063829787234045,,,,,,,
Tng-6,2015.0,,5.6063829787234045,,,,,,,
YKM-1,2012.0,,5.970338983050848,,,,,,,
YKM-1,2012.0,,5.970338983050848,,,,,,,
YKM-1,2012.0,,5.970338983050848,,,,,,,
YKM-1,2012.0,,5.970338983050848,,,,,,,
YKM-1,2012.0,,5.970338983050848,,,,,,,
YKM-1,2012.0,,5.970338983050848,,,,,,,
YKM-1,2012.0,,5.970338983050848,,,,,,,
YKM-1,2012.0,,5.970338983050848,,,,,,,
YKM-1,2012.0,,5.970338983050848,,,,,,,
YKM-1,2012.0,,5.970338983050848,,,,,,,
YKM-1,2012.0,,5.970338983050848,,,,,,,
YKM-1,2012.0,,5.970338983050848,,,,,,,
YKM-1,2012.0,,5.970338983050848,,,,,,,
YKM-1,2012.0,,5.970338983050848,,,,,,,
YKM-1,2012.0,,5.970338983050848,,,,,,,
YKM-1,2012.0,,5.970338983050848,,,,,,,
YKM-1,2012.0,,5.970338983050848,,,,,,,
YKM-1,2012.0,,5.970338983050848,,,,,,,
YKM-1,2012.0,,5.970338983050848,,,,,,,
YKM-2,2012.0,,5.970338983050848,,,,,,,
YKM-2,2012.0,,5.970338983050848,,,,,,,
YKM-2,2012.0,,5.970338983050848,,,,,,,
YKM-2,2012.0,,5.970338983050848,,,,,,,
YKM-2,2012.0,,5.970338983050848,,,,,,,
YKM-2,2012.0,,5.970338983050848,,,,,,,
YKM-2,2012.0,,5.970338983050848,,,,,,,
YKM-2,2012.0,,5.970338983050848,,,,,,,
YKM-2,2012.0,,5.970338983050848,,,,,,,
YKM-2,2012.0,,5.970338983050848,,,,,,,
YKM-2,2012.0,,5.970338983050848,,,,,,,
YKM-2,2012.0,,5.970338983050848,,,,,,,
YKM-2,2012.0,,5.970338983050848,,,,,,,
YKM-2,2012.0,,5.970338983050848,,,,,,,
YKM-2,2012.0,,5.970338983050848,,,,,,,
YKM-2,2012.0,,5.970338983050848,,,,,,,
YKM-2,2012.0,,5.970338983050848,,,,,,,
YKM-2,2012.0,,5.970338983050848,,,,,,,
YKM-2,2012.0,,5.970338983050848,,,,,,,
YKM-3,2012.0,,5.970338983050848,,,,,,,
YKM-3,2012.0,,5.970338983050848,,,,,,,
YKM-3,2012.0,,5.970338983050848,,,,,,,
YKM-3,2012.0,,5.970338983050848,,,,,,,
YKM-3,2012.0,,5.970338983050848,,,,,,,
YKM-3,2012.0,,5.970338983050848,,,,,,,
YKM-3,2012.0,,5.970338983050848,,,,,,,
YKM-3,2012.0,,5.970338983050848,,,,,,,
YKM-3,2012.0,,5.970338983050848,,,,,,,
YKM-3,2012.0,,5.970338983050848,,,,,,,
YKM-3,2012.0,,5.970338983050848,,,,,,,
YKM-3,2012.0,,5.970338983050848,,,,,,,
YKM-3,2012.0,,5.970338983050848,,,,,,,
YKM-3,2012.0,,5.970338983050848,,,,,,,
YKM-3,2012.0,,5.970338983050848,,,,,,,
YKM-3,2012.0,,5.970338983050848,,,,,,,
YKM-3,2012.0,,5.970338983050848,,,,,,,
YKM-3,2012.0,,5.970338983050848,,,,,,,
YKM-3,2012.0,,5.970338983050848,,,,,,,
YKM-4,2012.0,,5.970338983050848,,,,,,,
YKM-4,2012.0,,5.970338983050848,,,,,,,
YKM-4,2012.0,,5.970338983050848,,,,,,,
YKM-4,2012.0,,5.970338983050848,,,,,,,
YKM-4,2012.0,,5.970338983050848,,,,,,,
YKM-4,2012.0,,5.970338983050848,,,,,,,
YKM-4,2012.0,,5.970338983050848,,,,,,,
YKM-4,2012.0,,5.970338983050848,,,,,,,
YKM-4,2012.0,,5.970338983050848,,,,,,,
YKM-4,2012.0,,5.970338983050848,,,,,,,
YKM-4,2012.0,,5.970338983050848,,,,,,,
YKM-4,2012.0,,5.970338983050848,,,,,,,
YKM-4,2012.0,,5.970338983050848,,,,,,,
YKM-4,2012.0,,5.970338983050848,,,,,,,
YKM-4,2012.0,,5.970338983050848,,,,,,,
YKM-4,2012.0,,5.970338983050848,,,,,,,
YKM-4,2012.0,,5.970338983050848,,,,,,,
YKM-4,2012.0,,5.970338983050848,,,,,,,
YKM-4,2012.0,,5.970338983050848,,,,,,,
YKM-5,2012.0,,5.970338983050848,,,,,,,
YKM-5,2012.0,,5.970338983050848,,,,,,,
YKM-5,2012.0,,5.970338983050848,,,,,,,
YKM-5,2012.0,,5.970338983050848,,,,,,,
YKM-5,2012.0,,5.970338983050848,,,,,,,
YKM-5,2012.0,,5.970338983050848,,,,,,,
YKM-5,2012.0,,5.970338983050848,,,,,,,
YKM-5,2012.0,,5.970338983050848,,,,,,,
YKM-5,2012.0,,5.970338983050848,,,,,,,
YKM-5,2012.0,,5.970338983050848,,,,,,,
YKM-5,2012.0,,5.970338983050848,,,,,,,
YKM-5,2012.0,,5.970338983050848,,,,,,,
YKM-5,2012.0,,5.970338983050848,,,,,,,
YKM-5,2012.0,,5.970338983050848,,,,,,,
YKM-5,2012.0,,5.970338983050848,,,,,,,
YKM-5,2012.0,,5.970338983050848,,,,,,,
YKM-5,2012.0,,5.970338983050848,,,,,,,
YKM-5,2012.0,,5.970338983050848,,,,,,,
YKM-5,2012.0,,5.970338983050848,,,,,,,
YKM-6,2012.0,,5.970338983050848,,,,,,,
YKM-6,2012.0,,5.970338983050848,,,,,,,
YKM-6,2012.0,,5.970338983050848,,,,,,,
YKM-6,2012.0,,5.970338983050848,,,,,,,
YKM-6,2012.0,,5.970338983050848,,,,,,,
YKM-6,2012.0,,5.970338983050848,,,,,,,
YKM-6,2012.0,,5.970338983050848,,,,,,,
YKM-6,2012.0,,5.970338983050848,,,,,,,
YKM-6,2012.0,,5.970338983050848,,,,,,,
YKM-6,2012.0,,5.970338983050848,,,,,,,
YKM-6,2012.0,,5.970338983050848,,,,,,,
YKM-6,2012.0,,5.970338983050848,,,,,,,
YKM-6,2012.0,,5.970338983050848,,,,,,,
YKM-6,2012.0,,5.970338983050848,,,,,,,
YKM-6,2012.0,,5.970338983050848,,,,,,,
YKM-6,2012.0,,5.970338983050848,,,,,,,
YKM-6,2012.0,,5.970338983050848,,,,,,,
YKM-6,2012.0,,5.970338983050848,,,,,,,
YKM-6,2012.0,,5.970338983050848,,,,,,,
YKM-7,2012.0,,5.970338983050848,,,,,,,
YKM-7,2012.0,,5.970338983050848,,,,,,,
YKM-7,2012.0,,5.970338983050848,,,,,,,
YKM-7,2012.0,,5.970338983050848,,,,,,,
YKM-7,2012.0,,5.970338983050848,,,,,,,
YKM-7,2012.0,,5.970338983050848,,,,,,,
YKM-7,2012.0,,5.970338983050848,,,,,,,
YKM-7,2012.0,,5.970338983050848,,,,,,,
YKM-7,2012.0,,5.970338983050848,,,,,,,
YKM-7,2012.0,,5.970338983050848,,,,,,,
YKM-7,2012.0,,5.970338983050848,,,,,,,
YKM-7,2012.0,,5.970338983050848,,,,,,,
YKM-7,2012.0,,5.970338983050848,,,,,,,
YKM-7,2012.0,,5.970338983050848,,,,,,,
YKM-7,2012.0,,5.970338983050848,,,,,,,
YKM-7,2012.0,,5.970338983050848,,,,,,,
YKM-7,2012.0,,5.970338983050848,,,,,,,
YKM-7,2012.0,,5.970338983050848,,,,,,,
YKM-7,2012.0,,5.970338983050848,,,,,,,
Ykg-1,2010.0,,6.042640449438203,,,,,,,
Ykg-1,2010.0,,6.042640449438203,,,,,,,
Ykg-1,2010.0,,6.042640449438203,,,,,,,
Ykg-1,2010.0,,6.042640449438203,,,,,,,
Ykg-1,2010.0,,6.042640449438203,,,,,,,
Ykg-1,2010.0,,6.042640449438203,,,,,,,
Ykg-1,2010.0,,6.042640449438203,,,,,,,
Ykg-1,2010.0,,6.042640449438203,,,,,,,
Ykg-1,2010.0,,6.042640449438203,,,,,,,
Ykg-1,2010.0,,6.042640449438203,,,,,,,
Ykg-1,2010.0,,6.042640449438203,,,,,,,
Ykg-1,2010.0,,6.042640449438203,,,,,,,
Ykg-1,2010.0,,6.042640449438203,,,,,,,
Ykg-1,2010.0,,6.042640449438203,,,,,,,
Ykg-1,2010.0,,6.042640449438203,,,,,,,
Ykg-1,2011.0,,5.994831460674157,,,,,,,
Ykg-1,2011.0,,5.994831460674157,,,,,,,
Ykg-1,2011.0,,5.994831460674157,,,,,,,
Ykg-1,2011.0,,5.994831460674157,,,,,,,
Ykg-1,2011.0,,5.994831460674157,,,,,,,
Ykg-1,2011.0,,5.994831460674157,,,,,,,
Ykg-1,2011.0,,5.994831460674157,,,,,,,
Ykg-1,2011.0,,5.994831460674157,,,,,,,
Ykg-1,2011.0,,5.994831460674157,,,,,,,
Ykg-1,2011.0,,5.994831460674157,,,,,,,
Ykg-1,2013.0,,6.1017679558011055,,,,,,,
Ykg-1,2013.0,,6.1017679558011055,,,,,,,
Ykg-1,2013.0,,6.1017679558011055,,,,,,,
Ykg-1,2013.0,,6.1017679558011055,,,,,,,
Ykg-1,2013.0,,6.1017679558011055,,,,,,,
Ykg-1,2013.0,,6.1017679558011055,,,,,,,
Ykg-1,2013.0,,6.1017679558011055,,,,,,,
Ykg-1,2013.0,,6.1017679558011055,,,,,,,
Ykg-1,2013.0,,6.1017679558011055,,,,,,,
Ykg-1,2013.0,,6.1017679558011055,,,,,,,
Ykg-1,2013.0,,6.1017679558011055,,,,,,,
Ykg-1,2013.0,,6.1017679558011055,,,,,,,
Ykg-1,2013.0,,6.1017679558011055,,,,,,,
Ykg-1,2013.0,,6.1017679558011055,,,,,,,
Ykg-1,2013.0,,6.1017679558011055,,,,,,,
Ykg-1,2013.0,,6.1017679558011055,,,,,,,
Ykg-1,2013.0,,6.1017679558011055,,,,,,,
Ykg-1,2013.0,,6.1017679558011055,,,,,,,
Ykg-1,2013.0,,6.1017679558011055,,,,,,,
Ykg-1,2013.0,,6.1017679558011055,,,,,,,
Ykg-1,2013.0,,6.1017679558011055,,,,,,,
Ykg-1,2013.0,,6.1017679558011055,,,,,,,
Ykg-1,2013.0,,6.1017679558011055,,,,,,,
Ykg-1,2013.0,,6.1017679558011055,,,,,,,
Ykg-1,2013.0,,6.1017679558011055,,,,,,,
Ykg-1,2013.0,,6.1017679558011055,,,,,,,
Ykg-1,2013.0,,6.1017679558011055,,,,,,,
Ykg-1,2013.0,,6.1017679558011055,,,,,,,
Ykg-1,2014.0,,5.988611925257731,,,,,,,
Ykg-1,2014.0,,5.988611925257731,,,,,,,
Ykg-1,2014.0,,5.988611925257731,,,,,,,
Ykg-1,2014.0,,5.988611925257731,,,,,,,
Ykg-1,2014.0,,5.988611925257731,,,,,,,
Ykg-1,2014.0,,5.988611925257731,,,,,,,
Ykg-1,2014.0,,5.988611925257731,,,,,,,
Ykg-1,2014.0,,5.988611925257731,,,,,,,
Ykg-1,2014.0,,5.988611925257731,,,,,,,
Ykg-1,2014.0,,5.988611925257731,,,,,,,
Ykg-1,2014.0,,5.988611925257731,,,,,,,
Ykg-1,2014.0,,5.988611925257731,,,,,,,
Ykg-1,2014.0,,5.988611925257731,,,,,,,
Ykg-1,2014.0,,5.988611925257731,,,,,,,
Ykg-1,2014.0,,5.988611925257731,,,,,,,
Ykg-1,2014.0,,5.988611925257731,,,,,,,
Ykg-1,2014.0,,5.988611925257731,,,,,,,
Ykg-1,2014.0,,5.988611925257731,,,,,,,
Ykg-1,2014.0,,5.988611925257731,,,,,,,
Ykg-1,2014.0,,5.988611925257731,,,,,,,
Ykg-1,2014.0,,5.988611925257731,,,,,,,
Ykg-1,2014.0,,5.988611925257731,,,,,,,
Ykg-1,2014.0,,5.988611925257731,,,,,,,
Ykg-1,2014.0,,5.988611925257731,,,,,,,
Ykg-1,2014.0,,5.988611925257731,,,,,,,
Ykg-1,2014.0,,5.988611925257731,,,,,,,
Ykg-1,2014.0,,5.988611925257731,,,,,,,
Ykg-1,2014.0,,5.988611925257731,,,,,,,
Ykg-1,2015.0,,5.6063829787234045,,,,,,,
Ykg-1,2015.0,,5.6063829787234045,,,,,,,
Ykg-1,2015.0,,5.6063829787234045,,,,,,,
Ykg-1,2015.0,,5.6063829787234045,,,,,,,
Ykg-1,2015.0,,5.6063829787234045,,,,,,,
Ykg-1,2015.0,,5.6063829787234045,,,,,,,
Ykg-1,2015.0,,5.6063829787234045,,,,,,,
Ykg-1,2015.0,,5.6063829787234045,,,,,,,
Ykg-1,2015.0,,5.6063829787234045,,,,,,,
Ykg-1,2015.0,,5.6063829787234045,,,,,,,
Ykg-1,2015.0,,5.6063829787234045,,,,,,,
Ykg-1,2015.0,,5.6063829787234045,,,,,,,
Ykg-1,2015.0,,5.6063829787234045,,,,,,,
Ykg-1,2015.0,,5.6063829787234045,,,,,,,
Ykg-1,2015.0,,5.6063829787234045,,,,,,,
Ykg-1,2015.0,,5.6063829787234045,,,,,,,
Ykg-1,2015.0,,5.6063829787234045,,,,,,,
Ykg-1,2015.0,,5.6063829787234045,,,,,,,
Ykg-1,2015.0,,5.6063829787234045,,,,,,,
Ykg-1,2015.0,,5.6063829787234045,,,,,,,
Ykg-1,2015.0,,5.6063829787234045,,,,,,,
Ykg-1,2015.0,,5.6063829787234045,,,,,,,
Ykg-1,2015.0,,5.6063829787234045,,,,,,,
Ykg-1,2015.0,,5.6063829787234045,,,,,,,
Ykg-1,2015.0,,5.6063829787234045,,,,,,,
Ykg-1,2015.0,,5.6063829787234045,,,,,,,
Ykg-1,2015.0,,5.6063829787234045,,,,,,,
Ykg-1,2015.0,,5.6063829787234045,,,,,,,
Ykg-2,2010.0,,6.042640449438203,,,,,,,
Ykg-2,2010.0,,6.042640449438203,,,,,,,
Ykg-2,2010.0,,6.042640449438203,,,,,,,
Ykg-2,2010.0,,6.042640449438203,,,,,,,
Ykg-2,2010.0,,6.042640449438203,,,,,,,
Ykg-2,2010.0,,6.042640449438203,,,,,,,
Ykg-2,2010.0,,6.042640449438203,,,,,,,
Ykg-2,2010.0,,6.042640449438203,,,,,,,
Ykg-2,2010.0,,6.042640449438203,,,,,,,
Ykg-2,2010.0,,6.042640449438203,,,,,,,
Ykg-2,2010.0,,6.042640449438203,,,,,,,
Ykg-2,2010.0,,6.042640449438203,,,,,,,
Ykg-2,2010.0,,6.042640449438203,,,,,,,
Ykg-2,2010.0,,6.042640449438203,,,,,,,
Ykg-2,2010.0,,6.042640449438203,,,,,,,
Ykg-2,2011.0,,5.994831460674157,,,,,,,
Ykg-2,2011.0,,5.994831460674157,,,,,,,
Ykg-2,2011.0,,5.994831460674157,,,,,,,
Ykg-2,2011.0,,5.994831460674157,,,,,,,
Ykg-2,2011.0,,5.994831460674157,,,,,,,
Ykg-2,2011.0,,5.994831460674157,,,,,,,
Ykg-2,2011.0,,5.994831460674157,,,,,,,
Ykg-2,2011.0,,5.994831460674157,,,,,,,
Ykg-2,2011.0,,5.994831460674157,,,,,,,
Ykg-2,2011.0,,5.994831460674157,,,,,,,
Ykg-2,2013.0,,6.1017679558011055,,,,,,,
Ykg-2,2013.0,,6.1017679558011055,,,,,,,
Ykg-2,2013.0,,6.1017679558011055,,,,,,,
Ykg-2,2013.0,,6.1017679558011055,,,,,,,
Ykg-2,2013.0,,6.1017679558011055,,,,,,,
Ykg-2,2013.0,,6.1017679558011055,,,,,,,
Ykg-2,2013.0,,6.1017679558011055,,,,,,,
Ykg-2,2013.0,,6.1017679558011055,,,,,,,
Ykg-2,2013.0,,6.1017679558011055,,,,,,,
Ykg-2,2013.0,,6.1017679558011055,,,,,,,
Ykg-2,2013.0,,6.1017679558011055,,,,,,,
Ykg-2,2013.0,,6.1017679558011055,,,,,,,
Ykg-2,2013.0,,6.1017679558011055,,,,,,,
Ykg-2,2013.0,,6.1017679558011055,,,,,,,
Ykg-2,2013.0,,6.1017679558011055,,,,,,,
Ykg-2,2013.0,,6.1017679558011055,,,,,,,
Ykg-2,2013.0,,6.1017679558011055,,,,,,,
Ykg-2,2013.0,,6.1017679558011055,,,,,,,
Ykg-2,2013.0,,6.1017679558011055,,,,,,,
Ykg-2,2013.0,,6.1017679558011055,,,,,,,
Ykg-2,2013.0,,6.1017679558011055,,,,,,,
Ykg-2,2013.0,,6.1017679558011055,,,,,,,
Ykg-2,2013.0,,6.1017679558011055,,,,,,,
Ykg-2,2013.0,,6.1017679558011055,,,,,,,
Ykg-2,2013.0,,6.1017679558011055,,,,,,,
Ykg-2,2013.0,,6.1017679558011055,,,,,,,
Ykg-2,2013.0,,6.1017679558011055,,,,,,,
Ykg-2,2013.0,,6.1017679558011055,,,,,,,
Ykg-2,2014.0,,5.988611925257731,,,,,,,
Ykg-2,2014.0,,5.988611925257731,,,,,,,
Ykg-2,2014.0,,5.988611925257731,,,,,,,
Ykg-2,2014.0,,5.988611925257731,,,,,,,
Ykg-2,2014.0,,5.988611925257731,,,,,,,
Ykg-2,2014.0,,5.988611925257731,,,,,,,
Ykg-2,2014.0,,5.988611925257731,,,,,,,
Ykg-2,2014.0,,5.988611925257731,,,,,,,
Ykg-2,2014.0,,5.988611925257731,,,,,,,
Ykg-2,2014.0,,5.988611925257731,,,,,,,
Ykg-2,2014.0,,5.988611925257731,,,,,,,
Ykg-2,2014.0,,5.988611925257731,,,,,,,
Ykg-2,2014.0,,5.988611925257731,,,,,,,
Ykg-2,2014.0,,5.988611925257731,,,,,,,
Ykg-2,2014.0,,5.988611925257731,,,,,,,
Ykg-2,2014.0,,5.988611925257731,,,,,,,
Ykg-2,2014.0,,5.988611925257731,,,,,,,
Ykg-2,2014.0,,5.988611925257731,,,,,,,
Ykg-2,2014.0,,5.988611925257731,,,,,,,
Ykg-2,2014.0,,5.988611925257731,,,,,,,
Ykg-2,2014.0,,5.988611925257731,,,,,,,
Ykg-2,2014.0,,5.988611925257731,,,,,,,
Ykg-2,2014.0,,5.988611925257731,,,,,,,
Ykg-2,2014.0,,5.988611925257731,,,,,,,
Ykg-2,2014.0,,5.988611925257731,,,,,,,
Ykg-2,2014.0,,5.988611925257731,,,,,,,
Ykg-2,2014.0,,5.988611925257731,,,,,,,
Ykg-2,2014.0,,5.988611925257731,,,,,,,
Ykg-2,2015.0,,5.6063829787234045,,,,,,,
Ykg-2,2015.0,,5.6063829787234045,,,,,,,
Ykg-2,2015.0,,5.6063829787234045,,,,,,,
Ykg-2,2015.0,,5.6063829787234045,,,,,,,
Ykg-2,2015.0,,5.6063829787234045,,,,,,,
Ykg-2,2015.0,,5.6063829787234045,,,,,,,
Ykg-2,2015.0,,5.6063829787234045,,,,,,,
Ykg-2,2015.0,,5.6063829787234045,,,,,,,
Ykg-2,2015.0,,5.6063829787234045,,,,,,,
Ykg-2,2015.0,,5.6063829787234045,,,,,,,
Ykg-2,2015.0,,5.6063829787234045,,,,,,,
Ykg-2,2015.0,,5.6063829787234045,,,,,,,
Ykg-2,2015.0,,5.6063829787234045,,,,,,,
Ykg-2,2015.0,,5.6063829787234045,,,,,,,
Ykg-2,2015.0,,5.6063829787234045,,,,,,,
Ykg-2,2015.0,,5.6063829787234045,,,,,,,
Ykg-2,2015.0,,5.6063829787234045,,,,,,,
Ykg-2,2015.0,,5.6063829787234045,,,,,,,
Ykg-2,2015.0,,5.6063829787234045,,,,,,,
Ykg-2,2015.0,,5.6063829787234045,,,,,,,
Ykg-2,2015.0,,5.6063829787234045,,,,,,,
Ykg-2,2015.0,,5.6063829787234045,,,,,,,
Ykg-2,2015.0,,5.6063829787234045,,,,,,,
Ykg-2,2015.0,,5.6063829787234045,,,,,,,
Ykg-2,2015.0,,5.6063829787234045,,,,,,,
Ykg-2,2015.0,,5.6063829787234045,,,,,,,
Ykg-2,2015.0,,5.6063829787234045,,,,,,,
Ykg-2,2015.0,,5.6063829787234045,,,,,,,
Ykg-3,2010.0,,6.042640449438203,,,,,,,
Ykg-3,2010.0,,6.042640449438203,,,,,,,
Ykg-3,2010.0,,6.042640449438203,,,,,,,
Ykg-3,2010.0,,6.042640449438203,,,,,,,
Ykg-3,2010.0,,6.042640449438203,,,,,,,
Ykg-3,2010.0,,6.042640449438203,,,,,,,
Ykg-3,2010.0,,6.042640449438203,,,,,,,
Ykg-3,2010.0,,6.042640449438203,,,,,,,
Ykg-3,2010.0,,6.042640449438203,,,,,,,
Ykg-3,2010.0,,6.042640449438203,,,,,,,
Ykg-3,2010.0,,6.042640449438203,,,,,,,
Ykg-3,2010.0,,6.042640449438203,,,,,,,
Ykg-3,2010.0,,6.042640449438203,,,,,,,
Ykg-3,2010.0,,6.042640449438203,,,,,,,
Ykg-3,2010.0,,6.042640449438203,,,,,,,
Ykg-3,2011.0,,5.994831460674157,,,,,,,
Ykg-3,2011.0,,5.994831460674157,,,,,,,
Ykg-3,2011.0,,5.994831460674157,,,,,,,
Ykg-3,2011.0,,5.994831460674157,,,,,,,
Ykg-3,2011.0,,5.994831460674157,,,,,,,
Ykg-3,2011.0,,5.994831460674157,,,,,,,
Ykg-3,2011.0,,5.994831460674157,,,,,,,
Ykg-3,2011.0,,5.994831460674157,,,,,,,
Ykg-3,2011.0,,5.994831460674157,,,,,,,
Ykg-3,2011.0,,5.994831460674157,,,,,,,
Ykg-3,2013.0,,6.1017679558011055,,,,,,,
Ykg-3,2013.0,,6.1017679558011055,,,,,,,
Ykg-3,2013.0,,6.1017679558011055,,,,,,,
Ykg-3,2013.0,,6.1017679558011055,,,,,,,
Ykg-3,2013.0,,6.1017679558011055,,,,,,,
Ykg-3,2013.0,,6.1017679558011055,,,,,,,
Ykg-3,2013.0,,6.1017679558011055,,,,,,,
Ykg-3,2013.0,,6.1017679558011055,,,,,,,
Ykg-3,2013.0,,6.1017679558011055,,,,,,,
Ykg-3,2013.0,,6.1017679558011055,,,,,,,
Ykg-3,2013.0,,6.1017679558011055,,,,,,,
Ykg-3,2013.0,,6.1017679558011055,,,,,,,
Ykg-3,2013.0,,6.1017679558011055,,,,,,,
Ykg-3,2013.0,,6.1017679558011055,,,,,,,
Ykg-3,2013.0,,6.1017679558011055,,,,,,,
Ykg-3,2013.0,,6.1017679558011055,,,,,,,
Ykg-3,2013.0,,6.1017679558011055,,,,,,,
Ykg-3,2013.0,,6.1017679558011055,,,,,,,
Ykg-3,2013.0,,6.1017679558011055,,,,,,,
Ykg-3,2013.0,,6.1017679558011055,,,,,,,
Ykg-3,2013.0,,6.1017679558011055,,,,,,,
Ykg-3,2013.0,,6.1017679558011055,,,,,,,
Ykg-3,2013.0,,6.1017679558011055,,,,,,,
Ykg-3,2013.0,,6.1017679558011055,,,,,,,
Ykg-3,2013.0,,6.1017679558011055,,,,,,,
Ykg-3,2013.0,,6.1017679558011055,,,,,,,
Ykg-3,2013.0,,6.1017679558011055,,,,,,,
Ykg-3,2013.0,,6.1017679558011055,,,,,,,
Ykg-3,2014.0,,5.988611925257731,,,,,,,
Ykg-3,2014.0,,5.988611925257731,,,,,,,
Ykg-3,2014.0,,5.988611925257731,,,,,,,
Ykg-3,2014.0,,5.988611925257731,,,,,,,
Ykg-3,2014.0,,5.988611925257731,,,,,,,
Ykg-3,2014.0,,5.988611925257731,,,,,,,
Ykg-3,2014.0,,5.988611925257731,,,,,,,
Ykg-3,2014.0,,5.988611925257731,,,,,,,
Ykg-3,2014.0,,5.988611925257731,,,,,,,
Ykg-3,2014.0,,5.988611925257731,,,,,,,
Ykg-3,2014.0,,5.988611925257731,,,,,,,
Ykg-3,2014.0,,5.988611925257731,,,,,,,
Ykg-3,2014.0,,5.988611925257731,,,,,,,
Ykg-3,2014.0,,5.988611925257731,,,,,,,
Ykg-3,2014.0,,5.988611925257731,,,,,,,
Ykg-3,2014.0,,5.988611925257731,,,,,,,
Ykg-3,2014.0,,5.988611925257731,,,,,,,
Ykg-3,2014.0,,5.988611925257731,,,,,,,
Ykg-3,2014.0,,5.988611925257731,,,,,,,
Ykg-3,2014.0,,5.988611925257731,,,,,,,
Ykg-3,2014.0,,5.988611925257731,,,,,,,
Ykg-3,2014.0,,5.988611925257731,,,,,,,
Ykg-3,2014.0,,5.988611925257731,,,,,,,
Ykg-3,2014.0,,5.988611925257731,,,,,,,
Ykg-3,2014.0,,5.988611925257731,,,,,,,
Ykg-3,2014.0,,5.988611925257731,,,,,,,
Ykg-3,2014.0,,5.988611925257731,,,,,,,
Ykg-3,2014.0,,5.988611925257731,,,,,,,
Ykg-3,2015.0,,5.6063829787234045,,,,,,,
Ykg-3,2015.0,,5.6063829787234045,,,,,,,
Ykg-3,2015.0,,5.6063829787234045,,,,,,,
Ykg-3,2015.0,,5.6063829787234045,,,,,,,
Ykg-3,2015.0,,5.6063829787234045,,,,,,,
Ykg-3,2015.0,,5.6063829787234045,,,,,,,
Ykg-3,2015.0,,5.6063829787234045,,,,,,,
Ykg-3,2015.0,,5.6063829787234045,,,,,,,
Ykg-3,2015.0,,5.6063829787234045,,,,,,,
Ykg-3,2015.0,,5.6063829787234045,,,,,,,
Ykg-3,2015.0,,5.6063829787234045,,,,,,,
Ykg-3,2015.0,,5.6063829787234045,,,,,,,
Ykg-3,2015.0,,5.6063829787234045,,,,,,,
Ykg-3,2015.0,,5.6063829787234045,,,,,,,
Ykg-3,2015.0,,5.6063829787234045,,,,,,,
Ykg-3,2015.0,,5.6063829787234045,,,,,,,
Ykg-3,2015.0,,5.6063829787234045,,,,,,,
Ykg-3,2015.0,,5.6063829787234045,,,,,,,
Ykg-3,2015.0,,5.6063829787234045,,,,,,,
Ykg-3,2015.0,,5.6063829787234045,,,,,,,
Ykg-3,2015.0,,5.6063829787234045,,,,,,,
Ykg-3,2015.0,,5.6063829787234045,,,,,,,
Ykg-3,2015.0,,5.6063829787234045,,,,,,,
Ykg-3,2015.0,,5.6063829787234045,,,,,,,
Ykg-3,2015.0,,5.6063829787234045,,,,,,,
Ykg-3,2015.0,,5.6063829787234045,,,,,,,
Ykg-3,2015.0,,5.6063829787234045,,,,,,,
Ykg-3,2015.0,,5.6063829787234045,,,,,,,
Ykm-1,2011.0,,5.994831460674157,,,,,,,
Ykm-1,2011.0,,5.994831460674157,,,,,,,
Ykm-1,2011.0,,5.994831460674157,,,,,,,
Ykm-1,2011.0,,5.994831460674157,,,,,,,
Ykm-1,2011.0,,5.994831460674157,,,,,,,
Ykm-1,2011.0,,5.994831460674157,,,,,,,
Ykm-1,2011.0,,5.994831460674157,,,,,,,
Ykm-1,2011.0,,5.994831460674157,,,,,,,
Ykm-1,2011.0,,5.994831460674157,,,,,,,
Ykm-1,2011.0,,5.994831460674157,,,,,,,
Ykm-1,2013.0,,6.1017679558011055,,,,,,,
Ykm-1,2013.0,,6.1017679558011055,,,,,,,
Ykm-1,2013.0,,6.1017679558011055,,,,,,,
Ykm-1,2013.0,,6.1017679558011055,,,,,,,
Ykm-1,2013.0,,6.1017679558011055,,,,,,,
Ykm-1,2013.0,,6.1017679558011055,,,,,,,
Ykm-1,2013.0,,6.1017679558011055,,,,,,,
Ykm-1,2013.0,,6.1017679558011055,,,,,,,
Ykm-1,2013.0,,6.1017679558011055,,,,,,,
Ykm-1,2013.0,,6.1017679558011055,,,,,,,
Ykm-1,2013.0,,6.1017679558011055,,,,,,,
Ykm-1,2013.0,,6.1017679558011055,,,,,,,
Ykm-1,2013.0,,6.1017679558011055,,,,,,,
Ykm-1,2013.0,,6.1017679558011055,,,,,,,
Ykm-1,2013.0,,6.1017679558011055,,,,,,,
Ykm-1,2013.0,,6.1017679558011055,,,,,,,
Ykm-1,2013.0,,6.1017679558011055,,,,,,,
Ykm-1,2013.0,,6.1017679558011055,,,,,,,
Ykm-1,2013.0,,6.1017679558011055,,,,,,,
Ykm-1,2013.0,,6.1017679558011055,,,,,,,
Ykm-1,2013.0,,6.1017679558011055,,,,,,,
Ykm-1,2013.0,,6.1017679558011055,,,,,,,
Ykm-1,2013.0,,6.1017679558011055,,,,,,,
Ykm-1,2013.0,,6.1017679558011055,,,,,,,
Ykm-1,2013.0,,6.1017679558011055,,,,,,,
Ykm-1,2013.0,,6.1017679558011055,,,,,,,
Ykm-1,2013.0,,6.1017679558011055,,,,,,,
Ykm-1,2013.0,,6.1017679558011055,,,,,,,
Ykm-1,2014.0,,5.988611925257731,,,,,,,
Ykm-1,2014.0,,5.988611925257731,,,,,,,
Ykm-1,2014.0,,5.988611925257731,,,,,,,
Ykm-1,2014.0,,5.988611925257731,,,,,,,
Ykm-1,2014.0,,5.988611925257731,,,,,,,
Ykm-1,2014.0,,5.988611925257731,,,,,,,
Ykm-1,2014.0,,5.988611925257731,,,,,,,
Ykm-1,2014.0,,5.988611925257731,,,,,,,
Ykm-1,2014.0,,5.988611925257731,,,,,,,
Ykm-1,2014.0,,5.988611925257731,,,,,,,
Ykm-1,2014.0,,5.988611925257731,,,,,,,
Ykm-1,2014.0,,5.988611925257731,,,,,,,
Ykm-1,2014.0,,5.988611925257731,,,,,,,
Ykm-1,2014.0,,5.988611925257731,,,,,,,
Ykm-1,2014.0,,5.988611925257731,,,,,,,
Ykm-1,2014.0,,5.988611925257731,,,,,,,
Ykm-1,2014.0,,5.988611925257731,,,,,,,
Ykm-1,2014.0,,5.988611925257731,,,,,,,
Ykm-1,2014.0,,5.988611925257731,,,,,,,
Ykm-1,2014.0,,5.988611925257731,,,,,,,
Ykm-1,2014.0,,5.988611925257731,,,,,,,
Ykm-1,2014.0,,5.988611925257731,,,,,,,
Ykm-1,2014.0,,5.988611925257731,,,,,,,
Ykm-1,2014.0,,5.988611925257731,,,,,,,
Ykm-1,2014.0,,5.988611925257731,,,,,,,
Ykm-1,2014.0,,5.988611925257731,,,,,,,
Ykm-1,2014.0,,5.988611925257731,,,,,,,
Ykm-1,2014.0,,5.988611925257731,,,,,,,
Ykm-1,2015.0,,5.6063829787234045,,,,,,,
Ykm-1,2015.0,,5.6063829787234045,,,,,,,
Ykm-1,2015.0,,5.6063829787234045,,,,,,,
Ykm-1,2015.0,,5.6063829787234045,,,,,,,
Ykm-1,2015.0,,5.6063829787234045,,,,,,,
Ykm-1,2015.0,,5.6063829787234045,,,,,,,
Ykm-1,2015.0,,5.6063829787234045,,,,,,,
Ykm-1,2015.0,,5.6063829787234045,,,,,,,
Ykm-1,2015.0,,5.6063829787234045,,,,,,,
Ykm-1,2015.0,,5.6063829787234045,,,,,,,
Ykm-1,2015.0,,5.6063829787234045,,,,,,,
Ykm-1,2015.0,,5.6063829787234045,,,,,,,
Ykm-1,2015.0,,5.6063829787234045,,,,,,,
Ykm-1,2015.0,,5.6063829787234045,,,,,,,
Ykm-1,2015.0,,5.6063829787234045,,,,,,,
Ykm-1,2015.0,,5.6063829787234045,,,,,,,
Ykm-1,2015.0,,5.6063829787234045,,,,,,,
Ykm-1,2015.0,,5.6063829787234045,,,,,,,
Ykm-1,2015.0,,5.6063829787234045,,,,,,,
Ykm-1,2015.0,,5.6063829787234045,,,,,,,
Ykm-1,2015.0,,5.6063829787234045,,,,,,,
Ykm-1,2015.0,,5.6063829787234045,,,,,,,
Ykm-1,2015.0,,5.6063829787234045,,,,,,,
Ykm-1,2015.0,,5.6063829787234045,,,,,,,
Ykm-1,2015.0,,5.6063829787234045,,,,,,,
Ykm-1,2015.0,,5.6063829787234045,,,,,,,
Ykm-1,2015.0,,5.6063829787234045,,,,,,,
Ykm-1,2015.0,,5.6063829787234045,,,,,,,
Ykm-2,2011.0,,5.994831460674157,,,,,,,
Ykm-2,2011.0,,5.994831460674157,,,,,,,
Ykm-2,2011.0,,5.994831460674157,,,,,,,
Ykm-2,2011.0,,5.994831460674157,,,,,,,
Ykm-2,2011.0,,5.994831460674157,,,,,,,
Ykm-2,2011.0,,5.994831460674157,,,,,,,
Ykm-2,2011.0,,5.994831460674157,,,,,,,
Ykm-2,2011.0,,5.994831460674157,,,,,,,
Ykm-2,2011.0,,5.994831460674157,,,,,,,
Ykm-2,2011.0,,5.994831460674157,,,,,,,
Ykm-2,2013.0,,6.1017679558011055,,,,,,,
Ykm-2,2013.0,,6.1017679558011055,,,,,,,
Ykm-2,2013.0,,6.1017679558011055,,,,,,,
Ykm-2,2013.0,,6.1017679558011055,,,,,,,
Ykm-2,2013.0,,6.1017679558011055,,,,,,,
Ykm-2,2013.0,,6.1017679558011055,,,,,,,
Ykm-2,2013.0,,6.1017679558011055,,,,,,,
Ykm-2,2013.0,,6.1017679558011055,,,,,,,
Ykm-2,2013.0,,6.1017679558011055,,,,,,,
Ykm-2,2013.0,,6.1017679558011055,,,,,,,
Ykm-2,2013.0,,6.1017679558011055,,,,,,,
Ykm-2,2013.0,,6.1017679558011055,,,,,,,
Ykm-2,2013.0,,6.1017679558011055,,,,,,,
Ykm-2,2013.0,,6.1017679558011055,,,,,,,
Ykm-2,2013.0,,6.1017679558011055,,,,,,,
Ykm-2,2013.0,,6.1017679558011055,,,,,,,
Ykm-2,2013.0,,6.1017679558011055,,,,,,,
Ykm-2,2013.0,,6.1017679558011055,,,,,,,
Ykm-2,2013.0,,6.1017679558011055,,,,,,,
Ykm-2,2013.0,,6.1017679558011055,,,,,,,
Ykm-2,2013.0,,6.1017679558011055,,,,,,,
Ykm-2,2013.0,,6.1017679558011055,,,,,,,
Ykm-2,2013.0,,6.1017679558011055,,,,,,,
Ykm-2,2013.0,,6.1017679558011055,,,,,,,
Ykm-2,2013.0,,6.1017679558011055,,,,,,,
Ykm-2,2013.0,,6.1017679558011055,,,,,,,
Ykm-2,2013.0,,6.1017679558011055,,,,,,,
Ykm-2,2013.0,,6.1017679558011055,,,,,,,
Ykm-2,2014.0,,5.988611925257731,,,,,,,
Ykm-2,2014.0,,5.988611925257731,,,,,,,
Ykm-2,2014.0,,5.988611925257731,,,,,,,
Ykm-2,2014.0,,5.988611925257731,,,,,,,
Ykm-2,2014.0,,5.988611925257731,,,,,,,
Ykm-2,2014.0,,5.988611925257731,,,,,,,
Ykm-2,2014.0,,5.988611925257731,,,,,,,
Ykm-2,2014.0,,5.988611925257731,,,,,,,
Ykm-2,2014.0,,5.988611925257731,,,,,,,
Ykm-2,2014.0,,5.988611925257731,,,,,,,
Ykm-2,2014.0,,5.988611925257731,,,,,,,
Ykm-2,2014.0,,5.988611925257731,,,,,,,
Ykm-2,2014.0,,5.988611925257731,,,,,,,
Ykm-2,2014.0,,5.988611925257731,,,,,,,
Ykm-2,2014.0,,5.988611925257731,,,,,,,
Ykm-2,2014.0,,5.988611925257731,,,,,,,
Ykm-2,2014.0,,5.988611925257731,,,,,,,
Ykm-2,2014.0,,5.988611925257731,,,,,,,
Ykm-2,2014.0,,5.988611925257731,,,,,,,
Ykm-2,2014.0,,5.988611925257731,,,,,,,
Ykm-2,2014.0,,5.988611925257731,,,,,,,
Ykm-2,2014.0,,5.988611925257731,,,,,,,
Ykm-2,2014.0,,5.988611925257731,,,,,,,
Ykm-2,2014.0,,5.988611925257731,,,,,,,
Ykm-2,2014.0,,5.988611925257731,,,,,,,
Ykm-2,2014.0,,5.988611925257731,,,,,,,
Ykm-2,2014.0,,5.988611925257731,,,,,,,
Ykm-2,2014.0,,5.988611925257731,,,,,,,
Ykm-2,2015.0,,5.6063829787234045,,,,,,,
Ykm-2,2015.0,,5.6063829787234045,,,,,,,
Ykm-2,2015.0,,5.6063829787234045,,,,,,,
Ykm-2,2015.0,,5.6063829787234045,,,,,,,
Ykm-2,2015.0,,5.6063829787234045,,,,,,,
Ykm-2,2015.0,,5.6063829787234045,,,,,,,
Ykm-2,2015.0,,5.6063829787234045,,,,,,,
Ykm-2,2015.0,,5.6063829787234045,,,,,,,
Ykm-2,2015.0,,5.6063829787234045,,,,,,,
Ykm-2,2015.0,,5.6063829787234045,,,,,,,
Ykm-2,2015.0,,5.6063829787234045,,,,,,,
Ykm-2,2015.0,,5.6063829787234045,,,,,,,
Ykm-2,2015.0,,5.6063829787234045,,,,,,,
Ykm-2,2015.0,,5.6063829787234045,,,,,,,
Ykm-2,2015.0,,5.6063829787234045,,,,,,,
Ykm-2,2015.0,,5.6063829787234045,,,,,,,
Ykm-2,2015.0,,5.6063829787234045,,,,,,,
Ykm-2,2015.0,,5.6063829787234045,,,,,,,
Ykm-2,2015.0,,5.6063829787234045,,,,,,,
Ykm-2,2015.0,,5.6063829787234045,,,,,,,
Ykm-2,2015.0,,5.6063829787234045,,,,,,,
Ykm-2,2015.0,,5.6063829787234045,,,,,,,
Ykm-2,2015.0,,5.6063829787234045,,,,,,,
Ykm-2,2015.0,,5.6063829787234045,,,,,,,
Ykm-2,2015.0,,5.6063829787234045,,,,,,,
Ykm-2,2015.0,,5.6063829787234045,,,,,,,
Ykm-2,2015.0,,5.6063829787234045,,,,,,,
Ykm-2,2015.0,,5.6063829787234045,,,,,,,
Ykm-3,2011.0,,5.994831460674157,,,,,,,
Ykm-3,2011.0,,5.994831460674157,,,,,,,
Ykm-3,2011.0,,5.994831460674157,,,,,,,
Ykm-3,2011.0,,5.994831460674157,,,,,,,
Ykm-3,2011.0,,5.994831460674157,,,,,,,
Ykm-3,2011.0,,5.994831460674157,,,,,,,
Ykm-3,2011.0,,5.994831460674157,,,,,,,
Ykm-3,2011.0,,5.994831460674157,,,,,,,
Ykm-3,2011.0,,5.994831460674157,,,,,,,
Ykm-3,2011.0,,5.994831460674157,,,,,,,
Ykm-3,2013.0,,6.1017679558011055,,,,,,,
Ykm-3,2013.0,,6.1017679558011055,,,,,,,
Ykm-3,2013.0,,6.1017679558011055,,,,,,,
Ykm-3,2013.0,,6.1017679558011055,,,,,,,
Ykm-3,2013.0,,6.1017679558011055,,,,,,,
Ykm-3,2013.0,,6.1017679558011055,,,,,,,
Ykm-3,2013.0,,6.1017679558011055,,,,,,,
Ykm-3,2013.0,,6.1017679558011055,,,,,,,
Ykm-3,2013.0,,6.1017679558011055,,,,,,,
Ykm-3,2013.0,,6.1017679558011055,,,,,,,
Ykm-3,2013.0,,6.1017679558011055,,,,,,,
Ykm-3,2013.0,,6.1017679558011055,,,,,,,
Ykm-3,2013.0,,6.1017679558011055,,,,,,,
Ykm-3,2013.0,,6.1017679558011055,,,,,,,
Ykm-3,2013.0,,6.1017679558011055,,,,,,,
Ykm-3,2013.0,,6.1017679558011055,,,,,,,
Ykm-3,2013.0,,6.1017679558011055,,,,,,,
Ykm-3,2013.0,,6.1017679558011055,,,,,,,
Ykm-3,2013.0,,6.1017679558011055,,,,,,,
Ykm-3,2013.0,,6.1017679558011055,,,,,,,
Ykm-3,2013.0,,6.1017679558011055,,,,,,,
Ykm-3,2013.0,,6.1017679558011055,,,,,,,
Ykm-3,2013.0,,6.1017679558011055,,,,,,,
Ykm-3,2013.0,,6.1017679558011055,,,,,,,
Ykm-3,2013.0,,6.1017679558011055,,,,,,,
Ykm-3,2013.0,,6.1017679558011055,,,,,,,
Ykm-3,2013.0,,6.1017679558011055,,,,,,,
Ykm-3,2013.0,,6.1017679558011055,,,,,,,
Ykm-3,2014.0,,5.988611925257731,,,,,,,
Ykm-3,2014.0,,5.988611925257731,,,,,,,
Ykm-3,2014.0,,5.988611925257731,,,,,,,
Ykm-3,2014.0,,5.988611925257731,,,,,,,
Ykm-3,2014.0,,5.988611925257731,,,,,,,
Ykm-3,2014.0,,5.988611925257731,,,,,,,
Ykm-3,2014.0,,5.988611925257731,,,,,,,
Ykm-3,2014.0,,5.988611925257731,,,,,,,
Ykm-3,2014.0,,5.988611925257731,,,,,,,
Ykm-3,2014.0,,5.988611925257731,,,,,,,
Ykm-3,2014.0,,5.988611925257731,,,,,,,
Ykm-3,2014.0,,5.988611925257731,,,,,,,
Ykm-3,2014.0,,5.988611925257731,,,,,,,
Ykm-3,2014.0,,5.988611925257731,,,,,,,
Ykm-3,2014.0,,5.988611925257731,,,,,,,
Ykm-3,2014.0,,5.988611925257731,,,,,,,
Ykm-3,2014.0,,5.988611925257731,,,,,,,
Ykm-3,2014.0,,5.988611925257731,,,,,,,
Ykm-3,2014.0,,5.988611925257731,,,,,,,
Ykm-3,2014.0,,5.988611925257731,,,,,,,
Ykm-3,2014.0,,5.988611925257731,,,,,,,
Ykm-3,2014.0,,5.988611925257731,,,,,,,
Ykm-3,2014.0,,5.988611925257731,,,,,,,
Ykm-3,2014.0,,5.988611925257731,,,,,,,
Ykm-3,2014.0,,5.988611925257731,,,,,,,
Ykm-3,2014.0,,5.988611925257731,,,,,,,
Ykm-3,2014.0,,5.988611925257731,,,,,,,
Ykm-3,2014.0,,5.988611925257731,,,,,,,
Ykm-3,2015.0,,5.6063829787234045,,,,,,,
Ykm-3,2015.0,,5.6063829787234045,,,,,,,
Ykm-3,2015.0,,5.6063829787234045,,,,,,,
Ykm-3,2015.0,,5.6063829787234045,,,,,,,
Ykm-3,2015.0,,5.6063829787234045,,,,,,,
Ykm-3,2015.0,,5.6063829787234045,,,,,,,
Ykm-3,2015.0,,5.6063829787234045,,,,,,,
Ykm-3,2015.0,,5.6063829787234045,,,,,,,
Ykm-3,2015.0,,5.6063829787234045,,,,,,,
Ykm-3,2015.0,,5.6063829787234045,,,,,,,
Ykm-3,2015.0,,5.6063829787234045,,,,,,,
Ykm-3,2015.0,,5.6063829787234045,,,,,,,
Ykm-3,2015.0,,5.6063829787234045,,,,,,,
Ykm-3,2015.0,,5.6063829787234045,,,,,,,
Ykm-3,2015.0,,5.6063829787234045,,,,,,,
Ykm-3,2015.0,,5.6063829787234045,,,,,,,
Ykm-3,2015.0,,5.6063829787234045,,,,,,,
Ykm-3,2015.0,,5.6063829787234045,,,,,,,
Ykm-3,2015.0,,5.6063829787234045,,,,,,,
Ykm-3,2015.0,,5.6063829787234045,,,,,,,
Ykm-3,2015.0,,5.6063829787234045,,,,,,,
Ykm-3,2015.0,,5.6063829787234045,,,,,,,
Ykm-3,2015.0,,5.6063829787234045,,,,,,,
Ykm-3,2015.0,,5.6063829787234045,,,,,,,
Ykm-3,2015.0,,5.6063829787234045,,,,,,,
Ykm-3,2015.0,,5.6063829787234045,,,,,,,
Ykm-3,2015.0,,5.6063829787234045,,,,,,,
Ykm-3,2015.0,,5.6063829787234045,,,,,,,
Ykm-4,2011.0,,5.994831460674157,,,,,,,
Ykm-4,2011.0,,5.994831460674157,,,,,,,
Ykm-4,2011.0,,5.994831460674157,,,,,,,
Ykm-4,2011.0,,5.994831460674157,,,,,,,
Ykm-4,2011.0,,5.994831460674157,,,,,,,
Ykm-4,2011.0,,5.994831460674157,,,,,,,
Ykm-4,2011.0,,5.994831460674157,,,,,,,
Ykm-4,2011.0,,5.994831460674157,,,,,,,
Ykm-4,2011.0,,5.994831460674157,,,,,,,
Ykm-4,2011.0,,5.994831460674157,,,,,,,
Ykm-4,2013.0,,6.1017679558011055,,,,,,,
Ykm-4,2013.0,,6.1017679558011055,,,,,,,
Ykm-4,2013.0,,6.1017679558011055,,,,,,,
Ykm-4,2013.0,,6.1017679558011055,,,,,,,
Ykm-4,2013.0,,6.1017679558011055,,,,,,,
Ykm-4,2013.0,,6.1017679558011055,,,,,,,
Ykm-4,2013.0,,6.1017679558011055,,,,,,,
Ykm-4,2013.0,,6.1017679558011055,,,,,,,
Ykm-4,2013.0,,6.1017679558011055,,,,,,,
Ykm-4,2013.0,,6.1017679558011055,,,,,,,
Ykm-4,2013.0,,6.1017679558011055,,,,,,,
Ykm-4,2013.0,,6.1017679558011055,,,,,,,
Ykm-4,2013.0,,6.1017679558011055,,,,,,,
Ykm-4,2013.0,,6.1017679558011055,,,,,,,
Ykm-4,2013.0,,6.1017679558011055,,,,,,,
Ykm-4,2013.0,,6.1017679558011055,,,,,,,
Ykm-4,2013.0,,6.1017679558011055,,,,,,,
Ykm-4,2013.0,,6.1017679558011055,,,,,,,
Ykm-4,2013.0,,6.1017679558011055,,,,,,,
Ykm-4,2013.0,,6.1017679558011055,,,,,,,
Ykm-4,2013.0,,6.1017679558011055,,,,,,,
Ykm-4,2013.0,,6.1017679558011055,,,,,,,
Ykm-4,2013.0,,6.1017679558011055,,,,,,,
Ykm-4,2013.0,,6.1017679558011055,,,,,,,
Ykm-4,2013.0,,6.1017679558011055,,,,,,,
Ykm-4,2013.0,,6.1017679558011055,,,,,,,
Ykm-4,2013.0,,6.1017679558011055,,,,,,,
Ykm-4,2013.0,,6.1017679558011055,,,,,,,
Ykm-4,2014.0,,5.988611925257731,,,,,,,
Ykm-4,2014.0,,5.988611925257731,,,,,,,
Ykm-4,2014.0,,5.988611925257731,,,,,,,
Ykm-4,2014.0,,5.988611925257731,,,,,,,
Ykm-4,2014.0,,5.988611925257731,,,,,,,
Ykm-4,2014.0,,5.988611925257731,,,,,,,
Ykm-4,2014.0,,5.988611925257731,,,,,,,
Ykm-4,2014.0,,5.988611925257731,,,,,,,
Ykm-4,2014.0,,5.988611925257731,,,,,,,
Ykm-4,2014.0,,5.988611925257731,,,,,,,
Ykm-4,2014.0,,5.988611925257731,,,,,,,
Ykm-4,2014.0,,5.988611925257731,,,,,,,
Ykm-4,2014.0,,5.988611925257731,,,,,,,
Ykm-4,2014.0,,5.988611925257731,,,,,,,
Ykm-4,2014.0,,5.988611925257731,,,,,,,
Ykm-4,2014.0,,5.988611925257731,,,,,,,
Ykm-4,2014.0,,5.988611925257731,,,,,,,
Ykm-4,2014.0,,5.988611925257731,,,,,,,
Ykm-4,2014.0,,5.988611925257731,,,,,,,
Ykm-4,2014.0,,5.988611925257731,,,,,,,
Ykm-4,2014.0,,5.988611925257731,,,,,,,
Ykm-4,2014.0,,5.988611925257731,,,,,,,
Ykm-4,2014.0,,5.988611925257731,,,,,,,
Ykm-4,2014.0,,5.988611925257731,,,,,,,
Ykm-4,2014.0,,5.988611925257731,,,,,,,
Ykm-4,2014.0,,5.988611925257731,,,,,,,
Ykm-4,2014.0,,5.988611925257731,,,,,,,
Ykm-4,2014.0,,5.988611925257731,,,,,,,
Ykm-4,2015.0,,5.6063829787234045,,,,,,,
Ykm-4,2015.0,,5.6063829787234045,,,,,,,
Ykm-4,2015.0,,5.6063829787234045,,,,,,,
Ykm-4,2015.0,,5.6063829787234045,,,,,,,
Ykm-4,2015.0,,5.6063829787234045,,,,,,,
Ykm-4,2015.0,,5.6063829787234045,,,,,,,
Ykm-4,2015.0,,5.6063829787234045,,,,,,,
Ykm-4,2015.0,,5.6063829787234045,,,,,,,
Ykm-4,2015.0,,5.6063829787234045,,,,,,,
Ykm-4,2015.0,,5.6063829787234045,,,,,,,
Ykm-4,2015.0,,5.6063829787234045,,,,,,,
Ykm-4,2015.0,,5.6063829787234045,,,,,,,
Ykm-4,2015.0,,5.6063829787234045,,,,,,,
Ykm-4,2015.0,,5.6063829787234045,,,,,,,
Ykm-4,2015.0,,5.6063829787234045,,,,,,,
Ykm-4,2015.0,,5.6063829787234045,,,,,,,
Ykm-4,2015.0,,5.6063829787234045,,,,,,,
Ykm-4,2015.0,,5.6063829787234045,,,,,,,
Ykm-4,2015.0,,5.6063829787234045,,,,,,,
Ykm-4,2015.0,,5.6063829787234045,,,,,,,
Ykm-4,2015.0,,5.6063829787234045,,,,,,,
Ykm-4,2015.0,,5.6063829787234045,,,,,,,
Ykm-4,2015.0,,5.6063829787234045,,,,,,,
Ykm-4,2015.0,,5.6063829787234045,,,,,,,
Ykm-4,2015.0,,5.6063829787234045,,,,,,,
Ykm-4,2015.0,,5.6063829787234045,,,,,,,
Ykm-4,2015.0,,5.6063829787234045,,,,,,,
Ykm-4,2015.0,,5.6063829787234045,,,,,,,
Ykm-5,2011.0,,5.994831460674157,,,,,,,
Ykm-5,2011.0,,5.994831460674157,,,,,,,
Ykm-5,2011.0,,5.994831460674157,,,,,,,
Ykm-5,2011.0,,5.994831460674157,,,,,,,
Ykm-5,2011.0,,5.994831460674157,,,,,,,
Ykm-5,2011.0,,5.994831460674157,,,,,,,
Ykm-5,2011.0,,5.994831460674157,,,,,,,
Ykm-5,2011.0,,5.994831460674157,,,,,,,
Ykm-5,2011.0,,5.994831460674157,,,,,,,
Ykm-5,2011.0,,5.994831460674157,,,,,,,
Ykm-5,2013.0,,6.1017679558011055,,,,,,,
Ykm-5,2013.0,,6.1017679558011055,,,,,,,
Ykm-5,2013.0,,6.1017679558011055,,,,,,,
Ykm-5,2013.0,,6.1017679558011055,,,,,,,
Ykm-5,2013.0,,6.1017679558011055,,,,,,,
Ykm-5,2013.0,,6.1017679558011055,,,,,,,
Ykm-5,2013.0,,6.1017679558011055,,,,,,,
Ykm-5,2013.0,,6.1017679558011055,,,,,,,
Ykm-5,2013.0,,6.1017679558011055,,,,,,,
Ykm-5,2013.0,,6.1017679558011055,,,,,,,
Ykm-5,2013.0,,6.1017679558011055,,,,,,,
Ykm-5,2013.0,,6.1017679558011055,,,,,,,
Ykm-5,2013.0,,6.1017679558011055,,,,,,,
Ykm-5,2013.0,,6.1017679558011055,,,,,,,
Ykm-5,2013.0,,6.1017679558011055,,,,,,,
Ykm-5,2013.0,,6.1017679558011055,,,,,,,
Ykm-5,2013.0,,6.1017679558011055,,,,,,,
Ykm-5,2013.0,,6.1017679558011055,,,,,,,
Ykm-5,2013.0,,6.1017679558011055,,,,,,,
Ykm-5,2013.0,,6.1017679558011055,,,,,,,
Ykm-5,2013.0,,6.1017679558011055,,,,,,,
Ykm-5,2013.0,,6.1017679558011055,,,,,,,
Ykm-5,2013.0,,6.1017679558011055,,,,,,,
Ykm-5,2013.0,,6.1017679558011055,,,,,,,
Ykm-5,2013.0,,6.1017679558011055,,,,,,,
Ykm-5,2013.0,,6.1017679558011055,,,,,,,
Ykm-5,2013.0,,6.1017679558011055,,,,,,,
Ykm-5,2013.0,,6.1017679558011055,,,,,,,
Ykm-5,2014.0,,5.988611925257731,,,,,,,
Ykm-5,2014.0,,5.988611925257731,,,,,,,
Ykm-5,2014.0,,5.988611925257731,,,,,,,
Ykm-5,2014.0,,5.988611925257731,,,,,,,
Ykm-5,2014.0,,5.988611925257731,,,,,,,
Ykm-5,2014.0,,5.988611925257731,,,,,,,
Ykm-5,2014.0,,5.988611925257731,,,,,,,
Ykm-5,2014.0,,5.988611925257731,,,,,,,
Ykm-5,2014.0,,5.988611925257731,,,,,,,
Ykm-5,2014.0,,5.988611925257731,,,,,,,
Ykm-5,2014.0,,5.988611925257731,,,,,,,
Ykm-5,2014.0,,5.988611925257731,,,,,,,
Ykm-5,2014.0,,5.988611925257731,,,,,,,
Ykm-5,2014.0,,5.988611925257731,,,,,,,
Ykm-5,2014.0,,5.988611925257731,,,,,,,
Ykm-5,2014.0,,5.988611925257731,,,,,,,
Ykm-5,2014.0,,5.988611925257731,,,,,,,
Ykm-5,2014.0,,5.988611925257731,,,,,,,
Ykm-5,2014.0,,5.988611925257731,,,,,,,
Ykm-5,2014.0,,5.988611925257731,,,,,,,
Ykm-5,2014.0,,5.988611925257731,,,,,,,
Ykm-5,2014.0,,5.988611925257731,,,,,,,
Ykm-5,2014.0,,5.988611925257731,,,,,,,
Ykm-5,2014.0,,5.988611925257731,,,,,,,
Ykm-5,2014.0,,5.988611925257731,,,,,,,
Ykm-5,2014.0,,5.988611925257731,,,,,,,
Ykm-5,2014.0,,5.988611925257731,,,,,,,
Ykm-5,2014.0,,5.988611925257731,,,,,,,
Ykm-5,2015.0,,5.6063829787234045,,,,,,,
Ykm-5,2015.0,,5.6063829787234045,,,,,,,
Ykm-5,2015.0,,5.6063829787234045,,,,,,,
Ykm-5,2015.0,,5.6063829787234045,,,,,,,
Ykm-5,2015.0,,5.6063829787234045,,,,,,,
Ykm-5,2015.0,,5.6063829787234045,,,,,,,
Ykm-5,2015.0,,5.6063829787234045,,,,,,,
Ykm-5,2015.0,,5.6063829787234045,,,,,,,
Ykm-5,2015.0,,5.6063829787234045,,,,,,,
Ykm-5,2015.0,,5.6063829787234045,,,,,,,
Ykm-5,2015.0,,5.6063829787234045,,,,,,,
Ykm-5,2015.0,,5.6063829787234045,,,,,,,
Ykm-5,2015.0,,5.6063829787234045,,,,,,,
Ykm-5,2015.0,,5.6063829787234045,,,,,,,
Ykm-5,2015.0,,5.6063829787234045,,,,,,,
Ykm-5,2015.0,,5.6063829787234045,,,,,,,
Ykm-5,2015.0,,5.6063829787234045,,,,,,,
Ykm-5,2015.0,,5.6063829787234045,,,,,,,
Ykm-5,2015.0,,5.6063829787234045,,,,,,,
Ykm-5,2015.0,,5.6063829787234045,,,,,,,
Ykm-5,2015.0,,5.6063829787234045,,,,,,,
Ykm-5,2015.0,,5.6063829787234045,,,,,,,
Ykm-5,2015.0,,5.6063829787234045,,,,,,,
Ykm-5,2015.0,,5.6063829787234045,,,,,,,
Ykm-5,2015.0,,5.6063829787234045,,,,,,,
Ykm-5,2015.0,,5.6063829787234045,,,,,,,
Ykm-5,2015.0,,5.6063829787234045,,,,,,,
Ykm-5,2015.0,,5.6063829787234045,,,,,,,
Ykm-6,2011.0,,5.994831460674157,,,,,,,
Ykm-6,2011.0,,5.994831460674157,,,,,,,
Ykm-6,2011.0,,5.994831460674157,,,,,,,
Ykm-6,2011.0,,5.994831460674157,,,,,,,
Ykm-6,2011.0,,5.994831460674157,,,,,,,
Ykm-6,2011.0,,5.994831460674157,,,,,,,
Ykm-6,2011.0,,5.994831460674157,,,,,,,
Ykm-6,2011.0,,5.994831460674157,,,,,,,
Ykm-6,2011.0,,5.994831460674157,,,,,,,
Ykm-6,2011.0,,5.994831460674157,,,,,,,
Ykm-6,2013.0,,6.1017679558011055,,,,,,,
Ykm-6,2013.0,,6.1017679558011055,,,,,,,
Ykm-6,2013.0,,6.1017679558011055,,,,,,,
Ykm-6,2013.0,,6.1017679558011055,,,,,,,
Ykm-6,2013.0,,6.1017679558011055,,,,,,,
Ykm-6,2013.0,,6.1017679558011055,,,,,,,
Ykm-6,2013.0,,6.1017679558011055,,,,,,,
Ykm-6,2013.0,,6.1017679558011055,,,,,,,
Ykm-6,2013.0,,6.1017679558011055,,,,,,,
Ykm-6,2013.0,,6.1017679558011055,,,,,,,
Ykm-6,2013.0,,6.1017679558011055,,,,,,,
Ykm-6,2013.0,,6.1017679558011055,,,,,,,
Ykm-6,2013.0,,6.1017679558011055,,,,,,,
Ykm-6,2013.0,,6.1017679558011055,,,,,,,
Ykm-6,2013.0,,6.1017679558011055,,,,,,,
Ykm-6,2013.0,,6.1017679558011055,,,,,,,
Ykm-6,2013.0,,6.1017679558011055,,,,,,,
Ykm-6,2013.0,,6.1017679558011055,,,,,,,
Ykm-6,2013.0,,6.1017679558011055,,,,,,,
Ykm-6,2013.0,,6.1017679558011055,,,,,,,
Ykm-6,2013.0,,6.1017679558011055,,,,,,,
Ykm-6,2013.0,,6.1017679558011055,,,,,,,
Ykm-6,2013.0,,6.1017679558011055,,,,,,,
Ykm-6,2013.0,,6.1017679558011055,,,,,,,
Ykm-6,2013.0,,6.1017679558011055,,,,,,,
Ykm-6,2013.0,,6.1017679558011055,,,,,,,
Ykm-6,2013.0,,6.1017679558011055,,,,,,,
Ykm-6,2013.0,,6.1017679558011055,,,,,,,
Ykm-6,2014.0,,5.988611925257731,,,,,,,
Ykm-6,2014.0,,5.988611925257731,,,,,,,
Ykm-6,2014.0,,5.988611925257731,,,,,,,
Ykm-6,2014.0,,5.988611925257731,,,,,,,
Ykm-6,2014.0,,5.988611925257731,,,,,,,
Ykm-6,2014.0,,5.988611925257731,,,,,,,
Ykm-6,2014.0,,5.988611925257731,,,,,,,
Ykm-6,2014.0,,5.988611925257731,,,,,,,
Ykm-6,2014.0,,5.988611925257731,,,,,,,
Ykm-6,2014.0,,5.988611925257731,,,,,,,
Ykm-6,2014.0,,5.988611925257731,,,,,,,
Ykm-6,2014.0,,5.988611925257731,,,,,,,
Ykm-6,2014.0,,5.988611925257731,,,,,,,
Ykm-6,2014.0,,5.988611925257731,,,,,,,
Ykm-6,2014.0,,5.988611925257731,,,,,,,
Ykm-6,2014.0,,5.988611925257731,,,,,,,
Ykm-6,2014.0,,5.988611925257731,,,,,,,
Ykm-6,2014.0,,5.988611925257731,,,,,,,
Ykm-6,2014.0,,5.988611925257731,,,,,,,
Ykm-6,2014.0,,5.988611925257731,,,,,,,
Ykm-6,2014.0,,5.988611925257731,,,,,,,
Ykm-6,2014.0,,5.988611925257731,,,,,,,
Ykm-6,2014.0,,5.988611925257731,,,,,,,
Ykm-6,2014.0,,5.988611925257731,,,,,,,
Ykm-6,2014.0,,5.988611925257731,,,,,,,
Ykm-6,2014.0,,5.988611925257731,,,,,,,
Ykm-6,2014.0,,5.988611925257731,,,,,,,
Ykm-6,2014.0,,5.988611925257731,,,,,,,
Ykm-6,2015.0,,5.6063829787234045,,,,,,,
Ykm-6,2015.0,,5.6063829787234045,,,,,,,
Ykm-6,2015.0,,5.6063829787234045,,,,,,,
Ykm-6,2015.0,,5.6063829787234045,,,,,,,
Ykm-6,2015.0,,5.6063829787234045,,,,,,,
Ykm-6,2015.0,,5.6063829787234045,,,,,,,
Ykm-6,2015.0,,5.6063829787234045,,,,,,,
Ykm-6,2015.0,,5.6063829787234045,,,,,,,
Ykm-6,2015.0,,5.6063829787234045,,,,,,,
Ykm-6,2015.0,,5.6063829787234045,,,,,,,
Ykm-6,2015.0,,5.6063829787234045,,,,,,,
Ykm-6,2015.0,,5.6063829787234045,,,,,,,
Ykm-6,2015.0,,5.6063829787234045,,,,,,,
Ykm-6,2015.0,,5.6063829787234045,,,,,,,
Ykm-6,2015.0,,5.6063829787234045,,,,,,,
Ykm-6,2015.0,,5.6063829787234045,,,,,,,
Ykm-6,2015.0,,5.6063829787234045,,,,,,,
Ykm-6,2015.0,,5.6063829787234045,,,,,,,
Ykm-6,2015.0,,5.6063829787234045,,,,,,,
Ykm-6,2015.0,,5.6063829787234045,,,,,,,
Ykm-6,2015.0,,5.6063829787234045,,,,,,,
Ykm-6,2015.0,,5.6063829787234045,,,,,,,
Ykm-6,2015.0,,5.6063829787234045,,,,,,,
Ykm-6,2015.0,,5.6063829787234045,,,,,,,
Ykm-6,2015.0,,5.6063829787234045,,,,,,,
Ykm-6,2015.0,,5.6063829787234045,,,,,,,
Ykm-6,2015.0,,5.6063829787234045,,,,,,,
Ykm-6,2015.0,,5.6063829787234045,,,,,,,
Ykm-7,2011.0,,5.994831460674157,,,,,,,
Ykm-7,2011.0,,5.994831460674157,,,,,,,
Ykm-7,2011.0,,5.994831460674157,,,,,,,
Ykm-7,2011.0,,5.994831460674157,,,,,,,
Ykm-7,2011.0,,5.994831460674157,,,,,,,
Ykm-7,2011.0,,5.994831460674157,,,,,,,
Ykm-7,2011.0,,5.994831460674157,,,,,,,
Ykm-7,2011.0,,5.994831460674157,,,,,,,
Ykm-7,2011.0,,5.994831460674157,,,,,,,
Ykm-7,2011.0,,5.994831460674157,,,,,,,
Ykm-7,2013.0,,6.1017679558011055,,,,,,,
Ykm-7,2013.0,,6.1017679558011055,,,,,,,
Ykm-7,2013.0,,6.1017679558011055,,,,,,,
Ykm-7,2013.0,,6.1017679558011055,,,,,,,
Ykm-7,2013.0,,6.1017679558011055,,,,,,,
Ykm-7,2013.0,,6.1017679558011055,,,,,,,
Ykm-7,2013.0,,6.1017679558011055,,,,,,,
Ykm-7,2013.0,,6.1017679558011055,,,,,,,
Ykm-7,2013.0,,6.1017679558011055,,,,,,,
Ykm-7,2013.0,,6.1017679558011055,,,,,,,
Ykm-7,2013.0,,6.1017679558011055,,,,,,,
Ykm-7,2013.0,,6.1017679558011055,,,,,,,
Ykm-7,2013.0,,6.1017679558011055,,,,,,,
Ykm-7,2013.0,,6.1017679558011055,,,,,,,
Ykm-7,2013.0,,6.1017679558011055,,,,,,,
Ykm-7,2013.0,,6.1017679558011055,,,,,,,
Ykm-7,2013.0,,6.1017679558011055,,,,,,,
Ykm-7,2013.0,,6.1017679558011055,,,,,,,
Ykm-7,2013.0,,6.1017679558011055,,,,,,,
Ykm-7,2013.0,,6.1017679558011055,,,,,,,
Ykm-7,2013.0,,6.1017679558011055,,,,,,,
Ykm-7,2013.0,,6.1017679558011055,,,,,,,
Ykm-7,2013.0,,6.1017679558011055,,,,,,,
Ykm-7,2013.0,,6.1017679558011055,,,,,,,
Ykm-7,2013.0,,6.1017679558011055,,,,,,,
Ykm-7,2013.0,,6.1017679558011055,,,,,,,
Ykm-7,2013.0,,6.1017679558011055,,,,,,,
Ykm-7,2013.0,,6.1017679558011055,,,,,,,
Ykm-7,2014.0,,5.988611925257731,,,,,,,
Ykm-7,2014.0,,5.988611925257731,,,,,,,
Ykm-7,2014.0,,5.988611925257731,,,,,,,
Ykm-7,2014.0,,5.988611925257731,,,,,,,
Ykm-7,2014.0,,5.988611925257731,,,,,,,
Ykm-7,2014.0,,5.988611925257731,,,,,,,
Ykm-7,2014.0,,5.988611925257731,,,,,,,
Ykm-7,2014.0,,5.988611925257731,,,,,,,
Ykm-7,2014.0,,5.988611925257731,,,,,,,
Ykm-7,2014.0,,5.988611925257731,,,,,,,
Ykm-7,2014.0,,5.988611925257731,,,,,,,
Ykm-7,2014.0,,5.988611925257731,,,,,,,
Ykm-7,2014.0,,5.988611925257731,,,,,,,
Ykm-7,2014.0,,5.988611925257731,,,,,,,
Ykm-7,2014.0,,5.988611925257731,,,,,,,
Ykm-7,2014.0,,5.988611925257731,,,,,,,
Ykm-7,2014.0,,5.988611925257731,,,,,,,
Ykm-7,2014.0,,5.988611925257731,,,,,,,
Ykm-7,2014.0,,5.988611925257731,,,,,,,
Ykm-7,2014.0,,5.988611925257731,,,,,,,
Ykm-7,2014.0,,5.988611925257731,,,,,,,
Ykm-7,2014.0,,5.988611925257731,,,,,,,
Ykm-7,2014.0,,5.988611925257731,,,,,,,
Ykm-7,2014.0,,5.988611925257731,,,,,,,
Ykm-7,2014.0,,5.988611925257731,,,,,,,
Ykm-7,2014.0,,5.988611925257731,,,,,,,
Ykm-7,2014.0,,5.988611925257731,,,,,,,
Ykm-7,2014.0,,5.988611925257731,,,,,,,
Ykm-7,2015.0,,5.6063829787234045,,,,,,,
Ykm-7,2015.0,,5.6063829787234045,,,,,,,
Ykm-7,2015.0,,5.6063829787234045,,,,,,,
Ykm-7,2015.0,,5.6063829787234045,,,,,,,
Ykm-7,2015.0,,5.6063829787234045,,,,,,,
Ykm-7,2015.0,,5.6063829787234045,,,,,,,
Ykm-7,2015.0,,5.6063829787234045,,,,,,,
Ykm-7,2015.0,,5.6063829787234045,,,,,,,
Ykm-7,2015.0,,5.6063829787234045,,,,,,,
Ykm-7,2015.0,,5.6063829787234045,,,,,,,
Ykm-7,2015.0,,5.6063829787234045,,,,,,,
Ykm-7,2015.0,,5.6063829787234045,,,,,,,
Ykm-7,2015.0,,5.6063829787234045,,,,,,,
Ykm-7,2015.0,,5.6063829787234045,,,,,,,
Ykm-7,2015.0,,5.6063829787234045,,,,,,,
Ykm-7,2015.0,,5.6063829787234045,,,,,,,
Ykm-7,2015.0,,5.6063829787234045,,,,,,,
Ykm-7,2015.0,,5.6063829787234045,,,,,,,
Ykm-7,2015.0,,5.6063829787234045,,,,,,,
Ykm-7,2015.0,,5.6063829787234045,,,,,,,
Ykm-7,2015.0,,5.6063829787234045,,,,,,,
Ykm-7,2015.0,,5.6063829787234045,,,,,,,
Ykm-7,2015.0,,5.6063829787234045,,,,,,,
Ykm-7,2015.0,,5.6063829787234045,,,,,,,
Ykm-7,2015.0,,5.6063829787234045,,,,,,,
Ykm-7,2015.0,,5.6063829787234045,,,,,,,
Ykm-7,2015.0,,5.6063829787234045,,,,,,,
Ykm-7,2015.0,,5.6063829787234045,,,,,,,
