連番,Year,Season,S,N,Shannon,Simpson,Margalef,Pielou,lat_dd,lon_dd,sea_area,do_station,env_dist_km,env_zettaicode,is_hypoxic_station,is_stressed_station
12.0,2003.0,Summer,19,322.0,1.7895016162146782,0.7336908298290961,3.1171251755278964,0.6077563939604139,35.608333333333334,139.8983333333333,100.0,8.3,0.47768825343837323,1212,False,False
2.0,2003.0,Summer,10,100.0,1.224411121691796,0.5469999999999999,1.954325168564633,0.5317549937317179,35.64388888888889,139.9933333333333,100.0,9.0,0.47760326398872804,122,False,False
26.0,2003.0,Summer,7,19.0,1.3827187230197877,0.6260387811634349,2.0377396313706515,0.7105768597234874,35.46416666666667,139.85611111111112,100.0,1.3,0.47802883737174107,1326,True,True
32.0,2003.0,Summer,4,5.0,1.3321790402101223,0.72,1.8640048036788357,0.9609640474436812,35.4575,139.7513888888889,100.0,2.3,0.478043080113602,1432,False,True
4.0,2003.0,Summer,15,225.0,1.219274439797606,0.5884049382716048,2.5848856114819854,0.4502407079829414,35.60166666666667,140.06416666666667,100.0,4.4,0.4777057070374204,124,False,False
12.0,2004.0,Summer,2,17.0,0.2237180760658337,0.1107266435986158,0.3529561238647611,0.3227569588973983,35.608333333333334,139.8983333333333,100.0,4.8,0.47768825343837323,1212,False,False
18.0,2004.0,Summer,1,1.0,-0.0,0.0,,,35.559999999999995,139.82444444444445,100.0,1.5,0.4778031123314523,1318,True,True
2.0,2004.0,Summer,2,65.0,0.079487003203037,0.0302958579881655,0.2395561157470185,0.1146755053361467,35.64388888888889,139.9933333333333,100.0,7.9,0.47760326398872804,122,False,False
26.0,2004.0,Summer,16,292.0,0.9919015112737858,0.3912084818915368,2.6423552125875878,0.3577528478412398,35.46416666666667,139.85611111111112,100.0,2.3,0.47802883737174107,1326,False,True
32.0,2004.0,Summer,1,2.0,-0.0,0.0,,,35.4575,139.7513888888889,100.0,2.2,0.478043080113602,1432,False,True
4.0,2004.0,Summer,5,21.0,0.7509687782493434,0.3356009070294784,1.3138349550122044,0.4666031366898674,35.60166666666667,140.06416666666667,100.0,7.6,0.4777057070374204,124,False,False
12.0,2005.0,Summer,11,130.0,1.3633378581169182,0.6586982248520711,2.054428191887587,0.5685560472897082,35.608333333333334,139.8983333333333,100.0,6.5,0.47768825343837323,1212,False,False
15.0,2005.0,Summer,4,17.0,0.6598720137848266,0.3114186851211071,1.0588683715942837,0.4759970409543915,35.551111111111105,139.9088888888889,100.0,0.0,0.4778209472003837,1215,True,True
2.0,2005.0,Summer,11,169.0,1.176660585136246,0.5848534715171038,1.9493562262564004,0.4907055777140216,35.64388888888889,139.9933333333333,100.0,6.0,0.47760326398872804,122,False,False
26.0,2005.0,Summer,7,7.0,1.945910149055313,0.8571428571428572,3.0833900542185044,1.0,35.46416666666667,139.85611111111112,100.0,2.0,0.47802883737174107,1326,True,True
4.0,2005.0,Summer,9,45.0,1.1572999329634177,0.4799999999999998,2.1015784881109045,0.5267098979779559,35.60166666666667,140.06416666666667,100.0,7.5,0.4777057070374204,124,False,False
10.0,2007.0,Summer,19,59.0,2.694196524629052,0.9192760700948004,4.414429112576947,0.9150118388229492,34.93333333333333,136.805,201.0,6.5,0.4636454643681527,2310,False,False
11.0,2007.0,Summer,16,107.0,1.8925076520946,0.7520307450432352,3.210046961141753,0.6825778511303238,34.88638888888889,136.66666666666666,201.0,4.6,0.46373887583859613,2411,False,False
12.0,2007.0,Summer,5,500.0,0.2635958602813537,0.1036720000000001,0.64364476997601,0.1637813165980995,35.608333333333334,139.8983333333333,100.0,6.5,254.34258009929397,2355,False,False
143.0,2007.0,Summer,8,14.0,1.90853528164356,0.826530612244898,2.652462271829658,0.9178114620629284,34.60333333333333,134.61388888888888,305.0,5.4,1.082385399248306e-06,28143,False,False
18.0,2007.0,Summer,1,2.0,-0.0,0.0,,,35.559999999999995,139.82444444444445,100.0,6.5,246.24098979908203,2355,False,False
181.0,2007.0,Summer,17,37.0,2.555001327493613,0.8984660336011687,4.431006294541718,0.9018033650214649,34.282222222222224,134.3538888888889,306.0,6.5,1.050338266185614e-06,37181,False,False
2.0,2007.0,Summer,2,3.0,0.6365141682948128,0.4444444444444444,0.9102392266268372,0.9182958340544894,35.64388888888889,139.9933333333333,100.0,6.5,263.76389324452344,2355,False,False
23.0,2007.0,Summer,5,7.0,1.5498260458782016,0.7755102040816326,2.055593369479003,0.9629610647945144,34.656666666666666,135.275,301.0,2.2,1.0330380410700952,2823,False,True
254.0,2007.0,Summer,23,443.0,1.734415673241477,0.7017615376384083,3.610363191071995,0.5531554370058096,34.11138888888889,133.6275,310.0,7.7,1.2354992871652025e-07,37254,False,False
26.0,2007.0,Summer,5,30.0,1.0833071279684077,0.5511111111111111,1.1760564151808242,0.6730965634642117,35.46416666666667,139.85611111111112,100.0,6.5,245.65686195169067,2355,False,False
27.0,2007.0,Summer,1,2.0,-0.0,0.0,,,34.666666666666664,136.60027777777776,201.0,0.7,0.44935052538878156,2427,True,True
274.0,2007.0,Summer,12,53.0,1.2314287838313274,0.4756140975436099,2.770577136268696,0.4955633983016572,34.05333333333333,133.5,310.0,5.8,0.4363776020606364,38274,False,False
313.0,2007.0,Summer,20,130.0,1.9065746574464164,0.7436686390532544,3.903413564586415,0.6364302558935112,34.38666666666666,133.24749999999997,309.0,7.3,0.8064028823357108,34312,False,False
32.0,2007.0,Summer,9,32.0,1.72895146475812,0.767578125,2.308312065422341,0.7868797220783843,35.4575,139.7513888888889,100.0,6.5,236.3724611201976,2355,False,False
328.0,2007.0,Summer,18,130.0,1.0160061263658091,0.3558579881656804,3.492527926208897,0.3515139959384798,34.0,133.17499999999998,310.0,5.9,0.43645341499102913,38328,False,False
35.0,2007.0,Summer,23,87.0,2.738154818688084,0.9023649094992734,4.926209723864136,0.8732769477862612,35.34805555555556,139.80583333333334,100.0,6.5,237.81721530664063,2355,False,False
396.0,2007.0,Summer,18,47.0,2.549498015229675,0.8936170212765957,4.415415136928616,0.8820657786545065,34.333333333333336,132.45583333333332,312.0,4.1,3.083075573419973e-06,34396,False,False
4.0,2007.0,Summer,4,20.0,0.8260651866153443,0.415,1.0014246020860025,0.5958800740904867,35.60166666666667,140.06416666666667,100.0,6.5,268.2471184074217,2355,False,False
410.0,2007.0,Summer,11,21.0,2.13650705762401,0.8480725623582767,3.2845873875305105,0.8909926475357208,34.30305555555555,132.35305555555556,312.0,3.1,1.4739665288236428,34411,False,True
426.0,2007.0,Summer,4,5.0,1.3321790402101223,0.72,1.8640048036788357,0.9609640474436812,33.99666666666667,132.29222222222222,312.0,7.2,2.081891068016308e-06,35426,False,False
44.0,2007.0,Summer,21,161.0,1.211194117348542,0.4123297712279619,3.9359197897766895,0.3978272921694171,34.436388888888885,135.14,301.0,6.6,0.4497499003868794,2744,False,False
550.0,2007.0,Summer,12,141.0,1.9705330940839,0.8239022181982798,2.2227790888354084,0.7930008534735161,34.03805555555555,131.70083333333332,315.0,7.4,3.110951984571743e-06,35550,False,False
59.0,2007.0,Summer,2,2.0,0.6931471805599453,0.5,1.4426950408889634,1.0,34.72,137.12166666666667,202.0,4.9,0.4640774576398907,2359,False,False
598.0,2007.0,Summer,2,3.0,0.6365141682948128,0.4444444444444444,0.9102392266268372,0.9182958340544894,33.78333333333333,131.32527777777779,316.0,7.6,2.08693947347891e-06,35598,False,False
61.0,2007.0,Summer,4,4.0,1.3862943611198906,0.75,2.1640425613334453,1.0,34.75,137.3,202.0,4.8,1.104548288568557,2361,False,False
617.0,2007.0,Summer,2,3.0,0.6365141682948128,0.4444444444444444,0.9102392266268372,0.9182958340544894,33.635,131.13333333333333,316.0,4.7,0.4369762901227268,40617,False,False
79.0,2007.0,Summer,15,59.0,2.084306448403034,0.8124102269462798,3.4334448653376257,0.7696705354851603,34.11277777777778,135.00833333333333,303.0,6.5,3.078671416947404e-06,3079,False,False
10.0,2008.0,Summer,28,64.0,3.036573252967649,0.935546875,6.492127684000336,0.9112805782763884,34.93333333333333,136.805,201.0,2.4,0.4636454643681527,2310,False,True
11.0,2008.0,Summer,15,146.0,2.135302457474864,0.8543816851191594,2.809210490052869,0.7885017997841285,34.88638888888889,136.66666666666666,201.0,3.3,0.46373887583859613,2411,False,True
12.0,2008.0,Summer,4,107.0,0.5537155777342497,0.2667481876146389,0.6420093922283506,0.3994213590300847,35.608333333333334,139.8983333333333,100.0,5.7,0.47768825343837323,1212,False,False
143.0,2008.0,Summer,14,29.0,2.4416083837896,0.896551724137931,3.860664656853811,0.9251820172264148,34.60333333333333,134.61388888888888,305.0,5.8,1.082385399248306e-06,28143,False,False
18.0,2008.0,Summer,1,2.0,-0.0,0.0,,,35.559999999999995,139.82444444444445,100.0,0.0,0.4778031123314523,1318,True,True
181.0,2008.0,Summer,12,117.0,0.6782794686162197,0.2381474176345971,2.3098694316101573,0.2729597382155531,34.282222222222224,134.3538888888889,306.0,6.7,1.050338266185614e-06,37181,False,False
2.0,2008.0,Summer,20,167.0,1.956110990368631,0.7630965613682813,3.712392139651309,0.6529658900553206,35.64388888888889,139.9933333333333,100.0,6.1,0.47760326398872804,122,False,False
23.0,2008.0,Summer,12,245.0,1.1594533413738504,0.5913202832153269,1.9995425735362449,0.4665983494682865,34.656666666666666,135.275,301.0,2.1,1.0330380410700952,2823,False,True
254.0,2008.0,Summer,20,63.0,2.5881648124540755,0.8924162257495591,4.585899627876226,0.8639506391482716,34.11138888888889,133.6275,310.0,8.2,1.2354992871652025e-07,37254,False,False
26.0,2008.0,Summer,7,38.0,1.385624902857637,0.6468144044321329,1.6494454664549614,0.7120703407247866,35.46416666666667,139.85611111111112,100.0,3.0,0.47802883737174107,1326,False,True
27.0,2008.0,Summer,4,16.0,1.1432752061942135,0.6328125,1.0820212806667229,0.8246987351738496,34.666666666666664,136.60027777777776,201.0,2.5,0.44935052538878156,2427,False,True
274.0,2008.0,Summer,8,14.0,1.8468891232610356,0.8061224489795918,2.652462271829658,0.8881659264001538,34.05333333333333,133.5,310.0,5.4,0.4363776020606364,38274,False,False
313.0,2008.0,Summer,3,9.0,0.8486855577264172,0.4938271604938271,0.9102392266268372,0.7725068857142601,34.38666666666666,133.24749999999997,309.0,7.1,0.8064028823357108,34312,False,False
328.0,2008.0,Summer,7,13.0,1.5171515848932915,0.6745562130177516,2.33922747150768,0.7796616846003026,34.0,133.17499999999998,310.0,7.0,0.43645341499102913,38328,False,False
35.0,2008.0,Summer,58,593.0,2.104925950402977,0.6787336235848815,8.926901271627251,0.5183981021124378,35.34805555555556,139.80583333333334,100.0,4.9,0.6980006225924529,1235,False,False
396.0,2008.0,Summer,14,34.0,2.2104952696871023,0.8494809688581315,3.686520396667334,0.8376079007004236,34.333333333333336,132.45583333333332,312.0,3.8,3.083075573419973e-06,34396,False,True
4.0,2008.0,Summer,7,117.0,1.113316376949006,0.5360508437431513,1.2599287808782678,0.5721314406471907,35.60166666666667,140.06416666666667,100.0,4.7,0.4777057070374204,124,False,False
410.0,2008.0,Summer,6,25.0,1.297389524725291,0.6304,1.5533373363990295,0.724086880525457,34.30305555555555,132.35305555555556,312.0,5.3,1.4739665288236428,34411,False,False
426.0,2008.0,Summer,4,5.0,1.3321790402101223,0.72,1.8640048036788357,0.9609640474436812,33.99666666666667,132.29222222222222,312.0,7.8,2.081891068016308e-06,35426,False,False
44.0,2008.0,Summer,14,51.0,2.282391246377311,0.8465974625144175,3.3063521158725493,0.864850952938584,34.436388888888885,135.14,301.0,6.5,0.4497499003868794,2744,False,False
528.0,2008.0,Summer,9,25.0,1.7201877092785527,0.7456,2.4853397382384474,0.7828911650733503,33.30333333333333,131.61333333333332,314.0,5.8,9.243698658432601,44578,False,False
550.0,2008.0,Summer,12,141.0,1.9705330940839,0.8239022181982798,2.2227790888354084,0.7930008534735161,34.03805555555555,131.70083333333332,315.0,11.0,3.110951984571743e-06,35550,False,False
59.0,2008.0,Summer,0,0.0,,,,,34.72,137.12166666666667,202.0,1.4,0.4640774576398907,2359,True,True
598.0,2008.0,Summer,2,3.0,0.6365141682948128,0.4444444444444444,0.9102392266268372,0.9182958340544894,33.78333333333333,131.32527777777779,316.0,6.9,2.08693947347891e-06,35598,False,False
617.0,2008.0,Summer,24,91.0,2.300011204095741,0.7706798695809685,5.098806550452712,0.7237168804796257,33.635,131.13333333333333,316.0,5.4,0.4369762901227268,40617,False,False
79.0,2008.0,Summer,10,23.0,2.000797681430619,0.8279773156899811,2.870360900134209,0.8689353924501381,34.11277777777778,135.00833333333333,303.0,6.5,3.078671416947404e-06,3079,False,False
1.0,2009.0,Summer,8,427.0,0.3995696489678286,0.1586253421013661,1.1557288463170052,0.1921523836852101,,,,5.469101123595506,,regional_mean,False,False
10.0,2009.0,Summer,24,553.0,1.3549450359331203,0.6295890572219915,3.641915469313978,0.4263442686195078,34.93333333333333,136.805,201.0,5.0,0.4636454643681527,2310,False,False
11.0,2009.0,Summer,12,79.0,1.666558318597527,0.7258452171126423,2.5174805539307035,0.670672404832475,34.88638888888889,136.66666666666666,201.0,0.7,0.46373887583859613,2411,True,True
143.0,2009.0,Summer,7,100.0,1.6792043316027068,0.7644444444444445,1.3028834457097551,0.8629403225107362,34.60333333333333,134.61388888888888,305.0,5.5,1.082385399248306e-06,28143,False,False
18.0,2009.0,Summer,60,710.0,3.085500708734789,0.915187462804999,8.986689839524058,0.7536006464146273,35.559999999999995,139.82444444444445,100.0,0.0,0.4778031123314523,1318,True,True
181.0,2009.0,Summer,1,50.0,-0.0,0.0,,,34.282222222222224,134.3538888888889,306.0,6.0,1.050338266185614e-06,37181,False,False
2.0,2009.0,Summer,4,162.0,1.1517728615523546,0.6132449321749733,0.5896694238936648,0.8308284977960363,35.64388888888889,139.9933333333333,100.0,1.2,0.47760326398872804,122,True,True
23.0,2009.0,Summer,3,380.0,0.3264420409566655,0.1481994459833795,0.3366906297666176,0.2971403508988816,34.656666666666666,135.275,301.0,1.5,1.0330380410700952,2823,True,True
254.0,2009.0,Summer,6,390.0,0.5892986246694031,0.2366863905325442,0.8380618544314249,0.3288938246400288,34.11138888888889,133.6275,310.0,6.7,1.2354992871652025e-07,37254,False,False
26.0,2009.0,Summer,20,140.0,2.1444052518588497,0.8219387755102041,3.844875524192127,0.7158200586846273,35.46416666666667,139.85611111111112,100.0,3.6,0.47802883737174107,1326,False,True
274.0,2009.0,Summer,1,62.5,-0.0,0.0,,,34.05333333333333,133.5,310.0,5.8,0.4363776020606364,38274,False,False
3.0,2009.0,Summer,9,257.0,0.6072750463513789,0.2639555481536436,1.4416814398664095,0.2763827842703279,,,,5.469101123595506,,regional_mean,False,False
313.0,2009.0,Summer,3,760.0,0.2868859390092572,0.125,0.3015082149479954,0.2611348352539003,34.38666666666666,133.24749999999997,309.0,6.8,0.8064028823357108,34312,False,False
32.0,2009.0,Summer,6,920.0,0.7627019434650785,0.3275047258979207,0.7326679695088314,0.4256720595391489,35.4575,139.7513888888889,100.0,3.6,9.249645817812628,1326,False,True
328.0,2009.0,Summer,7,1075.0,0.6379379403425818,0.2717685235262305,0.8595895017607952,0.3278352500768257,34.0,133.17499999999998,310.0,7.1,0.43645341499102913,38328,False,False
396.0,2009.0,Summer,10,290.0,1.844637135933752,0.7776456599286563,1.5873349233001028,0.8011157292498471,34.333333333333336,132.45583333333332,312.0,2.5,3.083075573419973e-06,34396,False,True
410.0,2009.0,Summer,5,140.0,1.4327570529970874,0.7346938775510203,0.80944747877729,0.8902220097637676,34.30305555555555,132.35305555555556,312.0,5.1,1.4739665288236428,34411,False,False
426.0,2009.0,Summer,2,2.0,0.6931471805599453,0.5,1.4426950408889634,1.0,33.99666666666667,132.29222222222222,312.0,7.5,2.081891068016308e-06,35426,False,False
44.0,2009.0,Summer,16,30.0,2.4963801622956447,0.8911111111111111,4.410211556928091,0.9003788200793781,34.436388888888885,135.14,301.0,6.1,0.4497499003868794,2744,False,False
5.0,2009.0,Summer,4,99.0,0.3117689546731534,0.1336598306295275,0.6528665405565278,0.2248937624050472,,,,5.469101123595506,,regional_mean,False,False
528.0,2009.0,Summer,4,320.0,0.970547944345888,0.537109375,0.5200820138455512,0.7001023531263951,33.30333333333333,131.61333333333332,314.0,5.9,9.243698658432601,44578,False,False
550.0,2009.0,Summer,7,42.0,1.2313993126275309,0.5759637188208617,1.6052783185143238,0.6328140655545385,34.03805555555555,131.70083333333332,315.0,7.2,3.110951984571743e-06,35550,False,False
59.0,2009.0,Summer,3,10.0,0.8979457248567798,0.54,0.8685889638065035,0.8173454221465101,34.72,137.12166666666667,202.0,5.1,0.4640774576398907,2359,False,False
598.0,2009.0,Summer,3,3.0,1.0986122886681096,0.6666666666666667,1.8204784532536744,0.9999999999999998,33.78333333333333,131.32527777777779,316.0,6.0,2.08693947347891e-06,35598,False,False
61.0,2009.0,Summer,1,2.0,-0.0,0.0,,,34.75,137.3,202.0,7.1,1.104548288568557,2361,False,False
617.0,2009.0,Summer,12,450.0,1.9395971885162184,0.8128395061728395,1.800549061235234,0.7805513292347198,33.635,131.13333333333333,316.0,4.8,0.4369762901227268,40617,False,False
79.0,2009.0,Summer,7,120.0,1.791759469228055,0.8055555555555556,1.2532658691361749,0.9207822211616018,34.11277777777778,135.00833333333333,303.0,6.7,3.078671416947404e-06,3079,False,False
8.0,2009.0,Summer,2,2.0,0.6931471805599453,0.5,1.4426950408889634,1.0,,,,5.469101123595506,,regional_mean,False,False
9.0,2009.0,Summer,1,1.0,-0.0,0.0,,,35.53722222222222,140.0225,100.0,0.6,0.4778553138512997,129,True,True
11.0,2010.0,Summer,16,142.0,2.1566714516605927,0.8441777425114065,3.0267400023560063,0.7778548020343847,34.88638888888889,136.66666666666666,201.0,3.3,0.46373887583859613,2411,False,True
12.0,2010.0,Summer,8,505.0,0.369177630165814,0.1327634545632781,1.124577763954722,0.1775369120824532,35.608333333333334,139.8983333333333,100.0,7.4,0.47768825343837323,1212,False,False
143.0,2010.0,Summer,6,60.0,1.7917594692280547,0.8333333333333333,1.2211966833798615,1.0,34.60333333333333,134.61388888888888,305.0,6.1,1.082385399248306e-06,28143,False,False
15.0,2010.0,Summer,1,3.0,-0.0,0.0,,,35.551111111111105,139.9088888888889,100.0,1.7,0.4778209472003837,1215,True,True
18.0,2010.0,Summer,1,1.0,-0.0,0.0,,,35.559999999999995,139.82444444444445,100.0,0.5,0.4778031123314523,1318,True,True
181.0,2010.0,Summer,11,260.0,1.7304276404501977,0.6863905325443788,1.7983406825924928,0.7216443770835618,34.282222222222224,134.3538888888889,306.0,7.0,1.050338266185614e-06,37181,False,False
2.0,2010.0,Summer,12,314.0,1.6313155430155797,0.7494827376364153,1.913245455122127,0.6564896685977137,35.64388888888889,139.9933333333333,100.0,8.1,0.47760326398872804,122,False,False
23.0,2010.0,Summer,5,90.0,1.5229550675313184,0.7654320987654322,0.8889264864632416,0.946265187221801,34.656666666666666,135.275,301.0,2.1,1.0330380410700952,2823,False,True
254.0,2010.0,Summer,19,530.0,2.4088807329802684,0.8629405482378071,2.869496720757604,0.8181119561398462,34.11138888888889,133.6275,310.0,7.7,1.2354992871652025e-07,37254,False,False
26.0,2010.0,Summer,13,75.0,1.9323548084629776,0.8092444444444444,2.7793938707966013,0.75336957544276,35.46416666666667,139.85611111111112,100.0,0.6,0.47802883737174107,1326,True,True
27.0,2010.0,Summer,6,22.0,1.428910565500057,0.7107438016528925,1.6175772657433625,0.7974901709969336,34.666666666666664,136.60027777777776,201.0,4.0,0.44935052538878156,2427,False,True
274.0,2010.0,Summer,4,50.0,1.3200166381323717,0.7176,0.7668666559059943,0.952190728862247,34.05333333333333,133.5,310.0,6.6,0.4363776020606364,38274,False,False
313.0,2010.0,Summer,18,850.0,1.869646097535625,0.726643598615917,2.520297157756312,0.646853157358726,34.38666666666666,133.24749999999997,309.0,7.5,0.8064028823357108,34312,False,False
328.0,2010.0,Summer,9,799.0,0.9595077386036092,0.4075463540940569,1.1970025358375684,0.4366907909645074,34.0,133.17499999999998,310.0,7.5,0.43645341499102913,38328,False,False
35.0,2010.0,Summer,7,26.0,1.1504319086226074,0.5029585798816569,1.841566058580809,0.5912050508504264,35.34805555555556,139.80583333333334,100.0,7.4,0.6980006225924529,1235,False,False
396.0,2010.0,Summer,13,370.0,2.0545700740497668,0.8049671292914535,2.0292540628724662,0.8010177932257972,34.333333333333336,132.45583333333332,312.0,4.8,3.083075573419973e-06,34396,False,False
4.0,2010.0,Summer,15,252.0,1.2579378207388991,0.559397833207357,2.53190696153784,0.4645179104238551,35.60166666666667,140.06416666666667,100.0,5.8,0.4777057070374204,124,False,False
410.0,2010.0,Summer,10,390.0,1.624809216816813,0.7034845496383958,1.508511337976565,0.7056456770090861,34.30305555555555,132.35305555555556,312.0,6.2,1.4739665288236428,34411,False,False
426.0,2010.0,Summer,5,8.0,1.559581156259877,0.78125,1.9235933878519516,0.9690222556651344,33.99666666666667,132.29222222222222,312.0,8.1,2.081891068016308e-06,35426,False,False
44.0,2010.0,Summer,24,90.0,2.2320723870924857,0.7550617283950617,5.11132729716364,0.7023393895276184,34.436388888888885,135.14,301.0,6.1,0.4497499003868794,2744,False,False
528.0,2010.0,Summer,6,190.0,1.6341665579811735,0.775623268698061,0.9529211094206448,0.912045721563968,33.30333333333333,131.61333333333332,314.0,6.2,9.243698658432601,44578,False,False
550.0,2010.0,Summer,9,41.0,1.7977981052502998,0.793575252825699,2.154260064515128,0.8182131784771132,34.03805555555555,131.70083333333332,315.0,8.6,3.110951984571743e-06,35550,False,False
598.0,2010.0,Summer,3,6.0,0.8675632284814612,0.5,1.1162212531024944,0.7896900821428474,33.78333333333333,131.32527777777779,316.0,7.9,2.08693947347891e-06,35598,False,False
617.0,2010.0,Summer,7,220.0,1.285615574410434,0.5702479338842975,1.1124238647249047,0.660675712614257,33.635,131.13333333333333,316.0,5.12,0.4369762901227268,40617,False,False
79.0,2010.0,Summer,3,70.0,0.9556998911125344,0.5714285714285714,0.4707549111047736,0.8699155297736259,34.11277777777778,135.00833333333333,303.0,6.4,3.078671416947404e-06,3079,False,False
9.0,2010.0,Summer,1,2.0,-0.0,0.0,,,35.53722222222222,140.0225,100.0,2.9,0.4778553138512997,129,False,True
,2010.0,Summer,19,500.0,1.7291351809463569,0.7161919999999999,2.896401464892045,0.5872545477019424,,,,6.042640449438203,,regional_mean,False,False
,2010.0,Summer,48,474.0,3.050332451135674,0.8861115561964785,7.628375015802798,0.7879550667972928,,,,6.042640449438203,,regional_mean,False,False
,2010.0,Summer,29,3756.0,0.7679472460242923,0.2505520453748973,3.4017283869563464,0.2280605223887849,,,,6.042640449438203,,regional_mean,False,False
,2010.0,Summer,45,1848.0,2.6797575787295904,0.9005242592904931,5.849617564583027,0.7039651101012838,,,,6.042640449438203,,regional_mean,False,False
,2010.0,Summer,56,872.0,3.3141926346366155,0.9411876104704991,8.12312960225646,0.8233299570481368,,,,6.042640449438203,,regional_mean,False,False
,2010.0,Summer,107,2712.0,3.948842385856568,0.97138577805623,13.408485535099755,0.8450646333831083,,,,6.042640449438203,,regional_mean,False,False
,2010.0,Summer,61,6132.0,2.851084824783704,0.8545172650908115,6.879727043258645,0.6935471432561338,,,,6.042640449438203,,regional_mean,False,False
,2010.0,Summer,32,1179.0,2.435218247505801,0.8737411342543133,4.383222669117715,0.7026554578317863,,,,6.042640449438203,,regional_mean,False,False
,2010.0,Summer,59,4455.0,2.998675432810197,0.9154042986291396,6.903297140241844,0.7354133405425896,,,,6.042640449438203,,regional_mean,False,False
,2010.0,Summer,9,138.0,1.606541020936114,0.7242176013442554,1.623622510872354,0.731168328220589,,,,6.042640449438203,,regional_mean,False,False
,2010.0,Summer,14,486.0,1.4298556818664234,0.5887313925722706,2.10144868858356,0.5418054643302799,,,,6.042640449438203,,regional_mean,False,False
,2010.0,Summer,41,858.0,3.046471766212848,0.9347808368787388,5.921886673274045,0.8203615579531507,,,,6.042640449438203,,regional_mean,False,False
,2010.0,Summer,51,476.0,3.218791248383969,0.91533083821764,8.10975041467534,0.8186505580497215,,,,6.042640449438203,,regional_mean,False,False
,2010.0,Summer,22,166.0,2.534334787119359,0.8901146755697489,4.107991033904896,0.8198964670853638,,,,6.042640449438203,,regional_mean,False,False
,2010.0,Summer,17,312.0,2.249988811879768,0.8251150558842866,2.7859988018050847,0.7941473297801621,,,,6.042640449438203,,regional_mean,False,False
10.0,2011.0,Summer,27,67.0,2.738863855682357,0.8892849186901314,6.183567350463303,0.8310071059441688,34.93333333333333,136.805,201.0,7.8,0.4636454643681527,2310,False,False
11.0,2011.0,Summer,23,465.0,1.954589515985424,0.7569060006937218,3.581873334080772,0.623375258055201,34.88638888888889,136.66666666666666,201.0,5.4,0.46373887583859613,2411,False,False
12.0,2011.0,Summer,2,13.0,0.2711893730418441,0.1420118343195264,0.3898712452512801,0.3912435636292556,35.608333333333334,139.8983333333333,100.0,10.8,0.47768825343837323,1212,False,False
143.0,2011.0,Summer,8,65.0,1.8392967479776603,0.7928994082840236,1.67689281022913,0.884514765676856,34.60333333333333,134.61388888888888,305.0,7.6,1.082385399248306e-06,28143,False,False
18.0,2011.0,Summer,2,2.0,0.6931471805599453,0.5,1.4426950408889634,1.0,35.559999999999995,139.82444444444445,100.0,1.5,0.4778031123314523,1318,True,True
181.0,2011.0,Summer,3,41.0,0.9393535230803468,0.5520523497917906,0.538565016128782,0.85503642437785,34.282222222222224,134.3538888888889,306.0,7.0,1.050338266185614e-06,37181,False,False
2.0,2011.0,Summer,28,146.0,2.7370199586082373,0.9063614186526552,5.417763087959105,0.8213841468164652,35.64388888888889,139.9933333333333,100.0,9.9,0.47760326398872804,122,False,False
23.0,2011.0,Summer,1,5.0,-0.0,0.0,,,34.656666666666666,135.275,301.0,2.0,1.0330380410700952,2823,True,True
254.0,2011.0,Summer,17,346.0,2.0561021694387698,0.800778509138294,2.7367087239944667,0.7257138519950346,34.11138888888889,133.6275,310.0,7.8,1.2354992871652025e-07,37254,False,False
26.0,2011.0,Summer,15,69.0,2.2269697193401137,0.8594833018273472,3.306482721868059,0.8223517121040479,35.46416666666667,139.85611111111112,100.0,3.8,0.47802883737174107,1326,False,True
27.0,2011.0,Summer,2,3.0,0.6365141682948128,0.4444444444444444,0.9102392266268372,0.9182958340544894,34.666666666666664,136.60027777777776,201.0,4.3,0.44935052538878156,2427,False,False
274.0,2011.0,Summer,4,89.0,1.1669040639747552,0.6203762151243529,0.6683544294720906,0.8417433531447785,34.05333333333333,133.5,310.0,3.3,0.4363776020606364,38274,False,True
313.0,2011.0,Summer,13,1141.0,1.0735786710918391,0.4313666149210259,1.704627695601125,0.4185574533737897,34.38666666666666,133.24749999999997,309.0,7.7,0.8064028823357108,34312,False,False
328.0,2011.0,Summer,7,540.0,1.4189037500152293,0.6882030178326475,0.9536571667431776,0.7291722851150495,34.0,133.17499999999998,310.0,7.6,0.43645341499102913,38328,False,False
35.0,2011.0,Summer,43,165.0,3.149554110964471,0.9298071625344352,8.225704762161312,0.8373800952049837,35.34805555555556,139.80583333333334,100.0,6.4,0.6980006225924529,1235,False,False
396.0,2011.0,Summer,6,70.0,1.7478680974667573,0.8163265306122449,1.176887277761934,0.9755037590061084,34.333333333333336,132.45583333333332,312.0,4.0,3.083075573419973e-06,34396,False,True
4.0,2011.0,Summer,10,154.0,1.0703721374949553,0.5468038455051442,1.7867946574854288,0.4648567128970478,35.60166666666667,140.06416666666667,100.0,1.7,0.4777057070374204,124,True,True
410.0,2011.0,Summer,4,70.0,1.351783994289646,0.7346938775510204,0.7061323666571605,0.9751060324573736,34.30305555555555,132.35305555555556,312.0,5.6,1.4739665288236428,34411,False,False
426.0,2011.0,Summer,4,9.0,1.1490596969706204,0.6172839506172839,1.365358839940256,0.8288713632524446,33.99666666666667,132.29222222222222,312.0,7.8,2.081891068016308e-06,35426,False,False
44.0,2011.0,Summer,17,36.0,2.5721146737487586,0.904320987654321,4.464885012409978,0.9078436253820366,34.436388888888885,135.14,301.0,6.5,0.4497499003868794,2744,False,False
528.0,2011.0,Summer,5,810.0,0.5175331142169597,0.2429507696997409,0.597279310822363,0.3215614036544267,33.30333333333333,131.61333333333332,314.0,6.0,9.243698658432601,44578,False,False
550.0,2011.0,Summer,9,79.0,1.3362820100342816,0.6329113924050633,1.8308949483132388,0.60816815168448,34.03805555555555,131.70083333333332,315.0,7.2,3.110951984571743e-06,35550,False,False
59.0,2011.0,Summer,1,1.0,-0.0,0.0,,,34.72,137.12166666666667,202.0,2.4,0.4640774576398907,2359,False,True
598.0,2011.0,Summer,5,5.0,1.6094379124341005,0.7999999999999999,2.4853397382384474,1.0000000000000002,33.78333333333333,131.32527777777779,316.0,5.7,2.08693947347891e-06,35598,False,False
61.0,2011.0,Summer,1,2.0,-0.0,0.0,,,34.75,137.3,202.0,5.4,1.104548288568557,2361,False,False
617.0,2011.0,Summer,6,70.0,1.7478680974667573,0.8163265306122449,1.176887277761934,0.9755037590061084,33.635,131.13333333333333,316.0,6.35,0.4369762901227268,40617,False,False
79.0,2011.0,Summer,12,280.0,2.193066321705152,0.8596938775510204,1.9521580706071304,0.8825548122269513,34.11277777777778,135.00833333333333,303.0,6.8,3.078671416947404e-06,3079,False,False
,2011.0,Summer,64,1778.0,3.5489381767831407,0.9624848637452376,8.418808273143844,0.8533392513444261,,,,5.994831460674157,,regional_mean,False,False
,2011.0,Summer,21,232.0,2.632087321982382,0.9007134363852556,3.671922957776361,0.864532082066229,,,,5.994831460674157,,regional_mean,False,False
,2011.0,Summer,26,878.0,1.9676791268426372,0.7030162774165762,3.6885959830772954,0.6039351823618873,,,,5.994831460674157,,regional_mean,False,False
,2011.0,Summer,16,254.0,1.5940437803778873,0.5980531961063922,2.7088846865075458,0.5749297642277685,,,,5.994831460674157,,regional_mean,False,False
,2011.0,Summer,11,74.0,1.7174055949529548,0.7012417823228635,2.3233849357411738,0.7162137623086112,,,,5.994831460674157,,regional_mean,False,False
,2011.0,Summer,25,210.0,2.6671504239550887,0.8770975056689342,4.488407959280315,0.8285968670643881,,,,5.994831460674157,,regional_mean,False,False
,2011.0,Summer,16,194.0,2.285843285696059,0.8746944414921883,2.847457077824421,0.8244436931307596,,,,5.994831460674157,,regional_mean,False,False
,2011.0,Summer,14,84.0,1.9264357523624136,0.7267573696145124,2.9339962788336718,0.7299711646064407,,,,5.994831460674157,,regional_mean,False,False
,2011.0,Summer,24,188.0,2.707001891509927,0.9067451335445904,4.39229541036869,0.8517797482409397,,,,5.994831460674157,,regional_mean,False,False
,2011.0,Summer,19,224.0,2.290049687811266,0.8354591836734694,3.326159883244737,0.7777541677768341,,,,5.994831460674157,,regional_mean,False,False
10.0,2012.0,Summer,21,47.0,2.7426815170487164,0.9117247623358986,5.194606043445431,0.9008577118911262,34.93333333333333,136.805,201.0,5.4,0.4636454643681527,2310,False,False
11.0,2012.0,Summer,9,42.0,1.315838280868806,0.5623582766439909,2.140371091352432,0.5988638095720046,34.88638888888889,136.66666666666666,201.0,4.2,0.46373887583859613,2411,False,False
12.0,2012.0,Summer,9,190.0,0.6888076894384032,0.2689196675900277,1.5246737750730317,0.3134898892645154,35.608333333333334,139.8983333333333,100.0,6.6,0.47768825343837323,1212,False,False
143.0,2012.0,Summer,10,80.0,2.1333819302645445,0.859375,2.053844202768018,0.9265160001059995,34.60333333333333,134.61388888888888,305.0,5.3,1.082385399248306e-06,28143,False,False
18.0,2012.0,Summer,3,21.0,1.0124947110267577,0.6077097505668935,0.6569174775061022,0.9216124027287592,35.559999999999995,139.82444444444445,100.0,1.8,0.4778031123314523,1318,True,True
181.0,2012.0,Summer,3,37.5,1.0986122886681096,0.6666666666666667,0.5518244660161065,0.9999999999999998,34.282222222222224,134.3538888888889,306.0,6.3,1.050338266185614e-06,37181,False,False
2.0,2012.0,Summer,3,3.0,1.0986122886681096,0.6666666666666667,1.8204784532536744,0.9999999999999998,35.64388888888889,139.9933333333333,100.0,3.2,0.47760326398872804,122,False,True
254.0,2012.0,Summer,16,321.42852,2.148400606957422,0.8345679012345679,2.5984036301995124,0.7748717253750782,34.11138888888889,133.6275,310.0,6.3,1.2354992871652025e-07,37254,False,False
26.0,2012.0,Summer,6,48.0,0.6995903985811894,0.298611111111111,1.291588834036644,0.3904488356813844,35.46416666666667,139.85611111111112,100.0,1.3,0.47802883737174107,1326,True,True
27.0,2012.0,Summer,6,36.0,0.9318226383470304,0.4475308641975308,1.395276566378118,0.5200601165224975,34.666666666666664,136.60027777777776,201.0,2.8,0.44935052538878156,2427,False,True
274.0,2012.0,Summer,1,8.333333333,-0.0,0.0,,,34.05333333333333,133.5,310.0,7.8,0.4363776020606364,38274,False,False
313.0,2012.0,Summer,15,620.0,1.7069123085864784,0.6446409989594173,2.1773889277467453,0.6303104380752409,34.38666666666666,133.24749999999997,309.0,7.4,0.8064028823357108,34312,False,False
328.0,2012.0,Summer,10,374.99999999984993,1.7848090666535368,0.7664197530864197,1.5184937285474294,0.7751327288985241,34.0,133.17499999999998,310.0,7.2,0.43645341499102913,38328,False,False
35.0,2012.0,Summer,38,639.0,1.6029256310842168,0.5425682245096384,5.727638893316303,0.4406564025427199,35.34805555555556,139.80583333333334,100.0,6.6,0.6980006225924529,1235,False,False
396.0,2012.0,Summer,17,570.0,2.427737581673309,0.8833487226839027,2.521417725536161,0.8568848465882202,34.333333333333336,132.45583333333332,312.0,5.1,3.083075573419973e-06,34396,False,False
4.0,2012.0,Summer,11,158.0,1.0184126075472872,0.465870854029803,1.975271562264564,0.4247110451820476,35.60166666666667,140.06416666666667,100.0,2.2,0.4777057070374204,124,False,True
410.0,2012.0,Summer,9,320.0,1.6989117234101692,0.744140625,1.3868853702548032,0.7732080466120699,34.30305555555555,132.35305555555556,312.0,6.5,1.4739665288236428,34411,False,False
426.0,2012.0,Summer,7,7.0,1.945910149055313,0.8571428571428572,3.0833900542185044,1.0,33.99666666666667,132.29222222222222,312.0,7.6,2.081891068016308e-06,35426,False,False
44.0,2012.0,Summer,29,218.0,1.8593249669085696,0.6583620907331033,5.200116199103062,0.5521715527192151,34.436388888888885,135.14,301.0,5.9,0.4497499003868794,2744,False,False
528.0,2012.0,Summer,5,200.0,1.094408629847781,0.5399999999999999,0.7549566632710194,0.6799943144079456,33.30333333333333,131.61333333333332,314.0,6.3,9.243698658432601,44578,False,False
550.0,2012.0,Summer,11,58.0,2.0204844856238693,0.8341260404280618,2.4627854581449444,0.8426074768753105,34.03805555555555,131.70083333333332,315.0,7.0,3.110951984571743e-06,35550,False,False
59.0,2012.0,Summer,2,3.0,0.6365141682948128,0.4444444444444444,0.9102392266268372,0.9182958340544894,34.72,137.12166666666667,202.0,4.7,0.4640774576398907,2359,False,False
598.0,2012.0,Summer,4,6.0,1.242453324894,0.6666666666666666,1.674331879653742,0.8962406251802889,33.78333333333333,131.32527777777779,316.0,5.7,2.08693947347891e-06,35598,False,False
61.0,2012.0,Summer,4,6.0,1.3296613488547582,0.7222222222222222,1.674331879653742,0.9591479170272448,34.75,137.3,202.0,6.4,1.104548288568557,2361,False,False
617.0,2012.0,Summer,27,510.0,3.15857438192197,0.9519415609381008,4.170402166919168,0.9583527675479984,33.635,131.13333333333333,316.0,2.4,0.4369762901227268,40617,False,True
79.0,2012.0,Summer,8,130.0,1.925121190790818,0.8284023668639053,1.4380997343213109,0.9257875983547232,34.11277777777778,135.00833333333333,303.0,6.4,3.078671416947404e-06,3079,False,False
,2012.0,Summer,25,1816.0,2.0959492107962947,0.8268232451629179,3.1981273645964268,0.6511432328651929,,,,5.970338983050848,,regional_mean,False,False
,2012.0,Summer,89,23982.0,1.0828800451215443,0.524139762036661,8.725779541930597,0.2412492249146405,,,,5.970338983050848,,regional_mean,False,False
,2012.0,Summer,64,5884.0,1.114876326064445,0.3549965085235007,7.258071137261507,0.2680710911362803,,,,5.970338983050848,,regional_mean,False,False
,2012.0,Summer,75,1456.0,3.4690235535867644,0.9525910216157468,10.160022790830306,0.8034819002073414,,,,5.970338983050848,,regional_mean,False,False
,2012.0,Summer,43,302.0,3.01608898209438,0.9026797070303934,7.3549666027091165,0.8018953762948653,,,,5.970338983050848,,regional_mean,False,False
,2012.0,Summer,157,3344.0,4.208711439067312,0.9746206874842608,19.22384235757836,0.8323787254598054,,,,5.970338983050848,,regional_mean,False,False
,2012.0,Summer,127,3114.0,3.8817087844821456,0.9638358105953636,15.664504403021796,0.801312731156286,,,,5.970338983050848,,regional_mean,False,False
,2012.0,Summer,35,928.0,2.644393714443237,0.8915632431629013,4.975829372613837,0.7437791374314676,,,,5.970338983050848,,regional_mean,False,False
,2012.0,Summer,111,1532.0,3.8274716728854106,0.9594823061033888,14.997962969237612,0.8127077456300984,,,,5.970338983050848,,regional_mean,False,False
,2012.0,Summer,18,1686.0,1.872694002021868,0.7830813805408858,2.2879863866116303,0.647907659942318,,,,5.970338983050848,,regional_mean,False,False
,2012.0,Summer,42,918.0,2.612078474985963,0.8488093373393899,6.0097938614864646,0.6988521570254876,,,,5.970338983050848,,regional_mean,False,False
,2012.0,Summer,61,3222.0,2.228030978177031,0.7830530404524142,7.427804007061941,0.5419847584219379,,,,5.970338983050848,,regional_mean,False,False
,2012.0,Summer,5,10.0,1.6094379124341005,0.7999999999999999,1.737177927613007,1.0000000000000002,,,,5.970338983050848,,regional_mean,False,False
,2012.0,Summer,5,20.0,1.3592367006650063,0.6799999999999999,1.3352328027813365,0.8445412464587144,,,,5.970338983050848,,regional_mean,False,False
,2012.0,Summer,6,36.0,1.7399668199837608,0.8148148148148149,1.395276566378118,0.971093972079518,,,,5.970338983050848,,regional_mean,False,False
,2012.0,Summer,2,4.0,0.6931471805599453,0.5,0.7213475204444817,1.0,,,,5.970338983050848,,regional_mean,False,False
,2012.0,Summer,1,4.0,-0.0,0.0,,,,,,5.970338983050848,,regional_mean,False,False
,2012.0,Summer,10,46.0,1.989811962334284,0.8241965973534972,2.350703309078018,0.8641643552668605,,,,5.970338983050848,,regional_mean,False,False
,2012.0,Summer,25,264.0,1.792885873302147,0.644398530762167,4.3041999767282,0.5569913133805211,,,,5.970338983050848,,regional_mean,False,False
10.0,2013.0,Summer,8,13.0,2.031759218569271,0.863905325443787,2.72909871675896,0.9770696496367745,34.93333333333333,136.805,201.0,8.3,0.4636454643681527,2310,False,False
11.0,2013.0,Summer,7,23.0,1.813261632874258,0.8204158790170133,1.913573933422806,0.9318321474167488,34.88638888888889,136.66666666666666,201.0,5.2,0.46373887583859613,2411,False,False
143.0,2013.0,Summer,3,25.0,0.9502705392332348,0.5599999999999999,0.6213349345596119,0.8649735207179272,34.60333333333333,134.61388888888888,305.0,5.8,1.082385399248306e-06,28143,False,False
181.0,2013.0,Summer,1,8.0,-0.0,0.0,,,34.282222222222224,134.3538888888889,306.0,6.5,1.050338266185614e-06,37181,False,False
2.0,2013.0,Summer,6,35.0,1.402420585493961,0.659591836734694,1.4063320703136415,0.7827058316584017,35.64388888888889,139.9933333333333,100.0,14.9,0.47760326398872804,122,False,False
23.0,2013.0,Summer,1,5.0,-0.0,0.0,,,34.656666666666666,135.275,301.0,4.8,1.0330380410700952,2823,False,False
254.0,2013.0,Summer,7,240.0,1.214136818761434,0.5347222222222223,1.0947628705197223,0.6239428985715834,34.11138888888889,133.6275,310.0,7.3,1.2354992871652025e-07,37254,False,False
26.0,2013.0,Summer,2,5.0,0.5004024235381879,0.3199999999999998,0.6213349345596119,0.7219280948873623,35.46416666666667,139.85611111111112,100.0,1.5,0.47802883737174107,1326,True,True
27.0,2013.0,Summer,2,5.0,0.5004024235381879,0.3199999999999998,0.6213349345596119,0.7219280948873623,34.666666666666664,136.60027777777776,201.0,3.9,0.44935052538878156,2427,False,True
274.0,2013.0,Summer,1,17.0,-0.0,0.0,,,34.05333333333333,133.5,310.0,5.7,0.4363776020606364,38274,False,False
313.0,2013.0,Summer,10,1417.0,0.6024119074656504,0.2197272857214715,1.2403020028964042,0.2616241672451443,34.38666666666666,133.24749999999997,309.0,6.5,3.706497861587365e-07,34313,False,False
328.0,2013.0,Summer,3,50.0,1.0065819093461583,0.6088,0.5112444372706629,0.9162303386998126,34.0,133.17499999999998,310.0,7.1,0.43645341499102913,38328,False,False
35.0,2013.0,Summer,8,28.0,1.5297063618815705,0.6887755102040816,2.100711399502892,0.7356332607676134,35.34805555555556,139.80583333333334,100.0,5.5,0.6980006225924529,1235,False,False
396.0,2013.0,Summer,21,680.0,2.6240666185444947,0.9070069204152248,3.0665003732561478,0.8618976119311084,34.333333333333336,132.45583333333332,312.0,6.4,3.083075573419973e-06,34396,False,False
4.0,2013.0,Summer,7,80.0,0.8191295272261625,0.3787499999999999,1.3692294685120123,0.4209493062276425,35.60166666666667,140.06416666666667,100.0,10.9,0.4777057070374204,124,False,False
410.0,2013.0,Summer,7,320.0,1.5310109001067378,0.724609375,1.0401640276911024,0.7867839637148726,34.30305555555555,132.35305555555556,312.0,5.3,6.410112723819321e-07,34410,False,False
426.0,2013.0,Summer,4,9.0,1.310783678099714,0.7160493827160495,1.365358839940256,0.9455305560363264,33.99666666666667,132.29222222222222,312.0,8.5,2.081891068016308e-06,35426,False,False
44.0,2013.0,Summer,34,153.0,2.945739942353772,0.9193899782135077,6.560065051128896,0.8353484908280643,34.436388888888885,135.14,301.0,6.2,0.4497499003868794,2744,False,False
528.0,2013.0,Summer,6,960.0,0.5831350822010636,0.2469618055555555,0.7281270682087045,0.3254538860912487,33.30333333333333,131.61333333333332,314.0,5.3,0.4374461489178894,44528,False,False
550.0,2013.0,Summer,6,42.0,1.4613509177819857,0.7199546485260772,1.33773193209527,0.8155954763345442,34.03805555555555,131.70083333333332,315.0,6.0,3.110951984571743e-06,35550,False,False
59.0,2013.0,Summer,9,14.0,2.1065773332321154,0.8673469387755102,3.0313854535196096,0.958744661315413,34.72,137.12166666666667,202.0,3.8,0.4640774576398907,2359,False,True
598.0,2013.0,Summer,3,6.0,1.0114042647073518,0.6111111111111112,1.1162212531024944,0.920619835714305,33.78333333333333,131.32527777777779,316.0,7.8,2.08693947347891e-06,35598,False,False
61.0,2013.0,Summer,2,2.0,0.6931471805599453,0.5,1.4426950408889634,1.0,34.75,137.3,202.0,2.8,1.104548288568557,2361,False,True
617.0,2013.0,Summer,10,480.0,1.5390296600117368,0.6501736111111112,1.457776451683651,0.668392088828535,33.635,131.13333333333333,316.0,6.02,0.4369762901227268,40617,False,False
79.0,2013.0,Summer,9,130.0,2.098147389135067,0.863905325443787,1.6435425535100694,0.9549080284177106,34.11277777777778,135.00833333333333,303.0,6.6,3.078671416947404e-06,3079,False,False
,2013.0,Summer,29,2182.0,1.5386374240344998,0.6104440884127362,3.642040884509949,0.4569356248217372,,,,6.1017679558011055,,regional_mean,False,False
,2013.0,Summer,50,9210.0,1.3367644034101995,0.5962764827448803,5.368071619517675,0.3417066825924504,,,,6.1017679558011055,,regional_mean,False,False
,2013.0,Summer,22,154.0,2.629963989021346,0.9043683589138136,4.169187534132667,0.8508339916729312,,,,6.1017679558011055,,regional_mean,False,False
,2013.0,Summer,52,1644.0,1.2914456614861936,0.4029664754530226,6.887342917661587,0.3268453564159913,,,,6.1017679558011055,,regional_mean,False,False
,2013.0,Summer,35,428.0,2.9746473146575907,0.9231810638483712,5.611372949933117,0.8366683832950649,,,,6.1017679558011055,,regional_mean,False,False
,2013.0,Summer,160,3192.0,4.272146573841097,0.9754846075087468,19.70650211900005,0.8417734504023617,,,,6.1017679558011055,,regional_mean,False,False
,2013.0,Summer,111,4606.0,3.393603697948392,0.9347761203316334,13.040723090530296,0.7205822136999456,,,,6.1017679558011055,,regional_mean,False,False
,2013.0,Summer,53,1654.0,3.143995419810219,0.9394834843967722,7.016642514077159,0.7918801660599721,,,,6.1017679558011055,,regional_mean,False,False
,2013.0,Summer,75,606.0,3.616883855170698,0.9477066518533042,11.55008368517915,0.8377287348703849,,,,6.1017679558011055,,regional_mean,False,False
,2013.0,Summer,13,1844.0,0.3528637267385783,0.1302412467473802,1.5958099553953544,0.1375714205475769,,,,6.1017679558011055,,regional_mean,False,False
,2013.0,Summer,37,550.0,2.4401918408335503,0.8258380165289256,5.70530368423698,0.6757815879139253,,,,6.1017679558011055,,regional_mean,False,False
,2013.0,Summer,89,7718.0,2.20384866247733,0.7464102083544718,9.830962693802256,0.4909840051509553,,,,6.1017679558011055,,regional_mean,False,False
,2013.0,Summer,31,552.0,2.4122739026447384,0.8475897920604915,4.751686338665004,0.7024702653213316,,,,6.1017679558011055,,regional_mean,False,False
,2013.0,Summer,10,414.0,1.426210668895108,0.7080211906928984,1.4935612639068805,0.6193954235326911,,,,6.1017679558011055,,regional_mean,False,False
,2013.0,Summer,67,1576.0,2.8416458034668928,0.8330123167306553,8.964169476584678,0.6758272389191899,,,,6.1017679558011055,,regional_mean,False,False
,2013.0,Summer,98,1040.0,3.901028137884854,0.9679289940828404,13.96290992077883,0.8508300562724975,,,,6.1017679558011055,,regional_mean,False,False
,2013.0,Summer,55,1356.0,2.4457415754113137,0.8278904638838854,7.487215093039355,0.6103165028613493,,,,6.1017679558011055,,regional_mean,False,False
,2013.0,Summer,131,1448.0,4.323092949784785,0.9799571136412196,17.862200772516825,0.8867524047100839,,,,6.1017679558011055,,regional_mean,False,False
,2013.0,Summer,93,1984.0,3.507502254160171,0.9347867618366286,12.116630011088144,0.7738389988920151,,,,6.1017679558011055,,regional_mean,False,False
,2013.0,Summer,60,1278.0,2.982726566390327,0.9130071683797796,8.248227890852585,0.728499158060974,,,,6.1017679558011055,,regional_mean,False,False
,2013.0,Summer,42,1734.0,2.6818126768727315,0.8702375583519248,5.497315182947938,0.7175092907501093,,,,6.1017679558011055,,regional_mean,False,False
,2013.0,Summer,48,714.0,2.710700415991134,0.8532824894663747,7.152767789256971,0.7002220779425269,,,,6.1017679558011055,,regional_mean,False,False
,2013.0,Summer,42,270.0,3.320532287618206,0.9493552812071332,7.323492280552464,0.8883964145400458,,,,6.1017679558011055,,regional_mean,False,False
,2013.0,Summer,65,734.0,3.361473546563408,0.9373742473401688,9.699160783513854,0.8052615460010848,,,,6.1017679558011055,,regional_mean,False,False
,2013.0,Summer,36,398.0,2.6648815573833096,0.8657357137446025,5.8465348037709735,0.7436493578380312,,,,6.1017679558011055,,regional_mean,False,False
,2013.0,Summer,24,166.0,2.735969242651868,0.9017273914936856,4.499228275229172,0.8608945564500786,,,,6.1017679558011055,,regional_mean,False,False
,2013.0,Summer,40,622.0,2.874206052107567,0.8995771342314492,6.062546741888529,0.7791542358214434,,,,6.1017679558011055,,regional_mean,False,False
,2013.0,Summer,83,1034.0,3.529396731694759,0.937457209237941,11.813536201926148,0.7987155557200898,,,,6.1017679558011055,,regional_mean,False,False
10.0,2014.0,Summer,27,72.0,2.9378013374783483,0.9282407407407408,6.079501947648392,0.8913673391365268,34.93333333333333,136.805,201.0,7.5,0.4636454643681527,2310,False,False
11.0,2014.0,Summer,11,133.0,1.6331542727730946,0.7246311266889027,2.044843780639489,0.6810782319392895,34.88638888888889,136.66666666666666,201.0,1.8,0.46373887583859613,2411,True,True
12.0,2014.0,Summer,10,1258.0,0.6647292618163161,0.2970420153624118,1.2609848528558474,0.288688250366448,35.608333333333334,139.8983333333333,100.0,7.3,0.47768825343837323,1212,False,False
143.0,2014.0,Summer,6,30.22,1.59243840166776,0.7809485349221525,1.4669192300509244,0.8887567940990603,34.60333333333333,134.61388888888888,305.0,6.0,1.082385399248306e-06,28143,False,False
181.0,2014.0,Summer,3,156.0,0.5359610497090694,0.2721893491124261,0.396050896724345,0.4878527713892913,34.282222222222224,134.3538888888889,306.0,6.7,1.050338266185614e-06,37181,False,False
2.0,2014.0,Summer,3,68.0,0.680061017013043,0.3680795847750865,0.4739889436738277,0.6190182141850127,35.64388888888889,139.9933333333333,100.0,10.0,0.47760326398872804,122,False,False
23.0,2014.0,Summer,1,85.0,-0.0,0.0,,,34.656666666666666,135.275,301.0,3.6,1.0330380410700952,2823,False,True
254.0,2014.0,Summer,18,900.0,1.6013066516987997,0.585925925925926,2.4991198822592517,0.5540140804808978,34.11138888888889,133.6275,310.0,6.2,1.2354992871652025e-07,37254,False,False
27.0,2014.0,Summer,1,9.0,-0.0,0.0,,,34.666666666666664,136.60027777777776,201.0,0.7,0.44935052538878156,2427,True,True
274.0,2014.0,Summer,3,40.0,1.039720770839918,0.625,0.5421700613636335,0.946394630357186,34.05333333333333,133.5,310.0,7.2,0.4363776020606364,38274,False,False
313.0,2014.0,Summer,21,1270.0,1.6002407776565035,0.5923491846983694,2.7984661463676006,0.5256130675302568,34.38666666666666,133.24749999999997,309.0,7.3,3.706497861587365e-07,34313,False,False
328.0,2014.0,Summer,10,732.0,1.1696667560455904,0.486428379467885,1.364508715981326,0.5079798178162769,34.0,133.17499999999998,310.0,6.7,0.43645341499102913,38328,False,False
35.0,2014.0,Summer,18,188.0,1.8965778156715725,0.7529425079221368,3.2464792163594667,0.6561708923740828,35.34805555555556,139.80583333333334,100.0,8.8,0.6980006225924529,1235,False,False
396.0,2014.0,Summer,13,520.0,1.9367766100343715,0.8002958579881657,1.918824509201259,0.7550935087276531,34.333333333333336,132.45583333333332,312.0,5.2,3.083075573419973e-06,34396,False,False
4.0,2014.0,Summer,3,178.0,0.1688592704184144,0.0656482767327357,0.3859674918083494,0.1537023317144295,35.60166666666667,140.06416666666667,100.0,8.8,0.4777057070374204,124,False,False
410.0,2014.0,Summer,10,150.0,2.0791512728828505,0.8355555555555556,1.7961794207221955,0.902963924855144,34.30305555555555,132.35305555555556,312.0,6.3,6.410112723819321e-07,34410,False,False
426.0,2014.0,Summer,14,25.0,2.2966816262010967,0.8576,4.038677074637477,0.8702659091289707,33.99666666666667,132.29222222222222,312.0,8.0,2.081891068016308e-06,35426,False,False
44.0,2014.0,Summer,41,159.0,3.159561020728209,0.929868280526878,7.891251916435824,0.8508145160441796,34.436388888888885,135.14,301.0,5.9,0.4497499003868794,2744,False,False
528.0,2014.0,Summer,5,170.3,1.1982552953384888,0.6586421875113139,0.778579474278409,0.7445178755148484,33.30333333333333,131.61333333333332,314.0,6.3,0.4374461489178894,44528,False,False
550.0,2014.0,Summer,9,75.0,1.3091390379685015,0.5859555555555556,1.852929247197734,0.5958148527337254,34.03805555555555,131.70083333333332,315.0,6.8,3.110951984571743e-06,35550,False,False
59.0,2014.0,Summer,1,1.0,-0.0,0.0,,,34.72,137.12166666666667,202.0,7.0,0.4640774576398907,2359,False,False
598.0,2014.0,Summer,6,7.0,1.7478680974667573,0.8163265306122449,2.569491711848753,0.9755037590061084,33.78333333333333,131.32527777777779,316.0,6.4,2.08693947347891e-06,35598,False,False
61.0,2014.0,Summer,1,4.0,-0.0,0.0,,,34.75,137.3,202.0,4.7,1.104548288568557,2361,False,False
617.0,2014.0,Summer,17,720.0,2.186906759864624,0.829861111111111,2.4318876851506723,0.7718821332154616,33.635,131.13333333333333,316.0,6.59,0.4369762901227268,40617,False,False
79.0,2014.0,Summer,13,280.0,2.22428579273227,0.8545918367346939,2.129626986116869,0.8671850718072608,34.11277777777778,135.00833333333333,303.0,6.9,3.078671416947404e-06,3079,False,False
,2014.0,Summer,35,862.0,2.6386350617163754,0.8877751519425499,5.030139954554717,0.7421594218291508,,,,5.988611925257731,,regional_mean,False,False
,2014.0,Summer,58,518.0,3.4324702286324684,0.9447682652315856,9.12003612663807,0.8453437764591496,,,,5.988611925257731,,regional_mean,False,False
,2014.0,Summer,36,362.0,2.646315510342719,0.8678001282012149,5.940616700809533,0.7384684037648294,,,,5.988611925257731,,regional_mean,False,False
,2014.0,Summer,43,386.0,3.058820258520599,0.922065021879782,7.051905113348312,0.813256451247491,,,,5.988611925257731,,regional_mean,False,False
,2014.0,Summer,50,494.0,2.9496966681338126,0.8935075152846301,7.899995068825563,0.7540080066096102,,,,5.988611925257731,,regional_mean,False,False
,2014.0,Summer,187,4000.06,4.289108092350206,0.9714728555957508,22.42567523566284,0.8199233482804652,,,,5.988611925257731,,regional_mean,False,False
,2014.0,Summer,102,2142.0,3.5756384837856943,0.950792517442707,13.16905437639193,0.7731155680559717,,,,5.988611925257731,,regional_mean,False,False
,2014.0,Summer,22,96.0,2.737193089574074,0.9088541666666666,4.600875989096412,0.8855242627289714,,,,5.988611925257731,,regional_mean,False,False
,2014.0,Summer,83,834.0,3.667211070728432,0.9513655262840088,12.19107263973985,0.8299034512034692,,,,5.988611925257731,,regional_mean,False,False
,2014.0,Summer,12,84.0,1.3466180041917608,0.5136054421768708,2.482612235936183,0.5419189506803596,,,,5.988611925257731,,regional_mean,False,False
,2014.0,Summer,30,424.0,2.5535227783519208,0.8444286222855109,4.793599621305645,0.7507717111977845,,,,5.988611925257731,,regional_mean,False,False
,2014.0,Summer,38,1266.0,2.0805865629751934,0.7251209791134772,5.1794485732262805,0.5719690123110904,,,,5.988611925257731,,regional_mean,False,False
,2014.0,Summer,24,254.0,2.1315621607598825,0.8077376154752309,4.153623185978237,0.6707130446958196,,,,5.988611925257731,,regional_mean,False,False
,2014.0,Summer,12,36.0,2.3992042962026154,0.9012345679012346,3.06960844603186,0.9655108357520406,,,,5.988611925257731,,regional_mean,False,False
,2014.0,Summer,63,492.0,3.2676400855152465,0.9196576112102584,10.002454285280749,0.7886878659051478,,,,5.988611925257731,,regional_mean,False,False
,2014.0,Summer,35,198.0,3.0845347103397165,0.930109172533415,6.429327377504726,0.8675760170292686,,,,5.988611925257731,,regional_mean,False,False
,2014.0,Summer,35,156.0,3.309448112505421,0.9543063773833004,6.732865244313866,0.9308366031310646,,,,5.988611925257731,,regional_mean,False,False
,2014.0,Summer,107,1074.0,3.909002204453349,0.9631617822997618,15.188106254021902,0.836538709833459,,,,5.988611925257731,,regional_mean,False,False
,2014.0,Summer,122,1286.0,4.179966287024436,0.9766863627678384,16.901112792860957,0.8700974138335666,,,,5.988611925257731,,regional_mean,False,False
,2014.0,Summer,40,232.0,3.14440849859258,0.9344530321046374,7.160249767663904,0.852402074317135,,,,5.988611925257731,,regional_mean,False,False
,2014.0,Summer,28,474.0,2.6126081458914427,0.8884972137656002,4.382257987801608,0.7840479592154668,,,,5.988611925257731,,regional_mean,False,False
,2014.0,Summer,29,170.0,2.776302091338364,0.8869204152249135,5.451927357196237,0.8244901046753339,,,,5.988611925257731,,regional_mean,False,False
,2014.0,Summer,12,44.0,2.224300499627058,0.859504132231405,2.9068310693009,0.8951243700912563,,,,5.988611925257731,,regional_mean,False,False
,2014.0,Summer,49,940.0,2.387132691611764,0.8021638750565867,7.011516543466754,0.6133717666179634,,,,5.988611925257731,,regional_mean,False,False
,2014.0,Summer,9,28.0,2.0449311748495917,0.8469387755102041,2.400813028003305,0.930688285550101,,,,5.988611925257731,,regional_mean,False,False
,2014.0,Summer,20,110.0,2.4989461089386884,0.8601652892561984,4.0421400625927175,0.8341687042594299,,,,5.988611925257731,,regional_mean,False,False
,2014.0,Summer,45,644.0,2.8323891211262,0.8813896068824505,6.803037968112381,0.7440610058647714,,,,5.988611925257731,,regional_mean,False,False
,2014.0,Summer,114,4624.0,1.6120702086823202,0.5576894583398189,13.390187658785637,0.340372183777221,,,,5.988611925257731,,regional_mean,False,False
11.0,2015.0,Summer,12,139.0,1.4203613834889548,0.6327829822472957,2.229214329443426,0.5715954696367096,34.88638888888889,136.66666666666666,201.0,4.4,0.46373887583859613,2411,False,False
12.0,2015.0,Summer,7,99.0,0.6507550685856026,0.2734414855626974,1.3057330811130556,0.3344219510348546,35.608333333333334,139.8983333333333,100.0,1.9,0.47768825343837323,1212,True,True
143.0,2015.0,Summer,2,30.0,0.6365141682948128,0.4444444444444444,0.294014103795206,0.9182958340544894,34.60333333333333,134.61388888888888,305.0,6.4,1.082385399248306e-06,28143,False,False
15.0,2015.0,Summer,2,8.0,0.3767701612564367,0.21875,0.4808983469629878,0.5435644431995964,35.551111111111105,139.9088888888889,100.0,0.6,0.4778209472003837,1215,True,True
181.0,2015.0,Summer,3,41.6666665,1.0549201679861442,0.6399999999999999,0.5362359507025259,0.9602297178607612,34.282222222222224,134.3538888888889,306.0,6.7,1.050338266185614e-06,37181,False,False
2.0,2015.0,Summer,4,12.0,0.8369882167858358,0.4166666666666667,1.207288813145534,0.603759374819711,35.64388888888889,139.9933333333333,100.0,4.2,0.47760326398872804,122,False,False
23.0,2015.0,Summer,2,60.0,0.4505612088663046,0.2777777777777777,0.2442393366759723,0.6500224216483541,34.656666666666666,135.275,301.0,4.0,1.0330380410700952,2823,False,True
254.0,2015.0,Summer,8,680.0,1.0195501199793853,0.4826989619377163,1.0732751306396515,0.4902999673440023,34.11138888888889,133.6275,310.0,6.2,1.2354992871652025e-07,37254,False,False
26.0,2015.0,Summer,18,224.0,1.995286769784808,0.7833227040816326,3.1413732230644738,0.690321846777638,35.46416666666667,139.85611111111112,100.0,2.7,0.47802883737174107,1326,False,True
27.0,2015.0,Summer,2,3.0,0.6365141682948128,0.4444444444444444,0.9102392266268372,0.9182958340544894,34.666666666666664,136.60027777777776,201.0,2.3,0.44935052538878156,2427,False,True
274.0,2015.0,Summer,1,10.0,-0.0,0.0,,,34.05333333333333,133.5,310.0,8.3,0.4363776020606364,38274,False,False
313.0,2015.0,Summer,3,40.0,1.039720770839918,0.625,0.5421700613636335,0.946394630357186,34.38666666666666,133.24749999999997,309.0,7.2,3.706497861587365e-07,34313,False,False
328.0,2015.0,Summer,1,10.0,-0.0,0.0,,,34.0,133.17499999999998,310.0,7.2,0.43645341499102913,38328,False,False
35.0,2015.0,Summer,10,18.0,1.979596215361333,0.8024691358024691,3.1137863063507423,0.859727712727988,35.34805555555556,139.80583333333334,100.0,4.1,0.6980006225924529,1235,False,False
396.0,2015.0,Summer,11,220.0,1.918386105531941,0.7603305785123967,1.854039774541508,0.800029145265032,34.333333333333336,132.45583333333332,312.0,5.0,3.083075573419973e-06,34396,False,False
4.0,2015.0,Summer,9,58.0,1.7355093321310693,0.7556480380499405,1.9702283665159557,0.7898643361413217,35.60166666666667,140.06416666666667,100.0,4.1,0.4777057070374204,124,False,False
410.0,2015.0,Summer,3,50.0,1.0549201679861442,0.6399999999999999,0.5112444372706629,0.9602297178607612,34.30305555555555,132.35305555555556,312.0,6.0,6.410112723819321e-07,34410,False,False
426.0,2015.0,Summer,6,10.0,1.6094379124341005,0.76,2.1714724095162588,0.8982444017039273,33.99666666666667,132.29222222222222,312.0,7.6,2.081891068016308e-06,35426,False,False
44.0,2015.0,Summer,30,345.0,1.1009310891625617,0.3570006301197226,4.962741434030648,0.3236892675204106,34.436388888888885,135.14,301.0,6.3,0.4497499003868794,2744,False,False
528.0,2015.0,Summer,8,320.0,1.2106791197608946,0.51171875,1.213524698972953,0.5822135873956193,33.30333333333333,131.61333333333332,314.0,5.1,0.4374461489178894,44528,False,False
550.0,2015.0,Summer,14,85.0,1.4001108906272977,0.5373010380622838,2.9261806181631207,0.530534473395247,34.03805555555555,131.70083333333332,315.0,7.4,3.110951984571743e-06,35550,False,False
598.0,2015.0,Summer,5,9.0,1.303092403761719,0.6419753086419753,1.8204784532536744,0.809656833416415,33.78333333333333,131.32527777777779,316.0,6.1,2.08693947347891e-06,35598,False,False
617.0,2015.0,Summer,2,20.0,0.6931471805599453,0.5,0.333808200695334,1.0,33.635,131.13333333333333,316.0,6.4,0.4369762901227268,40617,False,False
79.0,2015.0,Summer,5,60.0,1.5607104090414063,0.7777777777777778,0.9769573467038892,0.9697238998682473,34.11277777777778,135.00833333333333,303.0,6.3,3.078671416947404e-06,3079,False,False
,2015.0,Summer,45,1742.0,2.471444386670282,0.838987083482174,5.8959189482523175,0.6492417946985891,,,,5.6063829787234045,,regional_mean,False,False
,2015.0,Summer,103,4228.0,3.349959521172282,0.9317560364788868,12.216323279505229,0.7227951256006216,,,,5.6063829787234045,,regional_mean,False,False
,2015.0,Summer,74,1340.0,3.3896545607050204,0.9432568500779684,10.13829059886814,0.7875472343708411,,,,5.6063829787234045,,regional_mean,False,False
,2015.0,Summer,62,1574.0,2.613187146237524,0.8549410771284969,8.286494906900055,0.6331722940029666,,,,5.6063829787234045,,regional_mean,False,False
,2015.0,Summer,57,722.0,3.2287594895638563,0.9314385248731978,8.508019768733345,0.7985947433442201,,,,5.6063829787234045,,regional_mean,False,False
,2015.0,Summer,143,2082.0,4.218265246554119,0.9753663670397468,18.58375007648073,0.8499692335387913,,,,5.6063829787234045,,regional_mean,False,False
,2015.0,Summer,117,6436.0,2.9908929572798093,0.9122879730663556,13.22741894487907,0.6280520195671578,,,,5.6063829787234045,,regional_mean,False,False
,2015.0,Summer,42,622.0,2.636719806338388,0.8535891895245087,6.373446574805889,0.7054448561853834,,,,5.6063829787234045,,regional_mean,False,False
,2015.0,Summer,79,1026.0,3.702974984145747,0.9634797411549232,11.24985446734365,0.847469774025343,,,,5.6063829787234045,,regional_mean,False,False
,2015.0,Summer,21,734.0,1.7438401492294076,0.6957361031710088,3.0309877448480798,0.5727795360028236,,,,5.6063829787234045,,regional_mean,False,False
,2015.0,Summer,37,950.0,2.401733855640484,0.8471047091412742,5.250521344811136,0.6651311145098084,,,,5.6063829787234045,,regional_mean,False,False
,2015.0,Summer,85,6038.0,2.6260095759147912,0.7729439288173905,9.64870876567604,0.5910906403194321,,,,5.6063829787234045,,regional_mean,False,False
,2015.0,Summer,55,678.0,2.9674889248083005,0.8902463431400701,8.283291911488673,0.7405146484309995,,,,5.6063829787234045,,regional_mean,False,False
,2015.0,Summer,9,144.0,1.3227160388579986,0.5679012345679013,1.6097184175273789,0.6019940121285092,,,,5.6063829787234045,,regional_mean,False,False
,2015.0,Summer,90,1328.0,3.4171939392548616,0.936683480911598,12.375842953538386,0.7594085504963269,,,,5.6063829787234045,,regional_mean,False,False
,2015.0,Summer,38,358.0,2.933011792311078,0.9110202552978997,6.291946679929535,0.8063071673144081,,,,5.6063829787234045,,regional_mean,False,False
,2015.0,Summer,63,720.0,3.35903206680513,0.9456327160493828,9.423564779958856,0.8107465213255767,,,,5.6063829787234045,,regional_mean,False,False
,2015.0,Summer,89,580.0,3.9450956623032822,0.9692984542211652,13.829893341353584,0.8789073868638433,,,,5.6063829787234045,,regional_mean,False,False
,2015.0,Summer,136,2748.0,3.567161266426734,0.920105981536923,17.04840647414627,0.7261168043340529,,,,5.6063829787234045,,regional_mean,False,False
,2015.0,Summer,28,172.0,2.8458215589969877,0.9145484045429962,5.245270319690426,0.8540356842765803,,,,5.6063829787234045,,regional_mean,False,False
,2015.0,Summer,22,316.0,2.1653355828991723,0.8074026598301554,3.6485303234095054,0.7005195223205706,,,,5.6063829787234045,,regional_mean,False,False
,2015.0,Summer,55,1664.0,2.467702021070968,0.8188736593934911,7.280591663530064,0.6157965676936376,,,,5.6063829787234045,,regional_mean,False,False
,2015.0,Summer,33,226.0,2.941211694332437,0.9134622914871956,5.903476318167126,0.8411855666340544,,,,5.6063829787234045,,regional_mean,False,False
,2015.0,Summer,70,1576.0,2.809066963866547,0.8499671467958464,9.371631725520343,0.6611910344311764,,,,5.6063829787234045,,regional_mean,False,False
,2015.0,Summer,17,78.0,2.574767389146157,0.905982905982906,3.6724969779900265,0.9087799175264188,,,,5.6063829787234045,,regional_mean,False,False
,2015.0,Summer,33,348.0,2.843246914495464,0.9108865107676049,5.4680268002677135,0.8131676721737074,,,,5.6063829787234045,,regional_mean,False,False
,2015.0,Summer,55,634.0,3.076672107401996,0.8961577884146523,8.369434327193524,0.7677604943706505,,,,5.6063829787234045,,regional_mean,False,False
,2015.0,Summer,133,1908.0,4.029493134914405,0.963866144535422,17.474623416723084,0.8239683976059239,,,,5.6063829787234045,,regional_mean,False,False
10.0,2016.0,Summer,17,25.0,2.7334017778086714,0.928,4.970679476476895,0.9647708964603958,34.93333333333333,136.805,201.0,4.8,0.4636454643681527,2310,False,False
11.0,2016.0,Summer,13,149.0,1.767199436765588,0.7594252511148146,2.398107267006872,0.6889802450191606,34.88638888888889,136.66666666666666,201.0,4.8,0.46373887583859613,2411,False,False
12.0,2016.0,Summer,4,45.0,0.9332430718573717,0.5609876543209877,0.7880919330415892,0.6731925758563063,35.608333333333334,139.8983333333333,100.0,3.3,0.47768825343837323,1212,False,True
143.0,2016.0,Summer,8,50.0,2.025326220770068,0.86,1.7893555304473203,0.9739760316291208,34.60333333333333,134.61388888888888,305.0,5.8,1.082385399248306e-06,28143,False,False
15.0,2016.0,Summer,1,1.0,-0.0,0.0,,,35.551111111111105,139.9088888888889,100.0,1.6,0.4778209472003837,1215,True,True
18.0,2016.0,Summer,1,1.0,-0.0,0.0,,,35.559999999999995,139.82444444444445,100.0,1.6,0.4778031123314523,1318,True,True
181.0,2016.0,Summer,4,341.0,0.4174941351377866,0.1805970020897653,0.5144136583145612,0.3011583591817557,34.282222222222224,134.3538888888889,306.0,7.2,1.050338266185614e-06,37181,False,False
2.0,2016.0,Summer,4,199.0,1.1396596220944155,0.6374081462589328,0.5667536821207241,0.8220906425485017,35.64388888888889,139.9933333333333,100.0,4.0,0.47760326398872804,122,False,True
23.0,2016.0,Summer,8,960.0,0.918849588858551,0.5303276909722223,1.0193778954921864,0.4418732483896981,34.656666666666666,135.275,301.0,2.6,1.0330380410700952,2823,False,True
254.0,2016.0,Summer,9,620.0,0.7684688674890592,0.2929240374609779,1.2442222444267117,0.3497452538150213,34.11138888888889,133.6275,310.0,6.1,1.2354992871652025e-07,37254,False,False
26.0,2016.0,Summer,9,126.0,1.402981588407108,0.6477702191987906,1.6541632919497766,0.6385244380016889,35.46416666666667,139.85611111111112,100.0,0.8,0.47802883737174107,1326,True,True
274.0,2016.0,Summer,5,110.0,1.159588814308626,0.5619834710743803,0.8509768552826774,0.720493040054508,34.05333333333333,133.5,310.0,5.1,0.4363776020606364,38274,False,False
313.0,2016.0,Summer,8,440.0,1.4972484350138824,0.703512396694215,1.1500343472627503,0.7200242973910965,34.38666666666666,133.24749999999997,309.0,8.4,3.706497861587365e-07,34313,False,False
328.0,2016.0,Summer,9,199.0,1.848965289490125,0.7992222418625792,1.511343152321931,0.8415003675826789,34.0,133.17499999999998,310.0,9.6,0.43645341499102913,38328,False,False
35.0,2016.0,Summer,56,441.0,3.0790371305786595,0.8974244270648547,9.032615315708904,0.7649113337513959,35.34805555555556,139.80583333333334,100.0,5.7,0.6980006225924529,1235,False,False
396.0,2016.0,Summer,17,630.0,2.1437312934765576,0.7770219198790628,2.482267372509709,0.7566430879530764,34.333333333333336,132.45583333333332,312.0,4.2,3.083075573419973e-06,34396,False,False
4.0,2016.0,Summer,15,126.0,2.188291542792199,0.8653313177122701,2.894785760912109,0.8080690460987531,35.60166666666667,140.06416666666667,100.0,3.8,0.4777057070374204,124,False,True
410.0,2016.0,Summer,10,200.0,2.1081697690535046,0.855,1.6986524923597937,0.9155664976151896,34.30305555555555,132.35305555555556,312.0,5.2,6.410112723819321e-07,34410,False,False
426.0,2016.0,Summer,17,52.0,2.371348123102273,0.8653846153846154,4.04935790843707,0.8369818418641549,33.99666666666667,132.29222222222222,312.0,7.8,2.081891068016308e-06,35426,False,False
44.0,2016.0,Summer,25,53.0,2.919602462256307,0.9255962976148095,6.044895570040792,0.907025502413052,34.436388888888885,135.14,301.0,5.8,0.4497499003868794,2744,False,False
528.0,2016.0,Summer,4,1050.0,0.4595156417806467,0.222766439909297,0.4312485305408844,0.3314704688039241,33.30333333333333,131.61333333333332,314.0,5.8,0.4374461489178894,44528,False,False
550.0,2016.0,Summer,15,78.0,1.7208274146011775,0.6788297172912559,3.2134348557412733,0.6354488605494756,34.03805555555555,131.70083333333332,315.0,6.8,3.110951984571743e-06,35550,False,False
59.0,2016.0,Summer,1,1.0,-0.0,0.0,,,34.72,137.12166666666667,202.0,3.3,0.4640774576398907,2359,False,True
598.0,2016.0,Summer,6,10.0,1.6957425341696346,0.7999999999999999,2.1714724095162588,0.9464119282150146,33.78333333333333,131.32527777777779,316.0,7.3,2.08693947347891e-06,35598,False,False
617.0,2016.0,Summer,15,330.0,2.302846753623138,0.8539944903581267,2.4141707736349978,0.8503707769840643,33.635,131.13333333333333,316.0,8.0,0.4369762901227268,40617,False,False
79.0,2016.0,Summer,8,300.0,1.4981727034911143,0.6688888888888889,1.2272557782670226,0.7204687765739475,34.11277777777778,135.00833333333333,303.0,6.7,3.078671416947404e-06,3079,False,False
9.0,2016.0,Summer,2,4.0,0.5623351446188083,0.375,0.7213475204444817,0.8112781244591328,35.53722222222222,140.0225,100.0,3.7,0.4778553138512997,129,False,True
10.0,2017.0,Summer,9,24.0,1.7287752219924015,0.7569444444444444,2.517263843552999,0.7867995105390013,34.93333333333333,136.805,201.0,6.9,0.4636454643681527,2310,False,False
11.0,2017.0,Summer,5,27.0,1.3731530496710267,0.7050754458161865,1.2136523021691166,0.8531879602576788,34.88638888888889,136.66666666666666,201.0,5.9,0.46373887583859613,2411,False,False
12.0,2017.0,Summer,3,32.0,0.6747074674188231,0.365234375,0.5770780163555853,0.6141452033426616,35.608333333333334,139.8983333333333,100.0,5.9,0.47768825343837323,1212,False,False
143.0,2017.0,Summer,11,115.0,2.125615691344483,0.8506616257088847,2.1075117050092493,0.8864505950102923,34.60333333333333,134.61388888888888,305.0,6.0,1.082385399248306e-06,28143,False,False
18.0,2017.0,Summer,1,8.0,-0.0,0.0,,,35.559999999999995,139.82444444444445,100.0,0.5,0.4778031123314523,1318,True,True
181.0,2017.0,Summer,5,233.0,0.6977752120266199,0.3121074250769032,0.7338051334757089,0.4335521157018791,34.282222222222224,134.3538888888889,306.0,6.8,1.050338266185614e-06,37181,False,False
2.0,2017.0,Summer,15,276.0,1.7654569399792572,0.768982356647763,2.49092552906609,0.6519291774061996,35.64388888888889,139.9933333333333,100.0,4.8,0.47760326398872804,122,False,False
23.0,2017.0,Summer,3,70.0,0.6559757323365467,0.3571428571428572,0.4707549111047736,0.5970948432879916,34.656666666666666,135.275,301.0,3.0,1.0330380410700952,2823,False,True
26.0,2017.0,Summer,11,136.0,1.9144852734591984,0.810553633217993,2.0355592307196484,0.7984023719371918,35.46416666666667,139.85611111111112,100.0,4.4,0.47802883737174107,1326,False,False
27.0,2017.0,Summer,3,8.0,0.7356219397587946,0.40625,0.9617966939259756,0.6695919455357792,34.666666666666664,136.60027777777776,201.0,2.5,0.44935052538878156,2427,False,True
274.0,2017.0,Summer,3,116.0,0.7547005497075601,0.4368311533888228,0.4207346278486228,0.6869580447006585,34.05333333333333,133.5,310.0,7.6,0.4363776020606364,38274,False,False
313.0,2017.0,Summer,5,470.0,0.4806067861989658,0.1982797645993663,0.6501176304055847,0.2986177860518398,34.38666666666666,133.24749999999997,309.0,7.1,3.706497861587365e-07,34313,False,False
328.0,2017.0,Summer,8,516.0,1.591713505321144,0.733497085511688,1.1206981024859752,0.7654523935476011,34.0,133.17499999999998,310.0,7.9,0.43645341499102913,38328,False,False
35.0,2017.0,Summer,37,162.0,3.081172173844395,0.9346136259716508,7.076033086723978,0.8532933310544564,35.34805555555556,139.80583333333334,100.0,5.8,0.6980006225924529,1235,False,False
396.0,2017.0,Summer,19,1050.0,2.129256726713551,0.7807709750566894,2.587491183245307,0.7231451362311253,34.333333333333336,132.45583333333332,312.0,4.9,3.083075573419973e-06,34396,False,False
4.0,2017.0,Summer,6,37.0,0.9110962905654578,0.4119795471146822,1.3846894670442869,0.5084925215760049,35.60166666666667,140.06416666666667,100.0,1.3,0.4777057070374204,124,True,True
410.0,2017.0,Summer,17,810.0,1.6577804321028538,0.6060051821368695,2.389117243289452,0.5851237555338721,34.30305555555555,132.35305555555556,312.0,2.9,6.410112723819321e-07,34410,False,True
426.0,2017.0,Summer,11,33.0,1.7729265974041584,0.7456382001836548,2.859996675026744,0.7393678187351082,33.99666666666667,132.29222222222222,312.0,7.7,2.081891068016308e-06,35426,False,False
44.0,2017.0,Summer,28,119.0,2.687166452063872,0.8971117858908269,5.649571524761163,0.8064230283160453,34.436388888888885,135.14,301.0,6.7,0.4497499003868794,2744,False,False
528.0,2017.0,Summer,3,1250.0,0.1879602446757005,0.077312,0.2804695519592561,0.1710887877502007,33.30333333333333,131.61333333333332,314.0,6.2,0.4374461489178894,44528,False,False
550.0,2017.0,Summer,8,18.0,1.7485471551746845,0.7716049382716049,2.421833793828355,0.8408734365103406,34.03805555555555,131.70083333333332,315.0,6.8,3.110951984571743e-06,35550,False,False
59.0,2017.0,Summer,4,9.0,1.2730283365896256,0.691358024691358,1.365358839940256,0.9182958340544894,34.72,137.12166666666667,202.0,2.4,0.4640774576398907,2359,False,True
598.0,2017.0,Summer,2,5.0,0.5004024235381879,0.3199999999999998,0.6213349345596119,0.7219280948873623,33.78333333333333,131.32527777777779,316.0,7.3,2.08693947347891e-06,35598,False,False
61.0,2017.0,Summer,1,1.0,-0.0,0.0,,,34.75,137.3,202.0,3.2,1.104548288568557,2361,False,True
617.0,2017.0,Summer,8,360.0,1.3409563061456191,0.5941358024691357,1.1892416380339466,0.6448636709750225,33.635,131.13333333333333,316.0,5.7,0.4369762901227268,40617,False,False
79.0,2017.0,Summer,9,140.0,1.615223332821734,0.6811224489795918,1.61889495755458,0.735119818648639,34.11277777777778,135.00833333333333,303.0,6.5,3.078671416947404e-06,3079,False,False
10.0,2018.0,Summer,12,54.0,1.8129762757675432,0.7469135802469136,2.757594382828965,0.7295953254108025,34.93333333333333,136.805,201.0,5.3,0.4636454643681527,2310,False,False
11.0,2018.0,Summer,9,18.0,1.9559838465843624,0.8209876543209876,2.767810050089549,0.8902066119047682,34.88638888888889,136.66666666666666,201.0,3.5,0.46373887583859613,2411,False,True
12.0,2018.0,Summer,7,366.0,1.2927252326446244,0.6862999790976141,1.0164954624654836,0.6643293541956228,35.608333333333334,139.8983333333333,100.0,5.0,0.47768825343837323,1212,False,False
15.0,2018.0,Summer,1,1.0,-0.0,0.0,,,35.551111111111105,139.9088888888889,100.0,2.7,0.4778209472003837,1215,False,True
2.0,2018.0,Summer,9,33.0,1.7450700293734644,0.7731864095500459,2.287997340021395,0.7942155969732873,35.64388888888889,139.9933333333333,100.0,10.0,0.47760326398872804,122,False,False
26.0,2018.0,Summer,9,53.0,1.489971331445449,0.6585973656105375,2.0149651900135974,0.6781151762155323,35.46416666666667,139.85611111111112,100.0,3.4,0.47802883737174107,1326,False,True
28.0,2018.0,Summer,4,22.0,0.9450230556973244,0.4958677685950413,0.9705463594460176,0.6816900379901324,34.669999999999995,136.7161111111111,201.0,1.1,1.0161252080743005e-06,2428,True,True
35.0,2018.0,Summer,19,52.0,2.684135348325084,0.9134615384615384,4.555527646991703,0.911594829207482,35.34805555555556,139.80583333333334,100.0,6.8,0.6980006225924529,1235,False,False
4.0,2018.0,Summer,9,66.0,1.728278671078423,0.7736455463728191,1.9094652167282435,0.7865735204790409,35.60166666666667,140.06416666666667,100.0,8.0,0.4777057070374204,124,False,False
426.0,2018.0,Summer,5,21.0,1.301467358086001,0.6575963718820862,1.3138349550122044,0.8086471357678363,33.99666666666667,132.29222222222222,312.0,7.7,2.081891068016308e-06,35426,False,False
44.0,2018.0,Summer,16,31.0,2.604012424383912,0.9136316337148804,4.368100143299437,0.939198952767979,34.436388888888885,135.14,301.0,6.2,0.4497499003868794,2744,False,False
550.0,2018.0,Summer,6,46.0,1.3952190286248871,0.6833648393194707,1.3059462828211212,0.7786865662420583,34.03805555555555,131.70083333333332,315.0,5.4,3.110951984571743e-06,35550,False,False
59.0,2018.0,Summer,1,1.0,-0.0,0.0,,,34.72,137.12166666666667,202.0,4.7,0.4640774576398907,2359,False,False
598.0,2018.0,Summer,1,1.0,-0.0,0.0,,,33.78333333333333,131.32527777777779,316.0,6.1,2.08693947347891e-06,35598,False,False
61.0,2018.0,Summer,1,1.0,-0.0,0.0,,,34.75,137.3,202.0,11.6,1.104548288568557,2361,False,False
9.0,2018.0,Summer,1,1.0,-0.0,0.0,,,35.53722222222222,140.0225,100.0,3.2,0.4778553138512997,129,False,True
10.0,2019.0,Summer,31,78.0,2.9691275547122737,0.9243918474687706,6.8859318337313,0.864629766480866,34.93333333333333,136.805,201.0,6.3,0.4636454643681527,2310,False,False
11.0,2019.0,Summer,27,231.0,2.4236892280992475,0.8535447236745939,4.777288584397768,0.7353790028562852,34.88638888888889,136.66666666666666,201.0,2.8,0.46373887583859613,2411,False,True
12.0,2019.0,Summer,5,391.0,0.8260986923528555,0.4547981763593905,0.6701618331607131,0.5132839769528423,35.608333333333334,139.8983333333333,100.0,0.5,0.47768825343837323,1212,True,True
143.0,2019.0,Summer,1,9.0,-0.0,0.0,,,34.60333333333333,134.61388888888888,305.0,6.3,1.082385399248306e-06,28143,False,False
181.0,2019.0,Summer,3,125.0,0.6592855313193172,0.3594239999999999,0.4142232897064078,0.6001075521543588,34.282222222222224,134.3538888888889,306.0,6.6,1.050338266185614e-06,37181,False,False
2.0,2019.0,Summer,10,490.0,1.1731390505554449,0.6091295293627655,1.4529239582743867,0.5094878161614496,35.64388888888889,139.9933333333333,100.0,1.1,0.47760326398872804,122,True,True
23.0,2019.0,Summer,6,119.0,1.579367310308059,0.7551726572982134,1.046216949029845,0.8814616791105889,34.656666666666666,135.275,301.0,3.5,1.0330380410700952,2823,False,True
254.0,2019.0,Summer,16,568.0,2.060604995906281,0.8018312338821663,2.36513920337789,0.7432061522062539,34.11138888888889,133.6275,310.0,5.1,1.2354992871652025e-07,37254,False,False
26.0,2019.0,Summer,8,45.0,1.1637679877899074,0.505679012345679,1.8388811770970412,0.5596541015766091,35.46416666666667,139.85611111111112,100.0,7.3,0.47802883737174107,1326,False,False
27.0,2019.0,Summer,6,15.0,1.617053152509554,0.7733333333333333,1.8463468653442756,0.9024945481137768,34.666666666666664,136.60027777777776,201.0,2.2,0.44935052538878156,2427,False,True
274.0,2019.0,Summer,2,30.0,0.6931471805599453,0.5,0.294014103795206,1.0,34.05333333333333,133.5,310.0,5.4,0.4363776020606364,38274,False,False
313.0,2019.0,Summer,9,419.0,1.3597810256921852,0.6248426472849893,1.3249703589395656,0.6188630146039511,34.38666666666666,133.24749999999997,309.0,7.2,3.706497861587365e-07,34313,False,False
328.0,2019.0,Summer,11,359.0,1.3738002825871682,0.5842754168574111,1.6997198758930332,0.5729192171866322,34.0,133.17499999999998,310.0,6.9,0.43645341499102913,38328,False,False
35.0,2019.0,Summer,17,71.0,2.1579798736813065,0.79071612775243,3.753507291545769,0.7616722115927208,35.34805555555556,139.80583333333334,100.0,4.3,0.6980006225924529,1235,False,False
396.0,2019.0,Summer,16,313.0,2.1654467896631986,0.7896783676469087,2.6104193504145776,0.7810198361890057,34.333333333333336,132.45583333333332,312.0,3.9,3.083075573419973e-06,34396,False,True
4.0,2019.0,Summer,19,325.0,1.6195838377644296,0.6720189349112426,3.1121272570602767,0.5500483620899923,35.60166666666667,140.06416666666667,100.0,1.0,0.4777057070374204,124,True,True
410.0,2019.0,Summer,7,144.0,1.7868083399845722,0.8125,1.207288813145534,0.9182378440505176,34.30305555555555,132.35305555555556,312.0,6.0,6.410112723819321e-07,34410,False,False
426.0,2019.0,Summer,5,11.0,1.4681399390162089,0.743801652892562,1.6681295656969852,0.9122066329329884,33.99666666666667,132.29222222222222,312.0,8.4,2.081891068016308e-06,35426,False,False
44.0,2019.0,Summer,6,9.0,1.6769877743224173,0.7901234567901234,2.275598066567093,0.935944697445866,34.436388888888885,135.14,301.0,6.5,0.4497499003868794,2744,False,False
528.0,2019.0,Summer,2,27.0,0.6365141682948128,0.4444444444444444,0.3034130755422791,0.9182958340544894,33.30333333333333,131.61333333333332,314.0,4.0,0.4374461489178894,44528,False,True
550.0,2019.0,Summer,6,17.0,1.3945573191650285,0.6643598615916955,1.7647806193238058,0.7783172591608217,34.03805555555555,131.70083333333332,315.0,8.0,3.110951984571743e-06,35550,False,False
59.0,2019.0,Summer,11,17.0,2.2623862541833204,0.8788927335640139,3.529561238647612,0.9434883499074128,34.72,137.12166666666667,202.0,5.6,0.4640774576398907,2359,False,False
598.0,2019.0,Summer,4,6.0,1.242453324894,0.6666666666666666,1.674331879653742,0.8962406251802889,33.78333333333333,131.32527777777779,316.0,7.6,2.08693947347891e-06,35598,False,False
61.0,2019.0,Summer,1,1.0,-0.0,0.0,,,34.75,137.3,202.0,1.9,1.104548288568557,2361,True,True
617.0,2019.0,Summer,4,196.0,0.6678873915182968,0.320960016659725,0.5683847725349268,0.4817789138078561,33.635,131.13333333333333,316.0,8.5,0.4369762901227268,40617,False,False
79.0,2019.0,Summer,18,286.0,2.648631908226103,0.911071446036481,3.0056620604505087,0.9163637518220084,34.11277777777778,135.00833333333333,303.0,6.4,3.078671416947404e-06,3079,False,False
10.0,2020.0,Summer,28,73.0,2.8865739774091,0.9198723963220116,6.29303233612975,0.8662655514073856,34.93333333333333,136.805,201.0,6.5,0.4636454643681527,2310,False,False
12.0,2020.0,Summer,4,389.0,0.5469333988874541,0.2789963058663371,0.5030535903257938,0.3945290511357376,35.608333333333334,139.8983333333333,100.0,1.8,0.47768825343837323,1212,True,True
143.0,2020.0,Summer,11,117.0,2.3516733019046305,0.8994082840236686,2.09988130146378,0.9807239409418416,34.60333333333333,134.61388888888888,305.0,5.4,1.082385399248306e-06,28143,False,False
15.0,2020.0,Summer,2,25.0,0.2787693717685874,0.1472,0.3106674672798059,0.4021791902022729,35.551111111111105,139.9088888888889,100.0,1.2,0.4778209472003837,1215,True,True
18.0,2020.0,Summer,6,132.0,0.9910130243251192,0.5071166207529845,1.02400221824922,0.5530948999265388,35.559999999999995,139.82444444444445,100.0,0.9,0.4778031123314523,1318,True,True
181.0,2020.0,Summer,10,321.0,1.898293107600297,0.8002445628439165,1.559402549205777,0.8244182216657848,34.282222222222224,134.3538888888889,306.0,7.0,1.050338266185614e-06,37181,False,False
2.0,2020.0,Summer,20,480.0,1.2300705204364306,0.4757899305555553,3.0775280646654863,0.410607627155258,35.64388888888889,139.9933333333333,100.0,8.5,0.47760326398872804,122,False,False
23.0,2020.0,Summer,5,404.0,1.0839201613273295,0.5921233212430154,0.666509495067422,0.6734774625061604,34.656666666666666,135.275,301.0,5.9,1.0330380410700952,2823,False,False
254.0,2020.0,Summer,9,355.0,1.88775610145654,0.7992699861138663,1.3623704916714006,0.8591548269249473,34.11138888888889,133.6275,310.0,6.4,1.2354992871652025e-07,37254,False,False
26.0,2020.0,Summer,9,197.0,0.9899412087864048,0.4372181710427993,1.5142327289943405,0.4505416601458868,35.46416666666667,139.85611111111112,100.0,2.7,0.47802883737174107,1326,False,True
274.0,2020.0,Summer,2,177.0,0.5607781057608533,0.3735835807079704,0.1931937930054338,0.8090317922202898,34.05333333333333,133.5,310.0,4.6,0.4363776020606364,38274,False,False
313.0,2020.0,Summer,5,35.0,1.6094379124341005,0.7999999999999999,1.1250656562509134,1.0000000000000002,34.38666666666666,133.24749999999997,309.0,6.4,3.706497861587365e-07,34313,False,False
328.0,2020.0,Summer,6,338.0,1.1783537775224988,0.5641083995658416,0.8586571512133432,0.6576517650721109,34.0,133.17499999999998,310.0,6.4,11.759169950209715,38308,False,False
35.0,2020.0,Summer,18,128.0,2.266060236616767,0.8572998046875,3.503687956444625,0.7840030371270236,35.34805555555556,139.80583333333334,100.0,8.5,0.6980006225924529,1235,False,False
396.0,2020.0,Summer,7,72.0,1.9061547465398496,0.84375,1.4029619879188595,0.979569764547061,34.333333333333336,132.45583333333332,312.0,3.2,3.083075573419973e-06,34396,False,True
4.0,2020.0,Summer,21,153.0,1.732003352541247,0.617283950617284,3.975797000684179,0.5688916366917541,35.60166666666667,140.06416666666667,100.0,7.7,0.4777057070374204,124,False,False
410.0,2020.0,Summer,1,9.0,-0.0,0.0,,,34.30305555555555,132.35305555555556,312.0,4.7,6.410112723819321e-07,34410,False,False
44.0,2020.0,Summer,10,16.0,2.0963525794641384,0.84375,3.246063842000168,0.9104343573849236,34.436388888888885,135.14,301.0,6.0,0.4497499003868794,2744,False,False
528.0,2020.0,Summer,2,18.0,0.6931471805599453,0.5,0.3459762562611936,1.0,33.30333333333333,131.61333333333332,314.0,5.9,0.4374461489178894,44528,False,False
617.0,2020.0,Summer,4,63.0,1.277034259466139,0.6938775510204082,0.7240894149278252,0.9211854965885544,33.635,131.13333333333333,316.0,6.8,0.4369762901227268,40617,False,False
79.0,2020.0,Summer,8,90.0,1.9730014063936128,0.84,1.555621351310673,0.9488131148903386,34.11277777777778,135.00833333333333,303.0,6.4,3.078671416947404e-06,3079,False,False
9.0,2020.0,Summer,3,23.0,0.4702359623552492,0.2344045368620038,0.637857977807602,0.4280272187063686,35.53722222222222,140.0225,100.0,0.7,0.4778553138512997,129,True,True
10.0,2021.0,Summer,24,48.0,2.899578881718965,0.9288194444444444,5.941308636568562,0.9123756350601236,34.93333333333333,136.805,201.0,4.5,0.4636454643681527,2310,False,False
11.0,2021.0,Summer,10,59.0,1.7807858972574324,0.7888537776501006,2.207214556288473,0.773385488630034,34.88638888888889,136.66666666666666,201.0,2.0,0.46373887583859613,2411,True,True
12.0,2021.0,Summer,3,257.0,0.6565154408933684,0.4334963436236733,0.3604203599666024,0.5975861071873568,35.608333333333334,139.8983333333333,100.0,2.6,0.47768825343837323,1212,False,True
143.0,2021.0,Summer,9,220.0,1.862614239224064,0.7930991735537191,1.4832318196332064,0.8477122723077235,34.60333333333333,134.61388888888888,305.0,6.0,1.082385399248306e-06,28143,False,False
15.0,2021.0,Summer,1,1.0,-0.0,0.0,,,35.551111111111105,139.9088888888889,100.0,0.5,0.4778209472003837,1215,True,True
18.0,2021.0,Summer,1,1.0,-0.0,0.0,,,35.559999999999995,139.82444444444445,100.0,2.7,0.4778031123314523,1318,False,True
181.0,2021.0,Summer,5,164.0,1.2987272973020971,0.6469363474122546,0.7843342676930767,0.8069446402799803,34.282222222222224,134.3538888888889,306.0,5.9,1.050338266185614e-06,37181,False,False
2.0,2021.0,Summer,9,110.0,1.13283303356606,0.5249586776859503,1.7019537105653548,0.5155745321852522,35.64388888888889,139.9933333333333,100.0,2.2,0.47760326398872804,122,False,True
23.0,2021.0,Summer,4,156.0,1.2409737358429085,0.6918145956607494,0.5940763450865176,0.8951733272870072,34.656666666666666,135.275,301.0,1.4,1.0330380410700952,2823,True,True
254.0,2021.0,Summer,8,281.0,1.885446391972587,0.8261293549980371,1.241496927831103,0.9067080531869468,34.11138888888889,133.6275,310.0,5.7,1.2354992871652025e-07,37254,False,False
26.0,2021.0,Summer,5,34.0,1.1285346566311305,0.5484429065743944,1.1343139682053336,0.7011980070261573,35.46416666666667,139.85611111111112,100.0,5.0,0.47802883737174107,1326,False,False
27.0,2021.0,Summer,4,24.0,0.623848004006291,0.2951388888888887,0.9439739413323746,0.4500112108241771,34.666666666666664,136.60027777777776,201.0,1.6,0.44935052538878156,2427,True,True
274.0,2021.0,Summer,1,15.0,-0.0,0.0,,,34.05333333333333,133.5,310.0,3.6,0.4363776020606364,38274,False,True
313.0,2021.0,Summer,3,1742.0,0.0646881997192193,0.020505746459788,0.2679963158296508,0.0588817368843045,34.38666666666666,133.24749999999997,309.0,6.8,3.706497861587365e-07,34313,False,False
328.0,2021.0,Summer,13,437.0,1.539316633860751,0.6047787860856997,1.9737058969134504,0.6001352928792997,34.0,133.17499999999998,310.0,6.9,0.43645341499102913,38328,False,False
35.0,2021.0,Summer,31,125.0,2.999540514664825,0.932352,6.213349345596118,0.8734862234626593,35.34805555555556,139.80583333333334,100.0,4.9,0.6980006225924529,1235,False,False
396.0,2021.0,Summer,26,590.0,2.5888117541866995,0.8549899454179833,3.918420039021386,0.7945779764275451,34.333333333333336,132.45583333333332,312.0,4.2,3.083075573419973e-06,34396,False,False
4.0,2021.0,Summer,15,169.0,1.3273402978046382,0.5382164490038863,2.72909871675896,0.4901461196193461,35.60166666666667,140.06416666666667,100.0,0.9,0.4777057070374204,124,True,True
410.0,2021.0,Summer,9,170.0,1.9134548104661184,0.8053287197231834,1.5576935306274964,0.8708508134320406,34.30305555555555,132.35305555555556,312.0,5.7,6.410112723819321e-07,34410,False,False
44.0,2021.0,Summer,23,105.0,2.6131944997194774,0.8985034013605442,4.727156732062697,0.833423479604507,34.436388888888885,135.14,301.0,6.1,0.4497499003868794,2744,False,False
528.0,2021.0,Summer,4,458.0,0.3570679252552768,0.1487099788333554,0.4896464915194262,0.2575700625131495,33.30333333333333,131.61333333333332,314.0,6.2,0.4374461489178894,44528,False,False
617.0,2021.0,Summer,8,347.0,1.2050436952633303,0.5313390195085085,1.1967193245958885,0.579503521070306,33.635,131.13333333333333,316.0,7.3,0.4369762901227268,40617,False,False
79.0,2021.0,Summer,7,178.0,1.6396855596531918,0.76644363085469,1.1579024754250482,0.8426316911133923,34.11277777777778,135.00833333333333,303.0,6.7,3.078671416947404e-06,3079,False,False
10.0,2022.0,Summer,25,88.0,2.8185384031274823,0.9238119834710744,5.360329364186327,0.8756281871304835,34.93333333333333,136.805,201.0,5.1,0.4636454643681527,2310,False,False
11.0,2022.0,Summer,8,36.0,1.7808951781919546,0.8040123456790123,1.9533871929293651,0.8564295473068667,34.88638888888889,136.66666666666666,201.0,0.7,0.46373887583859613,2411,True,True
12.0,2022.0,Summer,8,908.0,0.8442394334945873,0.3566074443517242,1.027712354880661,0.4059933480085163,35.608333333333334,139.8983333333333,100.0,1.8,0.47768825343837323,1212,True,True
13.0,2022.0,Summer,23,8840.0,1.488688949869834,0.6088941667861018,2.4210298162164365,0.4747860615742475,35.61416666666667,139.84611111111113,100.0,1.8,4.428196021619052,1212,True,True
143.0,2022.0,Summer,3,36.0,1.039720770839918,0.625,0.5581106265512472,0.946394630357186,34.60333333333333,134.61388888888888,305.0,5.8,1.082385399248306e-06,28143,False,False
15.0,2022.0,Summer,1,3.0,-0.0,0.0,,,35.551111111111105,139.9088888888889,100.0,0.5,0.4778209472003837,1215,True,True
18.0,2022.0,Summer,8,85.0,0.8571305451271128,0.3673356401384084,1.5756357174724496,0.4121926622831132,35.559999999999995,139.82444444444445,100.0,0.5,0.4778031123314523,1318,True,True
181.0,2022.0,Summer,3,89.0,0.8727238391309742,0.5037242772377226,0.4455696196480604,0.7943874723893823,34.282222222222224,134.3538888888889,306.0,6.5,1.050338266185614e-06,37181,False,False
2.0,2022.0,Summer,14,539.0,1.3517894332977536,0.5907455915407148,2.066866117146411,0.5122243530400409,35.64388888888889,139.9933333333333,100.0,5.9,0.47760326398872804,122,False,False
20.0,2022.0,Summer,5,4080.0,0.3177649515424482,0.1221645520953479,0.4811247387309886,0.1974384653719653,35.57277777777778,139.78250000000003,100.0,0.0,2.4709985744641113e-07,1320,True,True
23.0,2022.0,Summer,30,344.0,2.4101805068499265,0.8298235532720389,4.965207883176594,0.7086270617061566,34.656666666666666,135.275,301.0,2.9,1.0330380410700952,2823,False,True
254.0,2022.0,Summer,20,1319.0,2.294822641227789,0.846857700569216,2.644534546757221,0.7660306167831624,34.11138888888889,133.6275,310.0,8.0,1.2354992871652025e-07,37254,False,False
26.0,2022.0,Summer,9,21.0,1.8562701281920884,0.7891156462585034,2.6276699100244088,0.8448249429480333,35.46416666666667,139.85611111111112,100.0,2.1,0.47802883737174107,1326,False,True
274.0,2022.0,Summer,1,89.0,-0.0,0.0,,,34.05333333333333,133.5,310.0,5.3,0.4363776020606364,38274,False,False
28.0,2022.0,Summer,6,16.0,1.6631355916141728,0.7890625,1.8033688011112043,0.9282136470754652,34.669999999999995,136.7161111111111,201.0,5.3,1.0161252080743005e-06,2428,False,False
313.0,2022.0,Summer,20,891.0,1.5550263743445218,0.5891134817434857,2.79726686461258,0.5190805560537338,34.38666666666666,133.24749999999997,309.0,6.7,3.706497861587365e-07,34313,False,False
32.0,2022.0,Summer,1,20.0,-0.0,0.0,,,35.4575,139.7513888888889,100.0,3.1,0.478043080113602,1432,False,True
328.0,2022.0,Summer,8,197.0,1.8213591825052151,0.8070292973279394,1.324953637870048,0.8758886200926168,34.0,133.17499999999998,310.0,7.0,0.43645341499102913,38328,False,False
35.0,2022.0,Summer,38,244.0,3.0210731426455366,0.9255240526740124,6.730738169837713,0.8305158998275872,35.34805555555556,139.80583333333334,100.0,4.1,0.6980006225924529,1235,False,False
38.0,2022.0,Summer,33,2380.0,2.955064822172918,0.91533083821764,4.115831979443158,0.8451475565903039,35.24,139.8338888888889,100.0,6.3,0.6586621995592779,1238,False,False
39.0,2022.0,Summer,19,95.0,2.036592671798867,0.752797783933518,3.952676022753347,0.6916742667139323,34.55444444444444,136.7302777777778,201.0,4.0,2.094230013411514e-06,2439,False,True
396.0,2022.0,Summer,31,1238.0,2.758600978052484,0.8836833602584815,4.212742097962217,0.8033230218358014,34.333333333333336,132.45583333333332,312.0,4.8,3.083075573419973e-06,34396,False,False
4.0,2022.0,Summer,23,281.0,1.3237127683701793,0.4617216094021098,3.901847487469181,0.4221703748153526,35.60166666666667,140.06416666666667,100.0,1.1,0.4777057070374204,124,True,True
40.0,2022.0,Summer,17,92.0,2.485390961068194,0.8979206049149339,3.538422844714633,0.8772339599071433,34.55444444444444,136.79694444444445,201.0,3.0,4.100060648548167e-06,2440,False,True
410.0,2022.0,Summer,16,518.0,1.9893303398093656,0.7511515928504345,2.4000095070100183,0.7174992539832321,34.30305555555555,132.35305555555556,312.0,5.7,6.410112723819321e-07,34410,False,False
426.0,2022.0,Summer,4,8.0,1.0735428464085233,0.5625,1.4426950408889636,0.7743974703476993,33.99666666666667,132.29222222222222,312.0,7.5,2.081891068016308e-06,35426,False,False
44.0,2022.0,Summer,30,141.0,2.756042617300248,0.8998541320859113,5.860053961475167,0.8103154001469264,34.436388888888885,135.14,301.0,6.4,0.4497499003868794,2744,False,False
528.0,2022.0,Summer,1,138.0,-0.0,0.0,,,33.30333333333333,131.61333333333332,314.0,6.7,0.4374461489178894,44528,False,False
550.0,2022.0,Summer,2,7.0,0.410116318288409,0.2448979591836735,0.5138983423697507,0.5916727785823274,34.03805555555555,131.70083333333332,315.0,7.0,3.110951984571743e-06,35550,False,False
59.0,2022.0,Summer,2,2.0,0.6931471805599453,0.5,1.4426950408889634,1.0,34.72,137.12166666666667,202.0,1.3,0.4640774576398907,2359,True,True
598.0,2022.0,Summer,2,3.0,0.6365141682948128,0.4444444444444444,0.9102392266268372,0.9182958340544894,33.78333333333333,131.32527777777779,316.0,7.6,2.08693947347891e-06,35598,False,False
617.0,2022.0,Summer,5,46.0,1.4079510653975973,0.7315689981096408,1.0447570262568968,0.8748091830819519,33.635,131.13333333333333,316.0,10.0,0.4369762901227268,40617,False,False
79.0,2022.0,Summer,9,267.0,1.7687278730416045,0.7807936708328074,1.4318317456611236,0.8049827456353605,34.11277777777778,135.00833333333333,303.0,7.2,3.078671416947404e-06,3079,False,False
9.0,2022.0,Summer,1,1.0,-0.0,0.0,,,35.53722222222222,140.0225,100.0,1.2,0.4778553138512997,129,True,True
10.0,2023.0,Summer,20,99.0,1.7729607977189448,0.6852362003877156,4.134821423524676,0.5918288537899251,34.93333333333333,136.805,201.0,5.7,0.4636454643681527,2310,False,False
11.0,2023.0,Summer,7,14.0,1.809514255849282,0.8163265306122449,2.2735390901397072,0.929906376575379,34.88638888888889,136.66666666666666,201.0,2.4,0.46373887583859613,2411,False,True
12.0,2023.0,Summer,5,4516.0,0.2667040087145208,0.0992574575900193,0.4753200788176795,0.1657125178014229,35.608333333333334,139.8983333333333,100.0,0.0,0.47768825343837323,1212,True,True
13.0,2023.0,Summer,12,5335.0,0.3199330629929614,0.1008098980315137,1.2817459092650003,0.1287505359689292,35.61416666666667,139.84611111111113,100.0,0.0,1.0706158849770692e-06,1313,True,True
143.0,2023.0,Summer,3,27.0,1.0986122886681096,0.6666666666666667,0.6068261510845583,0.9999999999999998,34.60333333333333,134.61388888888888,305.0,5.8,1.082385399248306e-06,28143,False,False
181.0,2023.0,Summer,10,1375.0,1.581939154138292,0.6894608925619834,1.2454663278380067,0.687027445348958,34.282222222222224,134.3538888888889,306.0,6.8,1.050338266185614e-06,37181,False,False
2.0,2023.0,Summer,3,116.0,0.5391345419531922,0.2742271105826397,0.4207346278486228,0.4907414085152878,35.64388888888889,139.9933333333333,100.0,0.0,0.47760326398872804,122,True,True
20.0,2023.0,Summer,13,2401.0,0.8486624497800851,0.3300915330815407,1.5416950271092522,0.3308690860937637,35.57277777777778,139.78250000000003,100.0,3.4,2.4709985744641113e-07,1320,False,True
23.0,2023.0,Summer,43,371.0,2.867383166282293,0.88679971810725,7.0991490073429695,0.7623585765400175,34.656666666666666,135.275,301.0,5.0,1.0330380410700952,2823,False,False
254.0,2023.0,Summer,1,22.0,-0.0,0.0,,,34.11138888888889,133.6275,310.0,6.3,1.2354992871652025e-07,37254,False,False
27.0,2023.0,Summer,1,1.0,-0.0,0.0,,,34.666666666666664,136.60027777777776,201.0,1.2,0.44935052538878156,2427,True,True
274.0,2023.0,Summer,4,252.0,1.0082793278000588,0.5617598891408415,0.5425514917581086,0.7273197930240012,34.05333333333333,133.5,310.0,7.02,0.4363776020606364,38274,False,False
28.0,2023.0,Summer,1,1.0,-0.0,0.0,,,34.669999999999995,136.7161111111111,201.0,0.8,1.0161252080743005e-06,2428,True,True
313.0,2023.0,Summer,12,366.0,1.450082551716452,0.5579145391023919,1.8635750145200527,0.5835561476082676,34.38666666666666,133.24749999999997,309.0,6.8,3.706497861587365e-07,34313,False,False
32.0,2023.0,Summer,7,99.0,1.7677614722893296,0.7933884297520661,1.3057330811130556,0.9084496903145964,35.4575,139.7513888888889,100.0,4.2,0.478043080113602,1432,False,False
328.0,2023.0,Summer,9,392.0,0.9316510344280784,0.3647698875468553,1.3397503265877098,0.4240126585319534,34.0,133.17499999999998,310.0,7.57,0.43645341499102913,38328,False,False
35.0,2023.0,Summer,56,4594.0,2.92975727190821,0.8982028573924953,6.522378697424538,0.7278264104603364,35.34805555555556,139.80583333333334,100.0,0.0,0.6980006225924529,1235,True,True
38.0,2023.0,Summer,37,2392.0,2.504888179469496,0.8546849308173287,4.627317687540644,0.6936984556470301,35.24,139.8338888888889,100.0,0.0,0.6586621995592779,1238,True,True
39.0,2023.0,Summer,10,58.0,1.7643453952840864,0.7782401902497027,2.21650691233045,0.7662454693432903,34.55444444444444,136.7302777777778,201.0,3.9,2.094230013411514e-06,2439,False,True
396.0,2023.0,Summer,14,206.0,2.371642780434731,0.8746347440852107,2.4399966493503205,0.8986704281943306,34.333333333333336,132.45583333333332,312.0,3.9,3.083075573419973e-06,34396,False,True
4.0,2023.0,Summer,7,85.0,0.950666919714228,0.444567474048443,1.3505449006906711,0.4885461541868987,35.60166666666667,140.06416666666667,100.0,0.0,0.4777057070374204,124,True,True
40.0,2023.0,Summer,9,31.0,1.7400875227152517,0.7533818938605619,2.3296534097596995,0.7919479604696699,34.55444444444444,136.79694444444445,201.0,2.7,4.100060648548167e-06,2440,False,True
410.0,2023.0,Summer,7,72.0,1.9061547465398496,0.84375,1.4029619879188595,0.979569764547061,34.30305555555555,132.35305555555556,312.0,3.9,6.410112723819321e-07,34410,False,True
426.0,2023.0,Summer,9,88.0,1.3449102620806146,0.6064049586776858,1.7867764547287757,0.6120950384193778,33.99666666666667,132.29222222222222,312.0,7.8,2.081891068016308e-06,35426,False,False
44.0,2023.0,Summer,32,175.0,2.363477914846138,0.7814530612244898,6.002184825569905,0.6819555733998222,34.436388888888885,135.14,301.0,7.2,0.4497499003868794,2744,False,False
528.0,2023.0,Summer,4,63.0,1.351783994289646,0.7346938775510204,0.7240894149278252,0.9751060324573736,33.30333333333333,131.61333333333332,314.0,6.8,0.4374461489178894,44528,False,False
550.0,2023.0,Summer,7,58.0,1.0238970033217452,0.4577883472057072,1.4776712748869667,0.5261789727644,34.03805555555555,131.70083333333332,315.0,8.6,3.110951984571743e-06,35550,False,False
59.0,2023.0,Summer,1,1.0,-0.0,0.0,,,34.72,137.12166666666667,202.0,1.4,0.4640774576398907,2359,True,True
598.0,2023.0,Summer,4,8.0,1.2130075659799042,0.65625,1.4426950408889636,0.875,33.78333333333333,131.32527777777779,316.0,8.0,2.08693947347891e-06,35598,False,False
617.0,2023.0,Summer,6,294.0,0.6743250829854772,0.2780091628488128,0.8797272501976751,0.3763479945642465,33.635,131.13333333333333,316.0,8.4,0.4369762901227268,40617,False,False
79.0,2023.0,Summer,9,223.0,1.8157951113859,0.7854973958857006,1.4795165269624364,0.8264039689503468,34.11277777777778,135.00833333333333,303.0,6.7,3.078671416947404e-06,3079,False,False
12.0,2004.0,Winter,19,539.0,0.4500409642458349,0.1487396780267177,2.8618146237411843,0.152844384764,35.608333333333334,139.8983333333333,100.0,10.0,0.47768825343837323,1212,False,False
15.0,2004.0,Winter,2,2.0,0.6931471805599453,0.5,1.4426950408889634,1.0,35.551111111111105,139.9088888888889,100.0,10.1,0.4778209472003837,1215,False,False
18.0,2004.0,Winter,10,31.0,1.9141129072998837,0.8033298647242456,2.620860085979662,0.8312886733801299,35.559999999999995,139.82444444444445,100.0,7.7,0.4778031123314523,1318,False,False
2.0,2004.0,Winter,19,532.0,1.0368078905610905,0.3896489343659901,2.867774795647668,0.3521240881190232,35.64388888888889,139.9933333333333,100.0,8.9,0.47760326398872804,122,False,False
26.0,2004.0,Winter,4,4.0,1.3862943611198906,0.75,2.1640425613334453,1.0,35.46416666666667,139.85611111111112,100.0,7.7,0.47802883737174107,1326,False,False
32.0,2004.0,Winter,6,69.0,1.285609304982808,0.6763285024154588,1.1808866863814496,0.7175122147040686,35.4575,139.7513888888889,100.0,7.1,0.478043080113602,1432,False,False
4.0,2004.0,Winter,17,449.0,0.5703982458636772,0.2003363078556158,2.619934507223559,0.2013255539193025,35.60166666666667,140.06416666666667,100.0,9.0,0.4777057070374204,124,False,False
9.0,2004.0,Winter,4,5.0,1.3321790402101223,0.72,1.8640048036788357,0.9609640474436812,35.53722222222222,140.0225,100.0,9.6,0.4778553138512997,129,False,False
12.0,2005.0,Winter,12,589.0,0.2884445600148861,0.0924072050985671,1.7245633457660563,0.1160786301728858,35.608333333333334,139.8983333333333,100.0,8.5,0.47768825343837323,1212,False,False
15.0,2005.0,Winter,3,9.0,0.6837389058487535,0.3703703703703702,0.9102392266268372,0.6223659728744494,35.551111111111105,139.9088888888889,100.0,9.7,0.4778209472003837,1215,False,False
18.0,2005.0,Winter,12,682.0,0.5729958277828118,0.2131173622517865,1.685816092311146,0.2305904842870845,35.559999999999995,139.82444444444445,100.0,11.4,0.4778031123314523,1318,False,False
2.0,2005.0,Winter,17,123.0,1.567662055608031,0.583647299887633,3.324893399426247,0.5533159226772743,35.64388888888889,139.9933333333333,100.0,11.0,0.47760326398872804,122,False,False
26.0,2005.0,Winter,9,25.0,1.4831421553172834,0.6176,2.4853397382384474,0.6750070842168323,35.46416666666667,139.85611111111112,100.0,7.3,0.47802883737174107,1326,False,False
32.0,2005.0,Winter,1,1.0,-0.0,0.0,,,35.4575,139.7513888888889,100.0,7.4,0.478043080113602,1432,False,False
4.0,2005.0,Winter,13,33.0,1.9263215158543443,0.7382920110192837,3.431996010032092,0.7510173681404666,35.60166666666667,140.06416666666667,100.0,11.1,0.4777057070374204,124,False,False
9.0,2005.0,Winter,2,2.0,0.6931471805599453,0.5,1.4426950408889634,1.0,35.53722222222222,140.0225,100.0,10.3,0.4778553138512997,129,False,False
12.0,2006.0,Winter,15,561.0,0.5599671202950952,0.200450557795635,2.2117878827461364,0.2067787074505419,35.608333333333334,139.8983333333333,100.0,8.0,0.47768825343837323,1212,False,False
15.0,2006.0,Winter,4,4.0,1.3862943611198906,0.75,2.1640425613334453,1.0,35.551111111111105,139.9088888888889,100.0,7.6,0.4778209472003837,1215,False,False
18.0,2006.0,Winter,15,422.0,1.2766527317923693,0.6096224253722962,2.315961570371681,0.4714287538956094,35.559999999999995,139.82444444444445,100.0,11.4,0.4778031123314523,1318,False,False
2.0,2006.0,Winter,19,407.0,1.183437522981779,0.4653212515620379,2.99559987047162,0.4019229236385146,35.64388888888889,139.9933333333333,100.0,8.7,0.47760326398872804,122,False,False
26.0,2006.0,Winter,16,51.0,2.132739589918544,0.7835447904652058,3.815021672160634,0.7692232074707613,35.46416666666667,139.85611111111112,100.0,8.5,0.47802883737174107,1326,False,False
32.0,2006.0,Winter,6,46.0,0.928498435120564,0.4517958412098298,1.3059462828211212,0.5182048433769906,35.4575,139.7513888888889,100.0,8.1,0.478043080113602,1432,False,False
4.0,2006.0,Winter,5,365.0,0.320515950932097,0.1347344717583036,0.6779778969495376,0.1991477573977062,35.60166666666667,140.06416666666667,100.0,9.4,0.4777057070374204,124,False,False
9.0,2006.0,Winter,3,3.0,1.0986122886681096,0.6666666666666667,1.8204784532536744,0.9999999999999998,35.53722222222222,140.0225,100.0,9.0,0.4778553138512997,129,False,False
10.0,2008.0,Winter,11,45.0,1.820131945002132,0.7891358024691358,2.6269731101386307,0.7590539777319038,34.93333333333333,136.805,201.0,8.9,0.4636454643681527,2310,False,False
11.0,2008.0,Winter,15,90.0,1.78102447298336,0.6958024691358025,3.111242702621346,0.6576777905588533,34.88638888888889,136.66666666666666,201.0,8.7,0.46373887583859613,2411,False,False
12.0,2008.0,Winter,13,370.0,1.024858207413693,0.4543462381300219,2.0292540628724662,0.3995627455303711,35.608333333333334,139.8983333333333,100.0,11.9,254.34258009929397,2355,False,False
143.0,2008.0,Winter,7,8.0,1.9061547465398496,0.84375,2.885390081777927,0.979569764547061,34.60333333333333,134.61388888888888,305.0,9.1,1.082385399248306e-06,28143,False,False
15.0,2008.0,Winter,3,7.0,0.9556998911125344,0.5714285714285714,1.0277966847395017,0.8699155297736259,35.551111111111105,139.9088888888889,100.0,11.9,253.14440622191242,2355,False,False
18.0,2008.0,Winter,11,326.0,0.7468588410328754,0.3504083706575334,1.728041701966084,0.311464328532281,35.559999999999995,139.82444444444445,100.0,11.9,246.24098979908203,2355,False,False
181.0,2008.0,Winter,17,26.0,2.758100484412114,0.9319526627218936,4.910842822882158,0.97348845620762,34.282222222222224,134.3538888888889,306.0,8.7,1.050338266185614e-06,37181,False,False
2.0,2008.0,Winter,14,247.0,1.2070367599079228,0.513694700781852,2.359608581876923,0.4573742094810398,35.64388888888889,139.9933333333333,100.0,11.9,263.76389324452344,2355,False,False
23.0,2008.0,Winter,9,193.0,1.0908026396760009,0.5254369244811942,1.520135085448517,0.4964456755705979,34.656666666666666,135.275,301.0,9.0,1.0330380410700952,2823,False,False
254.0,2008.0,Winter,15,72.0,1.955501873502665,0.7380401234567902,3.273577971810673,0.7221069508633007,34.11138888888889,133.6275,310.0,8.8,1.2354992871652025e-07,37254,False,False
26.0,2008.0,Winter,18,179.0,1.9954735257779783,0.7826846852470273,3.277180575398651,0.6903864599169893,35.46416666666667,139.85611111111112,100.0,11.9,245.65686195169067,2355,False,False
27.0,2008.0,Winter,7,15.0,1.5065950881316383,0.6755555555555557,2.2156162384131304,0.7742367184132575,34.666666666666664,136.60027777777776,201.0,8.0,0.44935052538878156,2427,False,False
274.0,2008.0,Winter,11,16.0,2.252728336819822,0.875,3.6067376022224087,0.9394606855331354,34.05333333333333,133.5,310.0,9.2,0.4363776020606364,38274,False,False
313.0,2008.0,Winter,26,65.0,2.6739558346419354,0.8724260355029585,5.988902893675464,0.8207110512034511,34.38666666666666,133.24749999999997,309.0,9.4,0.8064028823357108,34312,False,False
32.0,2008.0,Winter,9,68.0,1.1199349548270363,0.4818339100346018,1.895955774695311,0.5097043635770617,35.4575,139.7513888888889,100.0,11.9,236.3724611201976,2355,False,False
328.0,2008.0,Winter,14,30.0,2.176185661560307,0.8088888888888889,3.822183349337679,0.8246071948264828,34.0,133.17499999999998,310.0,8.7,0.43645341499102913,38328,False,False
35.0,2008.0,Winter,43,366.0,2.302807442547444,0.767640120636627,7.115468237258384,0.6122533690613822,35.34805555555556,139.80583333333334,100.0,11.9,237.81721530664063,2355,False,False
396.0,2008.0,Winter,7,23.0,1.7757378842935911,0.8128544423440454,1.913573933422806,0.9125487552216448,34.333333333333336,132.45583333333332,312.0,8.3,3.083075573419973e-06,34396,False,False
4.0,2008.0,Winter,9,285.0,1.1219195480601758,0.5944721452754694,1.41530567239755,0.5106075908819127,35.60166666666667,140.06416666666667,100.0,11.9,268.2471184074217,2355,False,False
410.0,2008.0,Winter,10,23.0,2.088870423865256,0.8544423440453687,2.870360900134209,0.9071848984955874,34.30305555555555,132.35305555555556,312.0,8.5,1.4739665288236428,34411,False,False
426.0,2008.0,Winter,1,2.0,-0.0,0.0,,,33.99666666666667,132.29222222222222,312.0,9.5,2.081891068016308e-06,35426,False,False
44.0,2008.0,Winter,19,29.0,2.805373958957236,0.929845422116528,5.345535678720662,0.9527702828303906,34.436388888888885,135.14,301.0,9.4,0.4497499003868794,2744,False,False
550.0,2008.0,Winter,7,35.0,1.0581089921378573,0.4702040816326529,1.6875984843763705,0.5437604571061724,34.03805555555555,131.70083333333332,315.0,9.4,3.110951984571743e-06,35550,False,False
59.0,2008.0,Winter,6,76.0,1.2852865051975104,0.6191135734072022,1.1545388753188437,0.7173320567136454,34.72,137.12166666666667,202.0,9.7,0.4640774576398907,2359,False,False
598.0,2008.0,Winter,2,2.0,0.6931471805599453,0.5,1.4426950408889634,1.0,33.78333333333333,131.32527777777779,316.0,10.0,2.08693947347891e-06,35598,False,False
61.0,2008.0,Winter,2,10.0,0.6730116670092565,0.48,0.4342944819032517,0.9709505944546688,34.75,137.3,202.0,11.6,1.104548288568557,2361,False,False
617.0,2008.0,Winter,18,39.0,2.670507400566009,0.9165023011176856,4.640293146959756,0.9239321527656394,33.635,131.13333333333333,316.0,6.5,0.4369762901227268,40617,False,False
79.0,2008.0,Winter,26,49.0,3.05036871250506,0.9429404414827156,6.423729279621884,0.93624258118436,34.11277777777778,135.00833333333333,303.0,8.3,3.078671416947404e-06,3079,False,False
9.0,2008.0,Winter,3,5.0,0.9502705392332348,0.56,1.2426698691192235,0.8649735207179272,35.53722222222222,140.0225,100.0,11.9,262.4436091555099,2355,False,False
10.0,2009.0,Winter,31,462.0,1.5074486690016198,0.6375161634901894,4.889525338344325,0.438979116472168,34.93333333333333,136.805,201.0,9.6,0.4636454643681527,2310,False,False
11.0,2009.0,Winter,4,24.0,0.9972460116410686,0.5173611111111112,0.9439739413323746,0.7193609377704336,34.88638888888889,136.66666666666666,201.0,1.5,0.46373887583859613,2411,True,True
12.0,2009.0,Winter,3,95.0,0.2640260866707414,0.1194459833795013,0.4391862247503719,0.2403269009404859,35.608333333333334,139.8983333333333,100.0,9.0,0.47768825343837323,1212,False,False
143.0,2009.0,Winter,12,24.0,2.268015842667635,0.8715277777777778,3.4612377848853733,0.9127167182964924,34.60333333333333,134.61388888888888,305.0,8.7,1.082385399248306e-06,28143,False,False
15.0,2009.0,Winter,1,2.0,-0.0,0.0,,,35.551111111111105,139.9088888888889,100.0,7.8,0.4778209472003837,1215,False,False
18.0,2009.0,Winter,3,33.0,0.2706407936167973,0.1157024793388428,0.5719993350053487,0.2463478666754271,35.559999999999995,139.82444444444445,100.0,6.8,0.4778031123314523,1318,False,False
181.0,2009.0,Winter,5,8.0,1.3862943611198906,0.6875,1.9235933878519516,0.8613531161467861,34.282222222222224,134.3538888888889,306.0,9.3,1.050338266185614e-06,37181,False,False
2.0,2009.0,Winter,24,564.0,1.0573997013792462,0.407801418439716,3.6305924285591016,0.3327192545582143,35.64388888888889,139.9933333333333,100.0,9.8,0.47760326398872804,122,False,False
23.0,2009.0,Winter,4,211.0,0.1539329051924018,0.055659127153478,0.5605529752806584,0.1110391194753545,34.656666666666666,135.275,301.0,7.9,1.0330380410700952,2823,False,False
254.0,2009.0,Winter,15,135.0,1.5162530203516598,0.5790946502057612,2.8540704919402766,0.5599058022390153,34.11138888888889,133.6275,310.0,9.3,1.2354992871652025e-07,37254,False,False
26.0,2009.0,Winter,12,367.0,0.6057891660511894,0.2185776121286815,1.8627139679211664,0.2437874944327877,35.46416666666667,139.85611111111112,100.0,7.0,0.47802883737174107,1326,False,False
27.0,2009.0,Winter,3,6.0,1.0986122886681096,0.6666666666666667,1.1162212531024944,0.9999999999999998,34.666666666666664,136.60027777777776,201.0,9.8,0.44935052538878156,2427,False,False
274.0,2009.0,Winter,3,4.0,1.039720770839918,0.625,1.4426950408889634,0.946394630357186,34.05333333333333,133.5,310.0,9.3,0.4363776020606364,38274,False,False
313.0,2009.0,Winter,10,17.0,2.1700483464601645,0.8719723183391004,3.1766051147828502,0.9424400223309254,34.38666666666666,133.24749999999997,309.0,9.7,0.8064028823357108,34312,False,False
328.0,2009.0,Winter,10,16.0,2.0140355237092677,0.8125,3.246063842000168,0.8746845143040606,34.0,133.17499999999998,310.0,8.8,0.43645341499102913,38328,False,False
35.0,2009.0,Winter,34,309.0,1.8576279798575028,0.6188456342099475,5.755805978787987,0.5267833413203553,35.34805555555556,139.80583333333334,100.0,7.2,0.6980006225924529,1235,False,False
396.0,2009.0,Winter,11,21.0,2.199224814389626,0.8662131519274376,3.2845873875305105,0.91714798362445,34.333333333333336,132.45583333333332,312.0,8.6,3.083075573419973e-06,34396,False,False
4.0,2009.0,Winter,11,116.0,1.135222297115506,0.5260107015457789,2.103673139243114,0.4734244693642057,35.60166666666667,140.06416666666667,100.0,8.5,0.4777057070374204,124,False,False
410.0,2009.0,Winter,6,6.0,1.7917594692280547,0.8333333333333333,2.7905531327562363,1.0,34.30305555555555,132.35305555555556,312.0,8.5,1.4739665288236428,34411,False,False
426.0,2009.0,Winter,1,2.0,-0.0,0.0,,,33.99666666666667,132.29222222222222,312.0,9.5,2.081891068016308e-06,35426,False,False
44.0,2009.0,Winter,2,2.0,0.6931471805599453,0.5,1.4426950408889634,1.0,34.436388888888885,135.14,301.0,8.5,0.4497499003868794,2744,False,False
528.0,2009.0,Winter,6,19.0,1.530605242058942,0.736842105263158,1.698116359475543,0.8542470506481395,33.30333333333333,131.61333333333332,314.0,8.3,9.243698658432601,44578,False,False
550.0,2009.0,Winter,7,35.0,1.0581089921378573,0.4702040816326529,1.6875984843763705,0.5437604571061724,34.03805555555555,131.70083333333332,315.0,10.0,3.110951984571743e-06,35550,False,False
59.0,2009.0,Winter,7,30.0,1.6148445133015106,0.7622222222222222,1.7640846227712363,0.8298659185705332,34.72,137.12166666666667,202.0,9.6,0.4640774576398907,2359,False,False
598.0,2009.0,Winter,2,2.0,0.6931471805599453,0.5,1.4426950408889634,1.0,33.78333333333333,131.32527777777779,316.0,9.3,2.08693947347891e-06,35598,False,False
61.0,2009.0,Winter,1,1.0,-0.0,0.0,,,34.75,137.3,202.0,10.9,1.104548288568557,2361,False,False
617.0,2009.0,Winter,8,14.0,1.9459101490553128,0.8367346938775511,2.652462271829658,0.9357849740192016,33.635,131.13333333333333,316.0,9.7,0.4369762901227268,40617,False,False
79.0,2009.0,Winter,16,43.0,2.3279553596418694,0.8501892915089238,3.988088785122781,0.8396324131915521,34.11277777777778,135.00833333333333,303.0,8.2,3.078671416947404e-06,3079,False,False
9.0,2009.0,Winter,3,4.0,1.039720770839918,0.625,1.4426950408889634,0.946394630357186,35.53722222222222,140.0225,100.0,7.8,0.4778553138512997,129,False,False
1.0,2010.0,Winter,11,159.0,0.7389384071504781,0.2757011194177446,1.972812979108956,0.3081612510491873,,,,9.019101123595506,,regional_mean,False,False
10.0,2010.0,Winter,28,105.0,2.389666994004281,0.7996371882086167,5.801510534804218,0.7171429564743717,34.93333333333333,136.805,201.0,9.2,0.4636454643681527,2310,False,False
11.0,2010.0,Winter,13,160.0,1.130327538200899,0.476171875,2.3644510388945426,0.4406822048601983,34.88638888888889,136.66666666666666,201.0,9.1,0.46373887583859613,2411,False,False
143.0,2010.0,Winter,11,106.66666666666669,2.339371734389815,0.8984375,2.1414611975133844,0.9755937888228712,34.60333333333333,134.61388888888888,305.0,8.6,1.082385399248306e-06,28143,False,False
18.0,2010.0,Winter,56,382.0,3.25033995042298,0.9294290178449056,9.250817329960162,0.8074673221482843,35.559999999999995,139.82444444444445,100.0,8.4,0.4778031123314523,1318,False,False
181.0,2010.0,Winter,3,70.0,0.9556998911125344,0.5714285714285714,0.4707549111047736,0.8699155297736259,34.282222222222224,134.3538888888889,306.0,9.0,1.050338266185614e-06,37181,False,False
2.0,2010.0,Winter,10,86.0,0.9689470748675608,0.399134667387777,2.020498044139886,0.4208083678712786,35.64388888888889,139.9933333333333,100.0,9.6,0.47760326398872804,122,False,False
23.0,2010.0,Winter,2,40.0,0.4505612088663047,0.2777777777777777,0.2710850306818168,0.6500224216483542,34.656666666666666,135.275,301.0,8.9,1.0330380410700952,2823,False,False
254.0,2010.0,Winter,7,800.0,0.588737978027641,0.2312499999999999,0.8975839202695519,0.3025514709985235,34.11138888888889,133.6275,310.0,7.8,1.2354992871652025e-07,37254,False,False
26.0,2010.0,Winter,9,29.0,1.8777844367314909,0.7966706302021404,2.3757936349869606,0.8546165267311918,35.46416666666667,139.85611111111112,100.0,7.9,0.47802883737174107,1326,False,False
27.0,2010.0,Winter,6,7.0,1.7478680974667573,0.8163265306122449,2.569491711848753,0.9755037590061084,34.666666666666664,136.60027777777776,201.0,9.5,0.44935052538878156,2427,False,False
274.0,2010.0,Winter,5,41.66666666666667,1.6094379124341005,0.8,1.072471900254856,1.0000000000000002,34.05333333333333,133.5,310.0,9.5,0.4363776020606364,38274,False,False
3.0,2010.0,Winter,27,208.0,2.5726207314896747,0.8663091715976332,4.871159626734678,0.7805667683451101,,,,9.019101123595506,,regional_mean,False,False
313.0,2010.0,Winter,12,360.0,1.6923747223269268,0.683641975308642,1.8688082883390589,0.6810616899718593,34.38666666666666,133.24749999999997,309.0,9.2,0.8064028823357108,34312,False,False
32.0,2010.0,Winter,7,1100.0,0.6512247690277227,0.284090909090909,0.856767659150186,0.3346633293134705,35.4575,139.7513888888889,100.0,7.9,9.249645817812628,1326,False,False
328.0,2010.0,Winter,5,50.0,1.5607104090414068,0.7777777777777777,1.022488874541326,0.9697238998682476,34.0,133.17499999999998,310.0,9.1,0.43645341499102913,38328,False,False
396.0,2010.0,Winter,7,180.0,1.347974960012722,0.5987654320987654,1.1554111024379956,0.6927220975064688,34.333333333333336,132.45583333333332,312.0,8.7,3.083075573419973e-06,34396,False,False
4.0,2010.0,Winter,2,10.0,0.6931471805599453,0.5,0.4342944819032517,1.0,35.60166666666667,140.06416666666667,100.0,9.0,0.4777057070374204,124,False,False
410.0,2010.0,Winter,2,20.0,0.6931471805599453,0.5,0.333808200695334,1.0,34.30305555555555,132.35305555555556,312.0,8.7,1.4739665288236428,34411,False,False
426.0,2010.0,Winter,2,16.0,0.2337916587064593,0.1171875,0.3606737602222408,0.3372900666170139,33.99666666666667,132.29222222222222,312.0,9.8,2.081891068016308e-06,35426,False,False
44.0,2010.0,Winter,6,7.0,1.7478680974667573,0.8163265306122449,2.569491711848753,0.9755037590061084,34.436388888888885,135.14,301.0,9.3,0.4497499003868794,2744,False,False
5.0,2010.0,Winter,12,238.0,0.8482630365621141,0.3355695219264177,2.0101344863885986,0.3413661582154338,,,,9.019101123595506,,regional_mean,False,False
528.0,2010.0,Winter,10,1180.0,0.9312071389095544,0.4003160011490952,1.272395986510218,0.4044181219373344,33.30333333333333,131.61333333333332,314.0,7.8,9.243698658432601,44578,False,False
550.0,2010.0,Winter,8,123.0,1.125617377760196,0.5509947782404654,1.4546408622489833,0.5413075362776913,34.03805555555555,131.70083333333332,315.0,10.0,3.110951984571743e-06,35550,False,False
59.0,2010.0,Winter,1,10.0,-0.0,0.0,,,34.72,137.12166666666667,202.0,10.9,0.4640774576398907,2359,False,False
598.0,2010.0,Winter,1,1.0,-0.0,0.0,,,33.78333333333333,131.32527777777779,316.0,9.8,2.08693947347891e-06,35598,False,False
61.0,2010.0,Winter,4,42.0,0.5546026418180308,0.2573696145124716,0.8026391592571619,0.4000612405073955,34.75,137.3,202.0,11.3,1.104548288568557,2361,False,False
617.0,2010.0,Winter,15,1190.0,1.7582521715191803,0.7143563307676011,1.9769240473221708,0.6492686770738407,33.635,131.13333333333333,316.0,9.8,0.4369762901227268,40617,False,False
79.0,2010.0,Winter,16,537.5,1.465100892720948,0.5478637101135749,2.3859026517735926,0.5284234480826263,34.11277777777778,135.00833333333333,303.0,8.5,3.078671416947404e-06,3079,False,False
9.0,2010.0,Winter,2,2.0,0.6931471805599453,0.5,1.4426950408889634,1.0,35.53722222222222,140.0225,100.0,9.5,0.4778553138512997,129,False,False
11.0,2011.0,Winter,18,294.0,1.7307681699379296,0.7126660187884677,2.9910726506720957,0.5988046918911621,34.88638888888889,136.66666666666666,201.0,8.8,0.46373887583859613,2411,False,False
12.0,2011.0,Winter,5,70.0,0.8001925181242444,0.3693877551020408,0.9415098222095472,0.4971875658838184,35.608333333333334,139.8983333333333,100.0,9.3,0.47768825343837323,1212,False,False
143.0,2011.0,Winter,16,260.0,2.5884253066207537,0.908284023668639,2.697511023888739,0.933577088393314,34.60333333333333,134.61388888888888,305.0,8.3,1.082385399248306e-06,28143,False,False
15.0,2011.0,Winter,1,1.0,-0.0,0.0,,,35.551111111111105,139.9088888888889,100.0,7.1,0.4778209472003837,1215,False,False
18.0,2011.0,Winter,10,15.0,2.2110688711446103,0.88,3.323424357619696,0.9602550098461564,35.559999999999995,139.82444444444445,100.0,7.5,0.4778031123314523,1318,False,False
181.0,2011.0,Winter,11,420.0,1.7553847203430049,0.7154195011337868,1.655559322908945,0.7320522877942252,34.282222222222224,134.3538888888889,306.0,9.7,1.050338266185614e-06,37181,False,False
2.0,2011.0,Winter,28,346.0,2.3964071310106063,0.8431120318086137,4.618195971740663,0.7191656825662858,35.64388888888889,139.9933333333333,100.0,9.3,0.47760326398872804,122,False,False
23.0,2011.0,Winter,2,570.0,0.1520053108362029,0.0677131425053862,0.15758860784601,0.2192973081321753,34.656666666666666,135.275,301.0,9.0,1.0330380410700952,2823,False,False
254.0,2011.0,Winter,8,690.0,1.1744599081998746,0.5141776937618148,1.0708781186157563,0.5647958284276221,34.11138888888889,133.6275,310.0,9.8,1.2354992871652025e-07,37254,False,False
26.0,2011.0,Winter,19,420.0,1.9404693627626397,0.7906462585034013,2.980006781236101,0.659028553993664,35.46416666666667,139.85611111111112,100.0,10.4,0.47802883737174107,1326,False,False
27.0,2011.0,Winter,5,29.0,0.7668750081804474,0.3567181926278239,1.1878968174934803,0.4764862330232001,34.666666666666664,136.60027777777776,201.0,9.0,0.44935052538878156,2427,False,False
274.0,2011.0,Winter,3,41.0,0.9393535230803468,0.5520523497917906,0.538565016128782,0.85503642437785,34.05333333333333,133.5,310.0,9.5,0.4363776020606364,38274,False,False
313.0,2011.0,Winter,6,130.0,1.484457535817486,0.7100591715976332,1.0272140959437934,0.8284915254038178,34.38666666666666,133.24749999999997,309.0,8.5,0.8064028823357108,34312,False,False
328.0,2011.0,Winter,3,33.0,1.0287593337139636,0.6170798898071626,0.5719993350053487,0.9364171003049386,34.0,133.17499999999998,310.0,8.7,0.43645341499102913,38328,False,False
35.0,2011.0,Winter,10,36.0,1.5379902795663567,0.6342592592592592,2.511497819480613,0.6679406916365083,35.34805555555556,139.80583333333334,100.0,8.8,0.6980006225924529,1235,False,False
396.0,2011.0,Winter,8,100.0,2.025326220770068,0.86,1.5200306866613813,0.9739760316291208,34.333333333333336,132.45583333333332,312.0,8.2,3.083075573419973e-06,34396,False,False
4.0,2011.0,Winter,12,224.0,1.0925599585052608,0.4772401147959183,2.0326532619828948,0.4396784718647167,35.60166666666667,140.06416666666667,100.0,8.5,0.4777057070374204,124,False,False
410.0,2011.0,Winter,2,20.0,0.6931471805599453,0.5,0.333808200695334,1.0,34.30305555555555,132.35305555555556,312.0,8.4,1.4739665288236428,34411,False,False
426.0,2011.0,Winter,7,26.0,1.6846644346978237,0.7840236686390533,1.841566058580809,0.8657462604404846,33.99666666666667,132.29222222222222,312.0,10.0,2.081891068016308e-06,35426,False,False
44.0,2011.0,Winter,11,19.0,2.260233853174674,0.8808864265927978,3.396232718951086,0.9425907289674732,34.436388888888885,135.14,301.0,9.0,0.4497499003868794,2744,False,False
528.0,2011.0,Winter,5,110.0,1.499030672979008,0.7603305785123967,0.8509768552826774,0.9314001250982628,33.30333333333333,131.61333333333332,314.0,7.5,9.243698658432601,44578,False,False
550.0,2011.0,Winter,2,3.0,0.6365141682948128,0.4444444444444444,0.9102392266268372,0.9182958340544894,34.03805555555555,131.70083333333332,315.0,10.0,3.110951984571743e-06,35550,False,False
598.0,2011.0,Winter,3,4.0,1.039720770839918,0.625,1.4426950408889634,0.946394630357186,33.78333333333333,131.32527777777779,316.0,10.0,2.08693947347891e-06,35598,False,False
617.0,2011.0,Winter,3,30.0,1.0986122886681096,0.6666666666666667,0.5880282075904121,0.9999999999999998,33.635,131.13333333333333,316.0,10.15,0.4369762901227268,40617,False,False
79.0,2011.0,Winter,10,480.0,1.3302157890473143,0.5746527777777777,1.457776451683651,0.5777053769238287,34.11277777777778,135.00833333333333,303.0,8.4,3.078671416947404e-06,3079,False,False
9.0,2011.0,Winter,1,1.0,-0.0,0.0,,,35.53722222222222,140.0225,100.0,10.0,0.4778553138512997,129,False,False
,2011.0,Winter,37,628.0,2.196664457311538,0.7427684693090997,5.587858060609532,0.6083396273339683,,,,9.134719101123595,,regional_mean,False,False
,2011.0,Winter,60,13682.0,0.5558904236960824,0.1661906728866197,6.194982531210468,0.1357703083480563,,,,9.134719101123595,,regional_mean,False,False
,2011.0,Winter,45,2896.0,1.8269927347027448,0.6688440523793536,5.519950651722599,0.4799460786482751,,,,9.134719101123595,,regional_mean,False,False
,2011.0,Winter,37,1054.0,2.6823276528341395,0.8973063669980449,5.172155386645916,0.7428381696082116,,,,9.134719101123595,,regional_mean,False,False
,2011.0,Winter,59,846.0,3.366289392563516,0.9377909673669445,8.604678201441784,0.8255692164384084,,,,9.134719101123595,,regional_mean,False,False
,2011.0,Winter,57,856.0,3.277333925568955,0.9443182810725828,8.293506758536894,0.8106090446199778,,,,9.134719101123595,,regional_mean,False,False
,2011.0,Winter,58,5092.0,3.270896500366863,0.9524946792066048,6.678049844176145,0.80555163362007,,,,9.134719101123595,,regional_mean,False,False
,2011.0,Winter,32,3642.0,1.7323902734688297,0.6646983556596556,3.7803549114397774,0.4998621712835511,,,,9.134719101123595,,regional_mean,False,False
,2011.0,Winter,28,386.0,1.8738943704377944,0.6979918923997961,4.533367572866772,0.5623587522061384,,,,9.134719101123595,,regional_mean,False,False
,2011.0,Winter,7,686.0,0.383677958898162,0.1491725386531123,0.9187126665071595,0.1971714670815748,,,,9.134719101123595,,regional_mean,False,False
,2011.0,Winter,12,466.0,0.8585515498125044,0.367809316804509,1.790310491093319,0.3455065605324657,,,,9.134719101123595,,regional_mean,False,False
,2011.0,Winter,31,2370.0,1.5863192078307846,0.6707756947782585,3.860683263242808,0.4619467439362866,,,,9.134719101123595,,regional_mean,False,False
,2011.0,Winter,58,1072.0,3.085653233506777,0.9179382936065938,8.16937102133219,0.7599301912358417,,,,9.134719101123595,,regional_mean,False,False
,2011.0,Winter,8,156.0,0.8413135032705679,0.3412228796844181,1.3861781385352077,0.4045862730004563,,,,9.134719101123595,,regional_mean,False,False
,2011.0,Winter,38,698.0,3.137341537796448,0.9396146172855724,5.650391262013746,0.8624789627065313,,,,9.134719101123595,,regional_mean,False,False
10.0,2012.0,Winter,44,177.0,2.737412724847035,0.8461170161830891,8.307333099233656,0.723381487098636,34.93333333333333,136.805,201.0,9.4,0.4636454643681527,2310,False,False
11.0,2012.0,Winter,18,250.0,1.8995089242482148,0.757344,3.078895287477996,0.6571849863461245,34.88638888888889,136.66666666666666,201.0,9.4,0.46373887583859613,2411,False,False
12.0,2012.0,Winter,2,13.0,0.2711893730418441,0.1420118343195264,0.3898712452512801,0.3912435636292556,35.608333333333334,139.8983333333333,100.0,9.3,0.47768825343837323,1212,False,False
143.0,2012.0,Winter,2,10.0,0.6931471805599453,0.5,0.4342944819032517,1.0,34.60333333333333,134.61388888888888,305.0,9.3,1.082385399248306e-06,28143,False,False
18.0,2012.0,Winter,4,5.0,1.3321790402101223,0.72,1.8640048036788357,0.9609640474436812,35.559999999999995,139.82444444444445,100.0,7.7,0.4778031123314523,1318,False,False
181.0,2012.0,Winter,4,32.0,1.3862943611198906,0.75,0.8656170245333781,1.0,34.282222222222224,134.3538888888889,306.0,9.9,1.050338266185614e-06,37181,False,False
2.0,2012.0,Winter,24,115.0,2.275175203836965,0.8030245746691871,4.847276921521273,0.7159020347958895,35.64388888888889,139.9933333333333,100.0,9.9,0.47760326398872804,122,False,False
23.0,2012.0,Winter,2,195.0,0.1192469263962449,0.0499671268902037,0.1896453790472872,0.1720369493531137,34.656666666666666,135.275,301.0,8.9,1.0330380410700952,2823,False,False
254.0,2012.0,Winter,2,116.0,0.2509548043576197,0.1284185493460166,0.2103673139243114,0.3620512517339979,34.11138888888889,133.6275,310.0,9.7,1.2354992871652025e-07,37254,False,False
26.0,2012.0,Winter,16,40.0,2.5579903354990403,0.9075,4.066275460227252,0.9225999929165905,35.46416666666667,139.85611111111112,100.0,8.1,0.47802883737174107,1326,False,False
27.0,2012.0,Winter,9,200.0,0.8700904740679907,0.3779999999999999,1.5099133265420388,0.395995240105513,34.666666666666664,136.60027777777776,201.0,9.5,0.44935052538878156,2427,False,False
274.0,2012.0,Winter,6,275.0,1.540305825226517,0.7272727272727273,0.8901911637590496,0.8596610491977074,34.05333333333333,133.5,310.0,9.5,0.4363776020606364,38274,False,False
313.0,2012.0,Winter,5,5400.0,0.322785825012262,0.1241426611796981,0.4654326524475283,0.2005581094607641,34.38666666666666,133.24749999999997,309.0,9.0,0.8064028823357108,34312,False,False
35.0,2012.0,Winter,43,165.0,3.149554110964471,0.9298071625344352,8.225704762161312,0.8373800952049837,35.34805555555556,139.80583333333334,100.0,8.5,0.6980006225924529,1235,False,False
4.0,2012.0,Winter,12,420.0,0.6213630139174444,0.229546485260771,1.8211152551998395,0.2500548718683077,35.60166666666667,140.06416666666667,100.0,9.0,0.4777057070374204,124,False,False
410.0,2012.0,Winter,2,20.0,0.6931471805599453,0.5,0.333808200695334,1.0,34.30305555555555,132.35305555555556,312.0,8.9,1.4739665288236428,34411,False,False
426.0,2012.0,Winter,3,3.0,1.0986122886681096,0.6666666666666667,1.8204784532536744,0.9999999999999998,33.99666666666667,132.29222222222222,312.0,9.5,2.081891068016308e-06,35426,False,False
44.0,2012.0,Winter,14,25.0,2.3413103364639394,0.8672,4.038677074637477,0.8871767620164861,34.436388888888885,135.14,301.0,8.8,0.4497499003868794,2744,False,False
528.0,2012.0,Winter,2,50.0,0.5004024235381879,0.3199999999999998,0.2556222186353314,0.7219280948873623,33.30333333333333,131.61333333333332,314.0,8.5,9.243698658432601,44578,False,False
550.0,2012.0,Winter,6,46.0,1.0981430141216428,0.5340264650283554,1.3059462828211212,0.6128852856543052,34.03805555555555,131.70083333333332,315.0,9.9,3.110951984571743e-06,35550,False,False
59.0,2012.0,Winter,5,14.0,1.252762968495368,0.6224489795918368,1.5156927267598048,0.7783853970487746,34.72,137.12166666666667,202.0,10.5,0.4640774576398907,2359,False,False
598.0,2012.0,Winter,4,10.0,1.0888999753452235,0.5800000000000001,1.3028834457097551,0.7854752972273343,33.78333333333333,131.32527777777779,316.0,9.9,2.08693947347891e-06,35598,False,False
61.0,2012.0,Winter,10,144.0,0.5911130507355,0.2299382716049381,1.810933219718301,0.2567171361154245,34.75,137.3,202.0,11.2,1.104548288568557,2361,False,False
617.0,2012.0,Winter,2,20.0,0.6931471805599453,0.5,0.333808200695334,1.0,33.635,131.13333333333333,316.0,9.42,0.4369762901227268,40617,False,False
79.0,2012.0,Winter,7,100.0,1.8343719702816237,0.82,1.3028834457097551,0.94268071481726,34.11277777777778,135.00833333333333,303.0,8.7,3.078671416947404e-06,3079,False,False
,2012.0,Winter,58,922.0,2.6695257817166502,0.8294050940848199,8.349757913169336,0.6574469275354782,,,,9.046629213483145,,regional_mean,False,False
,2012.0,Winter,18,152.0,2.4759954075135098,0.8871191135734072,3.3838384351418327,0.8566356216114325,,,,9.046629213483145,,regional_mean,False,False
,2012.0,Winter,17,346.0,1.3167201607204049,0.5231046810785526,2.7367087239944667,0.4647444441424593,,,,9.046629213483145,,regional_mean,False,False
,2012.0,Winter,11,254.0,1.1408833240108232,0.4715729431458862,1.805923124338364,0.4757853009482768,,,,9.046629213483145,,regional_mean,False,False
,2012.0,Winter,8,220.0,0.8486921073435303,0.3631404958677686,1.2978278421790557,0.4081346315020383,,,,9.046629213483145,,regional_mean,False,False
,2012.0,Winter,14,144.0,2.1163624346252927,0.8410493827160495,2.6157924284819902,0.8019387873373073,,,,9.046629213483145,,regional_mean,False,False
,2012.0,Winter,8,16.0,2.079441541679836,0.875,2.5247163215556863,1.0,,,,9.046629213483145,,regional_mean,False,False
,2012.0,Winter,4,10.0,1.3321790402101223,0.72,1.3028834457097551,0.9609640474436812,,,,9.046629213483145,,regional_mean,False,False
,2012.0,Winter,8,34.0,1.691559164310424,0.7335640138408305,1.9850494443593336,0.813468005906976,,,,9.046629213483145,,regional_mean,False,False
,2012.0,Winter,11,46.0,2.1631394399251493,0.8582230623818525,2.6118925656422425,0.9020992136160898,,,,9.046629213483145,,regional_mean,False,False
10.0,2013.0,Winter,10,36.0,1.4704127615483291,0.6234567901234567,2.511497819480613,0.6385921484605613,34.93333333333333,136.805,201.0,9.5,0.4636454643681527,2310,False,False
11.0,2013.0,Winter,6,100.0,1.0762764401569234,0.5307999999999999,1.0857362047581294,0.6006813183583265,34.88638888888889,136.66666666666666,201.0,10.0,0.46373887583859613,2411,False,False
12.0,2013.0,Winter,11,49.0,1.8231634664019625,0.793002915451895,2.569491711848753,0.760318220350929,35.608333333333334,139.8983333333333,100.0,10.7,0.47768825343837323,1212,False,False
143.0,2013.0,Winter,17,135.0,2.585964699787042,0.8943758573388203,3.2617948479317445,0.912732076887935,34.60333333333333,134.61388888888888,305.0,9.4,1.082385399248306e-06,28143,False,False
18.0,2013.0,Winter,4,17.0,1.1407201964134568,0.6366782006920415,1.0588683715942837,0.8228556852037893,35.559999999999995,139.82444444444445,100.0,8.2,0.4778031123314523,1318,False,False
181.0,2013.0,Winter,3,33.33333332,1.039720770839918,0.625,0.570359896739968,0.946394630357186,34.282222222222224,134.3538888888889,306.0,9.6,1.050338266185614e-06,37181,False,False
2.0,2013.0,Winter,14,154.0,1.576497730541405,0.7000337325012649,2.5809256163678413,0.5973715359837365,35.64388888888889,139.9933333333333,100.0,10.6,0.47760326398872804,122,False,False
23.0,2013.0,Winter,9,5780.0,0.226045529371929,0.0821514948336347,0.923557283513643,0.1028777539189793,34.656666666666666,135.275,301.0,8.2,1.0330380410700952,2823,False,False
254.0,2013.0,Winter,8,550.0,0.6920017008416957,0.2664462809917355,1.1093646052683015,0.3327824740303475,34.11138888888889,133.6275,310.0,10.1,1.2354992871652025e-07,37254,False,False
26.0,2013.0,Winter,9,17.0,2.0177460728092216,0.8442906574394464,2.8236489909180893,0.918315812421602,35.46416666666667,139.85611111111112,100.0,7.8,0.47802883737174107,1326,False,False
27.0,2013.0,Winter,5,86.0,0.3458040462982715,0.1333153055705787,0.8979991307288381,0.2148601344771855,34.666666666666664,136.60027777777776,201.0,9.9,0.44935052538878156,2427,False,False
313.0,2013.0,Winter,7,140.0,1.450805020083924,0.6428571428571429,1.2141712181659348,0.7455662949228414,34.38666666666666,133.24749999999997,309.0,9.3,0.8064028823357108,34312,False,False
328.0,2013.0,Winter,3,33.33333332,1.039720770839918,0.625,0.570359896739968,0.946394630357186,34.0,133.17499999999998,310.0,9.1,0.43645341499102913,38328,False,False
35.0,2013.0,Winter,6,13.0,1.6715952780212542,0.7928994082840236,1.9493562262564004,0.9329350879565486,35.34805555555556,139.80583333333334,100.0,9.9,0.6980006225924529,1235,False,False
396.0,2013.0,Winter,6,250.0,1.3664332221137183,0.6432,0.9055574374935282,0.762620901734327,34.333333333333336,132.45583333333332,312.0,8.0,3.083075573419973e-06,34396,False,False
4.0,2013.0,Winter,6,362.0,0.2070964422025375,0.0702054271847623,0.8486595286870763,0.1155827251141923,35.60166666666667,140.06416666666667,100.0,10.1,0.4777057070374204,124,False,False
410.0,2013.0,Winter,9,120.0,2.138333059508028,0.875,1.6710211588482329,0.973197315178593,34.30305555555555,132.35305555555556,312.0,8.4,1.4739665288236428,34411,False,False
426.0,2013.0,Winter,6,8.0,1.7328679513998633,0.8125,2.4044917348149397,0.967132018086354,33.99666666666667,132.29222222222222,312.0,9.7,2.081891068016308e-06,35426,False,False
44.0,2013.0,Winter,21,40.0,2.804778023065548,0.92,5.421700613636336,0.9212538519383858,34.436388888888885,135.14,301.0,8.8,0.4497499003868794,2744,False,False
528.0,2013.0,Winter,6,190.0,1.264332376784249,0.6094182825484765,0.9529211094206448,0.7056373349760848,33.30333333333333,131.61333333333332,314.0,9.1,9.243698658432601,44578,False,False
550.0,2013.0,Winter,6,37.0,1.4399140366441665,0.7216946676406136,1.3846894670442869,0.8036313251714113,34.03805555555555,131.70083333333332,315.0,9.3,3.110951984571743e-06,35550,False,False
59.0,2013.0,Winter,5,10.0,1.2275294114572126,0.6,1.737177927613007,0.7627069065377661,34.72,137.12166666666667,202.0,10.2,0.4640774576398907,2359,False,False
598.0,2013.0,Winter,5,6.0,1.5607104090414063,0.7777777777777777,2.232442506204989,0.9697238998682473,33.78333333333333,131.32527777777779,316.0,10.0,2.08693947347891e-06,35598,False,False
61.0,2013.0,Winter,4,124.0,0.1760452470972512,0.0630853277835586,0.6223702825590942,0.1269898024796383,34.75,137.3,202.0,10.7,1.104548288568557,2361,False,False
617.0,2013.0,Winter,10,510.0,1.4977936335084965,0.6105344098423684,1.4436007500874044,0.6504835100625613,33.635,131.13333333333333,316.0,9.78,0.4369762901227268,40617,False,False
79.0,2013.0,Winter,7,340.0,1.2585471081070956,0.6107266435986158,1.029345681639748,0.6467652726504799,34.11277777777778,135.00833333333333,303.0,8.0,3.078671416947404e-06,3079,False,False
9.0,2013.0,Winter,2,4.0,0.5623351446188083,0.375,0.7213475204444817,0.8112781244591328,35.53722222222222,140.0225,100.0,10.1,0.4778553138512997,129,False,False
,2013.0,Winter,36,334.0,2.9185161893979434,0.9073828391121948,6.022913579674064,0.8144274495324224,,,,9.165988700564972,,regional_mean,False,False
,2013.0,Winter,40,664.0,2.207607412949341,0.7270830309188562,6.001586127364788,0.5984493232727782,,,,9.165988700564972,,regional_mean,False,False
,2013.0,Winter,77,1690.0,3.435450594528081,0.9497566611813312,10.225383864145714,0.7908850100062792,,,,9.165988700564972,,regional_mean,False,False
,2013.0,Winter,80,1556.0,3.5333790731881587,0.9563940233014584,10.748484011238189,0.8063344584054815,,,,9.165988700564972,,regional_mean,False,False
,2013.0,Winter,51,312.0,3.2754411920538926,0.9294049967126892,8.70624625564089,0.8330586089048841,,,,9.165988700564972,,regional_mean,False,False
,2013.0,Winter,134,2250.0,4.036590737560887,0.9646238024691358,17.230913227742576,0.824157363742551,,,,9.165988700564972,,regional_mean,False,False
,2013.0,Winter,114,2268.0,3.911264874958943,0.9678900366731056,14.624701054493062,0.8258236890991775,,,,9.165988700564972,,regional_mean,False,False
,2013.0,Winter,64,13126.0,1.8857535718529537,0.6666165037288236,6.64392246359791,0.4534278877418177,,,,9.165988700564972,,regional_mean,False,False
,2013.0,Winter,130,1992.0,3.988243202505017,0.9665549749197594,16.98062294406539,0.8193559271330341,,,,9.165988700564972,,regional_mean,False,False
,2013.0,Winter,23,2860.0,1.6303813926341817,0.7006445302948799,2.7643133019745263,0.5199758890803905,,,,9.165988700564972,,regional_mean,False,False
,2013.0,Winter,41,1336.0,1.5889530477345788,0.5418310086414,5.557535154134181,0.4278772618905254,,,,9.165988700564972,,regional_mean,False,False
,2013.0,Winter,82,4820.0,2.4304058911841278,0.7472636490418554,9.551290729912768,0.551522743976248,,,,9.165988700564972,,regional_mean,False,False
,2013.0,Winter,6,30.0,1.71408754118701,0.8088888888888889,1.47007051897603,0.956650471575569,,,,9.165988700564972,,regional_mean,False,False
,2013.0,Winter,4,14.0,1.351783994289646,0.7346938775510204,1.1367695450698536,0.9751060324573736,,,,9.165988700564972,,regional_mean,False,False
,2013.0,Winter,8,42.0,1.8289099116457372,0.8117913832199547,1.8728247049333775,0.8795197532546593,,,,9.165988700564972,,regional_mean,False,False
,2013.0,Winter,4,14.0,1.277034259466139,0.6938775510204082,1.1367695450698536,0.9211854965885544,,,,9.165988700564972,,regional_mean,False,False
,2013.0,Winter,4,8.0,1.3862943611198906,0.75,1.4426950408889636,1.0,,,,9.165988700564972,,regional_mean,False,False
,2013.0,Winter,6,44.0,1.1988181878247777,0.5619834710743802,1.3212868496822272,0.6690731699279175,,,,9.165988700564972,,regional_mean,False,False
,2013.0,Winter,11,60.0,2.123860847183852,0.8466666666666667,2.442393366759723,0.8857187681534076,,,,9.165988700564972,,regional_mean,False,False
10.0,2014.0,Winter,8,32.0,1.606744625827416,0.720703125,2.019773057244549,0.7726808345520688,34.93333333333333,136.805,201.0,8.8,0.4636454643681527,2310,False,False
11.0,2014.0,Winter,8,256.0,0.9393294314794048,0.446533203125,1.2623581607778431,0.4517219708521289,34.88638888888889,136.66666666666666,201.0,9.0,0.46373887583859613,2411,False,False
12.0,2014.0,Winter,6,165.0,0.8046334198514395,0.365032139577594,0.9792505669239656,0.4490744620973597,35.608333333333334,139.8983333333333,100.0,9.4,0.47768825343837323,1212,False,False
15.0,2014.0,Winter,1,4.0,-0.0,0.0,,,35.551111111111105,139.9088888888889,100.0,7.8,0.4778209472003837,1215,False,False
18.0,2014.0,Winter,5,13.0,1.438882950216986,0.7337278106508875,1.5594849810051203,0.8940282437120122,35.559999999999995,139.82444444444445,100.0,8.1,0.4778031123314523,1318,False,False
181.0,2014.0,Winter,5,40.0,1.6094379124341005,0.7999999999999999,1.084340122727267,1.0000000000000002,34.282222222222224,134.3538888888889,306.0,9.0,1.050338266185614e-06,37181,False,False
2.0,2014.0,Winter,16,240.0,0.964362875544964,0.3957291666666667,2.7369071762993062,0.3478203845415351,35.64388888888889,139.9933333333333,100.0,9.5,0.47760326398872804,122,False,False
254.0,2014.0,Winter,2,26.0,0.6931471805599453,0.5,0.3069276764301348,1.0,34.11138888888889,133.6275,310.0,9.9,1.2354992871652025e-07,37254,False,False
26.0,2014.0,Winter,1,1.0,-0.0,0.0,,,35.46416666666667,139.85611111111112,100.0,8.5,0.47802883737174107,1326,False,False
27.0,2014.0,Winter,2,211.0,0.0535920054108276,0.0187776554884211,0.1868509917602194,0.0773169204374955,34.666666666666664,136.60027777777776,201.0,9.2,0.44935052538878156,2427,False,False
274.0,2014.0,Winter,1,8.0,-0.0,0.0,,,34.05333333333333,133.5,310.0,9.8,0.4363776020606364,38274,False,False
313.0,2014.0,Winter,3,24.0,1.0986122886681096,0.6666666666666667,0.6293159608882497,0.9999999999999998,34.38666666666666,133.24749999999997,309.0,8.9,3.706497861587365e-07,34313,False,False
328.0,2014.0,Winter,5,74.0,1.419524912424905,0.7132943754565376,0.9293539742964696,0.8820004185672671,34.0,133.17499999999998,310.0,9.2,0.43645341499102913,38328,False,False
35.0,2014.0,Winter,14,37.0,1.804266094355596,0.6851716581446311,3.600192614315146,0.683678249088524,35.34805555555556,139.80583333333334,100.0,8.9,0.6980006225924529,1235,False,False
396.0,2014.0,Winter,5,140.0,1.2700181519104905,0.653061224489796,0.80944747877729,0.7891066453068236,34.333333333333336,132.45583333333332,312.0,8.4,3.083075573419973e-06,34396,False,False
4.0,2014.0,Winter,5,897.0,0.2243102683901779,0.0823232153754184,0.5883169782912734,0.1393718059312601,35.60166666666667,140.06416666666667,100.0,9.6,0.4777057070374204,124,False,False
410.0,2014.0,Winter,4,50.0,1.3321790402101223,0.72,0.7668666559059943,0.9609640474436812,34.30305555555555,132.35305555555556,312.0,8.5,6.410112723819321e-07,34410,False,False
426.0,2014.0,Winter,8,13.0,1.9915093613566133,0.8520710059171597,2.72909871675896,0.957713559837711,33.99666666666667,132.29222222222222,312.0,10.0,2.081891068016308e-06,35426,False,False
44.0,2014.0,Winter,30,172.0,2.369515000245137,0.8280151433207139,5.633808861889716,0.6966708292263714,34.436388888888885,135.14,301.0,8.9,0.4497499003868794,2744,False,False
528.0,2014.0,Winter,3,260.0,0.431071102348777,0.2100591715976332,0.3596681365184985,0.392377826823129,33.30333333333333,131.61333333333332,314.0,8.8,0.4374461489178894,44528,False,False
550.0,2014.0,Winter,11,42.0,2.0808424832981003,0.8401360544217686,2.67546386419054,0.8677787169869741,34.03805555555555,131.70083333333332,315.0,9.5,3.110951984571743e-06,35550,False,False
59.0,2014.0,Winter,2,21.0,0.1914440819577173,0.090702947845805,0.3284587387530511,0.2761954276479391,34.72,137.12166666666667,202.0,10.0,0.4640774576398907,2359,False,False
598.0,2014.0,Winter,5,10.0,1.4184836619456564,0.72,1.737177927613007,0.881353453268883,33.78333333333333,131.32527777777779,316.0,9.3,2.08693947347891e-06,35598,False,False
61.0,2014.0,Winter,4,25.0,0.6060252027357298,0.2848,0.9320024018394176,0.437154777320283,34.75,137.3,202.0,10.7,1.104548288568557,2361,False,False
617.0,2014.0,Winter,4,40.0,1.3862943611198906,0.75,0.8132550920454504,1.0,33.635,131.13333333333333,316.0,10.06,0.4369762901227268,40617,False,False
79.0,2014.0,Winter,7,80.0,1.9061547465398496,0.84375,1.3692294685120123,0.979569764547061,34.11277777777778,135.00833333333333,303.0,7.6,3.078671416947404e-06,3079,False,False
9.0,2014.0,Winter,2,3.0,0.6365141682948128,0.4444444444444444,0.9102392266268372,0.9182958340544894,35.53722222222222,140.0225,100.0,8.8,0.4778553138512997,129,False,False
,2014.0,Winter,42,1056.0,2.4197535650192714,0.8109934573002755,5.8889063863441375,0.6473963223455294,,,,8.99060773480663,,regional_mean,False,False
,2014.0,Winter,58,4092.0,1.2168427894670828,0.3867532576737006,6.853606497543923,0.2996822726748062,,,,8.99060773480663,,regional_mean,False,False
,2014.0,Winter,85,2010.0,3.5165486413710387,0.9497764906809236,11.044072421290506,0.7915428059390607,,,,8.99060773480663,,regional_mean,False,False
,2014.0,Winter,92,1736.0,3.644571112144247,0.9574237082970544,12.199472537480482,0.8060021051498888,,,,8.99060773480663,,regional_mean,False,False
,2014.0,Winter,88,1366.0,3.283773890113581,0.908874592970038,12.050458944696455,0.7334212336885081,,,,8.99060773480663,,regional_mean,False,False
,2014.0,Winter,173,4054.0,4.146241751399324,0.9725158315381716,20.70428433404868,0.8045812419825626,,,,8.99060773480663,,regional_mean,False,False
,2014.0,Winter,104,1358.0,3.820856930429408,0.9577716515450904,14.278251754229476,0.8226820294423937,,,,8.99060773480663,,regional_mean,False,False
,2014.0,Winter,51,3336.0,1.798924095903765,0.6646179459310249,6.163307104487504,0.4575289608296558,,,,8.99060773480663,,regional_mean,False,False
,2014.0,Winter,122,1554.0,4.047420846564382,0.9682456863924046,16.46574930090361,0.8425068934703459,,,,8.99060773480663,,regional_mean,False,False
,2014.0,Winter,17,478.0,1.5295362861959994,0.5720838220619386,2.593356484508507,0.5398591988862419,,,,8.99060773480663,,regional_mean,False,False
,2014.0,Winter,26,1060.0,1.968018090541344,0.7840939836240655,3.5888477169335986,0.6040392197023253,,,,8.99060773480663,,regional_mean,False,False
,2014.0,Winter,66,3970.0,2.8153616314461622,0.8847885590289895,7.8440635181906435,0.6719793884697158,,,,8.99060773480663,,regional_mean,False,False
,2014.0,Winter,36,402.0,2.582085747873983,0.8521076210984877,5.836784732496792,0.7205447472774973,,,,8.99060773480663,,regional_mean,False,False
,2014.0,Winter,30,188.0,2.922364711376361,0.9194205522861024,5.538111604377914,0.8592164415780568,,,,8.99060773480663,,regional_mean,False,False
,2014.0,Winter,96,1344.0,3.698367967030761,0.9559461805555556,13.188206567289845,0.8102729703978637,,,,8.99060773480663,,regional_mean,False,False
,2014.0,Winter,45,278.0,3.300320074065596,0.9416696858340664,7.818578953895576,0.8669852089421054,,,,8.99060773480663,,regional_mean,False,False
,2014.0,Winter,60,476.0,3.4412672909341557,0.932737801002754,9.5695054893169,0.8404928404624783,,,,8.99060773480663,,regional_mean,False,False
,2014.0,Winter,162,1576.0,4.42368348527102,0.9780785384833416,21.867140692880803,0.8695036307492272,,,,8.99060773480663,,regional_mean,False,False
,2014.0,Winter,166,3006.0,4.081839096564714,0.9654295312679144,20.603455043518046,0.7984837338347764,,,,8.99060773480663,,regional_mean,False,False
,2014.0,Winter,48,266.0,3.275733588218232,0.9405845440669344,8.417664739220585,0.8461801851642915,,,,8.99060773480663,,regional_mean,False,False
,2014.0,Winter,38,792.0,2.387470117052615,0.8110014284256708,5.543435415153451,0.6563336268115221,,,,8.99060773480663,,regional_mean,False,False
,2014.0,Winter,58,982.0,2.908675662803855,0.8576951315118155,8.273349963571944,0.7163444124813442,,,,8.99060773480663,,regional_mean,False,False
,2014.0,Winter,37,242.0,3.244406887400598,0.9506181271771054,6.558646098032329,0.8984992087579096,,,,8.99060773480663,,regional_mean,False,False
,2014.0,Winter,80,1866.0,3.4352752038593977,0.945468581452494,10.489205412024056,0.783946673595483,,,,8.99060773480663,,regional_mean,False,False
,2014.0,Winter,28,202.0,2.9765402212405263,0.9352024311342024,5.086405121056447,0.8932645676912618,,,,8.99060773480663,,regional_mean,False,False
,2014.0,Winter,56,366.0,3.472902375022481,0.9512377198483084,9.317875072600266,0.8627575034041872,,,,8.99060773480663,,regional_mean,False,False
,2014.0,Winter,70,1188.0,3.0501412365234866,0.8951410853767756,9.745726234323334,0.7179344833283091,,,,8.99060773480663,,regional_mean,False,False
,2014.0,Winter,120,2150.0,3.515218969147765,0.930959437533802,15.508476440941028,0.7342506594288236,,,,8.99060773480663,,regional_mean,False,False
10.0,2015.0,Winter,17,48.0,2.262560248070983,0.8394097222222222,4.13308426891726,0.7985844951696266,34.93333333333333,136.805,201.0,9.2,0.4636454643681527,2310,False,False
11.0,2015.0,Winter,8,58.0,1.4663512906162106,0.6646848989298455,1.723949820701461,0.7051659117243795,34.88638888888889,136.66666666666666,201.0,9.5,0.46373887583859613,2411,False,False
12.0,2015.0,Winter,14,267.0,1.3498122436625744,0.5386244722187153,2.326726586699326,0.5114751500526743,35.608333333333334,139.8983333333333,100.0,8.9,0.47768825343837323,1212,False,False
143.0,2015.0,Winter,5,60.0,1.4241299173467736,0.7222222222222222,0.9769573467038892,0.8848616689990431,34.60333333333333,134.61388888888888,305.0,9.3,1.082385399248306e-06,28143,False,False
15.0,2015.0,Winter,2,2.0,0.6931471805599453,0.5,1.4426950408889634,1.0,35.551111111111105,139.9088888888889,100.0,9.3,0.4778209472003837,1215,False,False
18.0,2015.0,Winter,6,11.0,1.5403058252265167,0.7272727272727273,2.0851619571212314,0.8596610491977072,35.559999999999995,139.82444444444445,100.0,8.3,0.4778031123314523,1318,False,False
181.0,2015.0,Winter,3,40.0,1.039720770839918,0.625,0.5421700613636335,0.946394630357186,34.282222222222224,134.3538888888889,306.0,9.7,1.050338266185614e-06,37181,False,False
2.0,2015.0,Winter,26,250.0,2.061448200944036,0.8016,4.527787187467641,0.6327155063968346,35.64388888888889,139.9933333333333,100.0,11.0,0.47760326398872804,122,False,False
23.0,2015.0,Winter,4,605.0,0.3736858602105893,0.1688409261662455,0.4683673688857445,0.2695573686880718,34.656666666666666,135.275,301.0,8.9,1.0330380410700952,2823,False,False
254.0,2015.0,Winter,7,291.66666666666663,0.8499760430315394,0.3526530612244895,1.05715479234741,0.436801279567908,34.11138888888889,133.6275,310.0,9.8,1.2354992871652025e-07,37254,False,False
26.0,2015.0,Winter,9,52.0,0.9331939885429495,0.371301775147929,2.024678954218535,0.424714887212074,35.46416666666667,139.85611111111112,100.0,8.0,0.47802883737174107,1326,False,False
27.0,2015.0,Winter,9,99.0,1.301609131888221,0.642791551882461,1.740977441484074,0.5923878447901817,34.666666666666664,136.60027777777776,201.0,9.6,0.44935052538878156,2427,False,False
274.0,2015.0,Winter,1,30.0,-0.0,0.0,,,34.05333333333333,133.5,310.0,7.9,0.4363776020606364,38274,False,False
313.0,2015.0,Winter,4,52.0,1.0767453018340143,0.591715976331361,0.7592546078319506,0.7767075536282114,34.38666666666666,133.24749999999997,309.0,9.1,3.706497861587365e-07,34313,False,False
328.0,2015.0,Winter,8,25.0,1.721904941357862,0.7649999999999999,2.174672270958641,0.8280612399263964,34.0,133.17499999999998,310.0,9.1,0.43645341499102913,38328,False,False
35.0,2015.0,Winter,5,16.0,1.331660286822432,0.6875,1.4426950408889634,0.8274070571684498,35.34805555555556,139.80583333333334,100.0,8.7,0.6980006225924529,1235,False,False
396.0,2015.0,Winter,13,460.0,1.8408270730678984,0.7551984877126654,1.9571940492792972,0.7176855432692506,34.333333333333336,132.45583333333332,312.0,8.2,3.083075573419973e-06,34396,False,False
4.0,2015.0,Winter,12,130.03,1.096908538763585,0.4423875135648186,2.259763888298364,0.4414284692976968,35.60166666666667,140.06416666666667,100.0,9.3,0.4777057070374204,124,False,False
410.0,2015.0,Winter,1,10.0,-0.0,0.0,,,34.30305555555555,132.35305555555556,312.0,8.7,6.410112723819321e-07,34410,False,False
426.0,2015.0,Winter,11,23.0,2.2006631885058168,0.8657844990548205,3.18928988903801,0.9177478322218876,33.99666666666667,132.29222222222222,312.0,10.0,2.081891068016308e-06,35426,False,False
44.0,2015.0,Winter,22,41.0,2.7206969557065466,0.8982748364069006,5.654932669352212,0.8801875085056171,34.436388888888885,135.14,301.0,9.1,0.4497499003868794,2744,False,False
528.0,2015.0,Winter,2,90.0,0.5297061990576545,0.345679012345679,0.2222316216158104,0.7642045065086203,33.30333333333333,131.61333333333332,314.0,8.5,0.4374461489178894,44528,False,False
550.0,2015.0,Winter,15,79.0,2.0207161907833786,0.7851305880467874,3.204066159548168,0.7461886009206632,34.03805555555555,131.70083333333332,315.0,9.5,3.110951984571743e-06,35550,False,False
59.0,2015.0,Winter,2,17.0,0.2237180760658337,0.1107266435986158,0.3529561238647611,0.3227569588973983,34.72,137.12166666666667,202.0,10.6,0.4640774576398907,2359,False,False
598.0,2015.0,Winter,3,3.0,1.0986122886681096,0.6666666666666667,1.8204784532536744,0.9999999999999998,33.78333333333333,131.32527777777779,316.0,9.9,2.08693947347891e-06,35598,False,False
61.0,2015.0,Winter,2,8.0,0.3767701612564367,0.21875,0.4808983469629878,0.5435644431995964,34.75,137.3,202.0,11.3,1.104548288568557,2361,False,False
617.0,2015.0,Winter,12,180.0,2.3221879428070658,0.8827160493827161,2.118253687802992,0.9345171751241372,33.635,131.13333333333333,316.0,11.25,0.4369762901227268,40617,False,False
79.0,2015.0,Winter,3,90.0,0.6837389058487535,0.3703703703703702,0.4444632432316208,0.6223659728744494,34.11277777777778,135.00833333333333,303.0,7.2,3.078671416947404e-06,3079,False,False
9.0,2015.0,Winter,5,8.0,1.4941751382893085,0.75,1.9235933878519516,0.9283832117695864,35.53722222222222,140.0225,100.0,9.2,0.4778553138512997,129,False,False
,2015.0,Winter,45,1178.0,2.5099923153087094,0.8648020730944509,6.222094820182344,0.6593682318970583,,,,9.071272345744681,,regional_mean,False,False
,2015.0,Winter,30,144.0,2.965867974404407,0.913966049382716,5.835229263536748,0.8720070144694149,,,,9.071272345744681,,regional_mean,False,False
,2015.0,Winter,52,712.0,3.067324554471992,0.9268873879560662,7.764828719736707,0.7762934338996483,,,,9.071272345744681,,regional_mean,False,False
,2015.0,Winter,80,2276.0,2.9868728382150564,0.9029531042960702,10.219691286745824,0.6816190514636945,,,,9.071272345744681,,regional_mean,False,False
,2015.0,Winter,58,652.0,2.490132002273304,0.74244420188942,8.796235805985368,0.6132660884060047,,,,9.071272345744681,,regional_mean,False,False
,2015.0,Winter,170,6054.0,4.100951837902869,0.96855314612055,19.40638400011187,0.79850326841453,,,,9.071272345744681,,regional_mean,False,False
,2015.0,Winter,143,6006.0,3.97776491759321,0.9695568057206418,16.320874369440293,0.8015090565881552,,,,9.071272345744681,,regional_mean,False,False
,2015.0,Winter,63,3354.0,3.066388668789436,0.9235206833908834,7.637434767998126,0.7401131923750185,,,,9.071272345744681,,regional_mean,False,False
,2015.0,Winter,90,994.0,3.2541088388968427,0.8900404438704662,12.895304085783136,0.7231658841823873,,,,9.071272345744681,,regional_mean,False,False
,2015.0,Winter,23,1108.0,1.836493962888207,0.7472272543627573,3.138234135145623,0.5857111627118705,,,,9.071272345744681,,regional_mean,False,False
,2015.0,Winter,25,570.0,2.29915123533325,0.8586518928901201,3.782126588304241,0.7142714911742178,,,,9.071272345744681,,regional_mean,False,False
,2015.0,Winter,80,3186.0,2.630052617573683,0.8328850837921241,9.793564685017294,0.60019092461984,,,,9.071272345744681,,regional_mean,False,False
,2015.0,Winter,36,438.0,2.2554110267953247,0.7451053981359855,5.754478836710227,0.6293844306476652,,,,9.071272345744681,,regional_mean,False,False
,2015.0,Winter,20,180.0,2.093641896150865,0.7486419753086421,3.658801824386986,0.6988748342544877,,,,9.071272345744681,,regional_mean,False,False
,2015.0,Winter,46,420.0,3.0917648941899056,0.923809523809524,7.450016953090252,0.8075357741848288,,,,9.071272345744681,,regional_mean,False,False
,2015.0,Winter,39,176.0,3.1780878334605376,0.9266528925619836,7.349408689102733,0.8674858349437123,,,,9.071272345744681,,regional_mean,False,False
,2015.0,Winter,24,78.0,2.894681472481517,0.9230769230769232,5.279214405860663,0.9108346261600596,,,,9.071272345744681,,regional_mean,False,False
,2015.0,Winter,124,1446.0,4.312070282761888,0.9812426706763926,16.903600163676874,0.8945681334323965,,,,9.071272345744681,,regional_mean,False,False
,2015.0,Winter,150,2976.0,3.956738760269597,0.9534565050872932,18.62887621284191,0.7896680815966781,,,,9.071272345744681,,regional_mean,False,False
,2015.0,Winter,29,242.0,2.896829991959604,0.926712656239328,5.101169187358479,0.8602837820671193,,,,9.071272345744681,,regional_mean,False,False
,2015.0,Winter,28,312.0,2.427956297236744,0.8648915187376727,4.701372978046081,0.7286336387285799,,,,9.071272345744681,,regional_mean,False,False
,2015.0,Winter,78,1606.0,3.1596261654780835,0.9108495694073748,10.431481438391716,0.7252323465185299,,,,9.071272345744681,,regional_mean,False,False
,2015.0,Winter,44,634.0,2.9499008648506586,0.9058702942610634,6.664549556839288,0.7795330441186809,,,,9.071272345744681,,regional_mean,False,False
,2015.0,Winter,71,970.0,3.231967328299007,0.9183887767031566,10.178418854193454,0.7582008083005014,,,,9.071272345744681,,regional_mean,False,False
,2015.0,Winter,20,82.0,2.7834099700171047,0.925639500297442,4.311597570413736,0.9291250738888636,,,,9.071272345744681,,regional_mean,False,False
,2015.0,Winter,30,110.0,3.191248317966997,0.9467768595041324,6.169582200799412,0.9382720141950254,,,,9.071272345744681,,regional_mean,False,False
,2015.0,Winter,32,240.0,2.8751653421602965,0.9113888888888888,5.656274831018567,0.8295973561740959,,,,9.071272345744681,,regional_mean,False,False
,2015.0,Winter,175,5998.0,3.993941242771544,0.9548311146507544,20.00188210972328,0.7733023716639086,,,,9.071272345744681,,regional_mean,False,False
11.0,2016.0,Winter,17,79.0,2.2229816261993114,0.8296747316135235,3.6617898966264777,0.7846149782058923,34.88638888888889,136.66666666666666,201.0,9.6,0.46373887583859613,2411,False,False
12.0,2016.0,Winter,14,77.0,1.8832464227186108,0.7282847023106763,2.9927675707104657,0.7136057264027548,35.608333333333334,139.8983333333333,100.0,9.6,0.47768825343837323,1212,False,False
143.0,2016.0,Winter,4,45.0,1.2730283365896256,0.691358024691358,0.7880919330415892,0.9182958340544894,34.60333333333333,134.61388888888888,305.0,8.7,1.082385399248306e-06,28143,False,False
15.0,2016.0,Winter,2,2.0,0.6931471805599453,0.5,1.4426950408889634,1.0,35.551111111111105,139.9088888888889,100.0,9.2,0.4778209472003837,1215,False,False
18.0,2016.0,Winter,8,14.0,1.90853528164356,0.826530612244898,2.652462271829658,0.9178114620629284,35.559999999999995,139.82444444444445,100.0,8.0,0.4778031123314523,1318,False,False
181.0,2016.0,Winter,1,10.0,-0.0,0.0,,,34.282222222222224,134.3538888888889,306.0,8.6,1.050338266185614e-06,37181,False,False
2.0,2016.0,Winter,15,108.0,2.158172707179113,0.8326474622770919,2.9900913325316694,0.796947082554345,35.64388888888889,139.9933333333333,100.0,9.7,0.47760326398872804,122,False,False
23.0,2016.0,Winter,4,1455.0,0.0687438229132367,0.020476848407553,0.4119316734429109,0.0495881862043378,34.656666666666666,135.275,301.0,7.9,1.0330380410700952,2823,False,False
254.0,2016.0,Winter,6,200.0,1.189885755092003,0.5499999999999999,0.9436958290887744,0.6640878842988017,34.11138888888889,133.6275,310.0,9.4,1.2354992871652025e-07,37254,False,False
26.0,2016.0,Winter,18,118.0,2.231599012258664,0.847888537776501,3.563429850889392,0.77208027173743,35.46416666666667,139.85611111111112,100.0,7.3,0.47802883737174107,1326,False,False
27.0,2016.0,Winter,8,12.0,1.9072839993213797,0.8194444444444444,2.8170072306729126,0.9172097224626076,34.666666666666664,136.60027777777776,201.0,8.5,0.44935052538878156,2427,False,False
274.0,2016.0,Winter,1,16.666,-0.0,0.0,,,34.05333333333333,133.5,310.0,9.3,0.4363776020606364,38274,False,False
313.0,2016.0,Winter,2,20.0,0.6931471805599453,0.5,0.333808200695334,1.0,34.38666666666666,133.24749999999997,309.0,9.5,3.706497861587365e-07,34313,False,False
328.0,2016.0,Winter,4,49.998000000000005,1.3296613488547582,0.7222222222222221,0.766874497269239,0.9591479170272448,34.0,133.17499999999998,310.0,8.9,0.43645341499102913,38328,False,False
35.0,2016.0,Winter,24,72.0,2.2122507144335817,0.7619598765432098,5.378020953688963,0.6961023420397432,35.34805555555556,139.80583333333334,100.0,9.1,0.6980006225924529,1235,False,False
396.0,2016.0,Winter,13,370.0,1.9670063945575105,0.758217677136596,2.0292540628724662,0.7668792324633672,34.333333333333336,132.45583333333332,312.0,8.3,3.083075573419973e-06,34396,False,False
4.0,2016.0,Winter,19,136.0,2.1489804867624134,0.8224480968858132,3.664006615295367,0.729843784152994,35.60166666666667,140.06416666666667,100.0,9.2,0.4777057070374204,124,False,False
410.0,2016.0,Winter,3,60.0,0.8675632284814612,0.5,0.4884786733519446,0.7896900821428474,34.30305555555555,132.35305555555556,312.0,8.4,6.410112723819321e-07,34410,False,False
426.0,2016.0,Winter,10,30.0,2.1357208861486354,0.8644444444444445,2.6461269341568543,0.9275317957398754,33.99666666666667,132.29222222222222,312.0,9.5,2.081891068016308e-06,35426,False,False
44.0,2016.0,Winter,19,35.0,2.8222052982295187,0.933877551020408,5.062795453129111,0.95848659734442,34.436388888888885,135.14,301.0,8.0,0.4497499003868794,2744,False,False
528.0,2016.0,Winter,3,40.0,1.039720770839918,0.625,0.5421700613636335,0.946394630357186,33.30333333333333,131.61333333333332,314.0,8.5,0.4374461489178894,44528,False,False
550.0,2016.0,Winter,11,68.0,1.8146553952367763,0.7664359861591695,2.3699447183691387,0.7567700790865037,34.03805555555555,131.70083333333332,315.0,8.9,3.110951984571743e-06,35550,False,False
598.0,2016.0,Winter,6,7.0,1.7478680974667573,0.8163265306122449,2.569491711848753,0.9755037590061084,33.78333333333333,131.32527777777779,316.0,9.0,2.08693947347891e-06,35598,False,False
617.0,2016.0,Winter,4,50.0,1.3321790402101223,0.72,0.7668666559059943,0.9609640474436812,33.635,131.13333333333333,316.0,9.4,0.4369762901227268,40617,False,False
79.0,2016.0,Winter,2,30.0,0.6365141682948128,0.4444444444444444,0.294014103795206,0.9182958340544894,34.11277777777778,135.00833333333333,303.0,7.8,3.078671416947404e-06,3079,False,False
9.0,2016.0,Winter,2,3.0,0.6365141682948128,0.4444444444444444,0.9102392266268372,0.9182958340544894,35.53722222222222,140.0225,100.0,8.5,0.4778553138512997,129,False,False
,2016.0,Winter,30,404.0,2.4762897815319214,0.8240368591314577,4.832193839238809,0.7280641208543345,,,,8.61755319148936,,regional_mean,False,False
,2016.0,Winter,64,3990.0,1.438561501650317,0.4565845691924045,7.598100055870285,0.3459009240741155,,,,8.61755319148936,,regional_mean,False,False
,2016.0,Winter,37,500.0,2.6891809088452643,0.887296,5.79280292978409,0.744736095890924,,,,8.61755319148936,,regional_mean,False,False
,2016.0,Winter,90,2564.0,3.1290837711977657,0.899625438995719,11.33855629646035,0.6953813606449949,,,,8.61755319148936,,regional_mean,False,False
,2016.0,Winter,40,426.0,2.7096844878242043,0.8507571249090788,6.441554332199405,0.7345549025198674,,,,8.61755319148936,,regional_mean,False,False
,2016.0,Winter,159,2530.0,4.310871543733881,0.978421159524442,20.16341405299548,0.850454333274966,,,,8.61755319148936,,regional_mean,False,False
,2016.0,Winter,105,1808.0,3.68449198525354,0.9521644216461744,13.8667100399753,0.79168959510556,,,,8.61755319148936,,regional_mean,False,False
,2016.0,Winter,22,152.0,2.4446807088318026,0.8642659279778393,4.180035713998735,0.7908919873215385,,,,8.61755319148936,,regional_mean,False,False
,2016.0,Winter,61,560.0,3.2919241223480307,0.9264540816326532,9.48176349584843,0.800784512275477,,,,8.61755319148936,,regional_mean,False,False
,2016.0,Winter,21,6346.0,1.9014480523592747,0.8090796031636696,2.284257589289601,0.6245472290823728,,,,8.61755319148936,,regional_mean,False,False
,2016.0,Winter,28,458.0,2.6842318164177783,0.9008600141110964,4.406818423674835,0.8055423393795972,,,,8.61755319148936,,regional_mean,False,False
,2016.0,Winter,30,400.0,2.374351363187539,0.8236,4.840218910082344,0.6980927881425101,,,,8.61755319148936,,regional_mean,False,False
,2016.0,Winter,51,428.0,3.434099185568562,0.9510437592802864,8.25201904401929,0.8734108544862165,,,,8.61755319148936,,regional_mean,False,False
,2016.0,Winter,25,198.0,2.449620884946208,0.8378736863585349,4.53834873706216,0.7610175161219553,,,,8.61755319148936,,regional_mean,False,False
,2016.0,Winter,78,1510.0,3.304676833384001,0.9377764133152054,10.519319787777764,0.7585259802397747,,,,8.61755319148936,,regional_mean,False,False
,2016.0,Winter,88,1724.0,3.3788235059097214,0.929664999650088,11.674087728007112,0.754650285630453,,,,8.61755319148936,,regional_mean,False,False
,2016.0,Winter,76,932.0,3.599191255304713,0.9566302565897328,10.969189599621505,0.8310812447913842,,,,8.61755319148936,,regional_mean,False,False
,2016.0,Winter,100,928.0,3.89158558115398,0.962163718787158,14.488444349669702,0.8450470718747163,,,,8.61755319148936,,regional_mean,False,False
,2016.0,Winter,120,1330.0,4.055013523542361,0.9711843518570864,16.544013380381752,0.8470016746568766,,,,8.61755319148936,,regional_mean,False,False
,2016.0,Winter,38,436.0,2.8701772433358856,0.912759868697921,6.087887130982468,0.7890334736570959,,,,8.61755319148936,,regional_mean,False,False
,2016.0,Winter,36,576.0,2.697280173761815,0.8987991898148148,5.506514657772185,0.7526903638812318,,,,8.61755319148936,,regional_mean,False,False
,2016.0,Winter,68,7000.0,1.446006516026875,0.4749209795918367,7.567487222617082,0.3426955505385251,,,,8.61755319148936,,regional_mean,False,False
,2016.0,Winter,52,976.0,2.826766450101308,0.8768224267669982,7.4090618434777635,0.7154118175013946,,,,8.61755319148936,,regional_mean,False,False
,2016.0,Winter,64,816.0,3.109215338249899,0.9042195309496348,9.396793912857326,0.7476082582581718,,,,8.61755319148936,,regional_mean,False,False
,2016.0,Winter,17,62.0,2.6487315973232626,0.9157127991675338,3.8767819283948977,0.934886037749336,,,,8.61755319148936,,regional_mean,False,False
,2016.0,Winter,17,76.0,2.4653527485155893,0.8822714681440443,3.6945244010203,0.8701613500753977,,,,8.61755319148936,,regional_mean,False,False
,2016.0,Winter,60,2576.0,2.0687316605676425,0.6742650746498978,7.512102359241032,0.5052656485376237,,,,8.61755319148936,,regional_mean,False,False
,2016.0,Winter,117,1712.0,3.6439509232371856,0.942800681282208,15.580052981123584,0.7651864407157442,,,,8.61755319148936,,regional_mean,False,False
10.0,2017.0,Winter,18,100.0,1.465227580772708,0.5170000000000001,3.69150309617764,0.5069339529663871,34.93333333333333,136.805,201.0,8.9,0.4636454643681527,2310,False,False
11.0,2017.0,Winter,9,35.0,1.7677281666160185,0.7477551020408164,2.2501313125018267,0.8045277596335209,34.88638888888889,136.66666666666666,201.0,8.7,0.46373887583859613,2411,False,False
12.0,2017.0,Winter,8,299.0,0.5496012796319409,0.2371785550497197,1.2279746145853565,0.2643023468637432,35.608333333333334,139.8983333333333,100.0,9.2,0.47768825343837323,1212,False,False
143.0,2017.0,Winter,4,40.0,1.3862943611198906,0.75,0.8132550920454504,1.0,34.60333333333333,134.61388888888888,305.0,8.8,1.082385399248306e-06,28143,False,False
15.0,2017.0,Winter,2,2.0,0.6931471805599453,0.5,1.4426950408889634,1.0,35.551111111111105,139.9088888888889,100.0,8.7,0.4778209472003837,1215,False,False
18.0,2017.0,Winter,20,67.0,2.7115410614717788,0.9169079973267988,4.518760756107798,0.9051346428414108,35.559999999999995,139.82444444444445,100.0,8.8,0.4778031123314523,1318,False,False
181.0,2017.0,Winter,3,24.0,1.0986122886681096,0.6666666666666667,0.6293159608882497,0.9999999999999998,34.282222222222224,134.3538888888889,306.0,9.8,1.050338266185614e-06,37181,False,False
2.0,2017.0,Winter,29,1343.0,1.4102725597556036,0.5354522969823952,3.887452045296223,0.4188145713830164,35.64388888888889,139.9933333333333,100.0,10.9,0.47760326398872804,122,False,False
23.0,2017.0,Winter,4,1330.0,0.1326086879268236,0.0444343942563175,0.4170759675726492,0.0956569482254103,34.656666666666666,135.275,301.0,8.3,1.0330380410700952,2823,False,False
254.0,2017.0,Winter,11,140.0,2.3046193848206715,0.8877551020408163,2.023618696943225,0.96110093337444,34.11138888888889,133.6275,310.0,9.2,1.2354992871652025e-07,37254,False,False
26.0,2017.0,Winter,7,75.0,0.9303450443672674,0.4231111111111109,1.3896969353983006,0.4781027761322509,35.46416666666667,139.85611111111112,100.0,8.7,0.47802883737174107,1326,False,False
27.0,2017.0,Winter,4,57.0,0.551525640218058,0.2536164973838103,0.7420138408501542,0.3978416530328515,34.666666666666664,136.60027777777776,201.0,8.0,0.44935052538878156,2427,False,False
274.0,2017.0,Winter,1,10.0,-0.0,0.0,,,34.05333333333333,133.5,310.0,8.9,0.4363776020606364,38274,False,False
313.0,2017.0,Winter,2,20.0,0.6931471805599453,0.5,0.333808200695334,1.0,34.38666666666666,133.24749999999997,309.0,8.6,3.706497861587365e-07,34313,False,False
328.0,2017.0,Winter,2,17.0,0.649248354870898,0.4567474048442905,0.3529561238647611,0.9366673818775624,34.0,133.17499999999998,310.0,8.8,0.43645341499102913,38328,False,False
35.0,2017.0,Winter,4,5.0,1.3321790402101223,0.72,1.8640048036788357,0.9609640474436812,35.34805555555556,139.80583333333334,100.0,9.5,0.6980006225924529,1235,False,False
396.0,2017.0,Winter,5,60.0,1.5607104090414063,0.7777777777777778,0.9769573467038892,0.9697238998682473,34.333333333333336,132.45583333333332,312.0,7.5,3.083075573419973e-06,34396,False,False
4.0,2017.0,Winter,14,494.0,0.4748401515431918,0.1582225573276073,2.0959170590761698,0.1799279410168848,35.60166666666667,140.06416666666667,100.0,9.7,0.4777057070374204,124,False,False
410.0,2017.0,Winter,3,60.0,0.8675632284814612,0.5,0.4884786733519446,0.7896900821428474,34.30305555555555,132.35305555555556,312.0,7.8,6.410112723819321e-07,34410,False,False
426.0,2017.0,Winter,12,41.0,1.884003160856342,0.7590719809637121,2.9621075887083013,0.7581786466775625,33.99666666666667,132.29222222222222,312.0,8.9,2.081891068016308e-06,35426,False,False
44.0,2017.0,Winter,21,32.0,2.89465783299428,0.93359375,5.7707801635558535,0.9507756609469412,34.436388888888885,135.14,301.0,9.0,0.4497499003868794,2744,False,False
528.0,2017.0,Winter,3,130.0,0.6870920273799715,0.3786982248520709,0.4108856383775173,0.625418115623811,33.30333333333333,131.61333333333332,314.0,8.4,0.4374461489178894,44528,False,False
550.0,2017.0,Winter,7,25.0,1.6651420577436549,0.7712000000000001,1.8640048036788357,0.8557137432846199,34.03805555555555,131.70083333333332,315.0,9.6,3.110951984571743e-06,35550,False,False
598.0,2017.0,Winter,7,9.0,1.8891591637540217,0.8395061728395061,2.730717679880512,0.9708357627258162,33.78333333333333,131.32527777777779,316.0,9.5,2.08693947347891e-06,35598,False,False
61.0,2017.0,Winter,5,11.0,1.4142790651247086,0.7107438016528926,1.6681295656969852,0.8787409903782898,34.75,137.3,202.0,10.7,1.104548288568557,2361,False,False
617.0,2017.0,Winter,5,360.0,0.7992634359420777,0.3780864197530864,0.6795666503051123,0.4966102946669614,33.635,131.13333333333333,316.0,9.3,0.4369762901227268,40617,False,False
79.0,2017.0,Winter,4,70.0,1.15374194270109,0.6122448979591837,0.7061323666571605,0.8322488896002306,34.11277777777778,135.00833333333333,303.0,7.9,3.078671416947404e-06,3079,False,False
9.0,2017.0,Winter,3,3.0,1.0986122886681096,0.6666666666666667,1.8204784532536744,0.9999999999999998,35.53722222222222,140.0225,100.0,9.8,0.4778553138512997,129,False,False
,2017.0,Winter,37,710.0,2.5163903658316125,0.8654632017456854,5.483403969879086,0.6968838469077507,,,,8.834871794871795,,regional_mean,False,False
,2017.0,Winter,31,230.0,2.813135053635209,0.9025330812854442,5.516653637392492,0.8192037087269752,,,,8.834871794871795,,regional_mean,False,False
,2017.0,Winter,20,106.0,2.6583027953318865,0.9042363830544676,4.074246412693347,0.8873632730131139,,,,8.834871794871795,,regional_mean,False,False
,2017.0,Winter,42,448.0,3.0709416874426965,0.9286511479591836,6.716034178242083,0.8216193513789253,,,,8.834871794871795,,regional_mean,False,False
,2017.0,Winter,35,290.0,2.772662986084145,0.8815219976218787,5.996598599133722,0.7798569755003439,,,,8.834871794871795,,regional_mean,False,False
,2017.0,Winter,120,2150.0,4.137824666164628,0.976411898323418,15.508476440941028,0.8642990710956523,,,,8.834871794871795,,regional_mean,False,False
,2017.0,Winter,85,1324.0,3.648216998044892,0.9601956900721972,11.685472590286288,0.8211801438870928,,,,8.834871794871795,,regional_mean,False,False
,2017.0,Winter,66,12340.0,1.700815654437246,0.6658162437054919,6.899771887971705,0.4059560415268506,,,,8.834871794871795,,regional_mean,False,False
,2017.0,Winter,64,404.0,3.614511832196702,0.9584844623076167,10.497524547311896,0.8691063825907772,,,,8.834871794871795,,regional_mean,False,False
,2017.0,Winter,24,2392.0,2.1918230010872746,0.8443194147716468,2.9563418559287444,0.6896745990131027,,,,8.834871794871795,,regional_mean,False,False
,2017.0,Winter,33,1406.0,2.015723872672218,0.746477704776724,4.41470401071796,0.5764963573614574,,,,8.834871794871795,,regional_mean,False,False
,2017.0,Winter,67,1724.0,3.0061497965972284,0.8982725114528883,8.856204483315741,0.7149511435707893,,,,8.834871794871795,,regional_mean,False,False
,2017.0,Winter,9,38.0,1.9514406714516623,0.8254847645429363,2.1992606219399486,0.8881389237951587,,,,8.834871794871795,,regional_mean,False,False
,2017.0,Winter,19,424.0,1.955346749184752,0.7879583481666074,2.9753376959828137,0.6640812606475898,,,,8.834871794871795,,regional_mean,False,False
,2017.0,Winter,29,162.0,2.798615223146572,0.9026063100137174,5.503581289674205,0.8311165292411549,,,,8.834871794871795,,regional_mean,False,False
,2017.0,Winter,72,474.0,3.7252750368624343,0.961811675479357,11.523715449404229,0.8710698785435042,,,,8.834871794871795,,regional_mean,False,False
,2017.0,Winter,28,124.0,3.037799639457786,0.933922996878252,5.601332543031848,0.9116486188592492,,,,8.834871794871795,,regional_mean,False,False
,2017.0,Winter,94,784.0,3.889713603324964,0.9591185964181592,13.954725725269208,0.8561437876548073,,,,8.834871794871795,,regional_mean,False,False
,2017.0,Winter,111,2054.0,3.910753521515028,0.96658762582616,14.421417217469,0.83039143064106,,,,8.834871794871795,,regional_mean,False,False
,2017.0,Winter,72,932.0,3.194601316348501,0.9131499935530216,10.384166154308357,0.7469840355654166,,,,8.834871794871795,,regional_mean,False,False
,2017.0,Winter,22,114.0,2.77820032433178,0.9196675900277008,4.433935830353287,0.8987907368639847,,,,8.834871794871795,,regional_mean,False,False
,2017.0,Winter,58,1718.0,2.725959065248756,0.8707853976454198,7.652120015223621,0.6713452345393023,,,,8.834871794871795,,regional_mean,False,False
,2017.0,Winter,53,726.0,3.324753348242377,0.9490244291145868,7.893678208587082,0.837407782761193,,,,8.834871794871795,,regional_mean,False,False
,2017.0,Winter,77,2088.0,3.099348181912443,0.9219770702132968,9.942488006486917,0.7135099022436924,,,,8.834871794871795,,regional_mean,False,False
,2017.0,Winter,39,264.0,3.293082436110504,0.9522497704315886,6.814983296486316,0.8988745800386536,,,,8.834871794871795,,regional_mean,False,False
,2017.0,Winter,24,84.0,2.906478414302107,0.9240362811791384,5.190916493321111,0.9145466280487434,,,,8.834871794871795,,regional_mean,False,False
,2017.0,Winter,54,828.0,2.488920980515182,0.7840556372377419,7.888063139958104,0.6239485922885298,,,,8.834871794871795,,regional_mean,False,False
,2017.0,Winter,141,3470.0,3.741925624573888,0.9563697065833948,17.173889577056034,0.7561340027527467,,,,8.834871794871795,,regional_mean,False,False
10.0,2018.0,Winter,9,17.0,1.9721037385162656,0.8304498269896193,2.8236489909180893,0.8975430908874701,34.93333333333333,136.805,201.0,9.9,0.4636454643681527,2310,False,False
11.0,2018.0,Winter,16,31.0,2.640003319757171,0.9198751300728408,4.368100143299437,0.9521799243360178,34.88638888888889,136.66666666666666,201.0,6.7,0.46373887583859613,2411,False,False
12.0,2018.0,Winter,9,641.0,0.3932253124401099,0.1454192333059936,1.2378096144113235,0.178964552142791,35.608333333333334,139.8983333333333,100.0,9.0,0.47768825343837323,1212,False,False
143.0,2018.0,Winter,4,50.0,1.3321790402101223,0.72,0.7668666559059943,0.9609640474436812,34.60333333333333,134.61388888888888,305.0,9.5,1.082385399248306e-06,28143,False,False
15.0,2018.0,Winter,2,5.0,0.6730116670092565,0.48,0.6213349345596119,0.9709505944546688,35.551111111111105,139.9088888888889,100.0,8.4,0.4778209472003837,1215,False,False
18.0,2018.0,Winter,6,155.0,0.4999541825363896,0.2226847034339227,0.9913897567798582,0.2790297420623011,35.559999999999995,139.82444444444445,100.0,8.2,0.4778031123314523,1318,False,False
181.0,2018.0,Winter,1,10.0,-0.0,0.0,,,34.282222222222224,134.3538888888889,306.0,9.5,1.050338266185614e-06,37181,False,False
2.0,2018.0,Winter,15,237.0,1.0070609938965958,0.4267834570670654,2.560322973531468,0.371876781858294,35.64388888888889,139.9933333333333,100.0,10.1,0.47760326398872804,122,False,False
23.0,2018.0,Winter,3,1580.0,0.1061571375611242,0.0374138759814132,0.2715480091157643,0.0966283907945565,34.656666666666666,135.275,301.0,8.8,1.0330380410700952,2823,False,False
254.0,2018.0,Winter,3,30.0,1.0986122886681096,0.6666666666666667,0.5880282075904121,0.9999999999999998,34.11138888888889,133.6275,310.0,10.0,1.2354992871652025e-07,37254,False,False
26.0,2018.0,Winter,16,141.0,2.095048321217741,0.8319501031135255,3.0310623938664656,0.755628955860896,35.46416666666667,139.85611111111112,100.0,7.6,0.47802883737174107,1326,False,False
27.0,2018.0,Winter,2,2.0,0.6931471805599453,0.5,1.4426950408889634,1.0,34.666666666666664,136.60027777777776,201.0,6.9,0.44935052538878156,2427,False,False
274.0,2018.0,Winter,1,50.0,-0.0,0.0,,,34.05333333333333,133.5,310.0,11.1,0.4363776020606364,38274,False,False
313.0,2018.0,Winter,9,380.0,1.3839663075527242,0.5803324099722992,1.3467625190664705,0.6298702107321957,34.38666666666666,133.24749999999997,309.0,10.1,3.706497861587365e-07,34313,False,False
328.0,2018.0,Winter,7,128.0,1.8409218426203395,0.8221435546875,1.2365957493333972,0.9460466833548594,34.0,133.17499999999998,310.0,9.3,0.43645341499102913,38328,False,False
35.0,2018.0,Winter,7,38.0,0.9218820409346145,0.4030470914127422,1.6494454664549614,0.473753652696741,35.34805555555556,139.80583333333334,100.0,9.4,0.6980006225924529,1235,False,False
396.0,2018.0,Winter,7,310.0,1.351744759143989,0.6659729448491155,1.0459207500333545,0.6946593910310939,34.333333333333336,132.45583333333332,312.0,9.6,3.083075573419973e-06,34396,False,False
4.0,2018.0,Winter,11,286.0,0.8741322636115485,0.3510440608342705,1.768036506147358,0.3645414683150138,35.60166666666667,140.06416666666667,100.0,9.1,0.4777057070374204,124,False,False
410.0,2018.0,Winter,8,210.0,1.814644166822596,0.7981859410430839,1.3091189881234253,0.8726593801510147,34.30305555555555,132.35305555555556,312.0,9.6,6.410112723819321e-07,34410,False,False
426.0,2018.0,Winter,14,46.0,2.3203387197305654,0.8799621928166351,3.395460335334915,0.8792301302786938,33.99666666666667,132.29222222222222,312.0,9.2,2.081891068016308e-06,35426,False,False
44.0,2018.0,Winter,23,59.0,2.6334208713286418,0.8951450732548119,5.395413359816269,0.8398742558510104,34.436388888888885,135.14,301.0,9.4,19.794676413527437,2848,False,False
528.0,2018.0,Winter,2,70.0,0.5982695885852573,0.4081632653061224,0.2353774555523868,0.8631205685666311,33.30333333333333,131.61333333333332,314.0,8.2,0.4374461489178894,44528,False,False
550.0,2018.0,Winter,7,29.0,1.4314141888347227,0.6944114149821641,1.7818452262402205,0.7356013788867053,34.03805555555555,131.70083333333332,315.0,9.8,3.110951984571743e-06,35550,False,False
59.0,2018.0,Winter,1,1.0,-0.0,0.0,,,34.72,137.12166666666667,202.0,9.7,0.4640774576398907,2359,False,False
598.0,2018.0,Winter,4,5.0,1.3321790402101223,0.72,1.8640048036788357,0.9609640474436812,33.78333333333333,131.32527777777779,316.0,9.5,2.08693947347891e-06,35598,False,False
61.0,2018.0,Winter,2,2.0,0.6931471805599453,0.5,1.4426950408889634,1.0,34.75,137.3,202.0,11.0,1.104548288568557,2361,False,False
617.0,2018.0,Winter,10,410.0,1.8467386020361496,0.793575252825699,1.4959715581052495,0.8020283843820251,33.635,131.13333333333333,316.0,9.5,0.4369762901227268,40617,False,False
79.0,2018.0,Winter,9,100.0,2.163955656882057,0.88,1.737177927613007,0.9848586617875466,34.11277777777778,135.00833333333333,303.0,8.0,3.078671416947404e-06,3079,False,False
9.0,2018.0,Winter,1,1.0,-0.0,0.0,,,35.53722222222222,140.0225,100.0,9.2,0.4778553138512997,129,False,False
10.0,2019.0,Winter,12,26.0,2.3218302371746207,0.8875739644970414,3.3762044407314837,0.9343732237879872,34.93333333333333,136.805,201.0,9.0,0.4636454643681527,2310,False,False
11.0,2019.0,Winter,18,109.0,1.7542206264096971,0.639845130881239,3.62369204475245,0.606918684981393,34.88638888888889,136.66666666666666,201.0,9.9,0.46373887583859613,2411,False,False
12.0,2019.0,Winter,17,237.0,1.3739765061253026,0.5345297228008332,2.926083398321678,0.4849534218832341,35.608333333333334,139.8983333333333,100.0,8.5,0.47768825343837323,1212,False,False
15.0,2019.0,Winter,7,148.0,0.7659646212677668,0.3408509861212565,1.2006694275327516,0.3936279491833792,35.551111111111105,139.9088888888889,100.0,8.6,0.4778209472003837,1215,False,False
2.0,2019.0,Winter,22,488.0,1.5838350797813776,0.6810501209352324,3.3923958026668246,0.5123951235482362,35.64388888888889,139.9933333333333,100.0,10.7,0.47760326398872804,122,False,False
26.0,2019.0,Winter,5,14.0,1.331664310293015,0.673469387755102,1.5156927267598048,0.8274095570912812,35.46416666666667,139.85611111111112,100.0,9.1,0.47802883737174107,1326,False,False
27.0,2019.0,Winter,3,96.0,0.158951866213954,0.0609809027777777,0.4381786656282297,0.144684223773482,34.666666666666664,136.60027777777776,201.0,9.8,0.44935052538878156,2427,False,False
28.0,2019.0,Winter,8,114.0,0.8750179530182703,0.3674976915974145,1.4779786101177623,0.4207946871694236,34.669999999999995,136.7161111111111,201.0,9.2,1.0161252080743005e-06,2428,False,False
4.0,2019.0,Winter,23,224.0,1.8447276209789985,0.6896922831632653,4.0653065239657895,0.5883371149617461,35.60166666666667,140.06416666666667,100.0,10.7,0.4777057070374204,124,False,False
426.0,2019.0,Winter,10,15.0,2.1186492470699507,0.8533333333333333,3.323424357619696,0.9201176770909588,33.99666666666667,132.29222222222222,312.0,9.9,2.081891068016308e-06,35426,False,False
44.0,2019.0,Winter,17,42.0,2.663397376057568,0.9206349206349208,4.280742182704864,0.9400624141648548,34.436388888888885,135.14,301.0,8.8,0.4497499003868794,2744,False,False
550.0,2019.0,Winter,11,20.0,2.025326220770068,0.7999999999999999,3.338082006953341,0.8446266372619724,34.03805555555555,131.70083333333332,315.0,9.8,3.110951984571743e-06,35550,False,False
59.0,2019.0,Winter,0,0.0,,,,,34.72,137.12166666666667,202.0,8.8,0.4640774576398907,2359,False,False
598.0,2019.0,Winter,2,3.0,0.6365141682948128,0.4444444444444444,0.9102392266268372,0.9182958340544894,33.78333333333333,131.32527777777779,316.0,8.0,2.08693947347891e-06,35598,False,False
61.0,2019.0,Winter,2,29.0,0.149994923610415,0.0665873959571936,0.2969742043733701,0.2163969324512646,34.75,137.3,202.0,11.2,1.104548288568557,2361,False,False
9.0,2019.0,Winter,9,146.0,0.5915250154044343,0.2280915744042035,1.605263137173068,0.2692146362760801,35.53722222222222,140.0225,100.0,9.9,0.4778553138512997,129,False,False
11.0,2020.0,Winter,6,456.0,0.1616162552322995,0.051775546321945,0.8166608202838512,0.0901997494685649,34.88638888888889,136.66666666666666,201.0,8.3,0.46373887583859613,2411,False,False
12.0,2020.0,Winter,10,249.0,0.922061006759532,0.383122852857212,1.6311874643763111,0.4004460072138217,35.608333333333334,139.8983333333333,100.0,8.2,0.47768825343837323,1212,False,False
143.0,2020.0,Winter,5,45.0,1.6094379124341005,0.7999999999999999,1.0507892440554525,1.0000000000000002,34.60333333333333,134.61388888888888,305.0,9.0,1.082385399248306e-06,28143,False,False
15.0,2020.0,Winter,7,9.0,1.831020481113516,0.8148148148148149,2.730717679880512,0.9409583900892994,35.551111111111105,139.9088888888889,100.0,6.9,0.4778209472003837,1215,False,False
18.0,2020.0,Winter,17,58.0,2.161265974499033,0.8043995243757431,3.940456733031911,0.7628320609999745,35.559999999999995,139.82444444444445,100.0,7.0,0.4778031123314523,1318,False,False
181.0,2020.0,Winter,3,27.0,1.0986122886681096,0.6666666666666667,0.6068261510845583,0.9999999999999998,34.282222222222224,134.3538888888889,306.0,9.1,1.050338266185614e-06,37181,False,False
2.0,2020.0,Winter,23,271.0,2.256948913039301,0.8432347054097847,3.927085573052044,0.719806434843157,35.64388888888889,139.9933333333333,100.0,10.8,0.47760326398872804,122,False,False
23.0,2020.0,Winter,5,1542.0,0.2254138158949155,0.0807523370696166,0.5448970993163359,0.1400574785478997,34.656666666666666,135.275,301.0,8.0,1.0330380410700952,2823,False,False
254.0,2020.0,Winter,3,27.0,1.0986122886681096,0.6666666666666667,0.6068261510845583,0.9999999999999998,34.11138888888889,133.6275,310.0,8.9,1.2354992871652025e-07,37254,False,False
26.0,2020.0,Winter,19,219.0,1.8521936044538807,0.6877254435895832,3.3400928587404244,0.6290480521278216,35.46416666666667,139.85611111111112,100.0,9.1,0.47802883737174107,1326,False,False
27.0,2020.0,Winter,21,673.0,0.8482938746218984,0.3080880226260627,3.0713731860719395,0.2786295361502476,34.666666666666664,136.60027777777776,201.0,8.7,0.44935052538878156,2427,False,False
274.0,2020.0,Winter,1,44.0,-0.0,0.0,,,34.05333333333333,133.5,310.0,9.1,0.4363776020606364,38274,False,False
313.0,2020.0,Winter,12,162.0,2.3221879428070653,0.8827160493827161,2.1621212209434377,0.934517175124137,34.38666666666666,133.24749999999997,309.0,8.4,3.706497861587365e-07,34313,False,False
328.0,2020.0,Winter,10,170.0,2.087477636242961,0.8489273356401383,1.7524052219559334,0.9065800185167614,34.0,133.17499999999998,310.0,9.2,0.43645341499102913,38328,False,False
35.0,2020.0,Winter,24,82.0,2.4727815786047858,0.8438429506246281,5.219302322079785,0.7780804576032169,35.34805555555556,139.80583333333334,100.0,8.8,0.6980006225924529,1235,False,False
396.0,2020.0,Winter,10,144.0,2.1873223188492537,0.875,1.810933219718301,0.949942013220056,34.333333333333336,132.45583333333332,312.0,8.0,3.083075573419973e-06,34396,False,False
4.0,2020.0,Winter,22,173.0,2.1172077720267013,0.7793110361188146,4.0750653470535045,0.6849494317771095,35.60166666666667,140.06416666666667,100.0,8.9,0.4777057070374204,124,False,False
410.0,2020.0,Winter,8,152.0,1.6977044646994002,0.7362361495844876,1.393345237999578,0.8164232707056257,34.30305555555555,132.35305555555556,312.0,8.4,6.410112723819321e-07,34410,False,False
426.0,2020.0,Winter,16,31.0,2.3576198431085,0.8595213319458896,4.368100143299437,0.8503316139885123,33.99666666666667,132.29222222222222,312.0,10.0,2.081891068016308e-06,35426,False,False
44.0,2020.0,Winter,18,69.0,2.227582381479485,0.8040327662255828,4.015014733696929,0.7706906128576662,34.436388888888885,135.14,301.0,8.6,0.4497499003868794,2744,False,False
528.0,2020.0,Winter,1,9.0,-0.0,0.0,,,33.30333333333333,131.61333333333332,314.0,8.2,0.4374461489178894,44528,False,False
550.0,2020.0,Winter,7,17.0,1.6100124371857245,0.726643598615917,2.117736743188567,0.8273827226644261,34.03805555555555,131.70083333333332,315.0,9.3,3.110951984571743e-06,35550,False,False
598.0,2020.0,Winter,2,3.0,0.6365141682948128,0.4444444444444444,0.9102392266268372,0.9182958340544894,33.78333333333333,131.32527777777779,316.0,9.6,2.08693947347891e-06,35598,False,False
617.0,2020.0,Winter,9,251.0,1.7303764156128956,0.7388454151521404,1.4478451066596258,0.7875282451604004,33.635,131.13333333333333,316.0,7.9,0.4369762901227268,40617,False,False
79.0,2020.0,Winter,14,189.0,2.532591160801122,0.91156462585034,2.4800891692503937,0.959657500570608,34.11277777777778,135.00833333333333,303.0,7.8,3.078671416947404e-06,3079,False,False
9.0,2020.0,Winter,5,12.0,1.2342678660790765,0.611111111111111,1.6097184175273789,0.7668937437992748,35.53722222222222,140.0225,100.0,8.8,0.4778553138512997,129,False,False
10.0,2021.0,Winter,22,59.0,2.8097430196200293,0.9238724504452744,5.150167298006439,0.9089952862236932,34.93333333333333,136.805,201.0,9.4,0.4636454643681527,2310,False,False
12.0,2021.0,Winter,14,81.0,1.6019377979931264,0.66026520347508,2.958277486537221,0.6070113672849498,35.608333333333334,139.8983333333333,100.0,8.6,0.47768825343837323,1212,False,False
143.0,2021.0,Winter,8,81.0,2.0431918705451206,0.8641975308641976,1.5929186465969654,0.9825675930733636,34.60333333333333,134.61388888888888,305.0,9.3,1.082385399248306e-06,28143,False,False
15.0,2021.0,Winter,7,43.0,1.406852320084066,0.6792861005949162,1.595235514049112,0.7229790752502395,35.551111111111105,139.9088888888889,100.0,8.8,0.4778209472003837,1215,False,False
18.0,2021.0,Winter,10,187.0,0.8820638184884001,0.4252337784895191,1.7204766062402297,0.3830754490560236,35.559999999999995,139.82444444444445,100.0,8.7,0.4778031123314523,1318,False,False
181.0,2021.0,Winter,2,30.0,0.6931471805599453,0.5,0.294014103795206,1.0,34.282222222222224,134.3538888888889,306.0,9.9,1.050338266185614e-06,37181,False,False
2.0,2021.0,Winter,34,553.0,2.5481997494550286,0.8792089179847552,5.22535697771136,0.7226146423960426,35.64388888888889,139.9933333333333,100.0,11.2,0.47760326398872804,122,False,False
23.0,2021.0,Winter,3,45.0,1.0549201679861442,0.6399999999999999,0.5253946220277261,0.9602297178607612,34.656666666666666,135.275,301.0,8.5,1.0330380410700952,2823,False,False
254.0,2021.0,Winter,5,37.0,1.5474971313341352,0.7713659605551497,1.1077515736354295,0.961514028828682,34.11138888888889,133.6275,310.0,9.4,1.2354992871652025e-07,37254,False,False
26.0,2021.0,Winter,18,69.0,2.4633580013190133,0.8859483301827347,4.015014733696929,0.8522633791274086,35.46416666666667,139.85611111111112,100.0,8.0,0.47802883737174107,1326,False,False
313.0,2021.0,Winter,9,269.0,1.9185042921787887,0.8079490333190531,1.4299218417535846,0.8731489315965443,34.38666666666666,133.24749999999997,309.0,9.2,3.706497861587365e-07,34313,False,False
328.0,2021.0,Winter,11,153.0,2.3131536787336344,0.8927335640138409,1.9878985003420893,0.9646600103740804,34.0,133.17499999999998,310.0,9.2,0.43645341499102913,38328,False,False
35.0,2021.0,Winter,23,138.0,1.9153674265414828,0.7446964923335435,4.464961904898973,0.6108661967261505,35.34805555555556,139.80583333333334,100.0,9.2,0.6980006225924529,1235,False,False
396.0,2021.0,Winter,17,242.0,2.62615509773072,0.9063930059422172,2.914953821347702,0.926917523962718,34.333333333333336,132.45583333333332,312.0,8.9,3.083075573419973e-06,34396,False,False
4.0,2021.0,Winter,7,23.0,1.727228416616589,0.8015122873345937,1.913573933422806,0.8876198201931943,35.60166666666667,140.06416666666667,100.0,10.6,0.4777057070374204,124,False,False
410.0,2021.0,Winter,12,224.0,2.2346553938108644,0.862045599489796,2.0326532619828948,0.8992914860610615,34.30305555555555,132.35305555555556,312.0,8.7,6.410112723819321e-07,34410,False,False
44.0,2021.0,Winter,11,14.0,2.341994252232425,0.8979591836734694,3.789231816899512,0.9766874637103276,34.436388888888885,135.14,301.0,9.2,0.4497499003868794,2744,False,False
528.0,2021.0,Winter,4,128.0,0.8865514895235654,0.4537353515625,0.6182978746666986,0.6395117187141859,33.30333333333333,131.61333333333332,314.0,8.5,0.4374461489178894,44528,False,False
59.0,2021.0,Winter,2,2.0,0.6931471805599453,0.5,1.4426950408889634,1.0,34.72,137.12166666666667,202.0,10.0,0.4640774576398907,2359,False,False
61.0,2021.0,Winter,2,40.0,0.116906849137531,0.04875,0.2710850306818168,0.1686609314966702,34.75,137.3,202.0,11.0,1.104548288568557,2361,False,False
617.0,2021.0,Winter,2,62.0,0.414223213846891,0.2481789802289282,0.2422988705246811,0.5975977764379983,33.635,131.13333333333333,316.0,11.0,0.4369762901227268,40617,False,False
79.0,2021.0,Winter,24,539.0,2.754649095851024,0.9068673176809938,3.656763130335957,0.8667723213327176,34.11277777777778,135.00833333333333,303.0,8.1,3.078671416947404e-06,3079,False,False
9.0,2021.0,Winter,6,18.0,1.5229550675313182,0.7283950617283951,1.729881281305968,0.849977406949301,35.53722222222222,140.0225,100.0,11.0,0.4778553138512997,129,False,False
10.0,2022.0,Winter,13,42.0,1.7635654784592985,0.6938775510204083,3.210556637028648,0.6875634691690962,34.93333333333333,136.805,201.0,9.7,0.4636454643681527,2310,False,False
11.0,2022.0,Winter,19,97.0,2.5775158684617474,0.9021149962801572,3.934674799038059,0.8753843726085411,34.88638888888889,136.66666666666666,201.0,10.6,0.46373887583859613,2411,False,False
12.0,2022.0,Winter,14,347.0,1.018526367849612,0.391648464815753,2.2224787456780786,0.3859432519406847,35.608333333333334,139.8983333333333,100.0,7.9,0.47768825343837323,1212,False,False
143.0,2022.0,Winter,10,164.0,2.1616903914872183,0.8687537180249851,1.7647521023094226,0.938810208606179,34.60333333333333,134.61388888888888,305.0,9.0,1.082385399248306e-06,28143,False,False
15.0,2022.0,Winter,4,7.0,1.277034259466139,0.6938775510204082,1.5416950271092522,0.9211854965885544,35.551111111111105,139.9088888888889,100.0,8.4,0.4778209472003837,1215,False,False
18.0,2022.0,Winter,19,838.0,0.8342515591571447,0.2914855805104778,2.6741868364179293,0.2833312441045452,35.559999999999995,139.82444444444445,100.0,8.3,0.4778031123314523,1318,False,False
181.0,2022.0,Winter,1,18.0,-0.0,0.0,,,34.282222222222224,134.3538888888889,306.0,10.0,1.050338266185614e-06,37181,False,False
2.0,2022.0,Winter,28,262.0,2.483940293519546,0.8691509818775129,4.848837923329466,0.7454345271830098,35.64388888888889,139.9933333333333,100.0,9.5,0.47760326398872804,122,False,False
23.0,2022.0,Winter,6,624.0,0.5591443398391543,0.2392854207758055,0.7768618994007017,0.3120643978402139,34.656666666666666,135.275,301.0,8.5,1.0330380410700952,2823,False,False
254.0,2022.0,Winter,10,198.0,1.5240912780831783,0.6185593306805428,1.7018807763983097,0.6619044319883988,34.11138888888889,133.6275,310.0,9.5,1.2354992871652025e-07,37254,False,False
26.0,2022.0,Winter,20,212.0,2.125338472951256,0.8384211463154148,3.54703518728696,0.7094554115244276,35.46416666666667,139.85611111111112,100.0,8.3,0.47802883737174107,1326,False,False
27.0,2022.0,Winter,6,11.0,1.4205719259467045,0.6611570247933886,2.0851619571212314,0.7928362876512273,34.666666666666664,136.60027777777776,201.0,8.5,0.44935052538878156,2427,False,False
274.0,2022.0,Winter,2,133.0,0.63476280642804,0.4427610379331788,0.2044843780639489,0.9157691529744942,34.05333333333333,133.5,310.0,9.1,0.4363776020606364,38274,False,False
313.0,2022.0,Winter,8,2031.0,0.3699818389808904,0.1278121174963835,0.9190834274226384,0.1779236547722365,34.38666666666666,133.24749999999997,309.0,9.1,3.706497861587365e-07,34313,False,False
328.0,2022.0,Winter,9,143.0,1.8416266450353729,0.7684483348819013,1.611978733168811,0.8381604065561873,34.0,133.17499999999998,310.0,8.7,0.43645341499102913,38328,False,False
35.0,2022.0,Winter,26,197.0,2.0843708157171448,0.7840964724677265,4.731977278107315,0.639751091286848,35.34805555555556,139.80583333333334,100.0,9.5,0.6980006225924529,1235,False,False
396.0,2022.0,Winter,8,231.0,1.7897522316332035,0.802608646764491,1.2861930804147836,0.8606888896657262,34.333333333333336,132.45583333333332,312.0,8.1,3.083075573419973e-06,34396,False,False
4.0,2022.0,Winter,22,242.0,1.443622801658054,0.5194658834779045,3.8258768905188583,0.4670342848541615,35.60166666666667,140.06416666666667,100.0,9.0,0.4777057070374204,124,False,False
410.0,2022.0,Winter,7,143.0,1.634196352769366,0.7446818915350384,1.208984049876608,0.8398107967948696,34.30305555555555,132.35305555555556,312.0,8.7,6.410112723819321e-07,34410,False,False
44.0,2022.0,Winter,30,147.0,2.3264639088388304,0.8181776111805267,5.8111194762615055,0.6840132011691407,34.436388888888885,135.14,301.0,8.9,19.794676413527437,2848,False,False
528.0,2022.0,Winter,3,36.0,1.039720770839918,0.625,0.5581106265512472,0.946394630357186,33.30333333333333,131.61333333333332,314.0,8.5,0.4374461489178894,44528,False,False
59.0,2022.0,Winter,4,7.0,1.277034259466139,0.6938775510204083,1.5416950271092522,0.9211854965885544,34.72,137.12166666666667,202.0,10.2,0.4640774576398907,2359,False,False
61.0,2022.0,Winter,2,10.0,0.3250829733914482,0.1799999999999999,0.4342944819032517,0.4689955935892811,34.75,137.3,202.0,12.1,1.104548288568557,2361,False,False
617.0,2022.0,Winter,15,269.0,2.5029359578118138,0.9007338207045232,2.502363223068773,0.9242575919726628,33.635,131.13333333333333,316.0,11.0,0.4369762901227268,40617,False,False
79.0,2022.0,Winter,12,250.0,2.2353423416175406,0.8686400000000001,1.992226362485762,0.8995679341951331,34.11277777777778,135.00833333333333,303.0,8.2,3.078671416947404e-06,3079,False,False
9.0,2022.0,Winter,10,50.0,1.7762394831079211,0.7671999999999999,2.300599967717983,0.7714110060524544,35.53722222222222,140.0225,100.0,11.1,0.4778553138512997,129,False,False
10.0,2023.0,Winter,13,24.0,2.1230455536602144,0.8125,3.775895765329498,0.8277144137307011,34.93333333333333,136.805,201.0,8.6,0.4636454643681527,2310,False,False
11.0,2023.0,Winter,10,54.0,1.7975331691665335,0.7853223593964335,2.256213585950972,0.78065873640709,34.88638888888889,136.66666666666666,201.0,9.4,0.46373887583859613,2411,False,False
12.0,2023.0,Winter,15,137.0,1.9622843311495408,0.7460173690660131,2.8455394870547264,0.7246115047464284,35.608333333333334,139.8983333333333,100.0,11.1,0.47768825343837323,1212,False,False
13.0,2023.0,Winter,13,2940.0,1.189025744024235,0.5098801425332038,1.5025985826568629,0.4635669474585583,35.61416666666667,139.84611111111113,100.0,0.0,1.0706158849770692e-06,1313,True,True
143.0,2023.0,Winter,6,81.0,1.7351264569629223,0.8148148148148149,1.1377990332835466,0.9683925140412224,34.60333333333333,134.61388888888888,305.0,9.3,1.082385399248306e-06,28143,False,False
15.0,2023.0,Winter,4,5.0,1.3321790402101223,0.72,1.8640048036788357,0.9609640474436812,35.551111111111105,139.9088888888889,100.0,8.9,0.4778209472003837,1215,False,False
18.0,2023.0,Winter,7,163.0,0.464935130771075,0.1739621363242877,1.1779140639935,0.2389293930127187,35.559999999999995,139.82444444444445,100.0,8.5,0.4778031123314523,1318,False,False
181.0,2023.0,Winter,2,30.0,0.6931471805599453,0.5,0.294014103795206,1.0,34.282222222222224,134.3538888888889,306.0,9.8,1.050338266185614e-06,37181,False,False
2.0,2023.0,Winter,23,285.0,2.219549226592591,0.8225053862726993,3.892090599093263,0.7078785906593886,35.64388888888889,139.9933333333333,100.0,10.4,0.47760326398872804,122,False,False
20.0,2023.0,Winter,6,600.0,1.2495468548096262,0.6444444444444444,0.7816249778396313,0.6973853780429409,35.57277777777778,139.78250000000003,100.0,0.0,2.4709985744641113e-07,1320,True,True
23.0,2023.0,Winter,43,1435.0,0.7992280189713847,0.2344357707389914,5.778024694080209,0.2124928199477117,34.656666666666666,135.275,301.0,8.9,1.0330380410700952,2823,False,False
254.0,2023.0,Winter,10,283.0,2.1906562582494846,0.8761752550287805,1.5942050581960416,0.951389924704576,34.11138888888889,133.6275,310.0,9.2,1.2354992871652025e-07,37254,False,False
26.0,2023.0,Winter,17,227.0,1.988906130273144,0.7766500417240777,2.949335929076115,0.7019965984720705,35.46416666666667,139.85611111111112,100.0,8.7,0.47802883737174107,1326,False,False
27.0,2023.0,Winter,4,77.0,0.3020418187996538,0.1237982796424355,0.6906386701639536,0.2178771170616717,34.666666666666664,136.60027777777776,201.0,8.8,0.44935052538878156,2427,False,False
274.0,2023.0,Winter,3,36.0,1.039720770839918,0.625,0.5581106265512472,0.946394630357186,34.05333333333333,133.5,310.0,9.6,0.4363776020606364,38274,False,False
28.0,2023.0,Winter,3,4.0,1.039720770839918,0.625,1.4426950408889634,0.946394630357186,34.669999999999995,136.7161111111111,201.0,8.7,1.0161252080743005e-06,2428,False,False
313.0,2023.0,Winter,10,366.0,1.8976634648257549,0.8085640060915524,1.5247431936982252,0.8241447712832309,34.38666666666666,133.24749999999997,309.0,9.1,3.706497861587365e-07,34313,False,False
32.0,2023.0,Winter,2,1279.0,0.0418903386383619,0.0139744632883025,0.139785187598194,0.0604349838147241,35.4575,139.7513888888889,100.0,8.9,6.653265145359087,1434,False,False
328.0,2023.0,Winter,9,108.0,2.0947290475276485,0.8611111111111112,1.7086236185895254,0.9533522741071692,34.0,133.17499999999998,310.0,8.9,0.43645341499102913,38328,False,False
35.0,2023.0,Winter,15,162.0,0.7648922089352876,0.2619265355890868,2.7517906448371026,0.2824512664587854,35.34805555555556,139.80583333333334,100.0,9.0,0.6980006225924529,1235,False,False
38.0,2023.0,Winter,30,2040.0,2.646804055772224,0.8675509419454056,3.8054221583887258,0.778197722379387,35.24,139.8338888888889,100.0,0.0,0.6586621995592779,1238,True,True
39.0,2023.0,Winter,22,85.0,2.641179753868686,0.897439446366782,4.726907152417349,0.8544624649199272,34.55444444444444,136.7302777777778,201.0,9.3,2.094230013411514e-06,2439,False,False
396.0,2023.0,Winter,15,696.0,1.2613655350013904,0.4621730083234243,2.1389231632408623,0.4657836603206244,34.333333333333336,132.45583333333332,312.0,8.4,3.083075573419973e-06,34396,False,False
4.0,2023.0,Winter,25,125.0,2.591239391734377,0.87232,4.970679476476894,0.8050137789457837,35.60166666666667,140.06416666666667,100.0,10.5,0.4777057070374204,124,False,False
40.0,2023.0,Winter,18,68.0,2.4613136645029177,0.8901384083044983,4.028906021227536,0.8515560871292389,34.55444444444444,136.79694444444445,201.0,9.1,4.100060648548167e-06,2440,False,False
410.0,2023.0,Winter,7,170.0,1.4153261960027212,0.6340484429065745,1.168270147970622,0.7273337860382834,34.30305555555555,132.35305555555556,312.0,8.6,6.410112723819321e-07,34410,False,False
426.0,2023.0,Winter,6,10.0,1.6094379124341005,0.7599999999999999,2.1714724095162588,0.8982444017039272,33.99666666666667,132.29222222222222,312.0,10.0,2.081891068016308e-06,35426,False,False
44.0,2023.0,Winter,15,46.0,1.9238962556650745,0.724007561436673,3.6566495918991393,0.7104359641789597,34.436388888888885,135.14,301.0,9.2,0.4497499003868794,2744,False,False
52.0,2023.0,Winter,7,114.0,1.8998180791878871,0.84533702677747,1.266838808672368,0.976313361698739,35.50861111111111,139.84611111111113,100.0,8.5,1.013292961489617e-06,1352,False,False
528.0,2023.0,Winter,3,55.0,0.8590785459617755,0.4938842975206611,0.4990850292584237,0.7819669912879544,33.30333333333333,131.61333333333332,314.0,8.6,0.4374461489178894,44528,False,False
550.0,2023.0,Winter,5,7.0,1.5498260458782016,0.7755102040816326,2.055593369479003,0.9629610647945144,34.03805555555555,131.70083333333332,315.0,9.6,3.110951984571743e-06,35550,False,False
59.0,2023.0,Winter,2,3.0,0.6365141682948128,0.4444444444444444,0.9102392266268372,0.9182958340544894,34.72,137.12166666666667,202.0,10.1,0.4640774576398907,2359,False,False
61.0,2023.0,Winter,4,12.0,0.9830877585747856,0.5138888888888888,1.207288813145534,0.7091479170272448,34.75,137.3,202.0,10.9,1.104548288568557,2361,False,False
617.0,2023.0,Winter,14,295.0,2.2076969217311126,0.8406090203964378,2.2859251509693364,0.8365475417894643,33.635,131.13333333333333,316.0,9.0,0.4369762901227268,40617,False,False
79.0,2023.0,Winter,13,455.0,1.8965402621126797,0.776814394396812,1.9606890284192853,0.7394065136590594,34.11277777777778,135.00833333333333,303.0,8.1,3.078671416947404e-06,3079,False,False
9.0,2023.0,Winter,3,7.0,0.9556998911125344,0.5714285714285714,1.0277966847395017,0.8699155297736259,35.53722222222222,140.0225,100.0,10.3,0.4778553138512997,129,False,False
10.0,2024.0,Winter,10,327.0,0.7896856380145221,0.3911754528705965,1.5544148378149023,0.3429561150279557,34.93333333333333,136.805,201.0,9.0,0.4636454643681527,2310,False,False
11.0,2024.0,Winter,9,83.0,1.3586395348482094,0.6099579039047758,1.8104296375580529,0.6183434997324401,34.88638888888889,136.66666666666666,201.0,7.5,0.46373887583859613,2411,False,False
12.0,2024.0,Winter,13,1122.0,1.368728924419611,0.5490053094645734,1.70870360270338,0.533628050174919,35.608333333333334,139.8983333333333,100.0,0.0,0.47768825343837323,1212,True,True
13.0,2024.0,Winter,16,2695.0,1.4297894835897202,0.6423742173543393,1.8989376559944584,0.5156875493725204,35.61416666666667,139.84611111111113,100.0,7.9,1.0706158849770692e-06,1313,False,False
143.0,2024.0,Winter,2,18.0,0.6931471805599453,0.5,0.3459762562611936,1.0,34.60333333333333,134.61388888888888,305.0,9.0,1.082385399248306e-06,28143,False,False
15.0,2024.0,Winter,5,63.0,1.4750763110546947,0.7346938775510204,0.9654525532371004,0.9165164431996023,35.551111111111105,139.9088888888889,100.0,0.0,0.4778209472003837,1215,True,True
181.0,2024.0,Winter,7,105.0,1.945910149055313,0.8571428571428572,1.2892245632898265,1.0,34.282222222222224,134.3538888888889,306.0,8.9,1.050338266185614e-06,37181,False,False
2.0,2024.0,Winter,20,1010.0,2.0562542391367407,0.7858092343887854,2.7465753924229723,0.6863945277383886,35.64388888888889,139.9933333333333,100.0,0.0,0.47760326398872804,122,True,True
20.0,2024.0,Winter,11,3565.0,0.3767138668445774,0.1252860028837321,1.2226554136360936,0.1571018847728692,35.57277777777778,139.78250000000003,100.0,8.7,2.4709985744641113e-07,1320,False,False
23.0,2024.0,Winter,30,274.0,2.5561803605160964,0.8638179977622676,5.166459672815287,0.7515530778360467,34.656666666666666,135.275,301.0,8.6,1.0330380410700952,2823,False,False
254.0,2024.0,Winter,10,209.0,2.148187578411857,0.8584968292850439,1.6846568513922482,0.9329460113973784,34.11138888888889,133.6275,310.0,9.1,1.2354992871652025e-07,37254,False,False
27.0,2024.0,Winter,3,3.0,1.0986122886681096,0.6666666666666667,1.8204784532536744,0.9999999999999998,34.666666666666664,136.60027777777776,201.0,5.0,0.44935052538878156,2427,False,False
274.0,2024.0,Winter,2,74.0,0.5041264147315941,0.3232286340394449,0.2323384935741173,0.7273006785144037,34.05333333333333,133.5,310.0,9.25,0.4363776020606364,38274,False,False
28.0,2024.0,Winter,1,2.0,-0.0,0.0,,,34.669999999999995,136.7161111111111,201.0,7.5,1.0161252080743005e-06,2428,False,False
313.0,2024.0,Winter,3,89.0,0.8067931707326723,0.463577831081934,0.4455696196480604,0.7343747917755216,34.38666666666666,133.24749999999997,309.0,8.7,3.706497861587365e-07,34313,False,False
32.0,2024.0,Winter,11,804.0,1.2020940682949215,0.4866587460706418,1.4948578528572054,0.5013121640179323,35.4575,139.7513888888889,100.0,8.4,0.478043080113602,1432,False,False
328.0,2024.0,Winter,2,45.0,0.6365141682948128,0.4444444444444444,0.262697311013863,0.9182958340544894,34.0,133.17499999999998,310.0,8.72,0.43645341499102913,38328,False,False
35.0,2024.0,Winter,14,296.0,2.243608971808512,0.8464663988312637,2.2845656947245048,0.8501554500658014,35.34805555555556,139.80583333333334,100.0,0.0,0.6980006225924529,1235,True,True
38.0,2024.0,Winter,40,2268.0,2.465836006756513,0.8314728497709098,5.047463195798491,0.6684512295479179,35.24,139.8338888888889,100.0,0.0,0.6586621995592779,1238,True,True
39.0,2024.0,Winter,25,85.0,2.5245092524836883,0.8467820069204153,5.4021796027626845,0.7842828955935436,34.55444444444444,136.7302777777778,201.0,8.9,2.094230013411514e-06,2439,False,False
396.0,2024.0,Winter,11,196.0,2.0938412905519934,0.8406393169512703,1.894615908449756,0.873199640661728,34.333333333333336,132.45583333333332,312.0,8.6,3.083075573419973e-06,34396,False,False
4.0,2024.0,Winter,13,286.0,2.045128099431979,0.8258105530832803,2.1216438073768296,0.7973366388239295,35.60166666666667,140.06416666666667,100.0,0.0,0.4777057070374204,124,True,True
40.0,2024.0,Winter,13,43.0,2.2915159046963653,0.8718226068144943,3.190471028098224,0.8933961592770856,34.55444444444444,136.79694444444445,201.0,8.3,4.100060648548167e-06,2440,False,False
410.0,2024.0,Winter,6,134.0,1.6436885410641937,0.7839162396970372,1.0208582159118624,0.9173600415084424,34.30305555555555,132.35305555555556,312.0,8.8,6.410112723819321e-07,34410,False,False
426.0,2024.0,Winter,10,31.0,2.0555468607133887,0.8428720083246618,2.620860085979662,0.8927126589013767,33.99666666666667,132.29222222222222,312.0,9.6,2.081891068016308e-06,35426,False,False
44.0,2024.0,Winter,38,111.0,3.152971347189706,0.929145361577794,7.8564099641382,0.8667757157474087,34.436388888888885,135.14,301.0,8.8,0.4497499003868794,2744,False,False
52.0,2024.0,Winter,6,392.0,0.7315437652431896,0.3230685131195334,0.8373439541173185,0.4082823491695351,35.50861111111111,139.84611111111113,100.0,8.1,1.013292961489617e-06,1352,False,False
528.0,2024.0,Winter,2,18.0,0.6931471805599453,0.5,0.3459762562611936,1.0,33.30333333333333,131.61333333333332,314.0,8.5,0.4374461489178894,44528,False,False
550.0,2024.0,Winter,4,9.0,1.2148896539491203,0.6666666666666667,1.365358839940256,0.8763576394898523,34.03805555555555,131.70083333333332,315.0,9.2,3.110951984571743e-06,35550,False,False
59.0,2024.0,Winter,3,10.0,0.639031859650177,0.3399999999999998,0.8685889638065035,0.5816718657178868,34.72,137.12166666666667,202.0,9.9,0.4640774576398907,2359,False,False
598.0,2024.0,Winter,7,11.0,1.8462202193216333,0.8264462809917356,2.502194348545478,0.948769510358905,33.78333333333333,131.32527777777779,316.0,9.3,2.08693947347891e-06,35598,False,False
61.0,2024.0,Winter,1,1.0,-0.0,0.0,,,34.75,137.3,202.0,10.3,1.104548288568557,2361,False,False
617.0,2024.0,Winter,7,187.0,1.7948535420656733,0.8174668992536247,1.146984404160153,0.9223722600640252,33.635,131.13333333333333,316.0,9.5,0.4369762901227268,40617,False,False
79.0,2024.0,Winter,14,277.0,2.268245764045311,0.8567555943645818,2.311514853162864,0.8594909017668035,34.11277777777778,135.00833333333333,303.0,8.2,3.078671416947404e-06,3079,False,False
9.0,2024.0,Winter,3,107.0,0.7255031932276308,0.4056249454100795,0.4280062614855671,0.6603814655188196,35.53722222222222,140.0225,100.0,0.0,0.4778553138512997,129,True,True
