zettaicode,00000272,00000275,00002725,00002737,00002744,00002750,00002758,00002811,00002823,00002848,00003064,00003078,00003079,00003086,00003089,00003695,00003698,00028119,00028129,00028132,00028143,00028150,00028153,00028168,00028169,00033182,00033204,00033224,00033237,00033241,00033248,00033276,00033277,00034285,00034310,00034312,00034332,00034344,00034352,00034363,00034376,00034382,00034390,00034391,00034396,00034399,00034411,00034423,00035412,00035426,00035433,00035459,00035473,00035484,00035486,00035487,00035498,00035509,00035512,00035521,00035522,00035542,00035550,00035562,00035565,00035582,00035588,00035598,00035613,00035626,00035707,00036103,00036110,00036147,00036164,00037170,00037179,00037181,00037195,00037213,00037238,00037250,00037254,00037263,00037298,00038274,00038306,00038308,00038315,00038328,00038343,00038359,00038372,00038441,00038456,00038457,00038469,00038495,00038647,00038665,00038666,00038667,00038671,00038674,00040617,00040620,00040632,00040636,00040714,00040715,00044527,00044529,00044531,00044533,00044575,00044578,00044594,00044605,00044677,00044679,00044680,00044690,00044696,00044702
00000272,0.0,11.308188470607423,17.779360985901004,35.72929819369961,34.787947652156596,35.88963526470795,51.810944193843596,8.270166570258416,13.311864935704472,29.54033196074184,59.85830232040543,60.783143901458686,70.83307491320096,89.61349649401383,77.72282387018906,104.43247215009146,93.92766861546689,49.2389981227392,63.552402037595556,67.42786314938785,73.14973565480614,79.06123546985654,82.58107000954946,90.89278379952097,91.75328226187678,101.68242710514468,121.29721744754949,141.32486487739118,153.987103416926,157.5948154046455,165.50139214401818,182.09348020879304,180.16478536651488,185.75275616830052,201.95724455143213,201.23404842689808,214.11083234947563,223.97992518066127,234.71564338191254,247.33716934128657,261.25058190239184,265.5908463998875,272.2383105123534,274.947080800559,273.56647265155584,279.785729544117,283.3997543381015,291.91434203062437,288.75533349167034,296.0232660841682,296.6857892987388,282.32268231415856,301.17100768521794,312.51151050335903,316.34048149072123,320.5601120371944,323.8911896475956,335.1679532823045,335.33080663747086,336.44089055012415,339.41795221754904,350.9259191104484,348.01487967973463,353.96061732802116,365.6342872509041,374.0384503320408,377.61320984213137,388.6042476149678,397.20862023054485,406.24578358271293,421.87100973701695,86.11269841571304,94.51466669101193,84.67822089859021,95.34359161657784,93.90645889137512,101.28141449616342,105.50562446360465,113.03995987646651,128.8814371403074,155.9125984326086,168.79965773459932,174.6609860929547,176.50277076189604,195.38445693923813,188.03677440752693,202.94073701234998,206.96320286899243,206.90007668062947,218.20462990362844,227.65130433812723,243.1452343530152,258.3587156558855,267.12703884517725,283.87117401728193,288.4976275945298,308.4721462504255,337.9296283004703,316.2803620890659,326.87999940311124,333.1110010457931,323.77736515122007,348.0751865787494,337.5866600850991,410.4594016290276,405.7493647402756,409.7484343236884,413.6559858851222,428.06280237963375,430.2304759026705,357.89468399049133,363.09889353036476,350.3289328647832,358.78774745369066,373.8992202211808,390.71352290411284,389.06387570300734,397.5978802870689,340.88671562378454,352.95489694242843,359.47024692604134,352.1136881389107,369.41990466506144,370.80371763033565
00000275,11.308188470607423,0.0,13.28034222596431,27.036397350574184,28.368270731589853,31.98249687547385,44.873185383104456,17.096799310445284,17.685007210017304,29.94409319597069,49.951060841738425,52.45436510641957,61.642931866113805,80.03467750397553,69.50780782034701,95.20069233182986,85.86057966106024,49.44471744364048,61.611734387390726,70.57090963202079,73.40465305089548,80.9931661059773,80.33782315662071,91.90352754529133,91.2906194984409,102.72373121093904,121.03390658424419,139.97854550773746,152.69913894985893,157.29216451390343,164.26260433896826,180.12662933620396,179.22853703993732,184.25935754237275,200.367311117192,200.2825512818022,213.2031660543885,222.12676302807458,233.3481028335794,245.78923540824866,259.2964125011827,264.01530895699767,270.7866917128722,272.88138053756325,272.75167673134615,278.0105638930272,282.4411715626543,290.46546533249676,286.7677628169598,293.8701103861188,294.97709974977187,279.54738041225636,298.38385638708814,309.8506887376994,313.28585840559145,317.1249610310528,321.3485684090294,332.1201517151999,332.8992608665478,334.6289942393351,337.22596448378533,348.8295449117116,346.4387790527693,352.19569771183865,363.2778250239942,372.11740358519125,376.0051777550996,386.43213021297265,395.4442603492954,404.8732315152482,420.6339920236467,79.76283068182411,87.84139118292423,79.93236903508736,91.20479882095775,92.0120708727972,98.90235512434595,101.89344364881227,110.9582177544755,127.6238279175306,153.92707526859746,166.81110812299391,171.4287233422377,174.1009281710502,192.91380650989112,184.6989002913167,200.2416697824367,203.6518686611523,204.60560872955608,215.0955146581421,224.99872774014193,240.9996475155139,255.82979361698264,263.9063302924811,280.6210150542907,284.8106174196214,304.7898066654388,334.05024314490566,311.17329026323534,321.96435640637117,327.8686363562779,319.44691997706263,342.4631013243062,332.8521899758182,407.99113592172955,403.71262492075675,408.2075442168308,411.8436264118593,426.6915696768693,428.94430858853764,354.05888364394974,358.9310336906121,347.624859590955,355.3652999802302,371.4130189333107,386.89726573677297,386.3739387059983,395.3060252710584,336.3955275941432,347.81972942336637,354.0365394967686,347.79095059889437,364.274182384243,366.20113495044575
00002725,17.779360985901004,13.28034222596431,0.0,19.0779978651784,17.013614131541047,18.960446900760413,34.03795500531105,17.223017394521115,12.172295782320731,17.481232582924946,43.9109112981022,43.34375046301867,53.898816549670556,72.92903377262867,60.157107387174484,87.36434859504033,76.27895521482701,36.43255786470394,48.347137554515584,58.56195361581496,60.2809422969531,68.33060402832393,67.12419712836045,78.90348924151884,78.03863651292389,89.7080403105946,107.78307291785282,126.70982952562088,139.4292522804323,144.02899334039037,150.99167788737202,166.92445371163728,165.94922383741792,171.00703107440341,187.12554733061606,187.00417669274938,199.92429956878337,208.91704810092926,220.09119679708505,232.54841508326382,246.10490819968186,250.77868432300647,257.5391326671586,259.7079645039061,259.472330725812,264.7972269657523,269.1653358821494,277.2189016081545,273.5839059576573,280.7129729543798,281.7571746082897,266.51491742960565,285.35670508937426,296.79523088008557,300.32962716555113,304.2827917356604,308.2682473063776,319.16416474959965,319.79698433753714,321.42445673988277,324.07921344679056,335.66756867774114,333.207335463245,338.9861945588897,350.16316032384725,358.9299962636279,362.77847450611716,373.28524712784986,382.2368110344711,391.6249194864395,407.3757267995974,68.39896183818128,76.76030288409915,67.5072756339286,78.5194638631151,78.76812016418229,85.72660142617191,89.02644798918257,97.74697635633319,114.34929625523195,140.7206903781958,153.60869035216643,158.49154792800417,160.96704148668013,179.79834457958492,171.79824553142987,187.17639751828418,190.74926633204487,191.45990083736464,202.13729906160185,211.92873843415643,227.8349776876005,242.73858034527507,250.99024242816327,267.7163785232352,272.04905639915614,292.0295634992503,321.3660236773937,299.05668217544144,309.74582906311997,315.83040082608665,306.94582912080193,330.6497585403861,320.54231427386264,394.90179527494166,390.5443147747136,394.9749928089837,398.6431113830575,413.4437566468282,415.68978252279527,341.3604502946786,346.3646824113495,334.58308925003234,342.5232989050577,358.3250031490575,374.19468293726914,373.3319600710478,382.1811777935731,323.9691684530999,335.72292610111526,342.11380406133424,335.28985471071906,352.1848749787161,353.83042769241507
00002737,35.72929819369961,27.036397350574184,19.0779978651784,0.0,8.510852275016953,17.018984262588695,18.993542106112134,36.29913402326211,30.798362596054947,26.896970726853404,24.865856343958843,25.418821391747475,35.108606518536476,53.98958593547425,42.472401186330664,68.70325928955619,58.82435034327248,38.50436392902366,43.75556984896232,63.404687616082995,59.20295708935701,69.99306919814609,60.431921830466756,78.10379871725496,74.37414130972903,88.47208792299944,103.47416787874275,120.02215502096622,132.6655825941014,138.97595466573074,144.1774489296447,158.6907720681522,159.515955488352,163.5569321448605,179.3902143642398,180.3687409159341,193.2756207844818,200.60914592562966,212.54413505953966,224.64103844644745,237.47125248602885,242.7532682981163,249.6950260238563,250.84647658587028,252.68642446042014,256.39495530301406,262.1025362119748,269.3150069441261,264.8083583294518,271.6497043133403,273.41333831928154,256.49131564133165,275.2694844130077,286.88301283877666,289.7922218675289,293.1499166443279,298.5195436061802,308.6042140412727,310.20175354034427,312.816598618956,314.8564045363662,326.5754598432953,324.95640507252125,330.41893732930197,340.63394236446175,350.0772584627625,354.42098839690266,364.0118110579008,373.5977537522759,383.6006547494394,399.54716507505464,53.64650208889108,61.37811910909794,55.76789970811765,67.64466606809192,72.24054438213997,78.01245216255982,78.89221442413087,90.26936147174807,108.04079241175612,132.70382958877585,145.45299818382293,148.1757494967915,152.03575977667964,170.61847217405187,161.2247699953284,177.57258259669382,180.1233280121795,182.50636739205035,191.789347618989,202.28273666205934,218.95547501334846,233.17904219365005,240.30174173205302,256.9409661403682,260.58757090765926,280.5389678298288,309.53374070991117,285.45337873190005,296.40554791345147,302.02087546925577,294.4604157150739,316.3168265902892,307.45201088903065,385.13515718639223,381.460641002716,386.67495443762374,389.90430117665665,405.3904071620094,407.77034004079326,329.56877404764197,334.0746044543103,324.5331150160899,331.3536779984515,348.57933026055497,362.3971798518397,363.24771955132707,372.7067649002722,311.2283476556244,322.04859438686793,328.01901148594754,322.7835811738324,338.4839882077623,340.90006117907717
00002744,34.787947652156596,28.368270731589853,17.013614131541047,8.510852275016953,0.0,8.508133994638856,17.02435704523795,33.40394233872635,26.88326828289243,19.328092578811606,30.185112760065604,26.874039752933587,38.14451675965115,57.310539899303734,43.383459988685,71.15171453661611,59.37609393628329,30.057499949161404,36.5391305693476,54.913915025708256,51.34363907590222,61.77155636652577,54.100801555139554,70.30462500847197,67.20801097024732,80.80216327242407,96.61287243825998,113.96846723648967,126.66642071489287,132.4214474967548,138.21725520835153,153.28868091239298,153.44525636432599,157.85800354289108,173.81806305990287,174.39399458606746,187.31857253384192,195.28137865863792,206.93059924608178,219.1739326822267,232.3015295214376,237.34353405996046,244.21897285267505,245.77833836882434,246.82085673240366,251.14198349749125,256.3412919872042,263.8721461301427,259.7116470642427,266.6763534067932,268.1452653447909,251.93212021803345,270.747686001436,282.28641593346805,285.4855468678763,289.1332848213239,293.8540892210151,304.31462270173665,305.4725527826585,307.6707517647392,309.9675535990387,321.63492824033733,319.6713333679301,325.26240090189026,335.8852278511274,345.04352355388494,349.1870984800601,359.15881083820614,368.48234858825293,378.2429592523811,394.1175784011949,51.57746330325873,59.84079373520021,51.69636260297147,63.18184354377148,65.94184494453889,72.18730928651871,74.11928710551997,84.41138205915063,101.82297161130293,127.1740358716655,140.00045284290817,143.66445476864817,146.91097732523647,165.62301613997425,156.85274144121925,172.76970190256122,175.79585165833188,177.4271154441317,187.33961224967192,197.520541064758,213.87543479385656,228.3996639944221,236.04575798732063,252.73494591397144,256.72459718716493,276.6985066539693,305.879918273114,282.80541553722816,293.59890234655984,299.50622111986576,291.15644682357794,314.14618523673784,304.4986161391856,380.50197037715674,376.531292909233,381.426327686059,384.83349467474056,400.04891851876886,402.37745309372724,325.8989213263664,330.6727397410026,320.0117135743902,327.3666927735985,343.9280385108072,358.7378355178161,358.752302765369,367.9424743905205,308.0730086784119,319.4528641736992,325.69278930397337,319.49860139672643,335.90785660007367,337.86034505269566
00002750,35.88963526470795,31.98249687547385,18.960446900760413,17.018984262588695,8.508133994638856,0.0,19.078958791060575,32.53223484035092,25.324582574118047,12.97857018923768,36.72911980319461,30.71656060372085,42.69290839666474,61.64127293928013,45.88922604429978,74.50362565233115,61.1268191603608,21.665050210793606,30.01668124849868,46.4339292741819,43.73529034031826,53.645576072872984,48.45037467250909,62.697188012953106,60.39929606674793,73.32454867699354,90.04114161908774,108.25394460830238,120.97695746605221,126.10853372225584,132.54390141616042,148.18707313352007,147.62375432233046,152.42961094707164,168.49992318318382,168.6452284021935,181.5731269110371,190.19366300201781,201.52839626721726,213.9140380406839,227.34129742661315,232.12808969111668,238.92885227556337,240.91270180348062,241.12106728222938,246.07960261449153,250.74466050730527,258.603095674106,254.805687707718,261.8936023108588,263.05539348307417,247.59014528362803,266.429618694581,277.88302034398964,281.37902448764953,285.32267523038985,289.3722711022563,300.21364621423055,300.91825130804114,302.6850898503656,305.2461567927089,316.85439683925927,314.53604299438604,320.257359664783,331.2955727244501,340.156625829822,344.0924076623103,354.4521628612332,363.50256637501843,373.0107331585051,388.8066650038008,50.874673466662905,59.501343880083134,48.79227739664958,59.61539264896899,60.198025554488375,66.94815684292281,70.06735789106891,79.04541907910053,95.96573720231872,121.99612919612237,134.87322581289285,139.5355277851842,142.1198779541177,160.93132057458965,152.83859980725583,168.26896676076856,171.78991261820414,172.62664643152596,183.18601557977473,193.02478920457585,209.02697332603645,223.85041533086275,232.03260409768222,248.75769807335962,253.09761618572242,273.0780255991632,302.4301969644535,280.39956903750715,291.02287562188394,297.22277169598914,288.07480772193014,312.2012036309191,301.7651335379643,376.01283391256015,371.73984115798805,376.3052648570777,379.89402634208625,394.82686060058836,397.10194630526564,322.4206773363861,327.46547688963267,315.66357912324673,323.5631190641292,339.43491900088947,355.2533987175373,354.4127928409009,363.323542218338,305.13120220389425,317.0730964492107,323.58244152529204,316.41719782930755,333.5377532029877,335.01801813432155
00002758,51.810944193843596,44.873185383104456,34.03795500531105,18.993542106112134,17.02435704523795,19.078958791060575,0.0,50.14494077959746,43.31864503435056,31.93738691684513,21.779853677786377,12.04410493741982,24.178929163819742,42.78136353434954,26.913187162217472,55.42603881937737,42.55703751112284,32.50853115646376,30.160010647422318,56.366213660277246,47.056103455060224,59.475756601400974,43.86402169544797,65.07027741188854,59.31775617005119,74.72728301193591,87.31460868142187,102.44269252775908,114.97719681985154,122.05444242028628,126.41341604373912,140.36183397535305,141.85037850990264,145.48102424216611,161.17835447793183,162.5562376902389,175.42675755441803,182.18476632008114,194.33829278717855,206.30576956267785,218.92102562556713,224.36436820567536,231.3532373964785,232.2308554923654,234.6899931623661,237.89041609087815,243.9990032040648,250.9392265443752,246.20458995095538,252.97659393856964,254.91268894275575,237.6451995403001,256.40802239618154,268.04474130505605,270.87010327864135,274.1768590538633,279.7043741376592,289.67665537488824,291.4094918206994,294.2288947536275,296.1326091875858,307.874444264959,306.45257672438004,311.8338143222544,321.84540151541813,331.41989729951814,335.8782668285862,345.26459839385404,354.9814288750024,365.1336850074186,381.1278861500728,34.92369235608834,42.97957243433011,36.94099280159739,48.93536119688757,55.384194062120194,60.398159654819004,60.30734994758202,72.596819743861,90.73589556359329,114.52501488584758,127.18389613030114,129.34884454240486,133.51510474251842,152.00191278807014,142.34501876765833,158.8508658622204,161.22440008497227,163.93037798998225,172.92265826032957,183.5305897768057,200.35928716070345,214.42389035398935,221.3735950881535,238.0004822103973,241.60112059477257,261.5505022164626,290.54030420676935,266.62842025301916,277.5341168255398,283.2428439740079,275.4896532668798,297.68097775279426,288.5441016309498,366.298802241812,362.7465224647164,368.13599581950643,371.26107339999555,386.9089106746474,389.3237064554373,310.57526889500934,315.09448341985086,305.6655160194761,312.37585958043786,329.75275064495054,343.40382626739535,344.3688598726534,353.9208988077725,292.2800197406834,303.2437781647515,309.31618886046846,303.8162349730122,319.686984761461,321.97493691700464
00002811,8.270166570258416,17.096799310445284,17.223017394521115,36.29913402326211,33.40394233872635,32.53223484035092,50.14494077959746,0.0,7.337030934921064,23.787128400507182,61.108119667304955,60.201797355459334,71.0284960874316,90.10374321962225,76.7819298945282,104.39181615702638,92.68777901199456,42.86770833374448,58.09471543828931,59.68624895394072,66.45705144301513,71.65599285416532,77.08924831353569,83.77889233344675,85.27241654443831,94.51728896818888,114.61199063241827,135.09527694821628,147.70188645619749,150.8503232020675,159.17172748593853,176.10140733741304,173.67071507253476,179.51666410967323,195.74861620996793,194.72207225356968,207.56614497912028,217.87986267697022,228.3674665239826,241.0660831117181,255.17125092272659,259.3205132780961,265.9040663715172,268.9154829262775,266.93795691284225,273.60461326767364,276.8302646860264,285.56774053566977,282.67553809132517,290.0241198109544,290.4624400666193,276.66439500603065,295.50772974764266,306.7727049713737,310.8186555257468,315.25643817489083,318.0827383119806,329.6328154570623,329.4578072561456,330.2500221484653,333.41789495514183,344.8721596829313,341.7045258458247,347.73981705841845,359.709469835245,367.8879163628351,371.30811602119013,382.5759793018863,390.9734652519947,399.8208427053094,415.3794351251323,83.3994676048048,91.99767959122136,80.76061486988559,90.92257510294668,88.14009813406228,95.74171598238964,100.6798363920048,107.27995082317867,122.64013446613797,149.97608323379245,162.84027103102818,169.38255442626476,170.75024775497502,189.64096055837413,182.79805691658393,197.31290356630208,201.68140780829913,201.0471719813691,212.79078696002978,221.96965728687178,237.1780627271565,252.5826581653095,261.7319943005017,278.4811929491927,283.36430282151224,303.3233020659043,332.8854305156194,312.0585280574222,322.51848642343174,328.9751160779844,319.02629508420836,344.2002826619937,333.09554584224,404.578726239175,399.6470680452582,403.40194742399876,407.43978514682556,421.6318221331316,423.7595510340318,352.8142277034535,358.2237749931586,344.59600697602724,353.4583144325706,368.03990050221455,385.6077922569606,383.3087552060331,391.62859046581025,336.231510877647,348.7324954325241,355.4584807600283,347.3429605739464,365.19713327673816,366.2081397405676
00002823,13.311864935704472,17.685007210017304,12.172295782320731,30.798362596054947,26.88326828289243,25.324582574118047,43.31864503435056,7.337030934921064,0.0,16.62212524596968,55.64144666399289,53.756474425947914,64.89560602596285,84.04289175114124,70.1124393282263,98.03439091487306,85.87020440409887,36.06305446902747,50.9219185086664,54.37286832786633,59.89021710735082,65.79566083282856,69.94150289601798,77.5809555299929,78.56893757731281,88.37156640164312,108.05337750300795,128.26265387627487,140.90071033615186,144.3394119918392,152.39636344919165,169.16264143233232,166.9929294853237,172.69389219456158,188.91349602422548,188.05723047841832,200.92280998295143,210.99391771461362,221.60875928206912,234.26656477249264,248.27824015647687,252.5216323423075,259.13978195040784,262.0016552175319,260.35231414664656,266.7610784658764,270.20622611569684,278.8111345296861,275.7841965538872,283.0970805037173,283.6408046064176,269.6052744324492,288.45122805196354,299.74317383340934,303.71712934332834,308.0939345621057,311.07942325004564,322.53610740326684,322.479978154901,323.41362071326506,326.4930037092827,337.9714186583732,334.93016133425016,340.9189540507447,352.7536151424131,361.03296513199166,364.5317469220307,375.664960726892,384.16104714943606,393.111892046562,408.71029820059624,76.19573400402649,84.82492234179801,73.42540434644594,83.59799034491733,81.08887273709684,88.61770224008983,93.39962772997929,100.23420559591106,115.81094620805679,143.00982955081614,155.88568830732532,162.20356489490865,163.71534223327305,182.60508981768226,175.6110011819094,190.23779271932202,194.50672354427869,194.053713673402,205.65191588986173,214.91498047577812,230.23427829745347,245.56393946810007,254.5912835972182,271.33997267688625,276.1600830995077,296.1233336751039,325.6642798357924,304.7325463721496,315.2022787280782,321.6449256489731,311.7538416357755,336.86342992225286,325.7912946726834,397.606202821712,392.7700916326735,396.64877007320956,400.6181424668283,414.92679953250087,417.0781280762339,345.60111738922546,350.9719283631567,337.5657984073898,346.3037742893188,361.0579368299692,378.40088712097685,376.28775531348646,384.6922342825296,328.94627451566294,341.40700831135064,348.124013449387,340.0741499106512,357.8718475257633,358.9160818952467
00002848,29.54033196074184,29.94409319597069,17.481232582924946,26.896970726853404,19.328092578811606,12.97857018923768,31.93738691684513,23.787128400507182,16.62212524596968,0.0,49.24726287998357,43.68454048628232,55.67130618229721,74.60629515964978,58.53733844250947,87.28973613346851,73.38152155675384,19.82818721834377,34.31372690490792,41.08608548851919,43.86291691727063,51.05422616787376,53.32421234178908,62.08491882483951,62.275190398539564,72.91140374292227,91.90161545450376,111.784710362037,124.44730009250156,128.21294296057764,135.96377578093362,152.59615661557294,150.65542717316023,156.21318967497407,172.4197285200471,171.72693413761456,184.6122675265191,194.45867423311992,205.17732124345727,217.79709422072645,231.73551532256238,236.0508988610959,242.6987303474545,245.4446686441394,244.09253795354383,250.2530572335442,253.902833715625,262.37516196223345,259.24119841964733,266.5312528120762,267.14888880443175,252.98653370010024,271.8328565297987,283.13108490192104,287.09509301818076,291.48526110224844,294.4758805096733,305.91398678877664,305.886765575164,306.9080064963072,309.9271832292076,321.4200548858756,318.47454806807707,324.4246339729498,336.1703887544225,344.5121099033465,348.0729108985155,359.10629723586504,367.67171527707404,376.712199111,392.3481223144561,61.74480569074321,70.51113813474606,57.65525273067311,67.38609386414193,64.47746831236383,71.99640244468188,76.95037259173704,83.62260878671012,99.34112155062587,126.42986465497648,139.31104842160906,145.60250291502885,147.10392037016703,165.99286058705258,159.01519436037265,173.61716234799258,177.90347773473454,177.45678042784732,189.03466861800987,198.29750793787252,213.66083980725162,228.95587039957564,237.97476459739838,254.7236577672638,259.5778651678496,279.53758471543506,309.0985965454785,288.47726888004837,298.8762811584772,305.43199765270543,295.27071713296795,320.79833767252296,309.40591096778326,381.01440861092766,376.23293482844514,380.208622131616,384.1210299007177,398.5297390240494,400.7035125566397,329.0271222640877,334.447982220776,320.9532266257327,329.6919869361187,344.462381426042,361.82112436965735,359.67762138417913,368.11874970910264,312.49549392962643,325.14540143339053,331.97540314677883,323.5825715834624,341.6077692908699,342.4853375648181
00003064,59.85830232040543,49.951060841738425,43.9109112981022,24.865856343958843,30.185112760065604,36.72911980319461,21.779853677786377,61.108119667304955,55.64144666399289,49.24726287998357,0.0,13.404136659971265,13.410992128492497,30.198692436766425,24.70213350625263,45.71131647276481,39.901375339135214,53.994335930120194,51.24473579111774,78.13474399827133,68.24533397967552,80.95656884588382,62.155158888049904,85.61831091683486,78.64498014823455,94.73910910727277,104.94330517391941,117.47166114699563,129.58623755901277,138.1151621967171,140.70813169377777,152.83773700554383,156.23547660387615,158.74536999163973,173.8892667545367,176.42043463543854,189.11414625390856,193.98198710309563,206.8669671304019,218.32102486705006,229.9892355061172,236.09749805881924,243.23962459208803,242.9263768705655,247.69735427013316,249.0919373435795,256.65249469117543,262.6281011837522,256.9097987052,263.29160566335423,266.07387462259356,246.84025436375325,265.40381059955354,277.20519298014045,279.186082408859,281.6499767348743,289.01635723355,297.87248828522723,300.8617599712504,304.8760947500904,306.02894319219604,317.88090522549066,317.463014873758,322.4534200893936,331.2553132099248,341.62535634742056,346.65210617521484,354.9106126161918,365.36184390400103,376.194336332524,392.36273240980324,42.16639421492796,47.48189889860233,50.07162954266534,61.908992526137595,72.81673267729639,76.31887610329457,73.33706806244943,88.0166228576248,106.52179433905836,127.80300994684458,140.00763941033833,139.41415228203948,145.29076849973887,163.14809892815427,151.81006220864631,169.35851006169727,170.3287651861765,175.18292731214456,182.26116891649886,193.6766253087997,211.29227055019805,224.38959523564466,229.78680261115028,246.1779368670832,248.77775819481332,268.57205789763134,296.9215504998906,270.25526562469,281.5684398543224,286.4401985837386,280.9329085672537,299.8776924819763,292.95439840269944,375.2613753732625,372.5699363757129,378.8721320286243,381.4740575448816,397.8745230287355,400.4342479735408,316.938401863034,320.687199578759,314.47172060565765,319.6338369119293,338.8596504600064,349.6488130886633,352.9893425466293,363.28956728090975,297.2465246434446,306.60848154712113,311.9142372988065,309.11228304523,322.95374952628504,326.5308759607349
00003078,60.783143901458686,52.45436510641957,43.34375046301867,25.418821391747475,26.874039752933587,30.71656060372085,12.04410493741982,60.201797355459334,53.756474425947914,43.68454048628232,13.404136659971265,0.0,12.135313966905322,30.924846259068556,17.053586602259706,44.285409259938646,33.41102730140269,43.971927546284796,38.746214966683716,66.9893623823442,55.67661828202741,68.63173874555599,48.76599524329635,72.5936687299745,65.32373556318817,81.5207030655173,91.55974121870233,104.45727878839935,116.68047349996651,124.9362987383625,127.89090268262655,140.5273066612339,143.4158090505289,146.2173066737083,161.53757197600135,163.75125360586,176.50298170119729,181.9339519671772,194.60224390634687,206.2253360818398,218.21584191075732,224.1060875759747,231.2031856389993,231.29216036573465,235.31716176486302,237.28680724695002,244.38300016158357,250.66792267083522,245.2817868540127,251.80697412419664,254.2930488542618,235.76147737634662,254.41567673772184,266.1609961472284,268.4760960586886,271.28741873325237,277.9208892795032,287.2223418369474,289.7190967604134,293.2948888120493,294.72165656223916,306.53826295540705,305.7594014909929,310.88972667186096,320.1431335322932,330.2191675428284,335.04275757025187,343.7179043064995,353.9001331498807,364.4935643084471,380.6059634513521,30.75003292245902,37.375957472422996,37.12053917701044,49.1224334311904,59.42252902657213,63.06393744114827,60.62423248309253,74.8684015527565,93.3505323561166,115.22151740920795,127.57463993396165,127.86649728477077,133.18184349856662,151.27397620474363,140.5078303100019,157.71226596649362,159.19661069631823,163.29086954348912,171.05899955285213,182.1919136139114,199.5491515101818,213.00254189460992,218.9991788185856,235.49952608846942,238.5150241657825,258.3908696634843,287.0359773272577,261.6182241499365,272.74487513371014,278.0239651831887,271.4544258027011,291.96780853900964,283.9610066457967,364.33948122805856,361.31645562912297,367.286574732589,370.0786425355767,386.21303309045345,388.7226932648663,307.07236585609087,311.16587895392144,303.58637749796276,309.3838920510808,327.8676135475688,339.8508274974052,342.1946207983616,352.20570719602665,287.9970035251216,298.12407422304983,303.8106977273975,299.7189726015607,314.5267446449024,317.48933555196334
00003079,70.83307491320096,61.642931866113805,53.898816549670556,35.108606518536476,38.14451675965115,42.69290839666474,24.178929163819742,71.0284960874316,64.89560602596285,55.67130618229721,13.410992128492497,12.135313966905322,0.0,19.166084841211045,11.989334487761578,33.60997389605892,26.49832650957832,55.73740304523703,48.8201581568608,78.05314271110542,65.379936273258,78.56631460013267,55.821570684918925,81.17986127769251,72.78869979191806,89.3788408079832,97.03522007911585,107.67181617219708,119.45669489233114,128.7735032462912,130.3422403642218,141.579727486585,145.8347157033511,147.79837149011985,162.649316915202,165.68230921647935,178.25317470089243,182.3325603187115,195.46569959667428,206.7006934414285,218.0220444211199,224.3457545091502,231.5318049572285,230.8240693049615,236.4150613080386,237.14170139217305,245.2142452632472,250.8251802248887,244.79368960244562,251.05328808125844,254.09043296354454,234.3207963477326,252.81928149151022,264.6502590238947,266.4400963111541,268.73891626658883,276.4892395652278,285.0900967115303,288.36090583826814,292.69776207584886,293.6387787807801,305.51218889361263,305.38546314459893,310.2541640148189,318.7253669589123,329.29626801912195,334.4830796097713,342.4270020892165,353.0685775700944,364.0959917020176,380.31069804731345,30.87830411076552,35.01224531688478,40.907917037437755,52.05648039837577,65.38299130857531,67.70193218379981,63.15645319125004,78.82819090234563,97.28803247185698,117.02669649871218,128.9562118424124,127.35669703314377,133.7913733527349,151.3541691276992,139.5319830718088,157.33654127592138,157.90378473895876,163.38926482533088,169.87131698960872,181.48813070499335,199.311974526871,212.0987625174661,217.1034934932518,233.42844947921878,235.83549267014635,255.5907699408143,283.82837456942724,256.8985751256338,268.2350530337999,273.059502514606,267.72701757963483,286.46892853559604,279.6462058276188,362.60591179683047,360.12322651290395,366.67447981173666,369.12669559473426,385.73654235678924,388.33954760016326,303.8351790687956,307.48565099761635,301.80989404301505,306.6668693674907,326.2533965807553,336.5195067297764,340.26804097967863,350.7336721331446,283.98586892847806,293.23270633984623,298.5117766903776,295.8814924869502,309.5719134431194,313.2273375354439
00003086,89.61349649401383,80.03467750397553,72.92903377262867,53.98958593547425,57.310539899303734,61.64127293928013,42.78136353434954,90.10374321962225,84.04289175114124,74.60629515964978,30.198692436766425,30.924846259068556,19.166084841211045,0.0,19.16609965986214,15.839322646941536,19.484214993820174,72.86084955135522,63.279067439834805,93.43773849935096,78.6768527157819,91.91363199397667,65.60003948719658,92.23867260297,82.3482043514935,99.04918225354919,102.68411673733969,109.44210562121705,120.26007003298922,131.0989894280143,130.4199307733165,139.2546686806032,145.6173173995272,146.22033238185128,160.14358592789708,164.4409702328246,176.5966812683916,178.50958254311644,192.2613518060961,202.80687004327837,213.01696905799417,219.9737105323112,227.25742293501986,225.32416687198173,233.3158514083649,232.1050547507516,241.65222358108,246.18857505242292,239.19276345493807,245.01827036528775,248.88450435920933,227.32399114760432,245.50377543961224,257.4154289579263,258.41562623059644,259.95057250712284,269.32918824957346,276.859421397121,281.2706024055929,286.74169703970637,286.9449416631102,298.8675014635054,299.7290947137384,304.18558038029704,311.45684720723267,322.74184590248444,328.46422646810475,335.2892681246247,346.5953069065712,358.25484884971786,374.59200055228484,34.50578271604307,33.7197966641259,47.59270979981917,56.195270702835565,72.99990186139418,73.20335179547993,65.75302961206575,82.73452635559316,100.4893711647457,116.33881777820883,127.35941031283807,122.8126641279121,130.89148162890567,147.3653308955237,134.06178056859864,152.56316098584847,151.70566449767543,159.28519925982076,163.70886556891625,175.9625476401659,194.36436347290928,206.04063828831522,209.51384248765495,225.4910619342873,226.98556837836824,246.48199958508334,274.03356459885634,245.04360491338903,256.6385576485686,260.81969743636813,257.23647802488665,273.4698102128377,268.29028890672254,354.76804372118596,353.09251603561484,360.50307209170984,362.43865342971145,379.7326207210276,382.4721716539099,293.942814162798,296.95253954141845,294.05468765532913,297.517821006131,318.67323923681937,326.4176298532988,332.1929734563547,343.3076989243917,273.0449300237379,281.043642481942,285.756349720379,285.15444850316914,297.2607729646945,301.86364949616495
00003089,77.72282387018906,69.50780782034701,60.157107387174484,42.472401186330664,43.383459988685,45.88922604429978,26.913187162217472,76.7819298945282,70.1124393282263,58.53733844250947,24.70213350625263,17.053586602259706,11.989334487761578,19.16609965986214,0.0,28.898511626777843,16.36961557558866,54.39547659975352,44.12242795791295,74.31676278362052,59.58373262828028,72.83771576932727,47.39103226378335,73.71701295414634,64.34850689201824,81.07990120428516,86.86275620929585,96.37439203057443,107.98489574920562,117.65719536080117,118.7580896927714,129.69915693099068,134.22234839356835,135.99886270608167,150.76637081873207,153.93883128561757,166.46650311312845,170.3707433027563,183.542193005995,194.74068381388818,206.03350815434388,212.36991481292347,219.55999443359775,218.83579707935584,224.50993501507148,225.1534322464557,233.27894036667783,238.84424004685494,232.80599130553983,239.07336934689937,242.10136762142045,222.38719174998587,240.90437282803015,252.727127759824,254.58575495763412,256.97577490453335,264.55895839771534,273.2533720752533,276.4243601111607,280.71374436198033,281.67955384742226,293.54962580237293,293.39696834573334,298.27183168235047,306.7968380372633,317.328144215768,322.49885106368424,330.4875142746307,341.0960685101752,352.10839664192395,368.3218674406476,19.30648786935113,23.03041483728448,30.642405229532798,41.04584235571978,55.8649241171951,57.308808835458294,51.84403964888864,67.97596562152852,86.31659939115151,105.30373183274614,117.13632045327861,115.36752227675989,121.86137484349507,139.37865317631162,127.55204459986341,145.34751845607107,145.94553021408043,151.4128084358187,157.9077098569569,169.50290875097627,187.3233102731129,200.12326943452115,205.22111719350465,221.57460866403957,224.09343907064763,243.8787803464901,272.2204519078852,245.79746102951674,257.0511066965814,262.0674950496436,256.26606316911796,275.73398543605816,268.3895096107333,350.7171105260267,348.17593749864517,354.692553517101,357.1617754777404,373.7508302716128,376.3519177422309,292.23815425389387,296.0168182984967,289.9221948939715,294.94429595287,314.34717948391767,324.9523133576097,328.4046213125485,338.8128057519488,272.62111986571966,282.21220515406515,287.6797346190272,284.46078316192,298.58205632416883,301.9567038089097
00003695,104.43247215009146,95.20069233182986,87.36434859504033,68.70325928955619,71.15171453661611,74.50362565233115,55.42603881937737,104.39181615702638,98.03439091487306,87.28973613346851,45.71131647276481,44.285409259938646,33.60997389605892,15.839322646941536,28.898511626777843,0.0,18.155376999821588,82.8277817740953,70.85276951520217,101.02487211589687,84.57029179952501,97.47172021135398,68.96410907490822,95.64362069557512,84.74059402569867,101.01489310323103,101.06483800118728,104.4663768325096,114.30172664319188,126.16626474890693,123.73287231006901,130.65050333465163,138.50686356126798,138.0856747849403,151.20234847002382,156.3789886942961,168.13686785022063,168.51547906513636,182.61031104043153,192.6336763253996,202.06995962472294,209.4107328510424,216.73141466721404,214.0185092392096,223.55140775652416,221.070101291759,231.54727058116262,235.36590058735945,227.78109783566472,233.32333571606478,237.69238140888154,215.1005265765261,233.04858473767348,244.98055841485626,245.53384962882487,246.65365511119623,256.91341284834755,263.8330808765096,268.87289090849083,275.0010126834911,274.7665157286152,286.69748303330596,288.14570954208125,292.34635044985055,298.91051660956,310.58824142998344,316.6171583596306,322.7855985081479,334.45763883885985,346.47424349011,362.86529020787555,36.58258738274555,31.930133047552573,49.92140772100443,55.57184154810447,74.1323267293301,72.54839176793055,63.12485049673867,80.31221749119814,96.89408723283171,109.29414985159639,119.4467074917544,112.82462575261022,121.97138563046765,137.49310816475628,123.30532217433229,142.10871555602938,140.3172149136607,149.23251707140133,152.26281130441134,164.85315360922974,183.5347620121697,194.454949300765,196.99650207891162,212.72997511255426,213.71941217233854,233.04042214720818,260.2037209091612,230.31727642839695,242.00739306729326,245.92592806132666,243.0951780645583,258.29202600696095,253.74939272261219,341.8566237357524,340.62856987923533,348.52483420166084,350.1590984150557,367.8314476391262,370.64863898304463,280.04226563529306,282.74817554647257,281.26197607436103,283.98114936084664,305.94334441835224,312.38678948892203,319.17742157085473,330.63370516524816,258.68019647467014,266.154057888173,270.65560949300556,270.87335761818053,282.3143993136238,287.2908284865204
00003698,93.92766861546689,85.86057966106024,76.27895521482701,58.82435034327248,59.37609393628329,61.1268191603608,42.55703751112284,92.68777901199456,85.87020440409887,73.38152155675384,39.901375339135214,33.41102730140269,26.49832650957832,19.484214993820174,16.36961557558866,18.155376999821588,0.0,66.48779511034253,53.40921257130229,83.36802377820017,66.56241446746837,79.3859776009646,50.81900916421135,77.52646245953852,66.72974150542304,83.12134696691263,84.48523462046586,90.1285318232353,100.82012812471844,111.82141098319221,110.93925239908987,119.9163007597185,126.1334488896572,126.8031885413578,140.85227119686184,145.006001005184,157.20628765197222,159.49833918304398,173.123421376007,183.83471705533233,194.3723877183952,201.1422474826102,208.40360573306077,206.857874520011,214.18263986801384,213.4849512983026,222.624949121896,227.45159783895824,220.7727565578053,226.76698018822864,230.3315875458468,209.47253221293437,227.81604830596376,239.695928580034,241.09901573972806,243.0701438859636,251.58060202303622,259.66501204317643,263.4951890910587,268.4823866397545,268.99196323247855,280.89835835754616,281.36174739784076,285.9783259064864,293.77937451311493,304.74317267265974,310.2467144176048,317.5582597403925,328.5702221305367,339.9780913959854,356.2735518684249,18.427800602667876,14.793283063024372,31.801293422293767,38.269579627339084,56.35574180299414,55.38876444287834,46.94488137520834,64.10276251796789,81.4985673940589,96.85678108758438,107.92933126517593,103.90651264803141,111.63065358015652,128.3570935926503,115.47199305846213,133.77891111840574,133.4232162769808,140.32261678981374,145.43047893494114,157.45851428999327,175.68485083798214,187.76873498109978,191.9359780809916,208.10701625498774,210.1237048176933,229.7916715442256,257.8068140068533,230.4373129662199,241.80475946002767,246.57157242392466,241.50483960445544,259.9787253852708,253.25251058651077,337.3911829642162,335.31726265982843,342.3570633006402,344.51139895071486,361.52521095379893,364.2123390609544,277.7903528979371,281.2649500390131,276.6130807038429,280.87515392095054,301.15208699919185,310.42157222002754,314.93514519787266,325.7182963545348,257.667720272064,266.7491850734215,272.0139352922014,269.61211231033434,283.0827325229364,286.83874825001186
00028119,49.2389981227392,49.44471744364048,36.43255786470394,38.50436392902366,30.057499949161404,21.665050210793606,32.50853115646376,42.86770833374448,36.06305446902747,19.82818721834377,53.994335930120194,43.971927546284796,55.73740304523703,72.86084955135522,54.39547659975352,82.8277817740953,66.48779511034253,0.0,17.000480777247006,24.99678665922065,24.043276628823733,32.28013284628199,35.067192253592665,42.47631441140187,42.51611065755643,53.2887504311549,72.08802187798734,92.23290986066772,104.85339870375175,108.39742700921914,116.33992246199648,133.2524618877306,130.93611371446815,136.659276204549,152.88729708277052,152.0029070288485,164.8750029648033,175.01244060923872,185.54968888438938,198.22106114352925,212.304232595854,216.47612525151396,223.08243331226782,226.0522106209496,224.32795564280872,230.74195673269182,234.1626715961336,242.75223320609138,239.8082410047918,247.16475101902833,247.6074349148395,233.94859325874398,252.78432776697184,264.0032153130833,268.1934733123456,272.83236746141154,275.27841286103387,286.9923061123037,286.62786161084455,287.38994036115423,290.5571142996331,302.00562895123915,298.8762995860197,304.88564900874644,316.8627953103787,325.02317129477035,328.47872049397034,339.7110276591665,348.12337399490633,357.0488518951063,372.6511319300465,51.303146228242284,59.92313277000565,43.67255681952637,51.418255245093476,45.54929010216017,53.408201723917685,59.74523523468799,64.62276354791678,79.7782172161566,107.1526056028693,120.00395795185742,127.12800778764847,128.015105261468,146.90092371358924,140.56978093434938,154.6515313692405,159.36823630610732,158.24279975052016,170.31493140156502,179.25583777465394,194.3280964545746,209.80330366817913,219.24056420144257,235.98603388067156,241.15543458757583,261.0817473361284,290.7588435652098,271.33844623066494,281.5076349432226,288.4057004173269,277.33517446092725,304.171503813687,291.83151916871583,361.7424219206721,356.77956089439255,360.58986413337425,364.58567127297266,378.86382274946857,381.01700048341127,310.63078682514237,316.3149431058255,301.82461213989666,310.99385844864815,325.2121699206954,343.3793350526741,340.52252250521343,348.7714515526007,294.6806153981133,307.96022533407745,315.1127826383953,305.59772644287597,324.4049848561242,324.73168181742153
00028129,63.552402037595556,61.611734387390726,48.347137554515584,43.75556984896232,36.5391305693476,30.01668124849868,30.160010647422318,58.09471543828931,50.9219185086664,34.31372690490792,51.24473579111774,38.746214966683716,48.8201581568608,63.279067439834805,44.12242795791295,70.85276951520217,53.40921257130229,17.000480777247006,0.0,30.278245850167863,17.00059866687883,29.893032542408385,19.034325097634383,35.00360456150992,30.677461337392685,44.97827610483698,60.123066792283026,78.36741875375274,91.08880991039221,96.10596468273015,102.65330708039207,118.69090764952617,117.6623612173664,122.66512447842636,138.79705130861925,138.7020618059855,151.62711172266816,160.65303246139757,171.74525079898865,184.21938169326128,197.88024041104083,202.45552901108047,209.2006820687195,211.52864929172276,211.1786468401127,216.51820069947547,220.8417852538597,228.88129702482567,225.37453053881913,232.57421866709774,233.4631325358712,218.77201671808896,237.62023601490827,248.9604331839165,252.82353138190325,257.1729468938099,260.3503234927018,271.64687510151543,271.8084803624954,273.16055613247386,275.961188549471,287.5066630686843,284.8901543281518,290.7105189865311,302.13128052139643,310.7028555785856,314.4685997875745,325.159843527591,333.9634541343034,343.28453842006473,359.0289485424228,36.52193866119464,44.7248793300397,27.182444284738978,34.41801233011885,30.46026412201096,37.732065054842245,43.00423367778711,49.537939483631604,66.02573397834213,92.48674464803615,105.38004514324545,111.28901380649403,112.96225017541309,131.83920364970487,124.70334322429815,139.39076327556805,143.58975087475616,143.38827094938702,154.73364478694432,164.0989025882476,179.68836756532866,194.8145559969979,203.6716638454337,220.42005541819594,225.27336440001787,245.2303495372104,274.8081431387718,254.70176958052036,264.9651869135716,271.7309837769716,261.09096753238407,287.37853944230994,275.38619939580377,346.93523601057063,342.36142789044595,346.6548270222281,350.38384063963514,365.1037492826643,367.3445610215835,294.72854727488937,300.2065760103423,286.77707569765715,295.38187508616994,310.36973394085373,327.5175476732564,325.5131258515835,334.11500774252045,278.36507681360007,291.34592553684405,298.3878429877748,289.38761901102595,307.7993063558129,308.3841018891639
00028132,67.42786314938785,70.57090963202079,58.56195361581496,63.404687616082995,54.913915025708256,46.4339292741819,56.366213660277246,59.68624895394072,54.37286832786633,41.08608548851919,78.13474399827133,66.9893623823442,78.05314271110542,93.43773849935096,74.31676278362052,101.02487211589687,83.36802377820017,24.99678665922065,30.278245850167863,0.0,18.865829446885684,13.746676544376319,37.86063295973722,27.133818370766093,34.07541096740177,36.872299547517926,59.18368065649582,81.79191743078019,93.65041951384548,94.17907371373725,104.59011051412813,123.11892978708842,117.9564825022129,125.0904741840744,141.24070868575296,138.6822371593035,151.26234530927877,163.68903447792923,172.8382595616363,185.8180082770005,200.76615868233023,203.96177619925072,210.21266927146857,214.65537028584123,209.96049155612826,218.589264994541,220.06219809670006,229.73061679391725,228.09745402928306,235.79892936886134,235.16563503652534,224.2700096679458,242.9512830183682,253.75666088846523,258.9050091052599,264.4823458347201,264.6539899530715,277.53742234910044,275.6562395817912,274.9466923805605,278.9877368193611,290.1478472954124,285.8365874719839,292.2474288366269,305.5397565924043,312.65178759965363,315.38803107910985,327.8530432819215,335.3093660461885,343.3470228327976,358.61681466929207,65.79404426094312,73.35982039512945,54.38402885954189,57.152182499057325,43.054684305418554,51.184556589335386,61.34822191380001,59.24341764081253,69.80682782675444,98.02045948394645,110.35896468870307,121.02630842777936,119.33107935900847,137.84798420868754,134.2796564716586,146.05636891744632,152.42648284403734,148.4205115492461,162.52237901597863,170.0083274826568,183.49216662229955,199.76477545460367,210.9107476614823,227.52572610233378,233.80200787884243,253.4937216117884,283.41458136758865,267.56438436117304,277.07491792873617,284.82393507338554,271.325636702169,301.4869050571239,286.7871005829039,350.479721049585,344.54619785143717,347.24250494073715,351.8228335114915,365.0991276625842,367.0658413218553,303.0147102312701,309.5267072759926,291.41918603808705,302.31430907316377,314.15396024024676,335.49511953334735,329.8737781821954,337.1522092013434,288.9410540837166,303.87895043644,311.80979923930295,299.3069751384004,320.2079975868771,319.04078630716435
00028143,73.14973565480614,73.40465305089548,60.2809422969531,59.20295708935701,51.34363907590222,43.73529034031826,47.056103455060224,66.45705144301513,59.89021710735082,43.86291691727063,68.24533397967552,55.67661828202741,65.379936273258,78.6768527157819,59.58373262828028,84.57029179952501,66.56241446746837,24.043276628823733,17.00059866687883,18.865829446885684,0.0,13.266400413045245,18.997501731933003,18.972385003845105,19.012401385108742,29.6076777474915,48.168737589145124,68.99626289859228,81.47601689320935,84.44935732160569,92.86969817245685,110.32160114859875,107.23253456628149,113.30322862638803,129.55118050976435,128.2743450522498,141.11100564136396,151.81295901843313,161.9996340164642,174.76136547143096,189.09649521776205,193.0085738130425,199.5354110653673,202.9019067191229,200.48883323713207,207.38151684804038,210.37334426438176,219.18577105369766,216.5791089312995,224.0445881842936,224.18544582998243,211.3857894732292,230.1849576716342,241.26573139870456,245.8148819949239,250.83963658743897,252.4200682678295,264.56550507770095,263.6630131053276,263.99403851403787,267.4083248652858,278.7789337890216,275.33858943381324,281.44888579685073,293.80492113814194,301.6654869265816,304.94188660138,316.5032896264591,324.66090720021884,333.3867250123398,348.92695356085204,48.44004796076487,55.46019480722251,36.22461636199334,38.28795576520811,25.230289528110937,33.52027338555912,42.87703433057644,43.10318661039227,56.57752444739248,84.4530087909479,97.18731884931158,105.855043377986,105.59347477717029,124.40553147087446,119.26210547897168,132.36047417519336,137.81257506131593,135.4953108215148,148.40435811948464,156.7693951374486,171.31079810725709,187.07825602111689,197.19342549511208,213.90686553776038,219.56744826741192,239.4103060410099,269.226704471402,251.63892767422442,261.4459035273994,268.83393081006653,256.43410407285245,285.1470855460348,271.445821580065,338.7252417236554,333.47264328233,337.0053288793541,341.14185175386183,355.1947140617174,357.3109895271867,288.99082179679,295.06421561768224,279.06059067695185,288.89434415010396,302.2429686558437,321.6415519235259,317.6973124407269,325.6384262397941,273.93289054105566,288.1186056287986,295.7263989447272,284.58114803824583,304.5105873960086,304.032672439619
00028150,79.06123546985654,80.9931661059773,68.33060402832393,69.99306919814609,61.77155636652577,53.645576072872984,59.475756601400974,71.65599285416532,65.79566083282856,51.05422616787376,80.95656884588382,68.63173874555599,78.56631460013267,91.91363199397667,72.83771576932727,97.47172021135398,79.3859776009646,32.28013284628199,29.893032542408385,13.746676544376319,13.266400413045245,0.0,29.848106246142745,13.3875907538532,21.506497856096853,23.351403177735214,45.44573671341903,68.06025013524905,79.90455963590794,80.64050935314594,90.86169018433428,109.37339508112323,104.32016645295421,111.36798423197666,127.5306715833872,125.1044482368182,137.73233138559203,149.97372364327973,159.22500922777297,172.18389269344743,187.07506570273583,190.34637865360096,196.63580822608841,200.9601967763826,196.58729459047743,204.94791539783282,206.65182536598383,216.1792222069031,214.42574235246582,222.1073106950246,221.55571335062868,210.52383187739375,229.20723137099515,240.02126060031517,245.15836740162948,250.74851123498377,250.93185114827494,263.79121765282713,261.9508571557422,261.3488778556674,265.3182767745825,276.5018913618551,272.3064427673787,278.67382175051074,291.8586481223636,299.0556856427984,301.8716570528529,314.2139087260666,321.76458208229747,329.9193423585969,345.2434137311308,61.099045420356354,67.67782572341457,48.390291828951035,48.47334564251781,31.932440465978637,39.607499055213616,50.68444118904962,46.42135488370629,56.125583665594654,84.3259130244653,96.62804935393108,107.56114434452958,105.63445825122191,124.12127288025505,120.76206821392337,132.34347539265846,138.81728889472325,134.67473656349293,148.84159151319705,156.26708753207862,169.76358574457868,186.0205326244483,197.185581633444,213.79349100883928,220.1152209015567,239.78976543108257,269.71663251711306,254.20878609512744,263.62925637211873,271.4840792148788,257.7209261330126,288.2692838275797,273.26791200436855,336.8007666850386,330.9427204570738,333.7660467273806,338.27538081933744,351.68535512549255,353.6810387387424,289.30123131491365,295.85495603426375,277.69216464939507,288.5712338063238,300.45845969237007,321.7683705430177,316.1598515194124,323.49598598477246,275.35360471504066,290.4633268450474,298.49429774004255,285.6714205196456,306.77114696545084,305.44853920772596
00028153,82.58107000954946,80.33782315662071,67.12419712836045,60.431921830466756,54.100801555139554,48.45037467250909,43.86402169544797,77.08924831353569,69.94150289601798,53.32421234178908,62.155158888049904,48.76599524329635,55.821570684918925,65.60003948719658,47.39103226378335,68.96410907490822,50.81900916421135,35.067192253592665,19.034325097634383,37.86063295973722,18.997501731933003,29.848106246142745,0.0,26.787127272575468,17.006328131329123,33.709355356820936,43.45059433697816,59.893292426770884,72.60540341651655,78.55119140741253,84.16678598992948,99.80077583052616,99.35130451808612,103.98161485676225,120.05111214761736,120.32123691683216,133.2487169080282,141.7934011093099,153.0807774721611,165.46780731159794,178.98450675200831,183.68655744160935,190.47933342860824,192.60268094141838,192.77488478066556,197.6750821479457,202.34912413648175,210.15437442346573,206.46813459787748,213.6278373232474,214.6394217463802,199.7416129112381,218.58993778026533,229.93874982230028,233.7901493768496,238.16720997010194,241.340691228244,252.61306364715716,252.81343670383825,254.30027800476697,257.0071324557927,268.57279509024323,266.1038594563575,271.8628086959292,283.14837763413556,291.8106150308109,295.6679192242997,306.21015819647016,315.1130085139,324.56264319930676,340.3565678862072,32.40240942557135,38.151261426160346,19.081969305795546,19.291645953498374,11.842426263212673,18.700384518609564,25.08102775662393,30.622881956383548,47.722803042131886,73.59652553085547,86.48511318056394,92.30568166420615,93.95882104639115,112.82846269042336,105.73083476169731,120.35971607145237,124.59805891452642,124.40881680533383,135.71066206878194,145.0728261193673,160.7432574839711,175.80287631387563,184.65057206134864,201.39944917202646,206.31820460203792,226.26735634280595,255.8789946496935,236.3125839812707,246.44879826739214,253.40054906836446,242.30719761311303,269.2793239099402,256.76447849986687,327.9374137561282,323.440508390079,327.8730516330731,331.51904077618684,346.3792971792563,348.6516827308237,275.7836774165098,281.34620453472337,267.75343069860463,276.3700859321675,291.3686519314275,308.5613653726002,306.49166505235655,315.14335629144284,259.6320470183873,272.92219145198226,280.1439492410467,270.58328162950227,289.36293993810074,289.676528929043
00028168,90.89278379952097,91.90352754529133,78.90348924151884,78.10379871725496,70.30462500847197,62.697188012953106,65.07027741188854,83.77889233344675,77.5809555299929,62.08491882483951,85.61831091683486,72.5936687299745,81.17986127769251,92.23867260297,73.71701295414634,95.64362069557512,77.52646245953852,42.47631441140187,35.00360456150992,27.133818370766093,18.972385003845105,13.3875907538532,26.787127272575468,0.0,11.920981733474282,10.826485181281708,32.08397261032042,54.685809227479254,66.52133636237556,67.57193662497828,77.50911863465943,95.98584022330803,91.0966799165764,98.02246662450561,114.20142635237923,111.95027167966921,124.63385106265325,136.63563487805797,146.01667565330817,158.9476527997891,173.76642661509646,177.13069975864897,183.46559634743576,187.6456937518874,183.65682710791154,191.6993190284596,193.67530118317717,203.0363795666859,201.1395840566588,208.79632838673274,208.34324505036668,197.13918615128452,215.82675020136247,226.65369526314518,231.77137488858372,237.36856961770738,237.5817966438703,250.406448679043,248.62168983330332,248.14737388344196,252.03248643564046,263.24341486133034,259.1818635938252,265.4990074350313,278.5581511610748,285.85381888750106,288.76016808986645,300.9618824163199,308.61967619177796,316.90464881953375,332.2872826786575,59.14321173158028,64.36972006079432,45.72614935992073,42.517102326194575,23.750218381245134,30.016162272153593,41.927889569767714,34.5400030317825,42.82121760201245,70.99234404937748,83.25268891086102,94.4891859482585,92.29495574478068,110.74907650912164,107.62120926452307,118.98465170170824,125.56817444181746,121.28714780027637,135.51466687802008,142.88182417126345,156.40654965640832,172.63987538425945,183.81342235046063,200.41504416654962,206.77877460364155,226.43648078527437,256.36846518420083,241.2057576544077,250.53254916764223,258.49454555882306,244.4639005862823,275.4023047922616,260.0956676805538,323.5017838200639,317.7309176252637,320.6968317635526,325.12652004930675,338.68418177700534,340.71159637713595,275.9385940787207,282.53104351439697,264.3354700389821,275.1846410035421,287.1405409015575,308.3939834914928,302.8192650264398,310.22386404285436,262.1128062237575,277.3942174016825,285.52589892858055,272.3827254049948,293.6790542330024,292.20155067611483
00028169,91.75328226187678,91.2906194984409,78.03863651292389,74.37414130972903,67.20801097024732,60.39929606674793,59.31775617005119,85.27241654443831,78.56893757731281,62.275190398539564,78.64498014823455,65.32373556318817,72.78869979191806,82.3482043514935,64.34850689201824,84.74059402569867,66.72974150542304,42.51611065755643,30.677461337392685,34.07541096740177,19.012401385108742,21.506497856096853,17.006328131329123,11.920981733474282,0.0,16.734371418217833,29.74443665937796,49.988057392545784,62.49578672123867,66.01659236718025,73.92249059653442,91.31269077627796,88.42407338721566,94.32598502148886,110.57199787970445,109.48863894957844,122.35889447402714,132.81267581059322,143.09874780777707,155.82381000286608,170.0998620861021,174.07542051921175,180.63608889294122,183.89907455250048,181.8199096944307,188.4159586218828,191.64678697162907,200.29708097571475,197.58709159945244,205.03964830674667,205.23869701468527,192.4024323851679,211.19502239644785,222.26127736960842,226.85679685220617,231.9649454815496,233.40880842566182,245.59724022659674,244.65089988146207,245.0412565840691,248.40750463864933,259.7889457289008,256.43865949559836,262.50962862499097,274.79679186697916,282.7035061711582,286.04253224204274,297.51137585901404,305.7319983358688,314.5565964679708,330.14195530678427,48.51961472520835,53.13360644623723,35.05357388870803,30.744110518043982,11.83012246827531,18.466852892969804,30.168213231691325,25.16807426952073,37.565223260605386,65.48604328434874,78.19251793836311,87.38016870359797,86.67350682684959,105.45505654737906,100.73277902761463,113.45387533383217,119.14421412509618,116.49909257013564,129.59735673221323,137.8083312646558,152.29882618780624,168.07800783159817,178.31964165993222,195.01950025606493,200.8215253542141,220.6297713778083,250.48014736914112,233.6570169152483,243.28499694830032,250.89747413740423,237.91856402923838,267.46699479659156,253.13396648728647,319.7153782120659,314.4993961446829,318.1299283415862,322.20683196355486,336.3695572196718,338.51201439022975,270.20552849210964,276.40331050399806,260.0531714026726,269.9872605466434,283.23115253970565,302.82132134087817,298.68641364912867,306.6371737547998,255.46894305700798,270.03897327059536,277.8572638112563,266.00824822247773,286.3959879645306,285.57417841007776
00033182,101.68242710514468,102.72373121093904,89.7080403105946,88.47208792299944,80.80216327242407,73.32454867699354,74.72728301193591,94.51728896818888,88.37156640164312,72.91140374292227,94.73910910727277,81.5207030655173,89.3788408079832,99.04918225354919,81.07990120428516,101.01489310323103,83.12134696691263,53.2887504311549,44.97827610483698,36.872299547517926,29.6076777474915,23.351403177735214,33.709355356820936,10.826485181281708,16.734371418217833,0.0,22.924270522975103,46.070810675418215,57.32024768231542,57.315607782270746,67.97936504895407,86.8847301284609,81.10068268389116,88.42040294370179,104.50718307657193,101.81055554188293,114.40595364780289,126.96636265847526,135.96840245004225,148.9556248356274,163.9676649058086,167.09192146522315,173.341846519439,177.8637878081441,173.23813178441492,181.72983104637353,183.3004230528708,192.86679397744385,191.26527321536108,198.99790702090152,198.29441003358184,187.80326933394375,206.41801546422994,217.12008667103098,222.4909185838675,228.34863703934698,227.93931017016405,241.05703858342392,238.8835549158333,238.07439667527672,242.15046078320592,253.28958154221021,248.98259861149182,255.3777172237446,268.7167998960965,275.77950337209006,278.5417128427109,290.9903335817231,298.4490485875732,306.56881002473824,321.89315078676196,65.05934562626948,69.20037867669612,51.62759740929278,46.05079606780184,26.962346541507692,30.71979824797518,42.67921155361893,31.163723659458828,34.95724661050392,62.6176162254232,74.46432989198291,87.05129005646636,83.7849254238932,101.92670386509923,99.91212078458817,110.27002725549461,117.42049250910158,112.1342134607406,126.98434682601302,133.82076737612016,146.82627212663704,163.2497051881065,174.91023198845335,191.4308398946162,198.1252731711234,217.6655069377694,247.61938657587268,233.67528864572046,242.74503750892333,250.98603838057005,236.1584969725484,268.17378595223954,252.07733513935912,313.6522864770754,307.6740216197174,310.42310735846945,314.9615237113902,328.3341357429415,330.3300497013343,267.0799724174159,273.912931687661,254.7245817613337,266.0212344909813,277.3558283546254,299.42092882545774,293.12261204585013,300.3005609221367,253.86010197323841,269.66758236565846,278.05347857620626,263.9348754881928,285.88133448603185,283.91332360214943
00033204,121.29721744754949,121.03390658424419,107.78307291785282,103.47416787874275,96.61287243825998,90.04114161908774,87.31460868142187,114.61199063241827,108.05337750300795,91.90161545450376,104.94330517391941,91.55974121870233,97.03522007911585,102.68411673733969,86.86275620929585,101.06483800118728,84.48523462046586,72.08802187798734,60.123066792283026,59.18368065649582,48.168737589145124,45.44573671341903,43.45059433697816,32.08397261032042,29.74443665937796,22.924270522975103,0.0,23.184687669717484,34.502738531357515,36.311526504975085,45.42567262398786,64.04238934493394,59.23032282299748,65.94116562508488,82.13112575286989,80.21010202115097,93.00262148510092,104.5571497959123,114.12658396594756,127.00113913854322,141.7120717490224,145.21378159322634,151.62911747553963,155.5844101824022,152.3259694045065,159.72422659913693,162.23115915532802,171.24347274098943,169.10970246046762,176.73753280963405,176.42332554739386,165.10755757728214,183.773475473978,194.57555024200866,199.76417787911245,205.50343501162448,205.49799399287073,218.3739085946906,216.5466181705427,216.23796616940422,219.99949596118537,231.24516672817563,227.40488236912734,233.63149493157877,246.50750555574123,253.93846613904455,257.00015562395276,268.9699083960974,276.79656592308805,285.31998573298586,300.81286689277215,68.36534897307105,69.70608574013099,56.2652006489017,46.48899426610419,32.160827031676206,29.59225423784504,37.97111191972829,20.951464229401523,13.077332310817482,39.76198323886273,51.542810235064856,64.62713953689624,60.872651125274984,79.01523309615735,77.26968479698125,87.34860246163653,94.56768618922189,89.3241910100288,104.06188777771422,110.97825151656815,124.32283115711775,140.58828408914079,152.02610686981848,168.57079162829902,175.20470613000168,194.7587638846654,224.71078272693345,211.0005472814314,219.96157352544574,228.3155884002159,213.24819626812896,245.64004176313665,229.2207441981451,291.4515261651137,285.79666973633294,289.0078587445041,293.29422841226267,307.1200821868802,309.20864160455477,244.1920011070555,250.9918071018025,232.25183566154737,243.23628410322598,255.07332318650631,276.5645235309323,270.7377482596202,278.2048767170736,230.95583082169546,246.90077112935052,255.39196870737175,241.01200316030994,263.0862066710092,261.0028336480866
00033224,141.32486487739118,139.97854550773746,126.70982952562088,120.02215502096622,113.96846723648967,108.25394460830238,102.44269252775908,135.09527694821628,128.26265387627487,111.784710362037,117.47166114699563,104.45727878839935,107.67181617219708,109.44210562121705,96.37439203057443,104.4663768325096,90.1285318232353,92.23290986066772,78.36741875375274,81.79191743078019,68.99626289859228,68.06025013524905,59.893292426770884,54.685809227479254,49.988057392545784,46.070810675418215,23.184687669717484,0.0,12.72360543486166,21.725712446456313,24.290568075695663,41.44003629842006,39.49680231011033,44.4315500107403,60.65440881499154,60.42875907418957,73.35572664879761,82.83191382251272,93.42552517624873,106.01241816425073,120.1236088532991,124.26643193629697,130.92761168622854,133.91358230342541,132.88472202859964,138.50948488405461,142.49131738992327,150.60744963127183,147.61798993125305,155.05229143035544,155.37840181491268,142.6446150313563,161.39313611957766,172.37003983225472,177.21080521097295,182.69044554827232,183.46214391248404,195.89449842959368,194.67414321746858,195.1571150478686,198.42360918391597,209.82120565996166,206.69125585078973,212.65669803822115,224.80896768426416,232.79306279394297,236.28865135513192,247.5394934314948,255.89844456413798,264.981592728614,280.68554137332814,77.0755531150416,75.75569089420274,67.400743250653,55.6817864049345,48.07683673496954,42.06456455064187,44.5390033915909,29.846165456146217,12.45517287691716,16.58424609222295,28.567799536225436,41.91325676194938,37.72321534804444,56.063361717159694,54.24146780991195,64.31847920437076,71.38368080046375,66.72017468767919,80.94505383394062,88.23574509335468,102.32223361274553,118.22837939702869,129.12761622185812,145.73401728532235,152.15472677361007,171.7718433765248,201.71246036432635,187.88733667303035,196.79289805539844,205.2031580041686,190.08939876827074,222.61533380769026,206.0360638465616,269.72915352549364,264.56230060944654,268.43191664607934,272.356251362091,286.8011839066157,289.0141296465508,221.25861437573124,227.93132947064225,210.13756716219407,220.5454116035539,233.25143593956736,253.70872844243414,248.7408981100795,256.6524779810875,207.7893233407754,223.73782074294928,232.2824765552097,217.88977824855627,239.91247305963924,237.8441282563656
00033237,153.987103416926,152.69913894985893,139.4292522804323,132.6655825941014,126.66642071489287,120.97695746605221,114.97719681985154,147.70188645619749,140.90071033615186,124.44730009250156,129.58623755901277,116.68047349996651,119.45669489233114,120.26007003298922,107.98489574920562,114.30172664319188,100.82012812471844,104.85339870375175,91.08880991039221,93.65041951384548,81.47601689320935,79.90455963590794,72.60540341651655,66.52133636237556,62.49578672123867,57.32024768231542,34.502738531357515,12.72360543486166,0.0,14.178941429485425,11.567036585958572,29.564911894465997,26.87423187091039,31.830203091699282,48.07663929292094,47.728785469165345,60.65220185599178,70.36402685667295,80.73538091118418,93.36767501182378,107.63134101893112,111.62275846084948,118.2515339992059,121.45517402635723,120.16948619497681,125.92261209765263,129.76794537659313,137.92869947118476,135.10603802645315,142.6058907264182,142.76169233638498,130.61985510903335,149.30691645832786,160.17004993712857,165.26561489552117,171.0289918530866,171.17124626226723,183.8872829655327,182.30976754556224,182.55592097077295,185.94985506899224,197.3038710731488,194.0315552355136,200.03829967972337,212.38114789511496,220.21083314185174,223.6321421649317,235.0292057528891,243.2719731507764,252.28734091713358,267.97735817867414,88.68626127352633,86.75312692392417,79.56618877350084,67.68463229134349,60.79522701632593,54.664364946068055,56.34110531217748,42.41444965555142,25.113505684645897,9.737473276016134,17.615163467351415,34.72625876073761,27.39898791911166,44.7412952386341,45.52178350014303,53.16998194244156,61.27532443562875,54.825904652683846,70.05111372665826,76.50073620672397,89.98922835064381,106.12012464502578,117.6064578057614,134.11145289461078,140.94026937732565,160.40096612816222,190.35765134476327,178.09696167992294,186.63821623781442,195.39774810887323,179.27881013353118,213.13747444722472,195.56779171625126,257.31519855259916,252.00361399815395,255.761344843509,259.7381279794565,274.1065843463798,276.31046994904364,209.77585028726327,216.7186832063668,197.89122034440044,208.735231145416,220.87173363809436,242.1007081126782,236.43954089430065,244.17945939589322,197.02557472077277,213.61297346406226,222.46726939913532,206.8812450325589,229.67465530933165,227.01177850063021
00033241,157.5948154046455,157.29216451390343,144.02899334039037,138.97595466573074,132.4214474967548,126.10853372225584,122.05444242028628,150.8503232020675,144.3394119918392,128.21294296057764,138.1151621967171,124.9362987383625,128.7735032462912,131.0989894280143,117.65719536080117,126.16626474890693,111.82141098319221,108.39742700921914,96.10596468273015,94.17907371373725,84.44935732160569,80.64050935314594,78.55119140741253,67.57193662497828,66.01659236718025,57.315607782270746,36.311526504975085,21.725712446456313,14.178941429485425,0.0,15.301499480561692,34.41821629649261,24.183627676967898,32.94763870187639,48.2345198961509,44.52469716263367,57.09222352443064,70.5324841992203,78.73617194232224,91.77553929755813,107.0748322478224,109.84883404054621,116.04042657381784,120.9764573221895,116.13982437873241,124.55027915295604,126.11928515499233,135.55207075250982,134.2047439120862,142.05066100524783,141.03211976940563,131.96982902882056,150.31444704385683,160.68126593107473,166.68300622819177,173.2856017391334,171.2465126426319,185.01625487860485,181.99910477493268,180.7895529093591,185.04497942960452,196.096752342799,191.66820388098742,198.07085675593694,211.65326853790583,218.49044134065824,221.23120487723835,233.77218629146938,241.13347899249143,249.3329170153339,264.7328237553958,98.40122904505918,97.39077701087982,88.13825640636267,76.71953311322139,66.78279703862249,61.92493510866816,65.85097181834514,50.102620053441285,31.59337015932232,23.498507085094534,26.473429136338968,46.03073710116476,35.83705211718752,49.89517419598095,54.85141400873221,58.328001210982094,68.1350571690081,57.91903908896106,75.2277471831812,79.46447559947083,90.51146088857146,107.38719461211372,120.59217607201296,136.68665733480327,144.50601914504742,163.4765509208618,193.34314284937844,184.18573585305435,192.08977808567866,201.3981197981497,183.52758396107447,219.58928532088578,200.42407464177046,256.5620855126963,250.39181352575844,253.13625359239097,257.6460941581028,271.11388022336746,273.15061653784215,212.37317824422277,219.95987351697775,198.06235367151274,210.4180573687118,220.3697271058762,244.2796008666289,236.26969857081116,243.12779272263506,201.30281248748923,219.0266852428224,228.37053889448347,210.61222766606198,234.84806745405018,231.05887737905016
00033248,165.50139214401818,164.26260433896826,150.99167788737202,144.1774489296447,138.21725520835153,132.54390141616042,126.41341604373912,159.17172748593853,152.39636344919165,135.96377578093362,140.70813169377777,127.89090268262655,130.3422403642218,130.4199307733165,118.7580896927714,123.73287231006901,110.93925239908987,116.33992246199648,102.65330708039207,104.59011051412813,92.86969817245685,90.86169018433428,84.16678598992948,77.50911863465943,73.92249059653442,67.97936504895407,45.42567262398786,24.290568075695663,11.567036585958572,15.301499480561692,0.0,19.747122829211897,15.527860582150636,20.520461547945892,36.74232577374776,36.19265919491734,49.108258303613546,59.138969837600605,69.21478843891543,81.90141126807119,96.34013694737426,100.15363684250967,106.74342813529759,110.19542282829835,108.60950436318329,114.51589914933061,118.20092135705642,126.4158826473117,123.78086454264904,131.3505505081453,131.31827366035344,119.83489115511587,138.43867279544386,149.17319655584697,154.5360554616692,160.59289411136837,160.072784236093,173.08124985122794,171.1300072155866,171.1247623819854,174.6537852209721,185.96001501107304,182.53675171618855,188.58734531936753,201.12856736288066,208.79655104081422,212.13956821653386,223.68836311114507,231.8101924115314,240.75399313257702,256.4288250484098,99.49738370702798,97.1413247614358,90.77211008459794,78.80759826566853,72.36021754421286,66.16563230602,67.37792939769898,53.909325898936544,36.65755671088461,14.596649689761144,11.52014634179969,31.45969106312216,20.557059546728855,35.32422007761736,39.579023186641,43.823387975456605,53.1145984657743,44.441304866836106,60.80435220726239,66.17795542695721,78.9022676578399,95.27260460607351,107.39641078391375,123.75992147889899,131.01506015222165,150.2805103469155,180.22194737848187,169.5743700164386,177.73108414094048,186.8284671985016,169.7142057095923,204.86731287444422,186.32999581854267,246.07067849475138,240.6115318226365,244.25304466594102,248.28434136754737,262.5726188850985,264.76678934357375,199.49429435972658,206.70634191833767,186.83049232358763,198.1199457212974,209.66750710980205,231.67472358721284,225.31293196328588,232.87603919445195,187.4864712445924,204.69746793442823,213.84924137552863,197.0837032834708,220.62831635699615,217.3742018356318
00033276,182.09348020879304,180.12662933620396,166.92445371163728,158.6907720681522,153.28868091239298,148.18707313352007,140.36183397535305,176.10140733741304,169.16264143233232,152.59615661557294,152.83773700554383,140.5273066612339,141.579727486585,139.2546686806032,129.69915693099068,130.65050333465163,119.9163007597185,133.2524618877306,118.69090764952617,123.11892978708842,110.32160114859875,109.37339508112323,99.80077583052616,95.98584022330803,91.31269077627796,86.8847301284609,64.04238934493394,41.44003629842006,29.564911894465997,34.41821629649261,19.747122829211897,0.0,16.638931366523103,8.679563477836423,21.06982703166466,26.162747865662908,37.48636546359012,42.009475757086896,54.078481074266556,65.95383114020518,79.18987948903228,84.07110616438771,91.00694425646466,92.85422633141884,94.86717201149283,97.89444755728145,103.85569468975264,110.62542075549979,106.68406556271833,113.93541201673398,114.87962410185531,101.20787128715025,119.95322889158481,130.95494984092585,135.79771652787892,141.46662514519775,142.10312795383896,154.4637464687265,153.39043905267528,154.50237988577516,157.33144773757215,168.8343340901225,166.38944139615148,172.07085299345758,183.61037996796392,192.01493641300462,195.92376525325275,206.51152180053748,215.3179698726238,224.9586506015897,240.86586809084568,110.82433070137866,107.14297324785738,103.77753917268048,91.65781375791362,88.23621196686118,81.24111711548576,80.15853967962667,69.17938372434998,53.767484382029814,26.206200951693642,13.315795795747517,21.89762295597269,9.086630435813342,15.580496089388674,23.511709525011845,24.07720310278959,33.79325860542516,25.30213574407026,41.0573459100548,46.93836604939159,61.07668739479197,76.79305973398023,88.0516339214766,104.54654114935325,111.48005447704743,130.87230421041218,160.8280212720818,149.87955020468772,157.98665631280258,167.12137281219222,150.03972790461845,185.22274651964088,166.5945965378349,228.49437345041017,223.6746559310368,228.15205075735568,231.71888954341983,246.76206336260287,249.10576174673233,180.2179107795072,187.23271870831684,168.74097519662337,179.2062173126263,191.97578102194333,212.53631622455862,207.3780351487482,215.53083938557174,167.80717666887827,184.95185198740262,194.1306600137272,177.49688741952835,200.88186070624826,197.72774048298317
00033277,180.16478536651488,179.22853703993732,165.94922383741792,159.515955488352,153.44525636432599,147.62375432233046,141.85037850990264,173.67071507253476,166.9929294853237,150.65542717316023,156.23547660387615,143.4158090505289,145.8347157033511,145.6173173995272,134.22234839356835,138.50686356126798,126.1334488896572,130.93611371446815,117.6623612173664,117.9564825022129,107.23253456628149,104.32016645295421,99.35130451808612,91.0966799165764,88.42407338721566,81.10068268389116,59.23032282299748,39.49680231011033,26.87423187091039,24.183627676967898,15.527860582150636,16.638931366523103,0.0,10.481434723020023,24.15559977280315,21.072479321747544,33.97802530372183,46.355960252909725,54.92133493992803,67.86416259759724,82.9594096990149,86.03421985080617,92.4018080403334,96.86305755540768,93.52313995681027,100.6328485959577,103.2570115792229,112.01336932153232,110.18015276660589,117.96563213687939,117.24661616598134,107.83264858136452,126.14003581600508,136.4999573345714,142.5341434002223,149.26382039570652,147.09298912448216,160.84132230648956,157.89584328442922,157.05159240773892,161.05676809820253,172.19145892438118,168.17497180584084,174.4182036944503,187.63728587022237,194.7576591015902,197.77129443255643,209.89757513817506,217.56991635732243,226.1543823894116,241.71821536582635,114.97782302740511,112.47545434081952,106.29615228503744,94.33545055515376,87.51790602252828,81.53012601449058,82.9035375708134,69.28469019878956,51.661573605768474,29.29744405962614,20.17712085175544,37.03714213920789,23.670528900093508,29.434288275085642,40.14569588476564,37.19649214424437,48.41603002619357,34.98606519170323,53.40389725302913,56.00960817930263,66.33606636265108,83.26450721790955,96.88031179522982,112.79397745999819,120.9530206552352,139.69302953849973,169.49128928828188,162.0369253001612,169.44619539164742,179.12553689111826,160.1968630860101,197.62811687136693,177.38550454692174,232.56573076526922,226.6345518271279,229.79377559414527,234.06984946340407,247.9631953896244,250.09124634456174,188.3995811389895,196.16369164974589,173.90672475737662,186.28281525031895,196.31177274144522,220.20472084372392,212.16168272224783,219.19989937258438,177.95294927311335,196.29479691074155,205.95969622576226,187.0049505966089,211.93572246063107,207.56114301488685
00034285,185.75275616830052,184.25935754237275,171.00703107440341,163.5569321448605,157.85800354289108,152.42961094707164,145.48102424216611,179.51666410967323,172.69389219456158,156.21318967497407,158.74536999163973,146.2173066737083,147.79837149011985,146.22033238185128,135.99886270608167,138.0856747849403,126.8031885413578,136.659276204549,122.66512447842636,125.0904741840744,113.30322862638803,111.36798423197666,103.98161485676225,98.02246662450561,94.32598502148886,88.42040294370179,65.94116562508488,44.4315500107403,31.830203091699282,32.94763870187639,20.520461547945892,8.679563477836423,10.481434723020023,0.0,16.248297997901293,18.293323713381607,30.476104072565317,38.61859604159537,49.09917199633621,61.58710966773549,75.83343755551962,79.83908262138516,86.53754880881128,89.68065260245642,89.21728319319911,94.0945970050282,98.54688109960601,106.2188328487763,103.29093720347963,110.83564083049208,110.94838490867961,99.50106064463645,118.03710829301667,128.7000973859361,134.22323315533316,140.52761392804288,139.5640951515663,152.7079173546469,150.60973641936624,150.73382971827107,154.15201199287458,165.48278556436665,162.27119614255224,168.22672770451976,180.61452936488521,188.38273472768063,191.86533263470534,203.20974787364256,211.4671786109104,220.61943665585636,236.38020955576093,116.94689052595498,113.69285565155567,109.23914630892804,97.1433138890905,92.25050512739357,85.67100461767812,85.62182396016337,73.4545287288204,56.883239538949496,31.012317661916423,18.897820113853452,30.57686175067866,17.606003293910433,18.98511744924419,31.037233350038775,26.727830671019415,37.958289781139314,25.046338384282418,43.07994250687251,46.516925345055206,58.410301870678126,74.91318876126817,87.6610199053792,103.8253492885084,111.55891728491694,130.5553426669266,160.4428843268175,151.89880746439724,159.48760262539318,169.03146409447714,150.61954050498653,187.44667933356163,167.62217885830145,225.55555584718377,220.1734330092641,224.02144733438277,227.9266324450726,242.4387008329969,244.68518070729246,179.54974732288747,187.03578236684996,166.33026980720348,177.87708584373178,189.14746875356252,211.5788746902259,204.79688844500794,212.37823025003914,168.39193319968354,186.3807665803388,195.919198364806,177.66465967908584,202.11043170843723,198.12053902615355
00034310,201.95724455143213,200.367311117192,187.12554733061606,179.3902143642398,173.81806305990287,168.49992318318382,161.17835447793183,195.74861620996793,188.91349602422548,172.4197285200471,173.8892667545367,161.53757197600135,162.649316915202,160.14358592789708,150.76637081873207,151.20234847002382,140.85227119686184,152.88729708277052,138.79705130861925,141.24070868575296,129.55118050976435,127.5306715833872,120.05111214761736,114.20142635237923,110.57199787970445,104.50718307657193,82.13112575286989,60.65440881499154,48.07663929292094,48.2345198961509,36.74232577374776,21.06982703166466,24.15559977280315,16.248297997901293,0.0,11.42525569990675,17.737492495455818,22.459783328129063,33.16107740933559,45.42296102637195,59.597857464910945,63.66022290492704,70.42955038660807,73.45739952647887,73.80825965050416,77.85645973886604,82.87215630850783,90.10327978973535,87.04530478647084,94.61212957482513,94.72946480473205,83.73893573763407,102.1381589937986,112.6591131708391,118.45740073483407,125.1089062026741,123.43227566644927,136.83599431773885,134.42107581065073,134.50271987145723,137.91239906447177,149.23499850778182,146.09769954900239,152.0065385515428,164.38850294007813,172.1430014112764,175.68379215347377,186.96222020658095,195.25211498076746,204.51160700333966,220.32145669272563,131.89163471503883,128.1847750347753,124.7128489470097,112.5949261915674,108.35751621735793,101.64702109591724,101.08083476321755,89.46975478158221,73.10913929478912,46.686384775577174,34.01075513578904,39.50522177424434,29.274276557173312,17.147081547968096,34.05437349874327,20.121769036935607,31.96344936929086,13.661435662964768,32.59216617651582,32.408609597970944,42.37431195969491,59.15314656160477,72.85303513710299,88.66222389958436,97.0102282520497,115.60015107972625,145.36491923570617,139.23213165890644,146.1735767021126,156.1640323974055,136.37706658338067,174.91030555135373,153.7719443631612,209.3314117160913,203.92777364571091,207.8591226865063,211.70498784817667,226.32854631386834,228.60535960017856,164.24496231990318,172.0548167110689,150.21892040297058,162.1847671647578,172.9421985542844,196.06277434124152,188.6334687255881,196.13641679271302,154.10601646787615,172.90770775431767,182.83024754689697,162.98984438078628,188.38840194716832,183.6035963128308
00034312,201.23404842689808,200.2825512818022,187.00417669274938,180.3687409159341,174.39399458606746,168.6452284021935,162.5562376902389,194.72207225356968,188.05723047841832,171.72693413761456,176.42043463543854,163.75125360586,165.68230921647935,164.4409702328246,153.93883128561757,156.3789886942961,145.006001005184,152.0029070288485,138.7020618059855,138.6822371593035,128.2743450522498,125.1044482368182,120.32123691683216,111.95027167966921,109.48863894957844,101.81055554188293,80.21010202115097,60.42875907418957,47.728785469165345,44.52469716263367,36.19265919491734,26.162747865662908,21.072479321747544,18.293323713381607,11.42525569990675,0.0,12.928592115756478,28.045824332358013,34.23666629555447,47.31631405699456,62.94359421197871,65.33078844440983,71.53247580846435,76.80102009175079,72.47740457903205,80.0669039250078,82.18526716573834,91.08611003632899,89.81634292093072,97.76325770349642,96.50761403287595,89.10726785265919,106.9604376435621,116.89409313134927,123.58143297747067,130.99814293734835,127.16587384362788,141.57517622488038,137.72333152516035,136.26851273781932,140.59146105152035,151.59105694594805,147.2348641527596,153.570125973766,167.22019121977328,173.97164964151528,176.81952052851145,189.25484118575213,196.67022229664545,205.11927334707505,220.65884900994996,134.80696202467885,131.77579455245748,126.67301320311365,114.6290368829283,108.4991356413541,102.35633096649615,103.13197469330333,90.09952113474492,72.68144923589611,48.660063313384335,37.08253342719756,47.249371210325336,35.2218638500292,27.63516021147613,44.00410493907904,31.51590901806875,43.38808959763185,24.896740713443116,43.46682858091604,41.34265354466341,47.54178232502609,64.84175483347458,80.11832223882661,95.23535280018824,104.40194494997337,122.32864855900718,151.78194316779096,148.17992116547214,154.60183497959434,164.9202148584753,143.9375688124588,183.8645094733771,161.6903844632529,212.1030677206359,205.87032323114377,208.8011039213116,213.17825816075393,226.92404753658394,229.0376896233498,170.218014659378,178.54912717978883,153.9697631516698,167.3414901717714,175.988241036308,201.54869408019687,191.9818125744152,198.62723454540838,161.56135693277582,181.1322987536996,191.35815899658024,169.94258642150342,196.35314802127823,190.7119906179029
00034332,214.11083234947563,213.2031660543885,199.92429956878337,193.2756207844818,187.31857253384192,181.5731269110371,175.42675755441803,207.56614497912028,200.92280998295143,184.6122675265191,189.11414625390856,176.50298170119729,178.25317470089243,176.5966812683916,166.46650311312845,168.13686785022063,157.20628765197222,164.8750029648033,151.62711172266816,151.26234530927877,141.11100564136396,137.73233138559203,133.2487169080282,124.63385106265325,122.35889447402714,114.40595364780289,93.00262148510092,73.35572664879761,60.65220185599178,57.09222352443064,49.108258303613546,37.48636546359012,33.97802530372183,30.476104072565317,17.737492495455818,12.928592115756478,0.0,20.653324666943348,22.336953848378705,35.41700363920918,51.55914507671134,53.07674786014073,59.03209564016277,65.24907926054043,59.55153654421437,67.92900484961811,69.29056620796777,78.47597633127074,77.8739466271741,85.9654359822946,84.12765573638497,78.80887092969695,96.11701989627099,105.61464367940505,112.8683680810757,120.84746221310789,115.55806700399512,130.52841233761424,125.8644074306973,123.79768872898143,128.4460653219758,139.30100276260094,134.5766449737027,141.01790875519777,155.09652986230074,161.4787295841023,164.1394554284389,176.90098224053415,184.04732841964136,192.32257070242696,207.81747911108886,147.3917400007404,144.16414531188866,139.45227747145745,127.38822685822483,121.42738232456581,115.2638500224647,115.87901314014663,103.00690401049059,85.60858586489182,61.31113977273354,49.36845051542979,57.164863786206816,46.266819103646036,34.51755474148506,51.50009653149863,35.425533562678446,46.086410727251234,27.15228797256837,42.67271565210994,36.624571695885116,37.9377878432957,55.17029894808459,71.74310018282618,85.9422912059638,95.87917200804033,112.98063774921052,142.00743887542845,141.4027797372747,147.04629397883107,157.78499101855854,135.35405958493476,176.96138549394462,153.4538995956912,199.90978040335395,193.38944128683673,196.06459473475996,200.56128144339542,214.1195242334954,216.20783847085988,160.00445580689532,168.76572519766594,142.30344569258685,156.51150900602602,163.94508670767615,190.89012334841996,180.05662102488185,186.33697411914576,152.7904266197084,173.2140890391191,183.81479789293536,160.61839621853738,188.0694166771052,181.48987584284902
00034344,223.97992518066127,222.12676302807458,208.91704810092926,200.60914592562966,195.28137865863792,190.19366300201781,182.18476632008114,217.87986267697022,210.99391771461362,194.45867423311992,193.98198710309563,181.9339519671772,182.3325603187115,178.50958254311644,170.3707433027563,168.51547906513636,159.49833918304398,175.01244060923872,160.65303246139757,163.68903447792923,151.81295901843313,149.97372364327973,141.7934011093099,136.63563487805797,132.81267581059322,126.96636265847526,104.5571497959123,82.83191382251272,70.36402685667295,70.5324841992203,59.138969837600605,42.009475757086896,46.355960252909725,38.61859604159537,22.459783328129063,28.045824332358013,20.653324666943348,0.0,14.794035287272768,24.37257793789301,37.2940791224422,42.19479198617002,49.26998075429339,51.09201492921466,55.07157381946814,55.88597152194015,63.142684890440634,68.77247977988924,64.7959492906353,72.24186414672909,72.871118112871,61.53748861282341,79.78407766718104,90.21479341471175,96.20529200842765,103.2097401510314,100.97396950356689,114.48540420557303,111.99116517154714,112.50954718823958,115.59537650445111,126.99626200885679,124.38995599958352,130.06945668553283,142.01807002758483,150.06288472663059,153.91584306677922,164.71001569647,173.31977429717531,182.99406514521078,198.94792724809759,151.83016835174473,147.51228716875306,145.4513762639554,133.34623465634738,130.19284701128612,123.24963170616758,121.89482224125801,111.17058163400735,95.27806217746357,68.19988383884012,55.320842260135734,55.745514336192585,48.75896121358409,31.1459970434808,45.86303232991538,26.892116195203606,33.44597658872942,19.28304916124635,25.833547591208482,16.535862305433035,19.98013218915529,37.042975371701004,52.117982231960845,67.21623004083264,76.39753777212623,94.30099979093491,123.82459360945624,120.99883846580877,126.96780975697632,137.5208405368491,115.94191526750777,156.61835211350615,133.78771066395848,186.95450768226547,181.77632379270358,186.14774859067728,189.7317854368291,204.78935757942583,207.16152621377998,142.41593776104477,150.58121840933907,127.75915176177529,139.96988320407712,150.53148724172684,173.99264864667296,166.1861285232713,173.82547097368663,133.54058008211985,153.34989486338785,163.7480619401694,141.90246766099924,168.4481592666154,162.66648875655713
00034352,234.71564338191254,233.3481028335794,220.09119679708505,212.54413505953966,206.93059924608178,201.52839626721726,194.33829278717855,228.3674665239826,221.60875928206912,205.17732124345727,206.8669671304019,194.60224390634687,195.46569959667428,192.2613518060961,183.542193005995,182.61031104043153,173.123421376007,185.54968888438938,171.74525079898865,172.8382595616363,161.9996340164642,159.22500922777297,153.0807774721611,146.01667565330817,143.09874780777707,135.96840245004225,114.12658396594756,93.42552517624873,80.73538091118418,78.73617194232224,69.21478843891543,54.078481074266556,54.92133493992803,49.09917199633621,33.16107740933559,34.23666629555447,22.336953848378705,14.794035287272768,0.0,13.116871149815195,29.26629927854543,31.123542609967757,37.53747136928064,42.91263205212155,41.05937482698438,45.83045925134474,49.78715064587822,57.202544479441656,55.63487135324377,63.668911886584816,62.33071089560175,57.056057720336,73.95139297411147,83.2969489815067,90.7401159284357,99.04150110518925,93.22837071785301,108.25487503055379,103.60026943894364,102.13070588802682,106.35914505304902,117.36139013289909,113.3409586189421,119.50494316973017,132.9931749509769,139.83718613942622,142.94479633510207,155.03803006709077,162.68030112677397,171.55616040889936,187.28612659867875,164.79442895690025,160.81445929489917,157.8401626674663,145.72058072804194,141.3448874647006,134.74583561162504,134.21256771511688,122.54301813302364,105.84844544891347,79.84250493046508,67.1605866735405,69.7944862395548,61.683573481590074,45.13246947807208,60.481116909723845,41.58281620193948,48.05468972777322,33.65232683797162,39.42416589617377,27.673165745577396,18.425895846842124,34.441986156654615,52.27546983858268,65.08987723628222,75.78155975841992,91.86613132864586,120.42757757302691,122.97785847031099,127.6388842912588,138.80782803786826,114.8806801497694,158.1591763993528,133.25831529114015,177.86795645218956,171.71839313067244,175.04019686168698,179.1729366907288,193.37579495595887,195.5996842578473,138.0931965261605,147.13048525716627,119.98575579504647,134.29714522645224,141.7835165203994,168.72789598872163,157.82906281466452,164.39497029072655,132.05631390058164,153.27777883988767,164.24798657662058,139.35945351392988,167.70738991113205,160.2741891772152
00034363,247.33716934128657,245.78923540824866,232.54841508326382,224.64103844644745,219.1739326822267,213.9140380406839,206.30576956267785,241.0660831117181,234.26656477249264,217.79709422072645,218.32102486705006,206.2253360818398,206.7006934414285,202.80687004327837,194.74068381388818,192.6336763253996,183.83471705533233,198.22106114352925,184.21938169326128,185.8180082770005,174.76136547143096,172.18389269344743,165.46780731159794,158.9476527997891,155.82381000286608,148.9556248356274,127.00113913854322,106.01241816425073,93.36767501182378,91.77553929755813,81.90141126807119,65.95383114020518,67.86416259759724,61.58710966773549,45.42296102637195,47.31631405699456,35.41700363920918,24.37257793789301,13.116871149815195,0.0,16.520183375009587,18.255123164340755,25.054002761754923,29.895162719753465,31.52603752529391,32.7780969342697,38.91377198388417,44.699235903482304,42.5203189681291,50.55698849974962,49.43131206060652,45.04434451887476,61.27414413697935,70.33479411939493,78.08754793184706,86.7665468406789,80.14475472388673,95.3713972371111,90.48361469241155,89.24717155626487,93.27920641101765,104.33633474917164,100.68475717666801,106.68772105704375,119.9042499037126,126.94078801405703,130.27824097100634,142.0351469569034,149.9092664122162,159.09819316119018,174.9437899494734,176.17732518240973,171.88482364073008,169.6502377771131,157.53576205209518,153.7803243508613,147.03149654308444,146.05885861453638,134.87438619340142,118.45888075252971,91.99997733496055,79.19508158501807,79.99918700925704,73.04821276444068,55.480945939267826,69.52615383019882,50.57339676402541,54.71710582587721,43.52215924311548,44.257611946143065,31.00599162967438,13.83712149101211,24.577450764677906,43.11574550583583,54.08763511380483,65.4334336483745,80.35353678437197,108.34742718494859,113.68239621843585,117.50104985693925,128.97192339358213,103.87246061366527,148.38339084098885,122.42318309323548,164.79436212195944,158.79586336820782,162.44018100258893,166.3832179137554,180.9132886106183,183.20881568463858,125.64385754827215,134.95364662236355,106.88668592088325,121.49198253739206,128.67848558654202,155.97731265725432,144.71311552784897,151.3584446034093,120.74964214352978,142.59802507519518,153.84022773370822,127.55440118551704,156.63614279269925,148.47423804100148
00034376,261.25058190239184,259.2964125011827,246.10490819968186,237.47125248602885,232.3015295214376,227.34129742661315,218.92102562556713,255.17125092272659,248.27824015647687,231.73551532256238,229.9892355061172,218.21584191075732,218.0220444211199,213.01696905799417,206.03350815434388,202.06995962472294,194.3723877183952,212.304232595854,197.88024041104083,200.76615868233023,189.09649521776205,187.07506570273583,178.98450675200831,173.76642661509646,170.0998620861021,163.9676649058086,141.7120717490224,120.1236088532991,107.63134101893112,107.0748322478224,96.34013694737426,79.18987948903228,82.9594096990149,75.83343755551962,59.597857464910945,62.94359421197871,51.55914507671134,37.2940791224422,29.26629927854543,16.520183375009587,0.0,9.98616120658025,16.406710713672975,13.903654984843417,29.981277563128103,19.123902593582734,33.06845417875725,33.332378150656396,27.505993798663575,35.032772956946566,36.0851830378485,28.81444045975037,44.76626346143253,54.061004027912304,61.577190157501086,70.29239113601088,64.22800763495604,78.98858495676292,74.93685671096861,75.36922255774631,78.31985888211048,89.70242984033315,87.56159079573601,92.96275986108925,104.79556039081123,112.826262035854,116.95773616627845,127.4163647687556,136.1831710111604,146.28633451264662,162.39326798834074,187.83617107482766,183.04301206693114,182.06692232264285,170.0004164446618,167.4237956319513,160.39542696666018,158.62020639208518,148.3661176506184,132.5712223635793,105.3957006730127,92.5031972971129,90.67143368884102,85.43603073763829,66.96789467058828,78.9552414882686,60.69069781761871,61.94279643245516,54.995309857377514,50.23281626137851,37.249493086073585,18.711155078897455,13.785688339712088,30.699356765922044,38.755654540768425,50.64696214344669,64.32711402255369,91.93332688913462,99.53932247715309,102.51151831590738,114.2196483614748,88.1663717936106,133.62236845347675,106.80646826572413,149.73952554085233,144.49879986698832,149.21516174496108,152.55533266786983,168.02863280688095,170.50972949495457,109.1266349093225,118.49328964539397,91.03896821916015,105.04738130717327,113.38943014394442,139.5053355267556,129.2025148785081,136.54849610403934,104.77528515730293,127.06325776042146,138.5080401737393,111.25905099093507,140.77989450629926,132.16835366508857
00034382,265.5908463998875,264.01530895699767,250.77868432300647,242.7532682981163,237.34353405996046,232.12808969111668,224.36436820567536,259.3205132780961,252.5216323423075,236.0508988610959,236.09749805881924,224.1060875759747,224.3457545091502,219.9737105323112,212.36991481292347,209.4107328510424,201.1422474826102,216.47612525151396,202.45552901108047,203.96177619925072,193.0085738130425,190.34637865360096,183.68655744160935,177.13069975864897,174.07542051921175,167.09192146522315,145.21378159322634,124.26643193629697,111.62275846084948,109.84883404054621,100.15363684250967,84.07110616438771,86.03421985080617,79.83908262138516,63.66022290492704,65.33078844440983,53.07674786014073,42.19479198617002,31.123542609967757,18.255123164340755,9.98616120658025,0.0,7.3367038651411,14.931694867169467,20.02285750086864,14.90930152218053,23.541786427302547,26.57815052556824,25.12066209138022,33.443603891449676,31.212807799493728,33.61572545373686,46.586482075764636,54.206759636402396,63.17253838358048,72.96085802385447,63.168606157018566,79.39706154904222,73.00174061406331,71.02439075697629,75.3706587909681,86.26698397824714,82.43780750246961,88.44153242654706,102.02215004965258,108.7273244248935,112.02745957475828,123.9242979049139,131.6566152681888,140.9019977505816,156.79561135984937,193.93431240683933,189.4496636533918,187.64562688593554,175.53941192229522,172.01116702392778,165.2257482452624,164.08330980352565,153.08367784401858,136.71352517563923,110.17622838407517,97.34443898557792,97.23936364584536,90.94826472378085,72.99158724438317,86.10590908981999,67.41339437727567,69.89829910722099,60.957207110075515,58.502892973760844,45.218526125638704,26.160284956118254,23.661537113467443,39.485827773562406,44.967513514010484,57.24542735070998,68.78333910436919,94.83096784746697,106.27779626229086,108.3561513663672,120.28213985861592,93.05454118872241,139.60200359510904,111.73792910045141,146.8380609281877,140.60033270679213,144.1993854608095,148.13349054237955,162.7122004142031,165.0366070039202,110.96147511290637,120.97503332812502,89.67843951125003,105.68721049450261,110.89297666130861,140.24876723997446,127.06998284081224,133.30601239745783,109.02461481853071,132.0427403024885,143.7552065746944,114.57668915851073,145.14004199060437,135.36872028704724
00034390,272.2383105123534,270.7866917128722,257.5391326671586,249.6950260238563,244.21897285267505,238.92885227556337,231.3532373964785,265.9040663715172,259.13978195040784,242.6987303474545,243.23962459208803,231.2031856389993,231.5318049572285,227.25742293501986,219.55999443359775,216.73141466721404,208.40360573306077,223.08243331226782,209.2006820687195,210.21266927146857,199.5354110653673,196.63580822608841,190.47933342860824,183.46559634743576,180.63608889294122,173.341846519439,151.62911747553963,130.92761168622854,118.2515339992059,116.04042657381784,106.74342813529759,91.00694425646466,92.4018080403334,86.53754880881128,70.42955038660807,71.53247580846435,59.03209564016277,49.26998075429339,37.53747136928064,25.054002761754923,16.406710713672975,7.3367038651411,0.0,15.183037324197919,15.501928112058152,10.855802855343681,16.67024556989211,19.681436710564288,21.066482667620367,29.421501522793346,25.178927156838245,34.23331810943217,44.45200316737641,50.72849712734856,60.53596391562739,70.96448551122668,58.77538172979772,75.7712730899736,67.9879488275185,64.76666543738564,69.7801885681583,80.37252943823515,75.8037062681159,82.03801377348395,96.40174187765265,102.45607718573604,105.40746668939369,117.89696971366098,125.16811872789341,134.08655895274097,149.9000648501989,201.0816639499592,196.65592789530754,194.67836914651872,182.56641402505602,178.77462092175855,172.0662475980184,171.09597785495097,159.8981538715539,143.36100692636094,117.0466808200506,104.24821289414078,104.4971421988997,98.02376620627501,80.18709582746145,93.42612164982754,74.70668786306894,77.22426800523812,68.160457539165,65.79567758966166,52.53273025911189,33.482617992699296,29.356552053440666,43.353344057493494,46.280905686110685,58.63470796208034,68.20089524042916,92.81164487336025,107.36358746722452,108.61650770392662,120.68406469324441,92.59203657858326,139.86440802947376,111.20391472741072,141.0532398294396,134.36365139789697,137.5105473760603,141.6686997243341,155.90492966581027,158.17636088922612,108.0937565653519,118.51892117920859,84.88659335129795,102.0437518313756,105.38789113269598,136.54854877509985,121.71349310802378,127.37903386272168,107.95253084631845,131.46683526442615,143.3675495521626,112.7600882615677,144.0191722086623,133.38456689378415
00034391,274.947080800559,272.88138053756325,259.7079645039061,250.84647658587028,245.77833836882434,240.91270180348062,232.2308554923654,268.9154829262775,262.0016552175319,245.4446686441394,242.9263768705655,231.29216036573465,230.8240693049615,225.32416687198173,218.83579707935584,214.0185092392096,206.857874520011,226.0522106209496,211.52864929172276,214.65537028584123,202.9019067191229,200.9601967763826,192.60268094141838,187.6456937518874,183.89907455250048,177.8637878081441,155.5844101824022,133.91358230342541,121.45517402635723,120.9764573221895,110.19542282829835,92.85422633141884,96.86305755540768,89.68065260245642,73.45739952647887,76.80102009175079,65.24907926054043,51.09201492921466,42.91263205212155,29.895162719753465,13.903654984843417,14.931694867169467,15.183037324197919,0.0,30.51688611379296,8.76210729547191,28.93979597768361,23.275661604457994,13.989673141328247,21.15513270694125,23.740880515808296,19.15425019854803,31.92996800646068,40.449720146601535,48.66712705432835,58.14581144290235,50.36921397305732,65.539003813766,61.033482000672706,62.01688710260637,64.51138353363704,75.98054832058445,74.56226919913158,79.62024120517856,90.93388460164195,99.26569477888593,103.75072161997815,113.66333255006568,122.75341664325084,133.27645157733872,149.49118433560466,200.8099717089717,195.81693127633312,195.33378096855546,183.2959440025785,181.08186701246728,173.9828127594033,171.96103105511673,161.99694809165803,146.3541733233166,119.04706225104356,106.15499408408428,103.51274842441771,98.86747230317438,80.23215117612736,91.40131938385753,73.58523195887932,73.70721965141004,68.3554601225,61.75809857177396,49.40066700396633,31.90297276268441,20.1566214665594,29.55067643784501,31.102654804430387,43.45905307301074,53.91254100726508,79.99405953416301,92.26325248994743,93.8201488318751,105.82635308820953,78.23074673584969,125.08088839319798,96.90491754685034,135.87529074465178,130.83788255412043,135.99586440417536,139.06498995680167,154.9487497513337,157.51924679289252,96.4428013723777,106.25358605910098,77.16879053286348,91.73038127342093,99.4987253740486,126.26250510709094,115.29889105656002,122.73898632678396,94.10217112914458,117.20625477420862,128.9736087466165,99.68539936769872,130.2181505970213,120.50093744855438
00034396,273.56647265155584,272.75167673134615,259.472330725812,252.68642446042014,246.82085673240366,241.12106728222938,234.6899931623661,266.93795691284225,260.35231414664656,244.09253795354383,247.69735427013316,235.31716176486302,236.4150613080386,233.3158514083649,224.50993501507148,223.55140775652416,214.18263986801384,224.32795564280872,211.1786468401127,209.96049155612826,200.48883323713207,196.58729459047743,192.77488478066556,183.65682710791154,181.8199096944307,173.23813178441492,152.3259694045065,132.88472202859964,120.16948619497681,116.13982437873241,108.60950436318329,94.86717201149283,93.52313995681027,89.21728319319911,73.80825965050416,72.47740457903205,59.55153654421437,55.07157381946814,41.05937482698438,31.52603752529391,29.981277563128103,20.02285750086864,15.501928112058152,30.51688611379296,0.0,24.28462585873181,10.387302030403875,24.038742118869575,32.741239264409366,40.28981535843149,32.024318928158195,49.26623271326278,57.142608001873775,61.372793639946096,72.19547544066425,83.29398694210687,67.46311165233622,85.56467571024737,74.97938499153506,67.92969752571123,75.1206271707589,84.47465559546075,76.95852341580716,84.1367891560312,101.12065237892358,104.76958941652904,106.10843847903253,120.97148625476538,126.28559342218921,133.44264184069857,148.6588541872626,205.68811790980115,201.82918848400294,198.41829973671489,186.3096525199062,180.96146581526287,174.70064538740698,174.78788539625873,162.44884004305067,145.15875594268553,120.21458465595505,107.74308408509421,110.73352087328527,102.68891821396475,86.06974534789836,100.80235242447102,81.80372395667447,86.22695172065897,74.34397525217952,75.5475375012642,62.18479515081144,43.57336014494026,43.68176401413986,58.743038017105356,61.47621235265455,73.79517650117249,82.05081206940295,104.87706491859589,122.23375424424516,122.93731353445662,135.07856530040223,106.3761099312648,154.11035025430087,124.83494377176159,144.77848565549192,136.48410345646568,137.54141783570827,142.76006117697682,155.16123117930275,157.10536887182988,118.79891377605121,129.78652710391844,92.07344783831563,111.45569721979997,110.34122150306966,145.5808265228736,126.9334511578669,130.72425900075152,121.04999914385047,144.98636912399144,157.03776253668153,124.94875275439898,156.92029411692792,145.24625545060405
00034399,279.785729544117,278.0105638930272,264.7972269657523,256.39495530301406,251.14198349749125,246.07960261449153,237.89041609087815,273.60461326767364,266.7610784658764,250.2530572335442,249.0919373435795,237.28680724695002,237.14170139217305,232.1050547507516,225.1534322464557,221.070101291759,213.4849512983026,230.74195673269182,216.51820069947547,218.589264994541,207.38151684804038,204.94791539783282,197.6750821479457,191.6993190284596,188.4159586218828,181.72983104637353,159.72422659913693,138.50948488405461,125.92261209765263,124.55027915295604,114.51589914933061,97.89444755728145,100.6328485959577,94.0945970050282,77.85645973886604,80.0669039250078,67.92900484961811,55.88597152194015,45.83045925134474,32.7780969342697,19.123902593582734,14.90930152218053,10.855802855343681,8.76210729547191,24.28462585873181,0.0,20.826641909912066,14.83787273427198,10.37841481967292,18.772902493400416,17.02250284799109,25.35635761464212,33.6770867696922,39.95299796786486,49.68106938998353,60.16910867901417,48.39803861871749,65.06134679700146,58.09583093836484,56.655167700349416,60.536103077358305,71.55985032467785,68.56383875053037,74.19231832961738,87.17943472266606,94.28825790988897,98.04543242078036,109.26599510340287,117.44530316554038,127.25470451454629,143.3215236727565,206.9346686009785,202.16513329635526,201.06644296549075,188.98712485638643,186.05860240626257,179.1353486676826,177.5832113338886,167.05283622722555,150.96455748314008,124.08490554280912,111.20675778819839,109.79397679797015,104.37636789097797,86.01621444166723,98.0468093647235,79.81374257464505,80.81872087307245,74.01476882998065,68.98441070572684,56.217916841006165,37.83441265584429,28.393151167462033,38.09913762141221,37.687381821122244,49.87999408211824,57.909053609077134,81.99744383932801,98.00806057465589,98.67412165303845,110.8055607553962,82.28276237318875,129.86874399684618,100.82668077642663,132.03848336040548,126.09689134269372,130.2898268735039,133.87455302967282,149.01983468460338,151.46424621046248,97.25139780381964,107.66384027226002,74.80764255287019,91.35362539914115,96.01673589528878,125.8878972330342,112.16809878137093,118.58042734038895,97.36208065609229,121.04701439982858,133.02157803784164,101.96982462944037,133.38588860607925,122.56275016951001
00034411,283.3997543381015,282.4411715626543,269.1653358821494,262.1025362119748,256.3412919872042,250.74466050730527,243.9990032040648,276.8302646860264,270.20622611569684,253.902833715625,256.65249469117543,244.38300016158357,245.2142452632472,241.65222358108,233.27894036667783,231.54727058116262,222.624949121896,234.1626715961336,220.8417852538597,220.06219809670006,210.37334426438176,206.65182536598383,202.34912413648175,193.67530118317717,191.64678697162907,183.3004230528708,162.23115915532802,142.49131738992327,129.76794537659313,126.11928515499233,118.20092135705642,103.85569468975264,103.2570115792229,98.54688109960601,82.87215630850783,82.18526716573834,69.29056620796777,63.142684890440634,49.78715064587822,38.91377198388417,33.06845417875725,23.541786427302547,16.67024556989211,28.93979597768361,10.387302030403875,20.826641909912066,0.0,15.001837268428979,26.631062290152517,33.074263617222016,23.24277555965756,45.97001301795158,50.64487823661857,53.35380544412721,64.63689535997314,76.08798239800498,58.41053448649262,76.8183281701078,65.28853183316274,57.60201196938121,65.0511594279162,74.19893383213667,66.58312847580939,73.74983809178886,90.88700486669302,94.38235157248651,95.78061117282927,110.59459480976585,115.94065009589075,123.28788017811901,138.61378112795114,214.57036225150074,210.50199286005014,207.58493229207897,195.46708223599865,190.5556100892854,184.17359250488866,183.9526261221959,171.93420329778337,154.81811191651212,129.47433979457057,116.87986859018335,118.8718226815101,111.42368439733987,94.28742229546592,108.39936806103975,89.47425026228753,92.92638192266311,82.3871085184682,81.76530261257281,68.40553596530432,49.38082975272413,45.87242379163972,58.450858264102514,58.29756686981108,70.33130541554057,76.28990957829342,97.30718164395068,117.72101498679862,117.49300361398309,129.69135125204892,100.3363918045388,148.44769506763006,118.52760795331925,134.4225731355989,126.10070952609885,127.30062673403096,132.42362590316128,145.03772069996361,147.03673034453837,110.3223130592507,121.5841519098209,82.34652719667034,102.4014405543362,100.12399776216115,136.28270825841747,116.73179753789961,120.3544665236148,114.2285324103181,138.4847705351867,150.66133714500856,117.36865695909556,149.79880342638208,137.36859659142252
00034423,291.91434203062437,290.46546533249676,277.2189016081545,269.3150069441261,263.8721461301427,258.603095674106,250.9392265443752,285.56774053566977,278.8111345296861,262.37516196223345,262.6281011837522,250.66792267083522,250.8251802248887,246.18857505242292,238.84424004685494,235.36590058735945,227.45159783895824,242.75223320609138,228.88129702482567,229.73061679391725,219.18577105369766,216.1792222069031,210.15437442346573,203.0363795666859,200.29708097571475,192.86679397744385,171.24347274098943,150.60744963127183,137.92869947118476,135.55207075250982,126.4158826473117,110.62542075549979,112.01336932153232,106.2188328487763,90.10327978973535,91.08611003632899,78.47597633127074,68.77247977988924,57.202544479441656,44.699235903482304,33.332378150656396,26.57815052556824,19.681436710564288,23.275661604457994,24.038742118869575,14.83787273427198,15.001837268428979,0.0,14.366894202999935,18.866152010441027,8.241890171088851,35.65897422410816,36.619100786151776,38.421690916182236,49.833313148799576,61.40570855003055,43.535389113939374,61.85171138711009,50.99175472525265,45.4965970997446,51.564423410509804,61.544796250416404,56.161761320233275,62.556253089164,77.92981707756374,83.07395349325898,85.76070948781039,98.76959020934072,105.58582671449675,114.40873201716497,130.2470637232499,220.46228541095337,215.899409097219,214.22366744108604,202.11756235134686,198.45348959858356,191.7299503393773,190.66083983243573,179.56827771414558,163.0393054119509,136.69814448818758,123.88459447627714,123.59761844575023,117.52256760082119,99.48844486655493,112.159114276092,93.67320912717221,95.27280250964469,87.45130311271157,83.5260425046886,70.58046795822294,51.846891510986346,43.21749422761597,51.405861854122165,47.54039129898367,58.90713536987022,62.55089141397756,82.44009485299631,104.75442875174912,103.7717599734975,115.97354065829991,86.25320865700456,134.49122565253114,104.22042795282427,122.20605618948079,114.98366932558456,117.83767807774696,122.0961651099923,136.22638173195799,138.50982502913425,95.3253940933794,106.5855942016378,68.08954415077322,87.54829192180964,87.06502292633799,121.57754855011076,103.57366751341965,108.3636011194636,99.6472932341691,124.032770435289,136.26186904994645,102.4820984024575,135.04721973678843,122.40510090720849
00035412,288.75533349167034,286.7677628169598,273.5839059576573,264.8083583294518,259.7116470642427,254.805687707718,246.20458995095538,282.67553809132517,275.7841965538872,259.24119841964733,256.9097987052,245.2817868540127,244.79368960244562,239.19276345493807,232.80599130553983,227.78109783566472,220.7727565578053,239.8082410047918,225.37453053881913,228.09745402928306,216.5791089312995,214.42574235246582,206.46813459787748,201.1395840566588,197.58709159945244,191.26527321536108,169.10970246046762,147.61798993125305,135.10603802645315,134.2047439120862,123.78086454264904,106.68406556271833,110.18015276660589,103.29093720347963,87.04530478647084,89.81634292093072,77.8739466271741,64.7959492906353,55.63487135324377,42.5203189681291,27.505993798663575,25.12066209138022,21.066482667620367,13.989673141328247,32.741239264409366,10.37841481967292,26.631062290152517,14.366894202999935,0.0,8.394901377512479,10.878590440075675,21.38066224815036,24.41030752878607,29.666078710752878,39.7610099674933,50.615828435492524,38.05948412202186,54.717064023760955,47.99395897342503,48.031351606866934,50.893065834032676,62.20322036031195,60.604324328969255,65.6358759749195,77.45744614685692,85.35114287976546,89.76121390966962,99.92438967506101,108.7898988931436,119.30245514463913,135.53426887120494,214.7966358864919,209.78467813342948,209.31264233235154,197.27055925212056,194.92020597137645,187.8654718551083,185.92757738481586,175.85345839676555,160.06778489881802,132.88790652403276,119.99466887381388,117.49564845822596,112.80625366612347,94.20288667264244,105.33837667586579,87.57397121024547,87.5152092700225,82.3052868972342,75.53430873145122,63.33526202370473,45.85294374763926,33.42853211326187,38.13970371057624,33.1737693008395,44.6112810460746,49.71728732982728,72.31500513590491,91.1711653266971,90.88386744498702,103.07806982389863,73.88703803801934,121.8932348387481,92.22915848165607,122.38736846030763,116.99471343865854,122.00626910455168,125.12191533300556,140.96475331093012,143.54593727182757,87.10228660849594,97.68169425422734,64.57371358108978,81.00118550468378,86.17510215575795,115.52581139651979,102.1952971674859,109.09842527334928,88.31376688620932,112.32032409774182,124.4186757909983,92.35865350125981,124.184075025338,112.8098867217889
00035426,296.0232660841682,293.8701103861188,280.7129729543798,271.6497043133403,266.6763534067932,261.8936023108588,252.97659393856964,290.0241198109544,283.0970805037173,266.5312528120762,263.29160566335423,251.80697412419664,251.05328808125844,245.01827036528775,239.07336934689937,233.32333571606478,226.76698018822864,247.16475101902833,232.57421866709774,235.79892936886134,224.0445881842936,222.1073106950246,213.6278373232474,208.79632838673274,205.03964830674667,198.99790702090152,176.73753280963405,155.05229143035544,142.6058907264182,142.05066100524783,131.3505505081453,113.93541201673398,117.96563213687939,110.83564083049208,94.61212957482513,97.76325770349642,85.9654359822946,72.24186414672909,63.668911886584816,50.55698849974962,35.032772956946566,33.443603891449676,29.421501522793346,21.15513270694125,40.28981535843149,18.772902493400416,33.074263617222016,18.866152010441027,8.394901377512479,0.0,11.81643890306186,21.441090153119614,17.75395406557114,21.38702982515692,31.905663066820836,43.11279430765258,29.7322847029126,46.350123267338454,39.96149878107211,41.7242021017968,43.396042836733706,54.96379427460074,54.84695494721628,59.21842244186936,69.77905612310612,78.44820635510172,83.48029095707572,92.58577735613703,102.09327889377248,113.23688479813504,129.58176263295604,221.23755289692164,216.04307024023512,216.0521165703211,204.04658182465081,202.1382326827351,194.987653331967,192.75832436530627,183.03683268039723,167.48914616947255,140.11129933582635,127.22366049742789,123.94187533374841,119.78917618974353,101.05787087470466,111.5214112812422,94.15399313594357,93.34796825978671,89.27166851018944,81.3393863457518,69.62361689564857,52.88597458364282,38.99826391432276,40.07823489702375,31.50122251350764,41.66563986898712,43.691445036956,64.59397074965659,86.0681834900906,84.9063020243273,97.10772425226675,67.42508794861585,115.6437622470015,85.49411904590588,114.7201593294999,109.85814905620416,115.62788495235105,118.30123853919562,134.75860315488646,137.4591897649202,78.90998382115914,89.6388693885191,56.35820563549137,72.62416429369478,78.35793301208386,107.1401618481532,94.22866162363889,101.60868734878001,81.16584415849384,105.4141562189004,117.60176694036572,84.66920280609916,116.8288030758947,104.96658477760741
00035433,296.6857892987388,294.97709974977187,281.7571746082897,273.41333831928154,268.1452653447909,263.05539348307417,254.91268894275575,290.4624400666193,283.6408046064176,267.14888880443175,266.07387462259356,254.2930488542618,254.09043296354454,248.88450435920933,242.10136762142045,237.69238140888154,230.3315875458468,247.6074349148395,233.4631325358712,235.16563503652534,224.18544582998243,221.55571335062868,214.6394217463802,208.34324505036668,205.23869701468527,198.29441003358184,176.42332554739386,155.37840181491268,142.76169233638498,141.03211976940563,131.31827366035344,114.87962410185531,117.24661616598134,110.94838490867961,94.72946480473205,96.50761403287595,84.12765573638497,72.871118112871,62.33071089560175,49.43131206060652,36.0851830378485,31.212807799493728,25.178927156838245,23.740880515808296,32.024318928158195,17.02250284799109,23.24277555965756,8.241890171088851,10.878590440075675,11.81643890306186,0.0,31.491211956138933,29.248038402393284,30.226870336644303,41.728000563147205,53.375707238650946,35.4391996843641,53.65296168972345,43.40497199614814,39.81628782222683,44.659007370840435,55.20033729601977,51.54334528023438,57.27836275745224,71.24815100795918,77.51550666209228,81.04481995205735,92.77452852072928,100.52285241434514,110.23344039982797,126.31294617735085,223.9213443071199,219.1033897465548,218.08843697234636,206.0095586907798,203.00598954035905,196.11624687211636,194.60543224935037,184.0194433189027,167.83132782534645,141.05952448063388,128.18810674144413,126.73407414313752,121.39831022724658,103.02836514119903,114.86297325893818,96.75392306848951,97.37624530992083,91.0323972763244,85.45482240688088,72.92380049568378,54.784821639337366,43.77103215441651,48.9286435795068,42.60132492799681,53.269398445073136,55.20619794813779,74.27177757305637,97.79091083712395,96.32519319163808,108.51186817759823,78.5986907086638,126.86298573203442,96.39752960982166,115.87474996466054,109.38828601889935,113.2813132410552,116.97826160440032,131.99733184383487,134.4457667253192,87.093241372027,98.34375612478729,60.47224793622434,79.43959363826754,80.27103866268946,113.56821265799016,96.66031706234396,102.22108457487435,91.65314174322792,116.10662920351324,128.36232012397795,94.29824575307113,126.93754810423385,114.17748347406084
00035459,282.32268231415856,279.54738041225636,266.51491742960565,256.49131564133165,251.93212021803345,247.59014528362803,237.6451995403001,276.66439500603065,269.6052744324492,252.98653370010024,246.84025436375325,235.76147737634662,234.3207963477326,227.32399114760432,222.38719174998587,215.1005265765261,209.47253221293437,233.94859325874398,218.77201671808896,224.2700096679458,211.3857894732292,210.52383187739375,199.7416129112381,197.13918615128452,192.4024323851679,187.80326933394375,165.10755757728214,142.6446150313563,130.61985510903335,131.96982902882056,119.83489115511587,101.20787128715025,107.83264858136452,99.50106064463645,83.73893573763407,89.10726785265919,78.80887092969695,61.53748861282341,57.056057720336,45.04434451887476,28.81444045975037,33.61572545373686,34.23331810943217,19.15425019854803,49.26623271326278,25.35635761464212,45.97001301795158,35.65897422410816,21.38066224815036,21.441090153119614,31.491211956138933,0.0,18.84837268403599,30.40803923342346,34.72631252977312,42.03964639386203,42.176112286232595,53.267430687956534,54.04274924861709,60.792342958184506,59.66606995708684,71.5969971980096,74.39957994211966,77.66232770536654,84.41513362083498,95.48771487745756,101.81645238345702,108.11322713344069,119.35717559314368,131.7191207670268,148.1741339431173,205.04449088683995,199.39617171904388,200.72875667693614,188.88033419034227,188.52542979698774,181.04128958837794,177.81318264307504,169.3844703354688,154.92667468437998,126.93743845160495,114.21646048052803,108.31812477362546,105.93356081558531,87.05061193389376,95.33001969729013,79.38214162434164,76.56487053449212,75.93002875985675,64.74154857977817,54.695648602237355,41.62150461217687,24.594754764030316,19.034013510209533,12.337941423987784,24.551924419132803,35.55281408172286,63.38208496576094,73.13245474740577,74.75670807207612,86.72138317563443,59.599871003559635,106.01141441087572,78.28148708926834,128.65568185728247,125.84748665380103,133.49306369494673,135.11732564924398,152.86086010494654,155.77569511976418,81.20854032762749,90.07444153629314,68.08266393585073,78.45039529563601,92.1277905497249,112.47587452413018,106.82949183434306,116.45653461620311,75.99564333996719,98.57890859445328,110.2038642161894,82.51075017447418,112.04238963372022,103.4300733342335
00035473,301.17100768521794,298.38385638708814,285.35670508937426,275.2694844130077,270.747686001436,266.429618694581,256.40802239618154,295.50772974764266,288.45122805196354,271.8328565297987,265.40381059955354,254.41567673772184,252.81928149151022,245.50377543961224,240.90437282803015,233.04858473767348,227.81604830596376,252.78432776697184,237.62023601490827,242.9512830183682,230.1849576716342,229.20723137099515,218.58993778026533,215.82675020136247,211.19502239644785,206.41801546422994,183.773475473978,161.39313611957766,149.30691645832786,150.31444704385683,138.43867279544386,119.95322889158481,126.14003581600508,118.03710829301667,102.1381589937986,106.9604376435621,96.11701989627099,79.78407766718104,73.95139297411147,61.27414413697935,44.76626346143253,46.586482075764636,44.45200316737641,31.92996800646068,57.142608001873775,33.6770867696922,50.64487823661857,36.619100786151776,24.41030752878607,17.75395406557114,29.248038402393284,18.84837268403599,0.0,11.935023909431706,16.814195779931573,26.517377527134197,23.870964564392743,34.70184108382364,35.8335791285094,45.381295617727176,42.20644769252731,54.04913841611956,59.095208551542214,61.18260059575276,65.96676903815059,77.84769704284741,84.92338193969606,89.78564779262074,101.67182753525569,114.72618108548731,131.18964990209173,223.6837958661612,217.93736251238485,219.50289718675612,207.67422730937258,207.36967876837767,199.88960421930466,196.6285422569626,188.22785941569617,173.6982353871886,145.74560361713864,133.00298463679144,127.1095742351396,124.76980539307222,105.88358754927238,114.0682029798103,98.23051290933873,95.2442984052779,94.7010162597281,83.48542318866915,73.5381003846628,59.8039776613615,43.18688835366393,36.05722675019881,21.451951034311428,27.659993910408357,25.970117715587556,48.38407833531392,68.62617887987506,67.15897995132858,79.3587189935752,49.710275774942346,97.9013521617319,67.90044871059892,109.93136124256147,107.6001802519878,116.07605362186914,117.15413496151903,135.51679012467014,138.56394454888158,64.52279591656888,74.38862656242243,49.26747119913085,60.41114508509515,73.46028433203645,94.78094521018559,88.00472112099915,97.92068872802528,63.90739716404451,87.93657461852371,100.0654806108969,68.3081929529093,99.82043741528153,88.96331422034022
00035484,312.51151050335903,309.8506887376994,296.79523088008557,286.88301283877666,282.28641593346805,277.88302034398964,268.04474130505605,306.7727049713737,299.74317383340934,283.13108490192104,277.20519298014045,266.1609961472284,264.6502590238947,257.4154289579263,252.727127759824,244.98055841485626,239.695928580034,264.0032153130833,248.9604331839165,253.75666088846523,241.26573139870456,240.02126060031517,229.93874982230028,226.65369526314518,222.26127736960842,217.12008667103098,194.57555024200866,172.37003983225472,160.17004993712857,160.68126593107473,149.17319655584697,130.95494984092585,136.4999573345714,128.7000973859361,112.6591131708391,116.89409313134927,105.61464367940505,90.21479341471175,83.2969489815067,70.33479411939493,54.061004027912304,54.206759636402396,50.72849712734856,40.449720146601535,61.372793639946096,39.95299796786486,53.35380544412721,38.421690916182236,29.666078710752878,21.38702982515692,30.226870336644303,30.40803923342346,11.935023909431706,0.0,11.836636193172605,23.673092772666795,11.935945352789295,25.19108006419114,23.898569339768642,34.723290057042824,30.439124463880642,42.20988922962097,48.27123047398842,49.729141278815156,54.08688630933876,65.95727971876418,73.2265212341688,77.87699900091032,89.76361970637751,102.96295154378014,119.41756797756554,235.43927932399313,229.74853350302547,231.1238826828777,219.26259143846534,218.65447100908636,211.24043110897944,208.1715281817943,199.50908877614074,184.72234862860378,156.88398569391438,144.08797950748726,138.70726653213404,136.0278422823478,117.13826264356301,125.73767847842521,109.61973062163133,106.96588117097045,105.78747896883236,95.14938402027886,84.87451953757969,70.29737114630407,54.203172032105506,47.991988262223785,33.06912800173515,37.40720702871498,29.427256727532313,44.05542554538479,72.07786326214506,68.57808616271659,80.56554935658166,50.224738320812044,98.16761467352094,67.15677730917938,98.25412898041114,95.67973110293691,104.2091682493458,105.21981211759437,123.65761483595861,126.73209222969214,57.54122848635301,68.41409194533213,37.82330720106676,51.48155775936188,61.7197552410368,86.04245471323684,76.5529157793115,86.08638973201704,61.84080534273778,86.44413721152891,98.75572509115833,64.07160458961611,96.79304048857293,84.02371562477808
00035486,316.34048149072123,313.28585840559145,300.32962716555113,289.7922218675289,285.4855468678763,281.37902448764953,270.87010327864135,310.8186555257468,303.71712934332834,287.09509301818076,279.186082408859,268.4760960586886,266.4400963111541,258.41562623059644,254.58575495763412,245.53384962882487,241.09901573972806,268.1934733123456,252.82353138190325,258.9050091052599,245.8148819949239,245.15836740162948,233.7901493768496,231.77137488858372,226.85679685220617,222.4909185838675,199.76417787911245,177.21080521097295,165.26561489552117,166.68300622819177,154.5360554616692,135.79771652787892,142.5341434002223,134.22323315533316,118.45740073483407,123.58143297747067,112.8683680810757,96.20529200842765,90.7401159284357,78.08754793184706,61.577190157501086,63.17253838358048,60.53596391562739,48.66712705432835,72.19547544066425,49.68106938998353,64.63689535997314,49.833313148799576,39.7610099674933,31.905663066820836,41.728000563147205,34.72631252977312,16.814195779931573,11.836636193172605,0.0,11.836456596883847,16.815494467804513,18.834634586192333,26.682953075212673,42.039972875644125,34.75512718589549,45.43281459838333,54.788228108131406,54.5843174210535,54.120077894064444,68.0887168311321,76.63074723951955,77.92509628772285,91.36674461004068,105.71198567948585,122.01211176116443,237.7262261398214,231.7084882607881,234.04400633155657,222.323667435515,222.6967989538883,215.10153363520752,211.41370498015704,203.5781748073207,189.44535225274572,161.37075486280435,148.72060681279154,141.85807263024552,140.2472665177595,121.4097096456995,128.63313865935635,113.54442633643903,109.69558416865546,110.49771620668938,98.19311409641924,89.04848164476743,76.24502645002703,59.321018891599195,49.50289080010117,33.011690915921804,33.210668417379225,19.834217523968288,32.70624027722089,61.21393140341434,57.04526406705051,68.94271988098527,38.592836731207875,86.37814433844706,55.325299493487925,96.35393662932609,95.78472536555098,106.18863814140977,106.01101679263921,125.59673897939373,128.8835360878466,47.79602031474498,57.982989967125384,35.78229392857701,43.77463799604128,60.51467415641796,78.02512991582738,73.83935908217056,85.25262226335582,50.049854768436326,74.62940936473774,86.93554223165775,52.78360886645762,85.21594717811189,73.07619874325718
00035487,320.5601120371944,317.1249610310528,304.2827917356604,293.1499166443279,289.1332848213239,285.32267523038985,274.1768590538633,315.25643817489083,308.0939345621057,291.48526110224844,281.6499767348743,271.28741873325237,268.73891626658883,259.95057250712284,256.97577490453335,246.65365511119623,243.0701438859636,272.83236746141154,257.1729468938099,264.4823458347201,250.83963658743897,250.74851123498377,238.16720997010194,237.36856961770738,231.9649454815496,228.34863703934698,205.50343501162448,182.69044554827232,171.0289918530866,173.2856017391334,160.59289411136837,141.46662514519775,149.26382039570652,140.52761392804288,125.1089062026741,130.99814293734835,120.84746221310789,103.2097401510314,99.04150110518925,86.7665468406789,70.29239113601088,72.96085802385447,70.96448551122668,58.14581144290235,83.29398694210687,60.16910867901417,76.08798239800498,61.40570855003055,50.615828435492524,43.11279430765258,53.375707238650946,42.03964639386203,26.517377527134197,23.673092772666795,11.836456596883847,0.0,26.519426528575067,18.84512257803851,33.66103266969012,51.0809443410159,42.066053596591345,51.25313261450285,62.87814465957936,61.369304523915766,56.682250012852194,72.1256150362675,81.6256519125807,79.75061549107394,94.43844681400931,109.67706753391916,125.67324616466766,240.5735458002917,234.24994648903888,237.5178323254347,225.96313926861978,227.2834200714872,219.53276478382796,215.25785244313073,208.24050361222334,194.77321288857203,166.57842869908524,154.12408183098034,145.90293587886208,145.30991535007,126.6461648499779,132.5253777096691,118.5250591100256,113.59818744009398,116.2261165507876,102.5202293242077,94.52844696192246,83.45636852382717,66.1822260740307,53.64659976097492,36.961099153474834,32.96587358809488,14.178018910639931,21.880449897902498,50.786337823841265,45.66806738888933,57.40728024206725,27.138463049814344,74.60369104765608,43.49677058234294,95.88885994618836,97.34061281242485,109.4207024752268,108.10113984071484,128.60131039861778,132.0656411301859,39.21990770668698,48.20628368197297,37.55549621159457,38.2409315099954,61.603903909862574,71.08356009467624,72.9691518953575,86.05530269918191,38.28740180648818,62.823179681924415,75.12077925027457,41.800783616060265,73.72173664589027,62.45448376948048
00035498,323.8911896475956,321.3485684090294,308.2682473063776,298.5195436061802,293.8540892210151,289.3722711022563,279.7043741376592,318.0827383119806,311.07942325004564,294.4758805096733,289.01635723355,277.9208892795032,276.4892395652278,269.32918824957346,264.55895839771534,256.91341284834755,251.58060202303622,275.27841286103387,260.3503234927018,264.6539899530715,252.4200682678295,250.93185114827494,241.340691228244,237.5817966438703,233.40880842566182,227.93931017016405,205.49799399287073,183.46214391248404,171.17124626226723,171.2465126426319,160.072784236093,142.10312795383896,147.09298912448216,139.5640951515663,123.43227566644927,127.16587384362788,115.55806700399512,100.97396950356689,93.22837071785301,80.14475472388673,64.22800763495604,63.168606157018566,58.77538172979772,50.36921397305732,67.46311165233622,48.39803861871749,58.41053448649262,43.535389113939374,38.05948412202186,29.7322847029126,35.4391996843641,42.176112286232595,23.870964564392743,11.935945352789295,16.815494467804513,26.519426528575067,0.0,18.718259553875562,11.962628701877428,25.22449370580201,18.877877014034755,30.441659872937073,38.106955831313705,38.56196820035099,42.239237538947314,54.08389757816529,61.616374977577365,65.9782366594007,77.86148525435375,91.24044385028994,107.67760442813767,247.21046717579225,241.57079041878777,242.7730661099046,230.88385519039258,230.00127202066585,222.64896736629672,219.75378446271534,210.85869198421568,195.84888028509272,168.12775545016393,155.29493963946757,150.3555350270024,147.3889237270695,128.51231576794117,137.45092400331058,121.11115274567139,118.72850334477788,117.03709356453179,106.87146809462527,96.35266373561673,81.18514287611072,65.53859850818293,59.9276992639764,44.856457435636344,48.15648206687487,36.64958964688489,42.74240601521035,77.25188580400203,71.98977050793496,83.49324906286664,53.48222286908608,99.88464913854041,68.53116238773012,86.65000698810725,83.7634201048641,92.35703798892119,93.28456468809783,111.81172637766473,114.91841236687927,52.39396635242344,64.14055220912374,26.816682316842083,44.0130295573027,50.0740129756811,78.1653549498427,65.2789223114318,74.28582840710915,62.05774795225361,86.60152546298191,98.89460550088297,61.89553591884868,95.19131100982756,80.57734370250033
00035509,335.1679532823045,332.1201517151999,319.16416474959965,308.6042140412727,304.31462270173665,300.21364621423055,289.67665537488824,329.6328154570623,322.53610740326684,305.91398678877664,297.87248828522723,287.2223418369474,285.0900967115303,276.859421397121,273.2533720752533,263.8330808765096,259.66501204317643,286.9923061123037,271.64687510151543,277.53742234910044,264.56550507770095,263.79121765282713,252.61306364715716,250.406448679043,245.59724022659674,241.05703858342392,218.3739085946906,195.89449842959368,183.8872829655327,185.01625487860485,173.08124985122794,154.4637464687265,160.84132230648956,152.7079173546469,136.83599431773885,141.57517622488038,130.52841233761424,114.48540420557303,108.25487503055379,95.3713972371111,78.98858495676292,79.39706154904222,75.7712730899736,65.539003813766,85.56467571024737,65.06134679700146,76.8183281701078,61.85171138711009,54.717064023760955,46.350123267338454,53.65296168972345,53.267430687956534,34.70184108382364,25.19108006419114,18.834634586192333,18.84512257803851,18.718259553875562,0.0,18.76017134674348,37.493056145009305,26.554370378306007,33.6914332367898,47.25188521558795,44.34046857945447,37.83714475842588,53.42343928070311,63.184265613609284,61.00913673468416,75.59344415007668,90.89177233180159,106.84516398640103,256.4739047501093,250.4023944819452,252.86105790429377,241.1497488311272,241.50532613239025,233.92256922364416,230.24657349240408,222.38220612876088,208.15573444598857,180.11391500462898,167.43443330881172,160.69205053032493,159.02130716681305,140.16877197347029,147.4618858679231,132.34081595952202,128.52135181071264,129.17440460748185,117.02774867726595,107.79813912060456,94.50542292536387,77.80885921251377,68.30314476419535,51.72298509287331,50.43878253405557,32.91441524651883,25.972634825795296,66.2744564199124,58.82018572287582,69.39372506678046,41.11405209312517,84.22912439158081,53.17126070530372,78.0709851243757,78.68644676666769,90.57642843639002,89.34568642748165,109.76015014495093,113.2207672309845,33.68310049968148,45.44583685737207,18.712938054134668,26.2990725212195,42.994302615548236,60.85522200623045,55.34647859999967,67.61489537892254,45.79298410311657,69.7882066495706,81.93356427638756,43.899970540220195,77.19463884419226,61.981069071811426
00035512,335.33080663747086,332.8992608665478,319.79698433753714,310.20175354034427,305.4725527826585,300.91825130804114,291.4094918206994,329.4578072561456,322.479978154901,305.886765575164,300.8617599712504,289.7190967604134,288.36090583826814,281.2706024055929,276.4243601111607,268.87289090849083,263.4951890910587,286.62786161084455,271.8084803624954,275.6562395817912,263.6630131053276,261.9508571557422,252.81343670383825,248.62168983330332,244.65089988146207,238.8835549158333,216.5466181705427,194.67414321746858,182.30976754556224,181.99910477493268,171.1300072155866,153.39043905267528,157.89584328442922,150.60973641936624,134.42107581065073,137.72333152516035,125.8644074306973,111.99116517154714,103.60026943894364,90.48361469241155,74.93685671096861,73.00174061406331,67.9879488275185,61.033482000672706,74.97938499153506,58.09583093836484,65.28853183316274,50.99175472525265,47.99395897342503,39.96149878107211,43.40497199614814,54.04274924861709,35.8335791285094,23.898569339768642,26.682953075212673,33.66103266969012,11.962628701877428,18.76017134674348,0.0,18.733013004159854,8.405051074233764,18.85506913647904,29.281770069497444,28.00509518480469,30.437292565053134,42.217225404072856,50.12937821925096,54.070905379740246,65.94358537567415,79.55200488144625,95.95672965898152,259.02077395189434,253.42823788010298,254.47190311119604,242.55857600758304,241.42611179425668,234.13167485085074,231.39463889373425,222.2910009408098,207.0857431339158,179.48180273168936,166.6239216649287,162.06892075587692,158.85589823892957,140.00169149844731,149.22321686201866,132.70348893561285,130.54678293355934,128.4318719947394,118.66013119933672,107.95267657572705,92.3524764408116,77.07784416182739,71.8900930471159,56.734123181282484,59.39101755233033,45.91465088963017,44.71985259665565,83.84582042272213,77.14323498495244,87.98172829779708,59.04494938362206,102.98832684861206,71.91197331671721,75.12867321734872,71.82809692137052,80.50110955877354,81.32265385946353,99.95869861048114,103.10408270839002,49.65248614483087,61.91937597130503,17.097818019287036,38.850344782155936,38.585381574283865,71.42261311686214,54.2709889531913,62.51338661970963,64.54336332215624,88.40590659803118,100.48138416579556,62.00059935566963,95.0890887517777,78.81888051942526
00035521,336.44089055012415,334.6289942393351,321.42445673988277,312.816598618956,307.6707517647392,302.6850898503656,294.2288947536275,330.2500221484653,323.41362071326506,306.9080064963072,304.8760947500904,293.2948888120493,292.69776207584886,286.74169703970637,280.71374436198033,275.0010126834911,268.4823866397545,287.38994036115423,273.16055613247386,274.9466923805605,263.99403851403787,261.3488778556674,254.30027800476697,248.14737388344196,245.0412565840691,238.07439667527672,216.23796616940422,195.1571150478686,182.55592097077295,180.7895529093591,171.1247623819854,154.50237988577516,157.05159240773892,150.73382971827107,134.50271987145723,136.26851273781932,123.79768872898143,112.50954718823958,102.13070588802682,89.24717155626487,75.36922255774631,71.02439075697629,64.76666543738564,62.01688710260637,67.92969752571123,56.655167700349416,57.60201196938121,45.4965970997446,48.031351606866934,41.7242021017968,39.81628782222683,60.792342958184506,45.381295617727176,34.723290057042824,42.039972875644125,51.0809443410159,25.22449370580201,37.493056145009305,18.733013004159854,0.0,11.839316828732372,16.803350723038395,13.731578802588407,17.605178978285377,33.618629245791844,37.706965591984094,41.78561989261728,53.2829134358696,60.81844152728218,71.51315540059778,87.87031759781077,262.7833506876752,257.6855211973086,257.34190403253433,245.29627084735495,242.7003156814376,235.7369446820533,233.9443215735382,223.6774876099621,207.61172454564456,180.70400048008946,167.81798484167567,165.47191985448154,160.79166498287697,142.22762973679824,153.17584236712077,135.58265697064667,135.0688992478589,130.31096153188147,123.06023379013168,111.2131767434145,93.8697667721475,80.71702535948076,79.74528727178051,66.7362691884665,72.12569696766015,61.87407488177384,63.449346958019916,101.79060962313265,95.59407170802588,106.59311106295529,77.32492167317953,121.7212155184847,90.63034299866713,76.88487133038794,69.60228003794437,73.99794795870147,77.22354992111079,93.05375736932216,95.7355582092656,67.08780157209627,79.41927150355369,30.65802204806964,55.070510902337936,42.890503894197145,84.91133296227171,59.502435389275945,62.92487282098324,83.2728678487832,107.05493724886996,119.07974955911907,80.39390215692556,113.25964058942392,96.37478326803708
00035522,339.41795221754904,337.22596448378533,324.07921344679056,314.8564045363662,309.9675535990387,305.2461567927089,296.1326091875858,333.41789495514183,326.4930037092827,309.9271832292076,306.02894319219604,294.72165656223916,293.6387787807801,286.9449416631102,281.67955384742226,274.7665157286152,268.99196323247855,290.5571142996331,275.961188549471,278.9877368193611,267.4083248652858,265.3182767745825,257.0071324557927,252.03248643564046,248.40750463864933,242.15046078320592,219.99949596118537,198.42360918391597,185.94985506899224,185.04497942960452,174.6537852209721,157.33144773757215,161.05676809820253,154.15201199287458,137.91239906447177,140.59146105152035,128.4460653219758,115.59537650445111,106.35914505304902,93.27920641101765,78.31985888211048,75.3706587909681,69.7801885681583,64.51138353363704,75.1206271707589,60.536103077358305,65.0511594279162,51.564423410509804,50.893065834032676,43.396042836733706,44.659007370840435,59.66606995708684,42.20644769252731,30.439124463880642,34.75512718589549,42.066053596591345,18.877877014034755,26.554370378306007,8.405051074233764,11.839316828732372,0.0,11.93099795004501,20.922170175712914,19.8383154231939,26.6522988742949,35.82192809301627,42.79563987177623,49.2062788721137,59.69169552550393,72.53122855864129,88.99065406137626,264.07586533741124,258.65950225494004,259.19416121508317,247.22350541813253,245.52931327281934,238.35831115523908,235.9807175267068,226.42326348324187,210.8652682370255,183.50546439070814,170.6187231584397,166.902054776527,163.12755920967436,144.3507927355136,154.23922536183952,137.28627868380713,135.73500026521606,132.62080782787586,123.77534561349022,112.61194371644521,96.27505232302715,81.73736229681971,78.04520443342524,63.507021940585055,66.99934191751456,54.198784721795754,52.290618097091084,92.17194846735886,85.26956523783683,95.94677716561584,67.28390684057644,110.54957054752377,79.65695306259849,71.51710953084921,66.61754418190844,73.92535673510807,75.51957337830612,93.34693276144583,96.3657396106365,55.248652087653575,67.58007484819204,19.172441005878614,43.31733471187028,35.612923080170916,73.96151153325606,52.03277052081599,58.2302263322254,72.07704659418091,95.59088679142735,107.54029803031453,68.72533283872191,101.48586146527488,84.53555076531183
00035542,350.9259191104484,348.8295449117116,335.66756867774114,326.5754598432953,321.63492824033733,316.85439683925927,307.874444264959,344.8721596829313,337.9714186583732,321.4200548858756,317.88090522549066,306.53826295540705,305.51218889361263,298.8675014635054,293.54962580237293,286.69748303330596,280.89835835754616,302.00562895123915,287.5066630686843,290.1478472954124,278.7789337890216,276.5018913618551,268.57279509024323,263.24341486133034,259.7889457289008,253.28958154221021,231.24516672817563,209.82120565996166,197.3038710731488,196.096752342799,185.96001501107304,168.8343340901225,172.19145892438118,165.48278556436665,149.23499850778182,151.59105694594805,139.30100276260094,126.99626200885679,117.36139013289909,104.33633474917164,89.70242984033315,86.26698397824714,80.37252943823515,75.98054832058445,84.47465559546075,71.55985032467785,74.19893383213667,61.544796250416404,62.20322036031195,54.96379427460074,55.20033729601977,71.5969971980096,54.04913841611956,42.20988922962097,45.43281459838333,51.25313261450285,30.441659872937073,33.6914332367898,18.85506913647904,16.803350723038395,11.93099795004501,0.0,16.46686614513927,10.934550503658562,16.81529212585173,23.890944315099492,31.274931596985926,37.72842093512689,47.76074479195124,60.79905117324429,77.2369001875948,275.90710808288696,270.5267479248053,270.9402438886878,258.9543695181719,257.0617747470818,249.94106184620858,247.68924313620263,237.97259328457176,222.27082449292456,195.02734758671306,182.13547238346825,178.6961036811781,174.75296828683776,156.01257361495865,166.07843036750947,149.02414805372644,147.61066326809743,144.23529404546298,135.6419247326909,124.38477402398047,107.83263613483336,93.53641443216249,89.95172927289977,75.26273061006847,78.24576718390655,64.25908518501296,57.76125749005052,99.92898742367534,92.02226226894918,102.00318970822963,74.70808866240284,115.24446483911198,85.14380312930868,60.69856477612352,54.896369152754914,62.032678937533056,63.621122066927406,81.4684522414397,84.52331219069507,56.59733915316954,68.68942161008653,19.237305304375106,43.34768373906377,26.08750667896854,69.96262030429223,42.70315421786707,47.03946163685732,77.06737092744989,99.41894396392792,110.96204527934142,71.87895750032114,103.49851533460469,85.42785896110401
00035550,348.01487967973463,346.4387790527693,333.207335463245,324.95640507252125,319.6713333679301,314.53604299438604,306.45257672438004,341.7045258458247,334.93016133425016,318.47454806807707,317.463014873758,305.7594014909929,305.38546314459893,299.7290947137384,293.39696834573334,288.14570954208125,281.36174739784076,298.8762995860197,284.8901543281518,285.8365874719839,275.33858943381324,272.3064427673787,266.1038594563575,259.1818635938252,256.43865949559836,248.98259861149182,227.40488236912734,206.69125585078973,194.0315552355136,191.66820388098742,182.53675171618855,166.38944139615148,168.17497180584084,162.27119614255224,146.09769954900239,147.2348641527596,134.5766449737027,124.38995599958352,113.3409586189421,100.68475717666801,87.56159079573601,82.43780750246961,75.8037062681159,74.56226919913158,76.95852341580716,68.56383875053037,66.58312847580939,56.161761320233275,60.604324328969255,54.84695494721628,51.54334528023438,74.39957994211966,59.095208551542214,48.27123047398842,54.788228108131406,62.87814465957936,38.106955831313705,47.25188521558795,29.281770069497444,13.731578802588407,20.922170175712914,16.46686614513927,0.0,8.31808715897419,30.304711257511123,28.14129348237746,29.603889251757725,44.812141953514015,49.50061880782968,58.73564701874629,74.93038633509742,275.3303188544785,270.3789946849484,269.61860199261037,257.544284105259,254.4421092026219,247.61038295305264,246.14573311622522,235.4915158077145,219.1335043636321,192.55058354680443,179.69076480433844,178.05855047115168,172.9397744912761,154.529473020668,165.94199219766628,148.10463337549737,148.02356157560325,142.55032873976327,136.02210484202718,123.9393813890334,106.21039115875752,93.71286129511947,93.38706389918917,80.46536758566539,85.66792405573783,74.53355441464473,72.58661604258789,113.09362488335023,106.06640236207458,116.56732945236578,88.17419292917077,130.62031047966204,100.04279453596682,68.98091185965336,59.55470310035319,61.76934122241483,66.01660526806553,80.4673106351421,82.97195365424051,72.90688640503008,85.06333468089113,35.40630882130647,59.77739447272115,38.896299999174936,85.73232880385446,54.72125269969701,54.697256225280455,92.22477912325284,115.15591686651513,126.86485704843966,87.79678552743877,119.77246785466339,101.84715511500657
00035562,353.96061732802116,352.19569771183865,338.9861945588897,330.41893732930197,325.26240090189026,320.257359664783,311.8338143222544,347.73981705841845,340.9189540507447,324.4246339729498,322.4534200893936,310.88972667186096,310.2541640148189,304.18558038029704,298.27183168235047,292.34635044985055,285.9783259064864,304.88564900874644,290.7105189865311,292.2474288366269,281.44888579685073,278.67382175051074,271.8628086959292,265.4990074350313,262.50962862499097,255.3777172237446,233.63149493157877,212.65669803822115,200.03829967972337,198.07085675593694,188.58734531936753,172.07085299345758,174.4182036944503,168.22672770451976,152.0065385515428,153.570125973766,141.01790875519777,130.06945668553283,119.50494316973017,106.68772105704375,92.96275986108925,88.44153242654706,82.03801377348395,79.62024120517856,84.1367891560312,74.19231832961738,73.74983809178886,62.556253089164,65.6358759749195,59.21842244186936,57.27836275745224,77.66232770536654,61.18260059575276,49.729141278815156,54.5843174210535,61.369304523915766,38.56196820035099,44.34046857945447,28.00509518480469,17.605178978285377,19.8383154231939,10.934550503658562,8.31808715897419,0.0,22.219760547558295,20.63685999653049,24.27931812476453,37.00463854373511,43.253107528652905,54.13569598605907,70.559748463837,280.368677400547,275.2423768152604,274.94706009639503,262.9013396826228,260.2508919028211,253.30987217730956,251.54834017795824,241.24002319398406,225.10968842116466,198.2686480820292,185.38567570678987,183.05686491527206,178.39125096020092,159.83271713047682,170.72457160142,153.17841769197574,152.55539042941845,147.9141789495169,140.54785163447792,128.78072936986857,111.47457121229543,98.21349714759725,96.45158448373404,82.62639892706218,86.71430843067246,73.91766153562384,68.68781941476333,110.61431925841626,102.87775298447463,112.92294181093096,85.43884286671643,126.14994628750216,96.07762023235283,61.093755062270795,52.47442110725345,56.42145811736469,59.700066985394976,75.55112225942003,78.30570138378606,67.09360822960863,79.05389555708544,30.021440160886833,53.62848101544943,30.631940271657307,78.0370141078228,46.40362832081622,46.85884402634822,87.99874208009886,110.25034429968234,121.72471062499031,82.65948004446533,113.983937093523,95.65340451125392
00035565,365.6342872509041,363.2778250239942,350.16316032384725,340.63394236446175,335.8852278511274,331.2955727244501,321.84540151541813,359.709469835245,352.7536151424131,336.1703887544225,331.2553132099248,320.1431335322932,318.7253669589123,311.45684720723267,306.7968380372633,298.91051660956,293.77937451311493,316.8627953103787,302.13128052139643,305.5397565924043,293.80492113814194,291.8586481223636,283.14837763413556,278.5581511610748,274.79679186697916,268.7167998960965,246.50750555574123,224.80896768426416,212.38114789511496,211.65326853790583,201.12856736288066,183.61037996796392,187.63728587022237,180.61452936488521,164.38850294007813,167.22019121977328,155.09652986230074,142.01807002758483,132.9931749509769,119.9042499037126,104.79556039081123,102.02215004965258,96.40174187765265,90.93388460164195,101.12065237892358,87.17943472266606,90.88700486669302,77.92981707756374,77.45744614685692,69.77905612310612,71.24815100795918,84.41513362083498,65.96676903815059,54.08688630933876,54.120077894064444,56.682250012852194,42.239237538947314,37.83714475842588,30.437292565053134,33.618629245791844,26.6522988742949,16.81529212585173,30.304711257511123,22.219760547558295,0.0,16.83514634496052,27.8080691173458,23.897238067099288,37.75650462939133,53.293159579425826,69.06590454174989,289.4388838816585,283.80985303115966,284.90728390240406,272.99000371277697,271.7283748551625,264.47534011535777,261.8174061946173,252.60169020977892,237.23856766557154,209.743789419002,196.87097166482405,192.5060749681754,189.20230096690028,170.3658440898981,179.65427302624977,163.11625873630982,160.95872249423152,158.74303561072423,149.08532433792615,138.37158300725645,122.53533590223826,107.48565744123869,101.95052518104178,86.28481178882811,87.25166840485953,70.70588903742302,56.70221647330136,100.90273305859584,91.47853701077513,100.08940579682094,75.84849286754765,110.98349500942203,82.79312616318767,44.944039403615236,41.77257965122946,52.7417830188755,51.89684272129518,71.93943502540097,75.38509871816335,49.729542026248154,60.800154024217456,19.135801530998073,35.94263329267529,9.27321950475991,56.083816764015445,25.89597000063666,32.07614020605897,74.25276634234703,94.21904313910476,104.95343882884212,66.62075006743913,95.73540398323007,76.65370206746188
00035582,374.0384503320408,372.11740358519125,358.9299962636279,350.0772584627625,345.04352355388494,340.156625829822,331.41989729951814,367.8879163628351,361.03296513199166,344.5121099033465,341.62535634742056,330.2191675428284,329.29626801912195,322.74184590248444,317.328144215768,310.58824142998344,304.74317267265974,325.02317129477035,310.7028555785856,312.65178759965363,301.6654869265816,299.0556856427984,291.8106150308109,285.85381888750106,282.7035061711582,275.77950337209006,253.93846613904455,232.79306279394297,220.21083314185174,218.49044134065824,208.79655104081422,192.01493641300462,194.7576591015902,188.38273472768063,172.1430014112764,173.97164964151528,161.4787295841023,150.06288472663059,139.83718613942622,126.94078801405703,112.826262035854,108.7273244248935,102.45607718573604,99.26569477888593,104.76958941652904,94.28825790988897,94.38235157248651,83.07395349325898,85.35114287976546,78.44820635510172,77.51550666209228,95.48771487745756,77.84769704284741,65.95727971876418,68.0887168311321,72.1256150362675,54.08389757816529,53.42343928070311,42.217225404072856,37.706965591984094,35.82192809301627,23.890944315099492,28.14129348237746,20.63685999653049,16.83514634496052,0.0,11.150136100639148,16.800221738936457,23.86983829222964,37.66904273288127,53.923513831424216,299.61680204466376,294.301307163384,294.4984477121816,282.4875520537609,280.2446004964335,273.215075036811,271.18524013554713,261.19234013974744,245.24822924840996,218.2210920775004,205.3290119201867,202.35523813197872,198.13255865460383,179.46284831080538,189.81537932174376,172.6012620408025,171.4102886364052,167.6175978113719,159.4289433502176,148.0292657227644,131.16826989559576,117.23843316855482,113.81116946646702,98.93426463665013,101.248865651047,85.87337864906982,73.49920530084114,117.6098200777644,108.29491400633887,116.91357626982222,92.48251204614833,127.55069371657802,99.611910811755,40.968413681873905,31.91279657708318,38.28388878623873,39.8597477977158,57.74147501287014,60.905657478182235,66.07659600706735,76.69978492337151,35.10738571705522,52.38299843720554,19.004017994318318,67.85434898678778,30.20230682753033,26.668615296076666,91.05849396890932,110.64847359794497,121.14020973510658,83.16487859052826,111.36867547704539,92.00570063205885
00035588,377.61320984213137,376.0051777550996,362.77847450611716,354.42098839690266,349.1870984800601,344.0924076623103,335.8782668285862,371.30811602119013,364.5317469220307,348.0729108985155,346.65210617521484,335.04275757025187,334.4830796097713,328.46422646810475,322.49885106368424,316.6171583596306,310.2467144176048,328.47872049397034,314.4685997875745,315.38803107910985,304.94188660138,301.8716570528529,295.6679192242997,288.76016808986645,286.04253224204274,278.5417128427109,257.00015562395276,236.28865135513192,223.6321421649317,221.23120487723835,212.13956821653386,195.92376525325275,197.77129443255643,191.86533263470534,175.68379215347377,176.81952052851145,164.1394554284389,153.91584306677922,142.94479633510207,130.27824097100634,116.95773616627845,112.02745957475828,105.40746668939369,103.75072161997815,106.10843847903253,98.04543242078036,95.78061117282927,85.76070948781039,89.76121390966962,83.48029095707572,81.04481995205735,101.81645238345702,84.92338193969606,73.2265212341688,76.63074723951955,81.6256519125807,61.616374977577365,63.184265613609284,50.12937821925096,41.78561989261728,42.79563987177623,31.274931596985926,29.603889251757725,24.27931812476453,27.8080691173458,11.150136100639148,0.0,22.101969749141073,20.253197712044614,29.902989314200266,46.35961705915289,304.5508924313885,299.4708343176512,299.0152133156451,286.9548038833756,284.01700112689497,277.1575732810041,275.577897340649,265.051338222108,248.73231746754004,222.09888425036232,209.2309241677661,207.2422324035625,202.38652413953864,183.8989382959328,194.96121925274133,177.3345475838709,176.8253188029688,171.94890977459278,164.8171772304923,152.9971684695149,135.5438721760876,122.47840299227312,120.50842321795287,106.28522530091885,109.52039482656946,95.08480789460634,84.24648448194503,128.16090779306688,119.06895119959793,127.86747235892547,102.95700380882006,138.6801662875122,110.58179235676425,44.42245364665675,31.698951445433305,32.258055292527196,36.659971534549065,51.27849855675567,54.03149333186535,77.22457933811819,87.82823991361288,45.35266576097882,63.5212380200736,29.880122149256625,77.94374433423857,38.8145654454116,30.805018490583585,102.0539659628437,121.79483684218258,132.2861586638793,94.29514530329568,122.44464885931094,103.03865561255172
00035598,388.6042476149678,386.43213021297265,373.28524712784986,364.0118110579008,359.15881083820614,354.4521628612332,345.26459839385404,382.5759793018863,375.664960726892,359.10629723586504,354.9106126161918,343.7179043064995,342.4270020892165,335.2892681246247,330.4875142746307,322.7855985081479,317.5582597403925,339.7110276591665,325.159843527591,327.8530432819215,316.5032896264591,314.2139087260666,306.21015819647016,300.9618824163199,297.51137585901404,290.9903335817231,268.9699083960974,247.5394934314948,235.0292057528891,233.77218629146938,223.68836311114507,206.51152180053748,209.89757513817506,203.20974787364256,186.96222020658095,189.25484118575213,176.90098224053415,164.71001569647,155.03803006709077,142.0351469569034,127.4163647687556,123.9242979049139,117.89696971366098,113.66333255006568,120.97148625476538,109.26599510340287,110.59459480976585,98.76959020934072,99.92438967506101,92.58577735613703,92.77452852072928,108.11322713344069,89.78564779262074,77.87699900091032,77.92509628772285,79.75061549107394,65.9782366594007,61.00913673468416,54.070905379740246,53.2829134358696,49.2062788721137,37.72842093512689,44.812141953514015,37.00463854373511,23.897238067099288,16.800221738936457,22.101969749141073,0.0,16.83845516982239,33.63158862875177,47.75429927731276,313.0363248077225,307.4870872506533,308.32373783203553,296.37123325515535,294.7236295355387,287.5636065105115,285.14940029958734,275.6222790890423,259.9875789155536,232.69457026345538,219.8053541026664,215.97358530889696,212.3330898480001,193.54988269292267,203.21010545339135,186.44093118793435,184.5840360780875,181.8270854702879,172.67346932135706,161.7348239313259,145.47147650569644,130.84071309495255,125.80499336759677,110.1819491187594,110.96826697933506,93.89721138819213,76.51078395538238,120.84049344217144,110.46565939589394,117.71723903894227,96.42774613490933,126.0218633483031,100.51002645551057,24.1833140963865,17.878022910043057,31.114799175929374,28.351921094998623,49.4033528651698,53.07044254099232,64.87685443455486,73.72302690220025,42.42198153752484,52.241645033327195,18.36487838824105,58.551384721419,18.175866720222004,9.886919181803727,91.86868178253818,108.68149588748688,118.12605613378538,82.23195069723592,106.92097591730561,87.27924510648826
00035613,397.20862023054485,395.4442603492954,382.2368110344711,373.5977537522759,368.48234858825293,363.50256637501843,354.9814288750024,390.9734652519947,384.16104714943606,367.67171527707404,365.36184390400103,353.9001331498807,353.0685775700944,346.5953069065712,341.0960685101752,334.45763883885985,328.5702221305367,348.12337399490633,333.9634541343034,335.3093660461885,324.66090720021884,321.76458208229747,315.1130085139,308.61967619177796,305.7319983358688,298.4490485875732,276.79656592308805,255.89844456413798,243.2719731507764,241.13347899249143,231.8101924115314,215.3179698726238,217.56991635732243,211.4671786109104,195.25211498076746,196.67022229664545,184.04732841964136,173.31977429717531,162.68030112677397,149.9092664122162,136.1831710111604,131.6566152681888,125.16811872789341,122.75341664325084,126.28559342218921,117.44530316554038,115.94065009589075,105.58582671449675,108.7898988931436,102.09327889377248,100.52285241434514,119.35717559314368,101.67182753525569,89.76361970637751,91.36674461004068,94.43844681400931,77.86148525435375,75.59344415007668,65.94358537567415,60.81844152728218,59.69169552550393,47.76074479195124,49.50061880782968,43.253107528652905,37.75650462939133,23.86983829222964,20.253197712044614,16.83845516982239,0.0,16.793205761034002,31.480312196368327,323.3255619911521,318.0669581640783,318.0764710327995,306.04609060931875,303.5037397317657,296.5545086244597,294.7142696884545,284.4901337406439,268.3503350614221,241.51774779804808,228.63327914721415,226.03508536571556,221.5900095588173,202.9855340568232,213.5599302404332,196.22537825143286,195.2068277878499,191.0948446440612,183.2173995262428,171.71414960521267,154.6427689623619,140.97755738136414,137.66264962165627,122.67552700155318,124.57741194590093,108.44446117441245,92.80057120088105,137.1995016137987,127.01723672463392,134.46292676255263,112.55567372805622,142.85273843521676,117.2263923769391,28.594973448271727,12.90037666815795,14.992466322119881,16.516696759309067,34.24985194854907,37.637663131269946,81.6983403634604,90.52404086950588,56.88981238968325,68.9446463413926,34.41315190270741,73.90586742734702,33.84041890760349,18.795725274743788,108.58166389601112,125.50322090855165,134.86222247224597,99.05962804322905,123.46932498775085,103.83322391095265
00035626,406.24578358271293,404.8732315152482,391.6249194864395,383.6006547494394,378.2429592523811,373.0107331585051,365.1336850074186,399.8208427053094,393.111892046562,376.712199111,376.194336332524,364.4935643084471,364.0959917020176,358.25484884971786,352.10839664192395,346.47424349011,339.9780913959854,357.0488518951063,343.28453842006473,343.3470228327976,333.3867250123398,329.9193423585969,324.56264319930676,316.90464881953375,314.5565964679708,306.56881002473824,285.31998573298586,264.981592728614,252.28734091713358,249.3329170153339,240.75399313257702,224.9586506015897,226.1543823894116,220.61943665585636,204.51160700333966,205.11927334707505,192.32257070242696,182.99406514521078,171.55616040889936,159.09819316119018,146.28633451264662,140.9019977505816,134.08655895274097,133.27645157733872,133.44264184069857,127.25470451454629,123.28788017811901,114.40873201716497,119.30245514463913,113.23688479813504,110.23344039982797,131.7191207670268,114.72618108548731,102.96295154378014,105.71198567948585,109.67706753391916,91.24044385028994,90.89177233180159,79.55200488144625,71.51315540059778,72.53122855864129,60.79905117324429,58.73564701874629,54.13569598605907,53.293159579425826,37.66904273288127,29.902989314200266,33.63158862875177,16.793205761034002,0.0,16.467805102380044,334.0646005544141,329.0865085305591,328.32075454131353,316.23923807768136,312.8611626187714,306.12508435328067,304.82688232462147,293.97257892087924,277.4008164501923,251.07821952702628,238.2425064594048,236.7852543331232,231.619626651783,213.2522895895665,224.61437354123723,206.83712534026344,206.57576704329645,201.26398677721815,194.5673812611557,182.62112275310687,164.94447941707875,152.22456240623137,150.39438726682008,136.03162179752724,138.82222688583408,123.50501846515088,109.19874992244971,153.60382144309412,143.58010665306523,151.1779372451374,128.80517928176698,159.64160369777625,133.9213955637158,40.224712325271526,24.085759421824566,7.004627013017351,17.608064288694536,21.819716065482677,24.243622208223375,98.47796874279265,107.29501092641395,72.32355902992828,85.649315010414,50.918604443327396,89.77162028258441,50.237709831335295,34.26764870995125,125.27631586252866,142.28610378107138,151.58223635173687,115.84314010223034,140.05253951230958,120.43126290882091
00035707,421.87100973701695,420.6339920236467,407.3757267995974,399.54716507505464,394.1175784011949,388.8066650038008,381.1278861500728,415.3794351251323,408.71029820059624,392.3481223144561,392.36273240980324,380.6059634513521,380.31069804731345,374.59200055228484,368.3218674406476,362.86529020787555,356.2735518684249,372.6511319300465,359.0289485424228,358.61681466929207,348.92695356085204,345.2434137311308,340.3565678862072,332.2872826786575,330.14195530678427,321.89315078676196,300.81286689277215,280.68554137332814,267.97735817867414,264.7328237553958,256.4288250484098,240.86586809084568,241.71821536582635,236.38020955576093,220.32145669272563,220.65884900994996,207.81747911108886,198.94792724809759,187.28612659867875,174.9437899494734,162.39326798834074,156.79561135984937,149.9000648501989,149.49118433560466,148.6588541872626,143.3215236727565,138.61378112795114,130.2470637232499,135.53426887120494,129.58176263295604,126.31294617735085,148.1741339431173,131.18964990209173,119.41756797756554,122.01211176116443,125.67324616466766,107.67760442813767,106.84516398640103,95.95672965898152,87.87031759781077,88.99065406137626,77.2369001875948,74.93038633509742,70.559748463837,69.06590454174989,53.923513831424216,46.35961705915289,47.75429927731276,31.480312196368327,16.467805102380044,0.0,350.21926983479176,345.30591327626456,344.35050982627575,332.258722642325,328.6300505009925,321.96518994412475,320.82796743887553,309.79044416783677,293.08586847248586,266.9437519122643,254.13104499917077,252.9725922948832,247.6319651478522,229.33773706375547,240.87029312145359,223.00830093086043,222.8956847036489,217.33310255443584,210.88883930525017,198.86862541828955,181.076487080042,168.55154066770368,166.8603687690343,152.48483436527235,155.16150241612274,139.58888859548608,124.1871148042501,168.5593355392571,158.21783186520608,165.3104256828391,144.00269522855422,172.76726412525485,148.1620550913219,47.380160472023455,33.82291111429778,16.643378698490753,23.0376261957064,7.951185076857467,8.540738375037726,112.2824112921196,120.31414990210061,88.18697469243317,99.94524368684755,65.81226348046187,100.13906081712534,62.4908627739772,45.87695131782672,139.5302942585535,155.33742235668666,164.06254255929588,129.54799013937327,151.92015059765504,132.44266551738176
00036103,86.11269841571304,79.76283068182411,68.39896183818128,53.64650208889108,51.57746330325873,50.874673466662905,34.92369235608834,83.3994676048048,76.19573400402649,61.74480569074321,42.16639421492796,30.75003292245902,30.87830411076552,34.50578271604307,19.30648786935113,36.58258738274555,18.427800602667876,51.303146228242284,36.52193866119464,65.79404426094312,48.44004796076487,61.099045420356354,32.40240942557135,59.14321173158028,48.51961472520835,65.05934562626948,68.36534897307105,77.0755531150416,88.68626127352633,98.40122904505918,99.49738370702798,110.82433070137866,114.97782302740511,116.94689052595498,131.89163471503883,134.80696202467885,147.3917400007404,151.83016835174473,164.79442895690025,176.17732518240973,187.83617107482766,193.93431240683933,201.0816639499592,200.8099717089717,205.68811790980115,206.9346686009785,214.57036225150074,220.46228541095337,214.7966358864919,221.23755289692164,223.9213443071199,205.04449088683995,223.6837958661612,235.43927932399313,237.7262261398214,240.5735458002917,247.21046717579225,256.4739047501093,259.02077395189434,262.7833506876752,264.07586533741124,275.90710808288696,275.3303188544785,280.368677400547,289.4388838816585,299.61680204466376,304.5508924313885,313.0363248077225,323.3255619911521,334.0646005544141,350.21926983479176,0.0,8.794115628619444,13.47075868436693,22.020935920945288,38.60455416093909,38.797287318446045,32.55927785329056,48.92770168271584,67.14887699035438,86.14965431804973,98.12383509594568,97.3118533845555,103.1685399900823,120.98176550780019,109.8388620968273,127.22928373872854,128.48198515437426,133.0165331188631,140.364486949876,151.61396567041598,169.1437195443803,182.38174542732335,188.249371130814,204.7509634624585,207.82785215089524,227.72129604188552,256.4583259395683,231.8086053136481,242.78170124266913,248.3775801009542,241.07162464473907,262.7590570966538,253.86854778349067,333.60259847422634,330.6549966416546,336.78128062408933,339.4733508291254,355.75728998935705,358.30223932421796,276.49742431746535,280.744397970736,272.8439703566731,278.6895640224344,297.13963068451847,309.2957663065033,311.44658290652364,321.4962953958558,257.73690757685375,268.40211330962256,274.4095685665454,269.36987709654886,284.83795355902276,287.3448491813595
00036110,94.51466669101193,87.84139118292423,76.76030288409915,61.37811910909794,59.84079373520021,59.501343880083134,42.97957243433011,91.99767959122136,84.82492234179801,70.51113813474606,47.48189889860233,37.375957472422996,35.01224531688478,33.7197966641259,23.03041483728448,31.930133047552573,14.793283063024372,59.92313277000565,44.7248793300397,73.35982039512945,55.46019480722251,67.67782572341457,38.151261426160346,64.36972006079432,53.13360644623723,69.20037867669612,69.70608574013099,75.75569089420274,86.75312692392417,97.39077701087982,97.1413247614358,107.14297324785738,112.47545434081952,113.69285565155567,128.1847750347753,131.77579455245748,144.16414531188866,147.51228716875306,160.81445929489917,171.88482364073008,183.04301206693114,189.4496636533918,196.65592789530754,195.81693127633312,201.82918848400294,202.16513329635526,210.50199286005014,215.899409097219,209.78467813342948,216.04307024023512,219.1033897465548,199.39617171904388,217.93736251238485,229.74853350302547,231.7084882607881,234.24994648903888,241.57079041878777,250.4023944819452,253.42823788010298,257.6855211973086,258.65950225494004,270.5267479248053,270.3789946849484,275.2423768152604,283.80985303115966,294.301307163384,299.4708343176512,307.4870872506533,318.0669581640783,329.0865085305591,345.30591327626456,8.794115628619444,0.0,19.293839108420507,23.673565323300377,42.262696732654334,40.736978196855304,32.1795433729389,49.316081020355874,66.82224796772776,83.30691035710534,94.79631346686159,92.37171281589632,99.14063669239377,116.46911616423505,104.52169889905753,122.35286480740184,122.92849806749257,128.49666884927774,134.88527705357532,146.4761332559355,164.33193101871234,177.09329911359325,182.30490783777637,198.7018962144163,201.4120089408554,221.24568874824251,249.76720736554333,224.3269150213641,235.40877249712932,240.79613614671229,234.09206653036605,254.9548934423558,246.59845743730605,327.78239138302456,325.1668293850106,331.6629042762763,334.13692416745374,350.72468624036395,353.3301159378034,269.7990526892457,273.8114534676428,266.9915158166782,272.28196421872616,291.38926688249126,302.5589690150452,305.5081058318028,315.83483277921204,250.6211135786353,260.86813800901274,266.69842802393833,262.34961522568557,277.2853063100969,280.12040669184967
00036147,84.67822089859021,79.93236903508736,67.5072756339286,55.76789970811765,51.69636260297147,48.79227739664958,36.94099280159739,80.76061486988559,73.42540434644594,57.65525273067311,50.07162954266534,37.12053917701044,40.907917037437755,47.59270979981917,30.642405229532798,49.92140772100443,31.801293422293767,43.67255681952637,27.182444284738978,54.38402885954189,36.22461636199334,48.390291828951035,19.081969305795546,45.72614935992073,35.05357388870803,51.62759740929278,56.2652006489017,67.400743250653,79.56618877350084,88.13825640636267,90.77211008459794,103.77753917268048,106.29615228503744,109.23914630892804,124.7128489470097,126.67301320311365,139.45227747145745,145.4513762639554,157.8401626674663,169.6502377771131,182.06692232264285,187.64562688593554,194.67836914651872,195.33378096855546,198.41829973671489,201.06644296549075,207.58493229207897,214.22366744108604,209.31264233235154,216.0521165703211,218.08843697234636,200.72875667693614,219.50289718675612,231.1238826828777,234.04400633155657,237.5178323254347,242.7730661099046,252.86105790429377,254.47190311119604,257.34190403253433,259.19416121508317,270.9402438886878,269.61860199261037,274.94706009639503,284.90728390240406,294.4984477121816,299.0152133156451,308.32373783203553,318.0764710327995,328.32075454131353,344.35050982627575,13.47075868436693,19.293839108420507,0.0,12.119835862823658,25.43635477895489,26.804574315392685,23.6334147226584,38.053847191191686,56.56359441422237,78.22706175169672,90.70679122729801,92.41938400469436,96.72071646231976,115.11838829195027,105.45787772023755,121.91613188318848,124.36255788645711,127.07169144931984,136.02161114648922,146.5900796483279,163.47782776921193,177.48302553682814,184.56246384970132,201.21867549669938,205.0546258071544,225.02468147363456,254.18390545301747,231.6079385726256,242.25074618736522,248.43314254891152,239.51709900675507,263.48142648502244,253.03516869964835,329.3775836336306,325.8090606364016,331.27314959974024,334.3439728400357,350.083521515589,352.5240138417538,274.20374696341185,279.00111730159364,268.7657725833855,275.74175228155485,292.82648404592834,307.04253020563414,307.4798360332192,316.9824639315784,256.49154928539843,268.28110520187613,274.81522847151047,267.8614971282534,284.7456684914726,286.3326295951244
00036164,95.34359161657784,91.20479882095775,78.5194638631151,67.64466606809192,63.18184354377148,59.61539264896899,48.93536119688757,90.92257510294668,83.59799034491733,67.38609386414193,61.908992526137595,49.1224334311904,52.05648039837577,56.195270702835565,41.04584235571978,55.57184154810447,38.269579627339084,51.418255245093476,34.41801233011885,57.152182499057325,38.28795576520811,48.47334564251781,19.291645953498374,42.517102326194575,30.744110518043982,46.05079606780184,46.48899426610419,55.6817864049345,67.68463229134349,76.71953311322139,78.80759826566853,91.65781375791362,94.33545055515376,97.1433138890905,112.5949261915674,114.6290368829283,127.38822685822483,133.34623465634738,145.72058072804194,157.53576205209518,170.0004164446618,175.53941192229522,182.56641402505602,183.2959440025785,186.3096525199062,188.98712485638643,195.46708223599865,202.11756235134686,197.27055925212056,204.04658182465081,206.0095586907798,188.88033419034227,207.67422730937258,219.26259143846534,222.323667435515,225.96313926861978,230.88385519039258,241.1497488311272,242.55857600758304,245.29627084735495,247.22350541813253,258.9543695181719,257.544284105259,262.9013396826228,272.99000371277697,282.4875520537609,286.9548038833756,296.37123325515535,306.04609060931875,316.23923807768136,332.258722642325,22.020935920945288,23.673565323300377,12.119835862823658,0.0,19.184250294492323,17.124989149740113,11.52243185184966,26.9401431973363,45.28493153160127,66.13359524021402,78.59040146192845,80.56475039975112,84.62678031852425,103.06865107752222,93.69378182717983,109.93722686769392,112.62844468827498,115.00613892508319,124.21729654744432,134.63928803656626,151.4274070800323,165.5355536874943,172.87071786340542,189.5550259497425,193.60700899265532,213.58577310590152,242.8629266465593,221.1361208311355,231.617907399032,238.06341406726773,228.46461076366072,253.4257402622445,242.26162940388926,317.5095040145397,313.8330330515794,319.21283712653775,322.32700833325674,338.006598072587,340.43847999392966,262.86522165435935,267.8513347090425,256.94154834466536,264.1996986275313,280.948303052479,295.7023776919902,295.6696202558402,305.06243609582924,245.54622031676843,257.80992771870103,264.5897618628131,256.80590113875843,274.27455977541354,275.46056575529224
00037170,93.90645889137512,92.0120708727972,78.76812016418229,72.24054438213997,65.94184494453889,60.198025554488375,55.384194062120194,88.14009813406228,81.08887273709684,64.47746831236383,72.81673267729639,59.42252902657213,65.38299130857531,72.99990186139418,55.8649241171951,74.1323267293301,56.35574180299414,45.54929010216017,30.46026412201096,43.054684305418554,25.230289528110937,31.932440465978637,11.842426263212673,23.750218381245134,11.83012246827531,26.962346541507692,32.160827031676206,48.07683673496954,60.79522701632593,66.78279703862249,72.36021754421286,88.23621196686118,87.51790602252828,92.25050512739357,108.35751621735793,108.4991356413541,121.42738232456581,130.19284701128612,141.3448874647006,153.7803243508613,167.4237956319513,172.01116702392778,178.77462092175855,181.08186701246728,180.96146581526287,186.05860240626257,190.5556100892854,198.45348959858356,194.92020597137645,202.1382326827351,203.00598954035905,188.52542979698774,207.36967876837767,218.65447100908636,222.6967989538883,227.2834200714872,230.00127202066585,241.50532613239025,241.42611179425668,242.7003156814376,245.52931327281934,257.0617747470818,254.4421092026219,260.2508919028211,271.7283748551625,280.2446004964335,284.01700112689497,294.7236295355387,303.5037397317657,312.8611626187714,328.6300505009925,38.60455416093909,42.262696732654334,25.43635477895489,19.184250294492323,0.0,8.29256241883754,18.767557397640548,19.14538241814256,35.88113409479019,62.03520881965505,74.92811700599772,81.6281329168226,82.6267882032702,101.51627279667905,95.07186796913544,109.17500507985676,113.83569455765316,112.99446797660856,124.76718707472989,133.83173754716393,149.25427647766872,164.4786421110042,173.6964760816591,190.44310254222938,195.63497694990477,215.55137191414343,245.25495265111462,226.70436825410084,236.63786380272754,243.86650417369478,232.02528761053307,260.05373848750224,246.77455421891625,316.55477980275907,311.9101876584962,316.20878411865044,319.9235810397528,334.6795085568291,336.9351989943479,265.1095140871344,270.8861453069533,256.4769827306849,265.4484094786304,279.99721943135336,297.846378766792,295.200233084945,303.6975467086623,249.4415848051433,263.2390449523126,270.71557829894823,260.24794266909595,279.6525305814785,279.52155527592146
00037179,101.28141449616342,98.90235512434595,85.72660142617191,78.01245216255982,72.18730928651871,66.94815684292281,60.398159654819004,95.74171598238964,88.61770224008983,71.99640244468188,76.31887610329457,63.06393744114827,67.70193218379981,73.20335179547993,57.308808835458294,72.54839176793055,55.38876444287834,53.408201723917685,37.732065054842245,51.184556589335386,33.52027338555912,39.607499055213616,18.700384518609564,30.016162272153593,18.466852892969804,30.71979824797518,29.59225423784504,42.06456455064187,54.664364946068055,61.92493510866816,66.16563230602,81.24111711548576,81.53012601449058,85.67100461767812,101.64702109591724,102.35633096649615,115.2638500224647,123.24963170616758,134.74583561162504,147.03149654308444,160.39542696666018,165.2257482452624,172.0662475980184,173.9828127594033,174.70064538740698,179.1353486676826,184.17359250488866,191.7299503393773,187.8654718551083,194.987653331967,196.11624687211636,181.04128958837794,199.88960421930466,211.24043110897944,215.10153363520752,219.53276478382796,222.64896736629672,233.92256922364416,234.13167485085074,235.7369446820533,238.35831115523908,249.94106184620858,247.61038295305264,253.30987217730956,264.47534011535777,273.215075036811,277.1575732810041,287.5636065105115,296.5545086244597,306.12508435328067,321.96518994412475,38.797287318446045,40.736978196855304,26.804574315392685,17.124989149740113,8.29256241883754,0.0,12.074573555641376,12.256972388072057,30.40649435623456,55.05984875134332,67.9289230749745,73.73210335363657,75.27601372047195,94.13825840554405,87.1707665609749,101.65948367940923,105.99799067165719,105.74526582739713,117.05001085473403,126.37306702049136,142.10843507287726,157.11050602804028,165.9912589002435,182.74047919078305,187.7632595686962,207.6988911685586,237.35588291934445,218.48756567404848,228.46048821342015,235.6387847592743,223.980207307774,251.78885962328908,238.64060014705265,309.25291779669686,304.818135248764,309.37799297620376,312.9464904075974,327.9372557224131,330.2396998417526,257.2371615812754,262.9127296442166,249.05426059424278,257.7245776298849,272.68218854775085,289.9972174975897,287.79329186276294,296.47863078660816,241.3665639231383,255.0375250574564,262.47400860906896,252.22415872129142,271.45693400330066,271.4368848458301
00037181,105.50562446360465,101.89344364881227,89.02644798918257,78.89221442413087,74.11928710551997,70.06735789106891,60.30734994758202,100.6798363920048,93.39962772997929,76.95037259173704,73.33706806244943,60.62423248309253,63.15645319125004,65.75302961206575,51.84403964888864,63.12485049673867,46.94488137520834,59.74523523468799,43.00423367778711,61.34822191380001,42.87703433057644,50.68444118904962,25.08102775662393,41.927889569767714,30.168213231691325,42.67921155361893,37.97111191972829,44.5390033915909,56.34110531217748,65.85097181834514,67.37792939769898,80.15853967962667,82.9035375708134,85.62182396016337,101.08083476321755,103.13197469330333,115.87901314014663,121.89482224125801,134.21256771511688,146.05885861453638,158.62020639208518,164.08330980352565,171.09597785495097,171.96103105511673,174.78788539625873,177.5832113338886,183.9526261221959,190.66083983243573,185.92757738481586,192.75832436530627,194.60543224935037,177.81318264307504,196.6285422569626,208.1715281817943,211.41370498015704,215.25785244313073,219.75378446271534,230.24657349240408,231.39463889373425,233.9443215735382,235.9807175267068,247.68924313620263,246.14573311622522,251.54834017795824,261.8174061946173,271.18524013554713,275.577897340649,285.14940029958734,294.7142696884545,304.82688232462147,320.82796743887553,32.55927785329056,32.1795433729389,23.6334147226584,11.52243185184966,18.767557397640548,12.074573555641376,0.0,17.211213536262076,34.7726060581394,54.61318277839261,67.07369819202646,69.56192736198784,73.20778484968626,91.72975394610228,82.8061470420446,98.71224644002707,101.75893717885577,103.63571188413134,113.23938169124753,123.44622584248035,140.0763587706873,154.33791559391602,162.01467800018756,178.72761011384375,183.04678821516043,203.02630662743707,232.43236592486727,211.69898455931659,221.98960649368001,228.72725432815216,218.35588076274115,244.42681909395395,232.46601491635252,306.3971936570529,302.57800540505974,307.83509103342647,311.0140694655384,326.6015619792353,329.0187357746064,252.40680367467255,257.6113916363786,245.89243089121499,253.49864043963316,269.82638384449393,285.2325888191551,284.63322381136186,293.88342746624966,235.5520659840792,248.34603687710438,255.39489978504363,246.67929506848606,264.80088207802896,265.53561172153434
00037195,113.03995987646651,110.9582177544755,97.74697635633319,90.26936147174807,84.41138205915063,79.04541907910053,72.596819743861,107.27995082317867,100.23420559591106,83.62260878671012,88.0166228576248,74.8684015527565,78.82819090234563,82.73452635559316,67.97596562152852,80.31221749119814,64.10276251796789,64.62276354791678,49.537939483631604,59.24341764081253,43.10318661039227,46.42135488370629,30.622881956383548,34.5400030317825,25.16807426952073,31.163723659458828,20.951464229401523,29.846165456146217,42.41444965555142,50.102620053441285,53.909325898936544,69.17938372434998,69.28469019878956,73.4545287288204,89.46975478158221,90.09952113474492,103.00690401049059,111.17058163400735,122.54301813302364,134.87438619340142,148.3661176506184,153.08367784401858,159.8981538715539,161.99694809165803,162.44884004305067,167.05283622722555,171.93420329778337,179.56827771414558,175.85345839676555,183.03683268039723,184.0194433189027,169.3844703354688,188.22785941569617,199.50908877614074,203.5781748073207,208.24050361222334,210.85869198421568,222.38220612876088,222.2910009408098,223.6774876099621,226.42326348324187,237.97259328457176,235.4915158077145,241.24002319398406,252.60169020977892,261.19234013974744,265.051338222108,275.6222790890423,284.4901337406439,293.97257892087924,309.79044416783677,48.92770168271584,49.316081020355874,38.053847191191686,26.9401431973363,19.14538241814256,12.256972388072057,17.211213536262076,0.0,18.513400857807696,42.97417029559454,55.8640893247126,62.80719610416162,63.48143079586041,82.37090119479754,76.23617959764367,90.04467669892296,94.90073214348523,93.86155787308692,105.72093121153827,114.68976139842361,130.15087982901235,145.33412644680212,154.63120462926648,171.3740242951714,176.70552736608266,196.59715377208119,226.34865537177365,208.6392057381575,218.37307417156956,225.85983684401577,213.3619569778646,242.3449141212767,228.34409997043986,297.4195281605277,292.8330621495393,297.2608425023723,300.8966246432976,315.78742601056473,318.0745055532456,246.16964419052115,252.08055822659227,237.33161444292844,246.3851423873448,260.8595486832033,278.8791099272052,276.0550133359002,284.57949211623037,230.84300153663432,245.07626167860494,252.79370672974096,241.53401860300434,261.4554490504155,260.9403420996679
00037213,128.8814371403074,127.6238279175306,114.34929625523195,108.04079241175612,101.82297161130293,95.96573720231872,90.73589556359329,122.64013446613797,115.81094620805679,99.34112155062587,106.52179433905836,93.3505323561166,97.28803247185698,100.4893711647457,86.31659939115151,96.89408723283171,81.4985673940589,79.7782172161566,66.02573397834213,69.80682782675444,56.57752444739248,56.125583665594654,47.722803042131886,42.82121760201245,37.565223260605386,34.95724661050392,13.077332310817482,12.45517287691716,25.113505684645897,31.59337015932232,36.65755671088461,53.767484382029814,51.661573605768474,56.883239538949496,73.10913929478912,72.68144923589611,85.60858586489182,95.27806217746357,105.84844544891347,118.45888075252971,132.5712223635793,136.71352517563923,143.36100692636094,146.3541733233166,145.15875594268553,150.96455748314008,154.81811191651212,163.0393054119509,160.06778489881802,167.48914616947255,167.83132782534645,154.92667468437998,173.6982353871886,184.72234862860378,189.44535225274572,194.77321288857203,195.84888028509272,208.15573444598857,207.0857431339158,207.61172454564456,210.8652682370255,222.27082449292456,219.1335043636321,225.10968842116466,237.23856766557154,245.24822924840996,248.73231746754004,259.9875789155536,268.3503350614221,277.4008164501923,293.08586847248586,67.14887699035438,66.82224796772776,56.56359441422237,45.28493153160127,35.88113409479019,30.40649435623456,34.7726060581394,18.513400857807696,0.0,28.21908104155977,40.72476275854355,52.094090689495346,49.52859451860245,68.13448624165922,65.00516914840347,76.27830978352132,82.76508157010294,78.99900003768325,92.71792735237368,100.41813823415306,114.7338494212786,130.55485241157552,141.1620769414731,157.81218980047973,163.99566042805063,183.69250889698264,213.60906992707103,198.75236102355098,207.9044289196201,216.05988826060374,201.64912169137096,233.2169157187597,217.35581154739285,282.15366041211234,277.0164331099021,280.86915418108333,284.8094447067243,299.220035814691,301.4217257457189,233.22525291783637,239.729516884373,222.504791317519,232.69981643942117,245.66629707255748,265.7415107106416,261.1273633235815,269.09293030861915,219.30652151577817,234.80576350556044,243.12206412035542,229.56177118252768,251.04918063332283,249.3909187670384
00037238,155.9125984326086,153.92707526859746,140.7206903781958,132.70382958877585,127.1740358716655,121.99612919612237,114.52501488584758,149.97608323379245,143.00982955081614,126.42986465497648,127.80300994684458,115.22151740920795,117.02669649871218,116.33881777820883,105.30373183274614,109.29414985159639,96.85678108758438,107.1526056028693,92.48674464803615,98.02045948394645,84.4530087909479,84.3259130244653,73.59652553085547,70.99234404937748,65.48604328434874,62.6176162254232,39.76198323886273,16.58424609222295,9.737473276016134,23.498507085094534,14.596649689761144,26.206200951693642,29.29744405962614,31.012317661916423,46.686384775577174,48.660063313384335,61.31113977273354,68.19988383884012,79.84250493046508,91.99997733496055,105.3957006730127,110.17622838407517,117.0466808200506,119.04706225104356,120.21458465595505,124.08490554280912,129.47433979457057,136.69814448818758,132.88790652403276,140.11129933582635,141.05952448063388,126.93743845160495,145.74560361713864,156.88398569391438,161.37075486280435,166.57842869908524,168.12775545016393,180.11391500462898,179.48180273168936,180.70400048008946,183.50546439070814,195.02734758671306,192.55058354680443,198.2686480820292,209.743789419002,218.2210920775004,222.09888425036232,232.69457026345538,241.51774779804808,251.07821952702628,266.9437519122643,86.14965431804973,83.30691035710534,78.22706175169672,66.13359524021402,62.03520881965505,55.05984875134332,54.61318277839261,42.97417029559454,28.21908104155977,0.0,12.893306065639717,25.944289901085842,21.310683707649442,39.97626338129305,37.77859171918914,48.06528303083818,54.80857303826901,51.099610133434915,64.522580479216,72.32228911267599,87.23309779973474,102.68128187982856,112.95548639756498,129.61897591381606,135.7896712205876,155.47460087869385,185.39426299790816,171.3217707143477,180.20866912987168,188.63749378440542,173.57541363013445,206.09665798958235,189.46536143296703,254.60321989602554,249.8755173104478,254.31815227431787,257.92254350557016,272.8879563345626,275.20487618792396,205.00624543768993,211.5388689892385,194.6985985395683,204.5411640871217,218.06443139519837,237.52912253960122,233.3805722644306,241.68946477900028,191.26224137519534,207.1540885979138,215.7175872619501,201.42436188718904,223.32851911016766,221.32810302389788
00037250,168.79965773459932,166.81110812299391,153.60869035216643,145.45299818382293,140.00045284290817,134.87322581289285,127.18389613030114,162.84027103102818,155.88568830732532,139.31104842160906,140.00763941033833,127.57463993396165,128.9562118424124,127.35941031283807,117.13632045327861,119.4467074917544,107.92933126517593,120.00395795185742,105.38004514324545,110.35896468870307,97.18731884931158,96.62804935393108,86.48511318056394,83.25268891086102,78.19251793836311,74.46432989198291,51.542810235064856,28.567799536225436,17.615163467351415,26.473429136338968,11.52014634179969,13.315795795747517,20.17712085175544,18.897820113853452,34.01075513578904,37.08253342719756,49.36845051542979,55.320842260135734,67.1605866735405,79.19508158501807,92.5031972971129,97.34443898557792,104.24821289414078,106.15499408408428,107.74308408509421,111.20675778819839,116.87986859018335,123.88459447627714,119.99466887381388,127.22366049742789,128.18810674144413,114.21646048052803,133.00298463679144,144.08797950748726,148.72060681279154,154.12408183098034,155.29493963946757,167.43443330881172,166.6239216649287,167.81798484167567,170.6187231584397,182.13547238346825,179.69076480433844,185.38567570678987,196.87097166482405,205.3290119201867,209.2309241677661,219.8053541026664,228.63327914721415,238.2425064594048,254.13104499917077,98.12383509594568,94.79631346686159,90.70679122729801,78.59040146192845,74.92811700599772,67.9289230749745,67.07369819202646,55.8640893247126,40.72476275854355,12.893306065639717,0.0,19.9636906811927,9.853278426705993,27.500122337748124,28.572574204012422,35.80584508094201,43.663795429528854,38.308011409683346,52.57300862711951,59.69942754539163,74.34984329510291,89.89317456849372,100.56176371949148,117.16677644633742,123.66190481239492,143.2340475095284,173.18160561221654,160.48535809312204,169.03139387900265,177.78482603548557,161.8094914905451,195.55018038115125,178.0047379679875,241.73997661773083,236.9823188593156,241.4557928777065,245.03468530932764,260.04890191966314,262.3806972961057,192.70207933581622,199.44905284793853,181.89355885362,191.99912241286995,205.2083879222727,225.14132139410953,220.55879943375376,228.80804765036774,179.5421856272626,196.00525153653012,204.85337382226433,189.49904539258546,212.0781321796597,209.55636807560253
00037254,174.6609860929547,171.4287233422377,158.49154792800417,148.1757494967915,143.66445476864817,139.5355277851842,129.34884454240486,169.38255442626476,162.20356489490865,145.60250291502885,139.41415228203948,127.86649728477077,127.35669703314377,122.8126641279121,115.36752227675989,112.82462575261022,103.90651264803141,127.12800778764847,111.28901380649403,121.02630842777936,105.855043377986,107.56114434452958,92.30568166420615,94.4891859482585,87.38016870359797,87.05129005646636,64.62713953689624,41.91325676194938,34.72625876073761,46.03073710116476,31.45969106312216,21.89762295597269,37.03714213920789,30.57686175067866,39.50522177424434,47.249371210325336,57.164863786206816,55.745514336192585,69.7944862395548,79.99918700925704,90.67143368884102,97.23936364584536,104.4971421988997,103.51274842441771,110.73352087328527,109.79397679797015,118.8718226815101,123.59761844575023,117.49564845822596,123.94187533374841,126.73407414313752,108.31812477362546,127.1095742351396,138.70726653213404,141.85807263024552,145.90293587886208,150.3555350270024,160.69205053032493,162.06892075587692,165.47191985448154,166.902054776527,178.6961036811781,178.05855047115168,183.05686491527206,192.5060749681754,202.35523813197872,207.2422324035625,215.97358530889696,226.03508536571556,236.7852543331232,252.9725922948832,97.3118533845555,92.37171281589632,92.41938400469436,80.56475039975112,81.6281329168226,73.73210335363657,69.56192736198784,62.80719610416162,52.094090689495346,25.944289901085842,19.9636906811927,0.0,13.398411371577303,24.66851338502795,13.443776203335183,29.98120426291178,32.30534311165181,36.48494730802255,43.677629773284345,54.32612242613897,71.96030312377636,85.16513497173537,92.50168022532849,109.2346701665878,114.031166643801,133.9691025970379,163.63236907469997,146.73269728268892,156.06811561437183,164.03024816668497,150.5808128209174,181.12309760262536,165.77895107235676,236.95976994632633,233.5153738548683,239.4698590600597,242.21497575227104,258.46038777074835,261.02670059823674,183.50538238754686,189.28251875276484,176.3769761515364,184.12713552281198,200.40711097947025,216.26679522631315,215.1071284945741,224.58221362743132,168.10054966590928,182.910382419061,191.07835997557774,178.73144507698737,199.21039609172453,198.20462170233185
00037263,176.50277076189604,174.1009281710502,160.96704148668013,152.03575977667964,146.91097732523647,142.1198779541177,133.51510474251842,170.75024775497502,163.71534223327305,147.10392037016703,145.29076849973887,133.18184349856662,133.7913733527349,130.89148162890567,121.86137484349507,121.97138563046765,111.63065358015652,128.015105261468,112.96225017541309,119.33107935900847,105.59347477717029,105.63445825122191,93.95882104639115,92.29495574478068,86.67350682684959,83.7849254238932,60.872651125274984,37.72321534804444,27.39898791911166,35.83705211718752,20.557059546728855,9.086630435813342,23.670528900093508,17.606003293910433,29.274276557173312,35.2218638500292,46.266819103646036,48.75896121358409,61.683573481590074,73.04821276444068,85.43603073763829,90.94826472378085,98.02376620627501,98.86747230317438,102.68891821396475,104.37636789097797,111.42368439733987,117.52256760082119,112.80625366612347,119.78917618974353,121.39831022724658,105.93356081558531,124.76980539307222,136.0278422823478,140.2472665177595,145.30991535007,147.3889237270695,159.02130716681305,158.85589823892957,160.79166498287697,163.12755920967436,174.75296828683776,172.9397744912761,178.39125096020092,189.20230096690028,198.13255865460383,202.38652413953864,212.3330898480001,221.5900095588173,231.619626651783,247.6319651478522,103.1685399900823,99.14063669239377,96.72071646231976,84.62678031852425,82.6267882032702,75.27601372047195,73.20778484968626,63.48143079586041,49.52859451860245,21.310683707649442,9.853278426705993,13.398411371577303,0.0,18.89073619230142,19.022109420755953,26.78517591871184,33.90846343282528,30.519641214471754,43.23170354745452,51.24342056319348,66.96451397558893,81.85655818406308,91.67398605190333,108.35592707941014,114.4838394810047,134.16411208292973,164.08385650833344,150.71677559159735,159.3482886520363,168.02170190727014,152.3756082132058,185.73849468287924,168.4234513530066,233.9786914317881,229.64639040772482,234.64173933507436,237.92702260958188,253.39383699572446,255.8142054727261,183.69872861066037,190.24180876574,173.85060196639063,183.31375376280067,197.4099825171626,216.23439330346653,212.5738236823735,221.21432541425025,170.08458912874718,186.31703182078172,195.09538089813165,180.1677292202508,202.42298866323952,200.13030999176087
00037298,195.38445693923813,192.91380650989112,179.79834457958492,170.61847217405187,165.62301613997425,160.93132057458965,152.00191278807014,189.64096055837413,182.60508981768226,165.99286058705258,163.14809892815427,151.27397620474363,151.3541691276992,147.3653308955237,139.37865317631162,137.49310816475628,128.3570935926503,146.90092371358924,131.83920364970487,137.84798420868754,124.40553147087446,124.12127288025505,112.82846269042336,110.74907650912164,105.45505654737906,101.92670386509923,79.01523309615735,56.063361717159694,44.7412952386341,49.89517419598095,35.32422007761736,15.580496089388674,29.434288275085642,18.98511744924419,17.147081547968096,27.63516021147613,34.51755474148506,31.1459970434808,45.13246947807208,55.480945939267826,66.96789467058828,72.99158724438317,80.18709582746145,80.23215117612736,86.06974534789836,86.01621444166723,94.28742229546592,99.48844486655493,94.20288667264244,101.05787087470466,103.02836514119903,87.05061193389376,105.88358754927238,117.13826264356301,121.4097096456995,126.6461648499779,128.51231576794117,140.16877197347029,140.00169149844731,142.22762973679824,144.3507927355136,156.01257361495865,154.529473020668,159.83271713047682,170.3658440898981,179.46284831080538,183.8989382959328,193.54988269292267,202.9855340568232,213.2522895895665,229.33773706375547,120.98176550780019,116.46911616423505,115.11838829195027,103.06865107752222,101.51627279667905,94.13825840554405,91.72975394610228,82.37090119479754,68.13448624165922,39.97626338129305,27.500122337748124,24.66851338502795,18.89073619230142,0.0,16.983638678128504,8.501533548810814,18.98219165856117,12.037271143111235,25.48393440890861,32.37267758153431,48.359741483420954,62.97536922499363,73.0644965447918,89.68561403522152,96.21501726773144,115.7442932502516,145.69559417266495,134.3203539826376,142.4070976373374,151.55421068371172,134.58255715284994,169.69571772364986,151.0497074056149,215.1173675636318,210.90881311233315,216.15652660019458,219.2858784544009,234.99637494620984,237.47187903738455,165.20229341264343,172.00115927711553,154.96071368218546,164.57123209940363,178.54494773164672,197.64743171839612,193.6858511362888,202.39272967115326,152.34123518291292,169.37325500031736,178.5570435412455,162.14078648824102,185.31264694496824,182.2985033860712
00038274,188.03677440752693,184.6989002913167,171.79824553142987,161.2247699953284,156.85274144121925,152.83859980725583,142.34501876765833,182.79805691658393,175.6110011819094,159.01519436037265,151.81006220864631,140.5078303100019,139.5319830718088,134.06178056859864,127.55204459986341,123.30532217433229,115.47199305846213,140.56978093434938,124.70334322429815,134.2796564716586,119.26210547897168,120.76206821392337,105.73083476169731,107.62120926452307,100.73277902761463,99.91212078458817,77.26968479698125,54.24146780991195,45.52178350014303,54.85141400873221,39.579023186641,23.511709525011845,40.14569588476564,31.037233350038775,34.05437349874327,44.00410493907904,51.50009653149863,45.86303232991538,60.481116909723845,69.52615383019882,78.9552414882686,86.10590908981999,93.42612164982754,91.40131938385753,100.80235242447102,98.0468093647235,108.39936806103975,112.159114276092,105.33837667586579,111.5214112812422,114.86297325893818,95.33001969729013,114.0682029798103,125.73767847842521,128.63313865935635,132.5253777096691,137.45092400331058,147.4618858679231,149.22321686201866,153.17584236712077,154.23922536183952,166.07843036750947,165.94199219766628,170.72457160142,179.65427302624977,189.81537932174376,194.96121925274133,203.21010545339135,213.5599302404332,224.61437354123723,240.87029312145359,109.8388620968273,104.52169889905753,105.45787772023755,93.69378182717983,95.07186796913544,87.1707665609749,82.8061470420446,76.23617959764367,65.00516914840347,37.77859171918914,28.572574204012422,13.443776203335183,19.022109420755953,16.983638678128504,0.0,19.00068420351053,18.953017984723306,26.910183216178623,30.588643343889476,42.003584442584305,60.315760705777784,72.58265681110312,79.20889388666497,95.92296042335386,100.59393491070323,120.53719304857562,150.18957923859455,133.7636690594398,142.92169852853652,151.07533161687945,137.1915551967877,168.38231227126792,152.51001994269996,223.98155601435167,220.8167762976953,227.14370681742136,229.66440823303182,246.22494394216355,248.85674476707072,170.06669129474588,175.84614465461365,163.3211182407343,170.75800997872435,187.4571449726953,202.83326369771623,202.02545821513775,211.72448023737968,154.73709318189879,169.80783063835491,178.14552972123056,165.31912135873984,186.06883829202533,184.8424508337093
00038306,202.94073701234998,200.2416697824367,187.17639751828418,177.57258259669382,172.76970190256122,168.26896676076856,158.8508658622204,197.31290356630208,190.23779271932202,173.61716234799258,169.35851006169727,157.71226596649362,157.33654127592138,152.56316098584847,145.34751845607107,142.10871555602938,133.77891111840574,154.6515313692405,139.39076327556805,146.05636891744632,132.36047417519336,132.34347539265846,120.35971607145237,118.98465170170824,113.45387533383217,110.27002725549461,87.34860246163653,64.31847920437076,53.16998194244156,58.328001210982094,43.823387975456605,24.07720310278959,37.19649214424437,26.727830671019415,20.121769036935607,31.51590901806875,35.425533562678446,26.892116195203606,41.58281620193948,50.57339676402541,60.69069781761871,67.41339437727567,74.70668786306894,73.58523195887932,81.80372395667447,79.81374257464505,89.47425026228753,93.67320912717221,87.57397121024547,94.15399313594357,96.75392306848951,79.38214162434164,98.23051290933873,109.61973062163133,113.54442633643903,118.5250591100256,121.11115274567139,132.34081595952202,132.70348893561285,135.58265697064667,137.28627868380713,149.02414805372644,148.10463337549737,153.17841769197574,163.11625873630982,172.6012620408025,177.3345475838709,186.44093118793435,196.22537825143286,206.83712534026344,223.00830093086043,127.22928373872854,122.35286480740184,121.91613188318848,109.93722686769392,109.17500507985676,101.65948367940923,98.71224644002707,90.04467669892296,76.27830978352132,48.06528303083818,35.80584508094201,29.98120426291178,26.78517591871184,8.501533548810814,19.00068420351053,0.0,12.015534153342207,8.552800779418483,16.982484094553524,24.758499494194126,41.97955176912859,55.630778892421844,64.892352236764,81.57078431895907,87.85627709200735,107.45440612632883,137.3940092255709,125.8615987154473,133.90972494222717,143.08545335894925,126.11863281182154,161.2679340301424,142.551994503979,207.75948256820658,203.8969479033662,209.57516270278091,212.45520671707519,228.52868820628103,231.07621942058267,156.9585357306558,163.64321519417345,147.41733072976015,156.53592148667872,171.18149546443217,189.46412144822872,186.16376492690077,195.1771100082989,143.8725765581358,160.87464920778473,170.07920535451393,153.7220402954542,176.8111363168267,173.84457439840088
00038308,206.96320286899243,203.6518686611523,190.74926633204487,180.1233280121795,175.79585165833188,171.78991261820414,161.22440008497227,201.68140780829913,194.50672354427869,177.90347773473454,170.3287651861765,159.19661069631823,157.90378473895876,151.70566449767543,145.94553021408043,140.3172149136607,133.4232162769808,159.36823630610732,143.58975087475616,152.42648284403734,137.81257506131593,138.81728889472325,124.59805891452642,125.56817444181746,119.14421412509618,117.42049250910158,94.56768618922189,71.38368080046375,61.27532443562875,68.1350571690081,53.1145984657743,33.79325860542516,48.41603002619357,37.958289781139314,31.96344936929086,43.38808959763185,46.086410727251234,33.44597658872942,48.05468972777322,54.71710582587721,61.94279643245516,69.89829910722099,77.22426800523812,73.70721965141004,86.22695172065897,80.81872087307245,92.92638192266311,95.27280250964469,87.5152092700225,93.34796825978671,97.37624530992083,76.56487053449212,95.2442984052779,106.96588117097045,109.69558416865546,113.59818744009398,118.72850334477788,128.52135181071264,130.54678293355934,135.0688992478589,135.73500026521606,147.61066326809743,148.02356157560325,152.55539042941845,160.95872249423152,171.4102886364052,176.8253188029688,184.5840360780875,195.2068277878499,206.57576704329645,222.8956847036489,128.48198515437426,122.92849806749257,124.36255788645711,112.62844468827498,113.83569455765316,105.99799067165719,101.75893717885577,94.90073214348523,82.76508157010294,54.80857303826901,43.663795429528854,32.30534311165181,33.90846343282528,18.98219165856117,18.953017984723306,12.015534153342207,0.0,19.083294797344575,12.008672429321201,24.728420775237336,43.742089034977354,54.35194048872718,60.257040751213374,76.97003326271518,81.80677467242646,101.71569388588419,131.44828277828134,116.8218124714297,125.46118580859657,134.12259010175316,118.90372292607731,151.92016762830065,134.65748787831734,205.1752146446133,202.243694871438,208.9371744306314,211.22865113176798,228.10367536587123,230.80397654511688,151.27726904546708,157.2628981846919,144.4707325363155,151.82473439469945,168.67871189244855,184.01170744320189,183.15268569682664,193.01432573920567,136.54466645073938,152.42457416626382,161.19328729238396,146.89843716116837,168.55651937335463,166.6344195643321
00038315,206.90007668062947,204.60560872955608,191.45990083736464,182.50636739205035,177.4271154441317,172.62664643152596,163.93037798998225,201.0471719813691,194.053713673402,177.45678042784732,175.18292731214456,163.29086954348912,163.38926482533088,159.28519925982076,151.4128084358187,149.23251707140133,140.32261678981374,158.24279975052016,143.38827094938702,148.4205115492461,135.4953108215148,134.67473656349293,124.40881680533383,121.28714780027637,116.49909257013564,112.1342134607406,89.3241910100288,66.72017468767919,54.825904652683846,57.91903908896106,44.441304866836106,25.30213574407026,34.98606519170323,25.046338384282418,13.661435662964768,24.896740713443116,27.15228797256837,19.28304916124635,33.65232683797162,43.52215924311548,54.995309857377514,60.957207110075515,68.160457539165,68.3554601225,74.34397525217952,74.01476882998065,82.3871085184682,87.45130311271157,82.3052868972342,89.27166851018944,91.0323972763244,75.93002875985675,94.7010162597281,105.78747896883236,110.49771620668938,116.2261165507876,117.03709356453179,129.17440460748185,128.4318719947394,130.31096153188147,132.62080782787586,144.23529404546298,142.55032873976327,147.9141789495169,158.74303561072423,167.6175978113719,171.94890977459278,181.8270854702879,191.0948446440612,201.26398677721815,217.33310255443584,133.0165331188631,128.49666884927774,127.07169144931984,115.00613892508319,112.99446797660856,105.74526582739713,103.63571188413134,93.86155787308692,78.99900003768325,51.099610133434915,38.308011409683346,36.48494730802255,30.519641214471754,12.037271143111235,26.910183216178623,8.552800779418483,19.083294797344575,0.0,19.08375431433129,21.737924532528815,36.454177742294945,51.58763139918602,62.955582561474124,79.34474254326008,86.66161111745433,105.84485065771912,135.78233098358365,127.06273778240325,134.48870638695456,144.14043688930465,125.6085452264296,162.6726352031445,142.57584156995603,203.5604754238425,199.12773254152998,204.2068931307635,207.41977673862073,223.01722163979846,225.47810302550423,155.0660762484909,162.28701592621422,143.59966213833968,153.91292291222777,167.00561902366738,187.30726840699302,182.28225836350816,190.7349662490548,143.38382419596098,161.36274723446567,170.97682520198387,152.76503815988195,177.06934489573405,173.15909109197787
00038328,218.20462990362844,215.0955146581421,202.13729906160185,191.789347618989,187.33961224967192,183.18601557977473,172.92265826032957,212.79078696002978,205.65191588986173,189.03466861800987,182.26116891649886,171.05899955285213,169.87131698960872,163.70886556891625,157.9077098569569,152.26281130441134,145.43047893494114,170.31493140156502,154.73364478694432,162.52237901597863,148.40435811948464,148.84159151319705,135.71066206878194,135.51466687802008,129.59735673221323,126.98434682601302,104.06188777771422,80.94505383394062,70.05111372665826,75.2277471831812,60.80435220726239,41.0573459100548,53.40389725302913,43.07994250687251,32.59216617651582,43.46682858091604,42.67271565210994,25.833547591208482,39.42416589617377,44.257611946143065,50.23281626137851,58.502892973760844,65.79567758966166,61.75809857177396,75.5475375012642,68.98441070572684,81.76530261257281,83.5260425046886,75.53430873145122,81.3393863457518,85.45482240688088,64.74154857977817,83.48542318866915,95.14938402027886,98.19311409641924,102.5202293242077,106.87146809462527,117.02774867726595,118.66013119933672,123.06023379013168,123.77534561349022,135.6419247326909,136.02210484202718,140.54785163447792,149.08532433792615,159.4289433502176,164.8171772304923,172.67346932135706,183.2173995262428,194.5673812611557,210.88883930525017,140.364486949876,134.88527705357532,136.02161114648922,124.21729654744432,124.76718707472989,117.05001085473403,113.23938169124753,105.72093121153827,92.71792735237368,64.522580479216,52.57300862711951,43.677629773284345,43.23170354745452,25.48393440890861,30.588643343889476,16.982484094553524,12.008672429321201,19.08375431433129,0.0,13.383888660456464,32.391096050356644,42.343306686280684,48.94126487302978,65.69048563085325,71.28223167503646,91.0369814138837,120.91767308036609,108.97378330722894,116.93424818083875,126.17249756727772,109.2393691767835,144.44506969485855,125.58219848120284,193.39324058327543,190.31115546462027,196.93249546335733,199.25540205609687,216.09559666862347,218.79535191702013,140.60897234819117,147.01637676927885,132.74473418799818,140.68353399605294,156.86903151327834,173.23724825001418,171.45989569133164,181.15142079937908,126.97863017921689,143.89655679140208,153.1443809117395,136.95061218206897,159.82873922631842,156.98388682637147
00038343,227.65130433812723,224.99872774014193,211.92873843415643,202.28273666205934,197.520541064758,193.02478920457585,183.5305897768057,221.96965728687178,214.91498047577812,198.29750793787252,193.6766253087997,182.1919136139114,181.48813070499335,175.9625476401659,169.50290875097627,164.85315360922974,157.45851428999327,179.25583777465394,164.0989025882476,170.0083274826568,156.7693951374486,156.26708753207862,145.0728261193673,142.88182417126345,137.8083312646558,133.82076737612016,110.97825151656815,88.23574509335468,76.50073620672397,79.46447559947083,66.17795542695721,46.93836604939159,56.00960817930263,46.516925345055206,32.408609597970944,41.34265354466341,36.624571695885116,16.535862305433035,27.673165745577396,31.00599162967438,37.249493086073585,45.218526125638704,52.53273025911189,49.40066700396633,62.18479515081144,56.217916841006165,68.40553596530432,70.58046795822294,63.33526202370473,69.62361689564857,72.92380049568378,54.695648602237355,73.5381003846628,84.87451953757969,89.04848164476743,94.52844696192246,96.35266373561673,107.79813912060456,107.95267657572705,111.2131767434145,112.61194371644521,124.38477402398047,123.9393813890334,128.78072936986857,138.37158300725645,148.0292657227644,152.9971684695149,161.7348239313259,171.71414960521267,182.62112275310687,198.86862541828955,151.61396567041598,146.4761332559355,146.5900796483279,134.63928803656626,133.83173754716393,126.37306702049136,123.44622584248035,114.68976139842361,100.41813823415306,72.32228911267599,59.69942754539163,54.32612242613897,51.24342056319348,32.37267758153431,42.003584442584305,24.758499494194126,24.728420775237336,21.737924532528815,13.383888660456464,0.0,19.063993008324537,30.89631003512259,41.223816039078834,57.61994801560121,65.04247188686509,84.12110950627343,114.05140378514719,106.95913279827928,113.7667234690964,123.81856836796568,104.19042290497302,142.6491961035895,121.42574982469746,183.0010764682024,179.22946239050725,185.2017657702195,187.88901348985658,204.248624934714,206.86434769089675,133.33074234138113,140.57885775260232,122.68238990132797,132.31009183948592,146.42316226256347,165.6012145711533,161.42480020644942,170.43731841825357,121.95095790937178,140.50273305521617,150.4367016547472,131.14775314634923,156.01868046325424,151.61918074445273
00038359,243.1452343530152,240.9996475155139,227.8349776876005,218.95547501334846,213.87543479385656,209.02697332603645,200.35928716070345,237.1780627271565,230.23427829745347,213.66083980725162,211.29227055019805,199.5491515101818,199.311974526871,194.36436347290928,187.3233102731129,183.5347620121697,175.68485083798214,194.3280964545746,179.68836756532866,183.49216662229955,171.31079810725709,169.76358574457868,160.7432574839711,156.40654965640832,152.29882618780624,146.82627212663704,124.32283115711775,102.32223361274553,89.98922835064381,90.51146088857146,78.9022676578399,61.07668739479197,66.33606636265108,58.410301870678126,42.37431195969491,47.54178232502609,37.9377878432957,19.98013218915529,18.425895846842124,13.83712149101211,18.711155078897455,26.160284956118254,33.482617992699296,31.90297276268441,43.57336014494026,37.83441265584429,49.38082975272413,51.846891510986346,45.85294374763926,52.88597458364282,54.784821639337366,41.62150461217687,59.8039776613615,70.29737114630407,76.24502645002703,83.45636852382717,81.18514287611072,94.50542292536387,92.3524764408116,93.8697667721475,96.27505232302715,107.83263613483336,106.21039115875752,111.47457121229543,122.53533590223826,131.16826989559576,135.5438721760876,145.47147650569644,154.6427689623619,164.94447941707875,181.076487080042,169.1437195443803,164.33193101871234,163.47782776921193,151.4274070800323,149.25427647766872,142.10843507287726,140.0763587706873,130.15087982901235,114.7338494212786,87.23309779973474,74.34984329510291,71.96030312377636,66.96451397558893,48.359741483420954,60.315760705777784,41.97955176912859,43.742089034977354,36.454177742294945,32.391096050356644,19.063993008324537,0.0,17.33417714151835,34.14100665374305,48.02037381272081,58.05177746731219,75.08846802711341,104.32003915429729,104.66501839046451,109.61165294397054,120.63943491571395,97.45554919343931,139.95283217171522,115.64242946214912,167.4302047528552,162.71307385283936,167.8006003224696,170.96579073510443,186.66908080697277,189.1751221456006,122.67625431034902,131.09269434706815,107.92902976364847,120.01634847194262,130.932483566164,154.0973724764404,146.45031351579013,154.45830696491694,114.85797008367241,135.51631879563723,146.3098621370952,122.73917236357727,150.21752871173794,143.59059072779846
00038372,258.3587156558855,255.82979361698264,242.73858034527507,233.17904219365005,228.3996639944221,223.85041533086275,214.42389035398935,252.5826581653095,245.56393946810007,228.95587039957564,224.38959523564466,213.00254189460992,212.0987625174661,206.04063828831522,200.12326943452115,194.454949300765,187.76873498109978,209.80330366817913,194.8145559969979,199.76477545460367,187.07825602111689,186.0205326244483,175.80287631387563,172.63987538425945,168.07800783159817,163.2497051881065,140.58828408914079,118.22837939702869,106.12012464502578,107.38719461211372,95.27260460607351,76.79305973398023,83.26450721790955,74.91318876126817,59.15314656160477,64.84175483347458,55.17029894808459,37.042975371701004,34.441986156654615,24.577450764677906,13.785688339712088,23.661537113467443,29.356552053440666,20.1566214665594,43.68176401413986,28.393151167462033,45.87242379163972,43.21749422761597,33.42853211326187,38.99826391432276,43.77103215441651,24.594754764030316,43.18688835366393,54.203172032105506,59.321018891599195,66.1822260740307,65.53859850818293,77.80885921251377,77.07784416182739,80.71702535948076,81.73736229681971,93.53641443216249,93.71286129511947,98.21349714759725,107.48565744123869,117.23843316855482,122.47840299227312,130.84071309495255,140.97755738136414,152.22456240623137,168.55154066770368,182.38174542732335,177.09329911359325,177.48302553682814,165.5355536874943,164.4786421110042,157.11050602804028,154.33791559391602,145.33412644680212,130.55485241157552,102.68128187982856,89.89317456849372,85.16513497173537,81.85655818406308,62.97536922499363,72.58265681110312,55.630778892421844,54.35194048872718,51.58763139918602,42.343306686280684,30.89631003512259,17.33417714151835,0.0,18.54999606660279,30.80085010293439,41.35701984681744,57.810393047640794,86.98598545379241,89.15806420979243,93.31585771240853,104.63248955985223,80.47802632691163,124.02644806738073,98.82005496736627,152.16346163589733,148.35269738323868,154.61255868746346,157.0925791782473,173.7568018270897,176.45204524628426,105.39809388174298,113.75863532918568,92.02178705178862,103.03184058596675,115.58642280378787,136.96509885113406,130.72615656423898,139.54680732696573,97.75306049042078,118.83851732942584,129.8531746157193,105.45051938370679,133.29734768051685,126.31960934421227
00038441,267.12703884517725,263.9063302924811,250.99024242816327,240.30174173205302,236.04575798732063,232.03260409768222,221.3735950881535,261.7319943005017,254.5912835972182,237.97476459739838,229.78680261115028,218.9991788185856,217.1034934932518,209.51384248765495,205.22111719350465,196.99650207891162,191.9359780809916,219.24056420144257,203.6716638454337,210.9107476614823,197.19342549511208,197.185581633444,184.65057206134864,183.81342235046063,178.31964165993222,174.91023198845335,152.02610686981848,129.12761622185812,117.6064578057614,120.59217607201296,107.39641078391375,88.0516339214766,96.88031179522982,87.6610199053792,72.85303513710299,80.11832223882661,71.74310018282618,52.117982231960845,52.27546983858268,43.11574550583583,30.699356765922044,39.485827773562406,43.353344057493494,29.55067643784501,58.743038017105356,38.09913762141221,58.450858264102514,51.405861854122165,38.13970371057624,40.07823489702375,48.9286435795068,19.034013510209533,36.05722675019881,47.991988262223785,49.50289080010117,53.64659976097492,59.9276992639764,68.30314476419535,71.8900930471159,79.74528727178051,78.04520443342524,89.95172927289977,93.38706389918917,96.45158448373404,101.95052518104178,113.81116946646702,120.50842321795287,125.80499336759677,137.66264962165627,150.39438726682008,166.8603687690343,188.249371130814,182.30490783777637,184.56246384970132,172.87071786340542,173.6964760816591,165.9912589002435,162.01467800018756,154.63120462926648,141.1620769414731,112.95548639756498,100.56176371949148,92.50168022532849,91.67398605190333,73.0644965447918,79.20889388666497,64.892352236764,60.257040751213374,62.955582561474124,48.94126487302978,41.223816039078834,34.14100665374305,18.54999606660279,0.0,16.74922138499411,24.283676521691454,42.90228055281671,72.82768442394169,70.78002018672923,75.47110260175602,86.53878685925785,63.824680469194064,105.8838242475128,81.739770985741,145.5041162320392,143.63691709714362,151.97015205646696,153.20693373806267,171.38455558804654,174.36656919561244,92.17021149557667,99.37601779015131,84.70835568873125,91.75407967641524,109.21626473493805,124.58489691424683,123.21173252623838,133.80613296907,81.44750953412996,101.47482681002892,112.18141227291696,90.1375536626435,116.383600508652,110.7686694455202
00038456,283.87117401728193,280.6210150542907,267.7163785232352,256.9409661403682,252.73494591397144,248.75769807335962,238.0004822103973,278.4811929491927,271.33997267688625,254.7236577672638,246.1779368670832,235.49952608846942,233.42844947921878,225.4910619342873,221.57460866403957,212.72997511255426,208.10701625498774,235.98603388067156,220.42005541819594,227.52572610233378,213.90686553776038,213.79349100883928,201.39944917202646,200.41504416654962,195.01950025606493,191.4308398946162,168.57079162829902,145.73401728532235,134.11145289461078,136.68665733480327,123.75992147889899,104.54654114935325,112.79397745999819,103.8253492885084,88.66222389958436,95.23535280018824,85.9422912059638,67.21623004083264,65.08987723628222,54.08763511380483,38.755654540768425,44.967513514010484,46.280905686110685,31.102654804430387,61.47621235265455,37.687381821122244,58.29756686981108,47.54039129898367,33.1737693008395,31.50122251350764,42.60132492799681,12.337941423987784,21.451951034311428,33.06912800173515,33.011690915921804,36.961099153474834,44.856457435636344,51.72298509287331,56.734123181282484,66.7362691884665,63.507021940585055,75.26273061006847,80.46536758566539,82.62639892706218,86.28481178882811,98.93426463665013,106.28522530091885,110.1819491187594,122.67552700155318,136.03162179752724,152.48483436527235,204.7509634624585,198.7018962144163,201.21867549669938,189.5550259497425,190.44310254222938,182.74047919078305,178.72761011384375,171.3740242951714,157.81218980047973,129.61897591381606,117.16677644633742,109.2346701665878,108.35592707941014,89.68561403522152,95.92296042335386,81.57078431895907,76.97003326271518,79.34474254326008,65.69048563085325,57.61994801560121,48.02037381272081,30.80085010293439,16.74922138499411,0.0,12.358109341111039,27.098775119045246,56.70372065911822,61.318210599798284,63.760485647463604,75.52078828330198,49.836828454242756,94.90675236343291,68.34084109217108,129.29749227416627,128.0549833982307,137.2121463340846,137.90840010492428,156.66757916816175,159.77121923329028,75.74035473632384,83.41690217459161,68.5649800820481,75.0122638677275,93.21687764838572,107.9937505779471,106.84582609338942,117.90461490406199,66.97638804376392,88.51247543641746,99.82297699482008,74.74320568473915,102.65447436955745,95.5753760335049
00038457,288.4976275945298,284.8106174196214,272.04905639915614,260.58757090765926,256.72459718716493,253.09761618572242,241.60112059477257,283.36430282151224,276.1600830995077,259.5778651678496,248.77775819481332,238.5150241657825,235.83549267014635,226.98556837836824,224.09343907064763,213.71941217233854,210.1237048176933,241.15543458757583,225.27336440001787,233.80200787884243,219.56744826741192,220.1152209015567,206.31820460203792,206.77877460364155,200.8215253542141,198.1252731711234,175.20470613000168,152.15472677361007,140.94026937732565,144.50601914504742,131.01506015222165,111.48005447704743,120.9530206552352,111.55891728491694,97.0102282520497,104.40194494997337,95.87917200804033,76.39753777212623,75.78155975841992,65.4334336483745,50.64696214344669,57.24542735070998,58.63470796208034,43.45905307301074,73.79517650117249,49.87999408211824,70.33130541554057,58.90713536987022,44.6112810460746,41.66563986898712,53.269398445073136,24.551924419132803,27.659993910408357,37.40720702871498,33.210668417379225,32.96587358809488,48.15648206687487,50.43878253405557,59.39101755233033,72.12569696766015,66.99934191751456,78.24576718390655,85.66792405573783,86.71430843067246,87.25166840485953,101.248865651047,109.52039482656946,110.96826697933506,124.57741194590093,138.82222688583408,155.16150241612274,207.82785215089524,201.4120089408554,205.0546258071544,193.60700899265532,195.63497694990477,187.7632595686962,183.04678821516043,176.70552736608266,163.99566042805063,135.7896712205876,123.66190481239492,114.031166643801,114.4838394810047,96.21501726773144,100.59393491070323,87.85627709200735,81.80677467242646,86.66161111745433,71.28223167503646,65.04247188686509,58.05177746731219,41.35701984681744,24.283676521691454,12.358109341111039,0.0,19.980521808560056,49.66010512199951,49.043577112833006,52.06768953342088,63.61908669160991,39.54546492672562,83.03319232040734,57.59160842739753,128.44991019900405,128.78920654585332,139.39250236392866,139.1460808386769,158.80576477393186,162.08379922121676,69.47542043660827,75.78804935481608,68.60620169784853,70.87227395905164,93.27488456846905,102.24434648636766,105.62019472560358,117.97908526686258,57.16900374148508,77.50780813177234,88.50371477160864,66.10843902041859,92.19030749583128,86.6084916761869
00038469,308.4721462504255,304.7898066654388,292.0295634992503,280.5389678298288,276.6985066539693,273.0780255991632,261.5505022164626,303.3233020659043,296.1233336751039,279.53758471543506,268.57205789763134,258.3908696634843,255.5907699408143,246.48199958508334,243.8787803464901,233.04042214720818,229.7916715442256,261.0817473361284,245.2303495372104,253.4937216117884,239.4103060410099,239.78976543108257,226.26735634280595,226.43648078527437,220.6297713778083,217.6655069377694,194.7587638846654,171.7718433765248,160.40096612816222,163.4765509208618,150.2805103469155,130.87230421041218,139.69302953849973,130.5553426669266,115.60015107972625,122.32864855900718,112.98063774921052,94.30099979093491,91.86613132864586,80.35353678437197,64.32711402255369,68.78333910436919,68.20089524042916,53.91254100726508,82.05081206940295,57.909053609077134,76.28990957829342,62.55089141397756,49.71728732982728,43.691445036956,55.20619794813779,35.55281408172286,25.970117715587556,29.427256727532313,19.834217523968288,14.178018910639931,36.64958964688489,32.91441524651883,45.91465088963017,61.87407488177384,54.198784721795754,64.25908518501296,74.53355441464473,73.91766153562384,70.70588903742302,85.87337864906982,95.08480789460634,93.89721138819213,108.44446117441245,123.50501846515088,139.58888859548608,227.72129604188552,221.24568874824251,225.02468147363456,213.58577310590152,215.55137191414343,207.6988911685586,203.02630662743707,196.59715377208119,183.69250889698264,155.47460087869385,143.2340475095284,133.9691025970379,134.16411208292973,115.7442932502516,120.53719304857562,107.45440612632883,101.71569388588419,105.84485065771912,91.0369814138837,84.12110950627343,75.08846802711341,57.810393047640794,42.90228055281671,27.098775119045246,19.980521808560056,0.0,29.95670096651117,43.01714835675957,41.237473054526795,53.44186424480323,24.391862984798625,72.1760596388622,43.02040416259891,109.95599336353193,111.51061929022846,123.41203421587217,122.24364050391752,142.64517502945864,146.08159834229093,49.58066438394083,56.48359878691907,51.6141722316631,51.08412327728282,75.77602384679577,82.29843007501037,87.01509909967167,100.230959550645,40.448743711636006,63.3096625497341,75.16677883986672,47.651828814680684,76.49268084313015,68.50923953864093
00038495,337.9296283004703,334.05024314490566,321.3660236773937,309.53374070991117,305.879918273114,302.4301969644535,290.54030420676935,332.8854305156194,325.6642798357924,309.0985965454785,296.9215504998906,287.0359773272577,283.82837456942724,274.03356459885634,272.2204519078852,260.2037209091612,257.8068140068533,290.7588435652098,274.8081431387718,283.41458136758865,269.226704471402,269.71663251711306,255.8789946496935,256.36846518420083,250.48014736914112,247.61938657587268,224.71078272693345,201.71246036432635,190.35765134476327,193.34314284937844,180.22194737848187,160.8280212720818,169.49128928828188,160.4428843268175,145.36491923570617,151.78194316779096,142.00743887542845,123.82459360945624,120.42757757302691,108.34742718494859,91.93332688913462,94.83096784746697,92.81164487336025,79.99405953416301,104.87706491859589,81.99744383932801,97.30718164395068,82.44009485299631,72.31500513590491,64.59397074965659,74.27177757305637,63.38208496576094,48.38407833531392,44.05542554538479,32.70624027722089,21.880449897902498,42.74240601521035,25.972634825795296,44.71985259665565,63.449346958019916,52.290618097091084,57.76125749005052,72.58661604258789,68.68781941476333,56.70221647330136,73.49920530084114,84.24648448194503,76.51078395538238,92.80057120088105,109.19874992244971,124.1871148042501,256.4583259395683,249.76720736554333,254.18390545301747,242.8629266465593,245.25495265111462,237.35588291934445,232.43236592486727,226.34865537177365,213.60906992707103,185.39426299790816,173.18160561221654,163.63236907469997,164.08385650833344,145.69559417266495,150.18957923859455,137.3940092255709,131.44828277828134,135.78233098358365,120.91767308036609,114.05140378514719,104.32003915429729,86.98598545379241,72.82768442394169,56.70372065911822,49.66010512199951,29.95670096651117,0.0,44.40741946478266,34.82401227115449,44.25328858435365,20.119624954939827,58.28292979639055,27.45997275369891,87.6898312212361,92.75909338455492,107.55095997533023,104.13066103440579,125.79928635315427,129.52473463474212,20.03944058967494,26.77265520574466,39.40714737847269,25.757372648193872,58.390189676327516,52.86473793122205,65.19954126441976,80.58597863429196,19.823599359483918,43.98308116402476,56.22534476005888,20.077576079498126,52.83987096560005,40.57924351608867
00038647,316.2803620890659,311.17329026323534,299.05668217544144,285.45337873190005,282.80541553722816,280.39956903750715,266.62842025301916,312.0585280574222,304.7325463721496,288.47726888004837,270.25526562469,261.6182241499365,256.8985751256338,245.04360491338903,245.79746102951674,230.31727642839695,230.4373129662199,271.33844623066494,254.70176958052036,267.56438436117304,251.63892767422442,254.20878609512744,236.3125839812707,241.2057576544077,233.6570169152483,233.67528864572046,211.0005472814314,187.88733667303035,178.09696167992294,184.18573585305435,169.5743700164386,149.87955020468772,162.0369253001612,151.89880746439724,139.23213165890644,148.17992116547214,141.4027797372747,120.99883846580877,122.97785847031099,113.68239621843585,99.53932247715309,106.27779626229086,107.36358746722452,92.26325248994743,122.23375424424516,98.00806057465589,117.72101498679862,104.75442875174912,91.1711653266971,86.0681834900906,97.79091083712395,73.13245474740577,68.62617887987506,72.07786326214506,61.21393140341434,50.786337823841265,77.25188580400203,66.2744564199124,83.84582042272213,101.79060962313265,92.17194846735886,99.92898742367534,113.09362488335023,110.61431925841626,100.90273305859584,117.6098200777644,128.16090779306688,120.84049344217144,137.1995016137987,153.60382144309412,168.5593355392571,231.8086053136481,224.3269150213641,231.6079385726256,221.1361208311355,226.70436825410084,218.48756567404848,211.69898455931659,208.6392057381575,198.75236102355098,171.3217707143477,160.48535809312204,146.73269728268892,150.71677559159735,134.3203539826376,133.7636690594398,125.8615987154473,116.8218124714297,127.06273778240325,108.97378330722894,106.95913279827928,104.66501839046451,89.15806420979243,70.78002018672923,61.318210599798284,49.043577112833006,43.01714835675957,44.40741946478266,0.0,12.276521334515138,17.315826006074317,25.270243893720323,35.69040848904224,24.553976859088873,130.42918521005873,136.76821570317128,151.91809033182008,148.20601925074496,170.01289763135188,173.77025435492834,58.81843889243831,56.358747058792225,82.86186251019517,69.14556032615018,102.78647873054481,86.72779369544816,108.60146664245939,124.48165734199229,31.706449654042117,36.67636415320822,44.39589385111126,44.182351459656665,53.14200385523012,57.29883925617055
00038665,326.87999940311124,321.96435640637117,309.74582906311997,296.40554791345147,293.59890234655984,291.02287562188394,277.5341168255398,322.51848642343174,315.2022787280782,298.8762811584772,281.5684398543224,272.74487513371014,268.2350530337999,256.6385576485686,257.0511066965814,242.00739306729326,241.80475946002767,281.5076349432226,264.9651869135716,277.07491792873617,261.4459035273994,263.62925637211873,246.44879826739214,250.53254916764223,243.28499694830032,242.74503750892333,219.96157352544574,196.79289805539844,186.63821623781442,192.08977808567866,177.73108414094048,157.98665631280258,169.44619539164742,159.48760262539318,146.1735767021126,154.60183497959434,147.04629397883107,126.96780975697632,127.6388842912588,117.50104985693925,102.51151831590738,108.3561513663672,108.61650770392662,93.8201488318751,122.93731353445662,98.67412165303845,117.49300361398309,103.7717599734975,90.88386744498702,84.9063020243273,96.32519319163808,74.75670807207612,67.15897995132858,68.57808616271659,57.04526406705051,45.66806738888933,71.98977050793496,58.82018572287582,77.14323498495244,95.59407170802588,85.26956523783683,92.02226226894918,106.06640236207458,102.87775298447463,91.47853701077513,108.29491400633887,119.06895119959793,110.46565939589394,127.01723672463392,143.58010665306523,158.21783186520608,242.78170124266913,235.40877249712932,242.25074618736522,231.617907399032,236.63786380272754,228.46048821342015,221.98960649368001,218.37307417156956,207.9044289196201,180.20866912987168,169.03139387900265,156.06811561437183,159.3482886520363,142.4070976373374,142.92169852853652,133.90972494222717,125.46118580859657,134.48870638695456,116.93424818083875,113.7667234690964,109.61165294397054,93.31585771240853,75.47110260175602,63.760485647463604,52.06768953342088,41.237473054526795,34.82401227115449,12.276521334515138,0.0,12.204391317944108,18.53191738089452,31.260755985888977,12.277460407668759,119.01449198337048,125.96448131084955,141.5804112638727,137.4391587475157,159.36681361560952,163.1637487873038,47.27583876187793,44.160213047563396,74.12543619614421,58.360210654173294,92.66208728181738,74.4834918795571,97.51443861341849,113.6199356935273,19.733159284717324,26.976296080375462,36.780845440358156,32.040599731541356,43.14719227764297,45.33039312815291
00038666,333.1110010457931,327.8686363562779,315.83040082608665,302.02087546925577,299.50622111986576,297.22277169598914,283.2428439740079,328.9751160779844,321.6449256489731,305.43199765270543,286.4401985837386,278.0239651831887,273.059502514606,260.81969743636813,262.0674950496436,245.92592806132666,246.57157242392466,288.4057004173269,271.7309837769716,284.82393507338554,268.83393081006653,271.4840792148788,253.40054906836446,258.49454555882306,250.89747413740423,250.98603838057005,228.3155884002159,205.2031580041686,195.39774810887323,201.3981197981497,186.8284671985016,167.12137281219222,179.12553689111826,169.03146409447714,156.1640323974055,164.9202148584753,157.78499101855854,137.5208405368491,138.80782803786826,128.97192339358213,114.2196483614748,120.28213985861592,120.68406469324441,105.82635308820953,135.07856530040223,110.8055607553962,129.69135125204892,115.97354065829991,103.07806982389863,97.10772425226675,108.51186817759823,86.72138317563443,79.3587189935752,80.56554935658166,68.94271988098527,57.40728024206725,83.49324906286664,69.39372506678046,87.98172829779708,106.59311106295529,95.94677716561584,102.00318970822963,116.56732945236578,112.92294181093096,100.08940579682094,116.91357626982222,127.86747235892547,117.71723903894227,134.46292676255263,151.1779372451374,165.3104256828391,248.3775801009542,240.79613614671229,248.43314254891152,238.06341406726773,243.86650417369478,235.6387847592743,228.72725432815216,225.85983684401577,216.05988826060374,188.63749378440542,177.78482603548557,164.03024816668497,168.02170190727014,151.55421068371172,151.07533161687945,143.08545335894925,134.12259010175316,144.14043688930465,126.17249756727772,123.81856836796568,120.63943491571395,104.63248955985223,86.53878685925785,75.52078828330198,63.61908669160991,53.44186424480323,44.25328858435365,17.315826006074317,12.204391317944108,0.0,30.351927306856446,19.415538336996335,17.31714457794409,124.22142650633819,132.42189352815453,148.73659753707088,143.9099204918843,165.96735689740905,169.81929741164672,53.11627084246656,47.2806768893002,83.57463887099898,65.52874244568895,100.40197262465199,76.40484003340937,103.61000490093457,120.03958699919889,25.937086432177267,20.228130094721323,27.080530973024175,36.2043781704603,36.51499819538941,43.88987617439814
00038667,323.77736515122007,319.44691997706263,306.94582912080193,294.4604157150739,291.15644682357794,288.07480772193014,275.4896532668798,319.02629508420836,311.7538416357755,295.27071713296795,280.9329085672537,271.4544258027011,267.72701757963483,257.23647802488665,256.26606316911796,243.0951780645583,241.50483960445544,277.33517446092725,261.09096753238407,271.325636702169,256.43410407285245,257.7209261330126,242.30719761311303,244.4639005862823,237.91856402923838,236.1584969725484,213.24819626812896,190.08939876827074,179.27881013353118,183.52758396107447,169.7142057095923,150.03972790461845,160.1968630860101,150.61954050498653,136.37706658338067,143.9375688124588,135.35405958493476,115.94191526750777,114.8806801497694,103.87246061366527,88.1663717936106,93.05454118872241,92.59203657858326,78.23074673584969,106.3761099312648,82.28276237318875,100.3363918045388,86.25320865700456,73.88703803801934,67.42508794861585,78.5986907086638,59.599871003559635,49.710275774942346,50.224738320812044,38.592836731207875,27.138463049814344,53.48222286908608,41.11405209312517,59.04494938362206,77.32492167317953,67.28390684057644,74.70808866240284,88.17419292917077,85.43884286671643,75.84849286754765,92.48251204614833,102.95700380882006,96.42774613490933,112.55567372805622,128.80517928176698,144.00269522855422,241.07162464473907,234.09206653036605,239.51709900675507,228.46461076366072,232.02528761053307,223.980207307774,218.35588076274115,213.3619569778646,201.64912169137096,173.57541363013445,161.8094914905451,150.5808128209174,152.3756082132058,134.58255715284994,137.1915551967877,126.11863281182154,118.90372292607731,125.6085452264296,109.2393691767835,104.19042290497302,97.45554919343931,80.47802632691163,63.824680469194064,49.836828454242756,39.54546492672562,24.391862984798625,20.119624954939827,25.270243893720323,18.53191738089452,30.351927306856446,0.0,48.264573329520985,18.68615767862869,107.72275327893486,112.83700543967257,127.38621535399304,124.18522042984034,145.78291279702918,149.48581778987378,37.85662678916851,39.7604826549328,57.62608404514203,45.79541303699836,78.19810730928154,69.37606264670674,85.30548702001018,100.68943886743124,17.776748149063184,38.990501954696775,50.7773460856301,28.344693795634694,52.827176931831595,47.75483016863726
00038671,348.0751865787494,342.4631013243062,330.6497585403861,316.3168265902892,314.14618523673784,312.2012036309191,297.68097775279426,344.2002826619937,336.86342992225286,320.79833767252296,299.8776924819763,291.96780853900964,286.46892853559604,273.4698102128377,275.73398543605816,258.29202600696095,259.9787253852708,304.171503813687,287.37853944230994,301.4869050571239,285.1470855460348,288.2692838275797,269.2793239099402,275.4023047922616,267.46699479659156,268.17378595223954,245.64004176313665,222.61533380769026,213.13747444722472,219.58928532088578,204.86731287444422,185.22274651964088,197.62811687136693,187.44667933356163,174.91030555135373,183.8645094733771,176.96138549394462,156.61835211350615,158.1591763993528,148.38339084098885,133.62236845347675,139.60200359510904,139.86440802947376,125.08088839319798,154.11035025430087,129.86874399684618,148.44769506763006,134.49122565253114,121.8932348387481,115.6437622470015,126.86298573203442,106.01141441087572,97.9013521617319,98.16761467352094,86.37814433844706,74.60369104765608,99.88464913854041,84.22912439158081,102.98832684861206,121.7212155184847,110.54957054752377,115.24446483911198,130.62031047966204,126.14994628750216,110.98349500942203,127.55069371657802,138.6801662875122,126.0218633483031,142.85273843521676,159.64160369777625,172.76726412525485,262.7590570966538,254.9548934423558,263.48142648502244,253.4257402622445,260.05373848750224,251.78885962328908,244.42681909395395,242.3449141212767,233.2169157187597,206.09665798958235,195.55018038115125,181.12309760262536,185.73849468287924,169.69571772364986,168.38231227126792,161.2679340301424,151.92016762830065,162.6726352031445,144.44506969485855,142.6491961035895,139.95283217171522,124.02644806738073,105.8838242475128,94.90675236343291,83.03319232040734,72.1760596388622,58.28292979639055,35.69040848904224,31.260755985888977,19.415538336996335,48.264573329520985,0.0,31.35367614623402,129.0396375057902,139.17257979457708,156.46497030407667,150.53065237056217,172.57372852977764,176.48506309823784,61.59632303463534,52.45505540581744,96.20640658000934,75.17477039348019,109.84005805860421,77.45953550236291,110.2952748922639,126.92294740290804,38.473035012478604,17.44068402672219,13.121089437914291,44.385816064762416,27.27911859332548,42.596522409214835
00038674,337.5866600850991,332.8521899758182,320.54231427386264,307.45201088903065,304.4986161391856,301.7651335379643,288.5441016309498,333.09554584224,325.7912946726834,309.40591096778326,292.95439840269944,283.9610066457967,279.6462058276188,268.29028890672254,268.3895096107333,253.74939272261219,253.25251058651077,291.83151916871583,275.38619939580377,286.7871005829039,271.445821580065,273.26791200436855,256.76447849986687,260.0956676805538,253.13396648728647,252.07733513935912,229.2207441981451,206.0360638465616,195.56779171625126,200.42407464177046,186.32999581854267,166.5945965378349,177.38550454692174,167.62217885830145,153.7719443631612,161.6903844632529,153.4538995956912,133.78771066395848,133.25831529114015,122.42318309323548,106.80646826572413,111.73792910045141,111.20391472741072,96.90491754685034,124.83494377176159,100.82668077642663,118.52760795331925,104.22042795282427,92.22915848165607,85.49411904590588,96.39752960982166,78.28148708926834,67.90044871059892,67.15677730917938,55.325299493487925,43.49677058234294,68.53116238773012,53.17126070530372,71.91197331671721,90.63034299866713,79.65695306259849,85.14380312930868,100.04279453596682,96.07762023235283,82.79312616318767,99.611910811755,110.58179235676425,100.51002645551057,117.2263923769391,133.9213955637158,148.1620550913219,253.86854778349067,246.59845743730605,253.03516869964835,242.26162940388926,246.77455421891625,238.64060014705265,232.46601491635252,228.34409997043986,217.35581154739285,189.46536143296703,178.0047379679875,165.77895107235676,168.4234513530066,151.0497074056149,152.51001994269996,142.551994503979,134.65748787831734,142.57584156995603,125.58219848120284,121.42574982469746,115.64242946214912,98.82005496736627,81.739770985741,68.34084109217108,57.59160842739753,43.02040416259891,27.45997275369891,24.553976859088873,12.277460407668759,17.31714457794409,18.68615767862869,31.35367614623402,0.0,107.7819606713183,115.446401688069,131.56633659053935,126.93748431102271,148.96252506790813,152.79817007467733,36.210675611329506,32.01771685544826,66.5035802271683,48.28185331848649,83.10876483720241,62.24951159878792,86.73968028221898,103.06718698750254,8.645179363198382,20.30497323595444,32.20332453291224,20.058367277073124,34.6631531529246,33.589444976795065
00040617,410.4594016290276,407.99113592172955,394.90179527494166,385.13515718639223,380.50197037715674,376.01283391256015,366.298802241812,404.578726239175,397.606202821712,381.01440861092766,375.2613753732625,364.33948122805856,362.60591179683047,354.76804372118596,350.7171105260267,341.8566237357524,337.3911829642162,361.7424219206721,346.93523601057063,350.479721049585,338.7252417236554,336.8007666850386,327.9374137561282,323.5017838200639,319.7153782120659,313.6522864770754,291.4515261651137,269.72915352549364,257.31519855259916,256.5620855126963,246.07067849475138,228.49437345041017,232.56573076526922,225.55555584718377,209.3314117160913,212.1030677206359,199.90978040335395,186.95450768226547,177.86795645218956,164.79436212195944,149.73952554085233,146.8380609281877,141.0532398294396,135.87529074465178,144.77848565549192,132.03848336040548,134.4225731355989,122.20605618948079,122.38736846030763,114.7201593294999,115.87474996466054,128.65568185728247,109.93136124256147,98.25412898041114,96.35393662932609,95.88885994618836,86.65000698810725,78.0709851243757,75.12867321734872,76.88487133038794,71.51710953084921,60.69856477612352,68.98091185965336,61.093755062270795,44.944039403615236,40.968413681873905,44.42245364665675,24.1833140963865,28.594973448271727,40.224712325271526,47.380160472023455,333.60259847422634,327.78239138302456,329.3775836336306,317.5095040145397,316.55477980275907,309.25291779669686,306.3971936570529,297.4195281605277,282.15366041211234,254.60321989602554,241.73997661773083,236.95976994632633,233.9786914317881,215.1173675636318,223.98155601435167,207.75948256820658,205.1752146446133,203.5604754238425,193.39324058327543,183.0010764682024,167.4302047528552,152.16346163589733,145.5041162320392,129.29749227416627,128.44991019900405,109.95599336353193,87.6898312212361,130.42918521005873,119.01449198337048,124.22142650633819,107.72275327893486,129.0396375057902,107.7819606713183,0.0,16.47294375394458,34.09175120168663,24.531871974765473,44.99443793539157,48.89080588396482,71.74012879519438,77.32032264470274,60.79607717806563,61.937879603876176,36.57830754097302,53.55271674022944,22.954881449845377,14.300413686912645,99.42976806074527,111.67841040794508,119.25274461266271,88.03499558023475,106.33616124903583,87.28652482344133
00040620,405.7493647402756,403.71262492075675,390.5443147747136,381.460641002716,376.531292909233,371.73984115798805,362.7465224647164,399.6470680452582,392.7700916326735,376.23293482844514,372.5699363757129,361.31645562912297,360.12322651290395,353.09251603561484,348.17593749864517,340.62856987923533,335.31726265982843,356.77956089439255,342.36142789044595,344.54619785143717,333.47264328233,330.9427204570738,323.440508390079,317.7309176252637,314.4993961446829,307.6740216197174,285.79666973633294,264.56230060944654,252.00361399815395,250.39181352575844,240.6115318226365,223.6746559310368,226.6345518271279,220.1734330092641,203.92777364571091,205.87032323114377,193.38944128683673,181.77632379270358,171.71839313067244,158.79586336820782,144.49879986698832,140.60033270679213,134.36365139789697,130.83788255412043,136.48410345646568,126.09689134269372,126.10070952609885,114.98366932558456,116.99471343865854,109.85814905620416,109.38828601889935,125.84748665380103,107.6001802519878,95.67973110293691,95.78472536555098,97.34061281242485,83.7634201048641,78.68644676666769,71.82809692137052,69.60228003794437,66.61754418190844,54.896369152754914,59.55470310035319,52.47442110725345,41.77257965122946,31.91279657708318,31.698951445433305,17.878022910043057,12.90037666815795,24.085759421824566,33.82291111429778,330.6549966416546,325.1668293850106,325.8090606364016,313.8330330515794,311.9101876584962,304.818135248764,302.57800540505974,292.8330621495393,277.0164331099021,249.8755173104478,236.9823188593156,233.5153738548683,229.64639040772482,210.90881311233315,220.8167762976953,203.8969479033662,202.243694871438,199.12773254152998,190.31115546462027,179.22946239050725,162.71307385283936,148.35269738323868,143.63691709714362,128.0549833982307,128.78920654585332,111.51061929022846,92.75909338455492,136.76821570317128,125.96448131084955,132.42189352815453,112.83700543967257,139.17257979457708,115.446401688069,16.47294375394458,0.0,18.55990364891298,11.491143228165575,33.55546007099538,37.427896797237366,79.30714740079131,86.76190520590829,60.19716760083558,67.64874465443194,35.73804502292374,66.57497633469077,28.930635897073067,12.382536218505109,106.86808696237725,121.73255612757437,130.28458785823872,96.3970001444849,118.09765737798335,98.62389423285674
00040632,409.7484343236884,408.2075442168308,394.9749928089837,386.67495443762374,381.426327686059,376.3052648570777,368.13599581950643,403.40194742399876,396.64877007320956,380.208622131616,378.8721320286243,367.286574732589,366.67447981173666,360.50307209170984,354.692553517101,348.52483420166084,342.3570633006402,360.58986413337425,346.6548270222281,347.24250494073715,337.0053288793541,333.7660467273806,327.8730516330731,320.6968317635526,318.1299283415862,310.42310735846945,289.0078587445041,268.43191664607934,255.761344843509,253.13625359239097,244.25304466594102,228.15205075735568,229.79377559414527,224.02144733438277,207.8591226865063,208.8011039213116,196.06459473475996,186.14774859067728,175.04019686168698,162.44018100258893,149.21516174496108,144.1993854608095,137.5105473760603,135.99586440417536,137.54141783570827,130.2898268735039,127.30062673403096,117.83767807774696,122.00626910455168,115.62788495235105,113.2813132410552,133.49306369494673,116.07605362186914,104.2091682493458,106.18863814140977,109.4207024752268,92.35703798892119,90.57642843639002,80.50110955877354,73.99794795870147,73.92535673510807,62.032678937533056,61.76934122241483,56.42145811736469,52.7417830188755,38.28388878623873,32.258055292527196,31.114799175929374,14.992466322119881,7.004627013017351,16.643378698490753,336.78128062408933,331.6629042762763,331.27314959974024,319.21283712653775,316.20878411865044,309.37799297620376,307.83509103342647,297.2608425023723,280.86915418108333,254.31815227431787,241.4557928777065,239.4698590600597,234.64173933507436,216.15652660019458,227.14370681742136,209.57516270278091,208.9371744306314,204.2068931307635,196.93249546335733,185.2017657702195,167.8006003224696,154.61255868746346,151.97015205646696,137.2121463340846,139.39250236392866,123.41203421587217,107.55095997533023,151.91809033182008,141.5804112638727,148.73659753707088,127.38621535399304,156.46497030407667,131.56633659053935,34.09175120168663,18.55990364891298,0.0,10.663021789641537,19.45759114801133,22.702078071368653,95.75534772218235,104.01679942699526,71.8769621748967,83.3275553842071,49.18873488813799,85.04113676412929,46.354919979016564,29.88574054586388,122.93054876532801,139.0527098936564,147.99926997396634,113.05416444259438,136.1173366338139,116.55733477665827
00040636,413.6559858851222,411.8436264118593,398.6431113830575,389.90430117665665,384.83349467474056,379.89402634208625,371.26107339999555,407.43978514682556,400.6181424668283,384.1210299007177,381.4740575448816,370.0786425355767,369.12669559473426,362.43865342971145,357.1617754777404,350.1590984150557,344.51139895071486,364.58567127297266,350.38384063963514,351.8228335114915,341.14185175386183,338.27538081933744,331.51904077618684,325.12652004930675,322.20683196355486,314.9615237113902,293.29422841226267,272.356251362091,259.7381279794565,257.6460941581028,248.28434136754737,231.71888954341983,234.06984946340407,227.9266324450726,211.70498784817667,213.17825816075393,200.56128144339542,189.7317854368291,179.1729366907288,166.3832179137554,152.55533266786983,148.13349054237955,141.6686997243341,139.06498995680167,142.76006117697682,133.87455302967282,132.42362590316128,122.0961651099923,125.12191533300556,118.30123853919562,116.97826160440032,135.11732564924398,117.15413496151903,105.21981211759437,106.01101679263921,108.10113984071484,93.28456468809783,89.34568642748165,81.32265385946353,77.22354992111079,75.51957337830612,63.621122066927406,66.01660526806553,59.700066985394976,51.89684272129518,39.8597477977158,36.659971534549065,28.351921094998623,16.516696759309067,17.608064288694536,23.0376261957064,339.4733508291254,334.13692416745374,334.3439728400357,322.32700833325674,319.9235810397528,312.9464904075974,311.0140694655384,300.8966246432976,284.8094447067243,257.92254350557016,245.03468530932764,242.21497575227104,237.92702260958188,219.2858784544009,229.66440823303182,212.45520671707519,211.22865113176798,207.41977673862073,199.25540205609687,187.88901348985658,170.96579073510443,157.0925791782473,153.20693373806267,137.90840010492428,139.1460808386769,122.24364050391752,104.13066103440579,148.20601925074496,137.4391587475157,143.9099204918843,124.18522042984034,150.53065237056217,126.93748431102271,24.531871974765473,11.491143228165575,10.663021789641537,0.0,22.087571077730072,25.977328182068526,90.79621208687522,98.15535218999493,70.7161715501677,79.10798912112773,46.63128293823055,77.12701782597904,40.376956487072256,23.872661762329983,118.3583443908433,133.0901190306915,141.49696660971935,107.87196188442746,129.13965714498698,109.74178186611535
00040714,428.06280237963375,426.6915696768693,413.4437566468282,405.3904071620094,400.04891851876886,394.82686060058836,386.9089106746474,421.6318221331316,414.92679953250087,398.5297390240494,397.8745230287355,386.21303309045345,385.73654235678924,379.7326207210276,373.7508302716128,367.8314476391262,361.52521095379893,378.86382274946857,365.1037492826643,365.0991276625842,355.1947140617174,351.68535512549255,346.3792971792563,338.68418177700534,336.3695572196718,328.3341357429415,307.1200821868802,286.8011839066157,274.1065843463798,271.11388022336746,262.5726188850985,246.76206336260287,247.9631953896244,242.4387008329969,226.32854631386834,226.92404753658394,214.1195242334954,204.78935757942583,193.37579495595887,180.9132886106183,168.02863280688095,162.7122004142031,155.90492966581027,154.9487497513337,155.16123117930275,149.01983468460338,145.03772069996361,136.22638173195799,140.96475331093012,134.75860315488646,131.99733184383487,152.86086010494654,135.51679012467014,123.65761483595861,125.59673897939373,128.60131039861778,111.81172637766473,109.76015014495093,99.95869861048114,93.05375736932216,93.34693276144583,81.4684522414397,80.4673106351421,75.55112225942003,71.93943502540097,57.74147501287014,51.27849855675567,49.4033528651698,34.24985194854907,21.819716065482677,7.951185076857467,355.75728998935705,350.72468624036395,350.083521515589,338.006598072587,334.6795085568291,327.9372557224131,326.6015619792353,315.78742601056473,299.220035814691,272.8879563345626,260.04890191966314,258.46038777074835,253.39383699572446,234.99637494620984,246.22494394216355,228.52868820628103,228.10367536587123,223.01722163979846,216.09559666862347,204.248624934714,186.66908080697277,173.7568018270897,171.38455558804654,156.66757916816175,158.80576477393186,142.64517502945864,125.79928635315427,170.01289763135188,159.36681361560952,165.96735689740905,145.78291279702918,172.57372852977764,148.96252506790813,44.99443793539157,33.55546007099538,19.45759114801133,22.087571077730072,0.0,3.9268918627744505,112.85109054536015,120.22531894861567,91.04722764776601,101.00826360834452,67.74800078804478,98.45460481689979,62.46443011764024,45.93303343766058,140.3701475528586,155.13458525491095,163.41522723610572,129.95220354718722,150.88930304945188,131.5837941431637
00040715,430.2304759026705,428.94430858853764,415.68978252279527,407.77034004079326,402.37745309372724,397.10194630526564,389.3237064554373,423.7595510340318,417.0781280762339,400.7035125566397,400.4342479735408,388.7226932648663,388.33954760016326,382.4721716539099,376.3519177422309,370.64863898304463,364.2123390609544,381.01700048341127,367.3445610215835,367.0658413218553,357.3109895271867,353.6810387387424,348.6516827308237,340.71159637713595,338.51201439022975,330.3300497013343,309.20864160455477,289.0141296465508,276.31046994904364,273.15061653784215,264.76678934357375,249.10576174673233,250.09124634456174,244.68518070729246,228.60535960017856,229.0376896233498,216.20783847085988,207.16152621377998,195.5996842578473,183.20881568463858,170.50972949495457,165.0366070039202,158.17636088922612,157.51924679289252,157.10536887182988,151.46424621046248,147.03673034453837,138.50982502913425,143.54593727182757,137.4591897649202,134.4457667253192,155.77569511976418,138.56394454888158,126.73209222969214,128.8835360878466,132.0656411301859,114.91841236687927,113.2207672309845,103.10408270839002,95.7355582092656,96.3657396106365,84.52331219069507,82.97195365424051,78.30570138378606,75.38509871816335,60.905657478182235,54.03149333186535,53.07044254099232,37.637663131269946,24.243622208223375,8.540738375037726,358.30223932421796,353.3301159378034,352.5240138417538,340.43847999392966,336.9351989943479,330.2396998417526,329.0187357746064,318.0745055532456,301.4217257457189,275.20487618792396,262.3806972961057,261.02670059823674,255.8142054727261,237.47187903738455,248.85674476707072,231.07621942058267,230.80397654511688,225.47810302550423,218.79535191702013,206.86434769089675,189.1751221456006,176.45204524628426,174.36656919561244,159.77121923329028,162.08379922121676,146.08159834229093,129.52473463474212,173.77025435492834,163.1637487873038,169.81929741164672,149.48581778987378,176.48506309823784,152.79817007467733,48.89080588396482,37.427896797237366,22.702078071368653,25.977328182068526,3.9268918627744505,0.0,116.70371125611756,124.1278444618129,94.51138987018417,104.8035400838949,71.38900320083708,102.36856014364596,66.34886465356189,49.79808728508693,144.20037889461045,159.04546671012685,167.33989096084238,133.82231177218094,154.8158928992772,135.5103573558352
00044527,357.89468399049133,354.05888364394974,341.3604502946786,329.56877404764197,325.8989213263664,322.4206773363861,310.57526889500934,352.8142277034535,345.60111738922546,329.0271222640877,316.938401863034,307.07236585609087,303.8351790687956,293.942814162798,292.23815425389387,280.04226563529306,277.7903528979371,310.63078682514237,294.72854727488937,303.0147102312701,288.99082179679,289.30123131491365,275.7836774165098,275.9385940787207,270.20552849210964,267.0799724174159,244.1920011070555,221.25861437573124,209.77585028726327,212.37317824422277,199.49429435972658,180.2179107795072,188.3995811389895,179.54974732288747,164.24496231990318,170.218014659378,160.00445580689532,142.41593776104477,138.0931965261605,125.64385754827215,109.1266349093225,110.96147511290637,108.0937565653519,96.4428013723777,118.79891377605121,97.25139780381964,110.3223130592507,95.3253940933794,87.10228660849594,78.90998382115914,87.093241372027,81.20854032762749,64.52279591656888,57.54122848635301,47.79602031474498,39.21990770668698,52.39396635242344,33.68310049968148,49.65248614483087,67.08780157209627,55.248652087653575,56.59733915316954,72.90688640503008,67.09360822960863,49.729542026248154,66.07659600706735,77.22457933811819,64.87685443455486,81.6983403634604,98.47796874279265,112.2824112921196,276.49742431746535,269.7990526892457,274.20374696341185,262.86522165435935,265.1095140871344,257.2371615812754,252.40680367467255,246.16964419052115,233.22525291783637,205.00624543768993,192.70207933581622,183.50538238754686,183.69872861066037,165.20229341264343,170.06669129474588,156.9585357306558,151.27726904546708,155.0660762484909,140.60897234819117,133.33074234138113,122.67625431034902,105.39809388174298,92.17021149557667,75.74035473632384,69.47542043660827,49.58066438394083,20.03944058967494,58.81843889243831,47.27583876187793,53.11627084246656,37.85662678916851,61.59632303463534,36.210675611329506,71.74012879519438,79.30714740079131,95.75534772218235,90.79621208687522,112.85109054536015,116.70371125611756,0.0,12.3315665426798,37.511713638652445,13.80411720876662,48.25540558352535,32.839076850074704,50.53710921132836,66.92463689124067,27.732111199428633,44.57487946243302,55.24414698730617,17.374072581844135,46.90496130443454,29.287165424222632
00044529,363.09889353036476,358.9310336906121,346.3646824113495,334.0746044543103,330.6727397410026,327.46547688963267,315.09448341985086,358.2237749931586,350.9719283631567,334.447982220776,320.687199578759,311.16587895392144,307.48565099761635,296.95253954141845,296.0168182984967,282.74817554647257,281.2649500390131,316.3149431058255,300.2065760103423,309.5267072759926,295.06421561768224,295.85495603426375,281.34620453472337,282.53104351439697,276.40331050399806,273.912931687661,250.9918071018025,227.93132947064225,216.7186832063668,219.95987351697775,206.70634191833767,187.23271870831684,196.16369164974589,187.03578236684996,172.0548167110689,178.54912717978883,168.76572519766594,150.58121840933907,147.13048525716627,134.95364662236355,118.49328964539397,120.97503332812502,118.51892117920859,106.25358605910098,129.78652710391844,107.66384027226002,121.5841519098209,106.5855942016378,97.68169425422734,89.6388693885191,98.34375612478729,90.07444153629314,74.38862656242243,68.41409194533213,57.982989967125384,48.20628368197297,64.14055220912374,45.44583685737207,61.91937597130503,79.41927150355369,67.58007484819204,68.68942161008653,85.06333468089113,79.05389555708544,60.800154024217456,76.69978492337151,87.82823991361288,73.72302690220025,90.52404086950588,107.29501092641395,120.31414990210061,280.744397970736,273.8114534676428,279.00111730159364,267.8513347090425,270.8861453069533,262.9127296442166,257.6113916363786,252.08055822659227,239.729516884373,211.5388689892385,199.44905284793853,189.28251875276484,190.24180876574,172.00115927711553,175.84614465461365,163.64321519417345,157.2628981846919,162.28701592621422,147.01637676927885,140.57885775260232,131.09269434706815,113.75863532918568,99.37601779015131,83.41690217459161,75.78804935481608,56.48359878691907,26.77265520574466,56.358747058792225,44.160213047563396,47.2806768893002,39.7604826549328,52.45505540581744,32.01771685544826,77.32032264470274,86.76190520590829,104.01679942699526,98.15535218999493,120.22531894861567,124.1278444618129,12.3315665426798,0.0,49.71645665643648,25.432863066374594,58.262824370464,30.454583095109378,57.85697382738126,74.4837951946873,24.855868821980167,35.03591200382486,44.591969524362334,12.247236010066654,35.02988295829585,16.95559892169969
00044531,350.3289328647832,347.624859590955,334.58308925003234,324.5331150160899,320.0117135743902,315.66357912324673,305.6655160194761,344.59600697602724,337.5657984073898,320.9532266257327,314.47172060565765,303.58637749796276,301.80989404301505,294.05468765532913,289.9221948939715,281.26197607436103,276.6130807038429,301.82461213989666,286.77707569765715,291.41918603808705,279.06059067695185,277.69216464939507,267.75343069860463,264.3354700389821,260.0531714026726,254.7245817613337,232.25183566154737,210.13756716219407,197.89122034440044,198.06235367151274,186.83049232358763,168.74097519662337,173.90672475737662,166.33026980720348,150.21892040297058,153.9697631516698,142.30344569258685,127.75915176177529,119.98575579504647,106.88668592088325,91.03896821916015,89.67843951125003,84.88659335129795,77.16879053286348,92.07344783831563,74.80764255287019,82.34652719667034,68.08954415077322,64.57371358108978,56.35820563549137,60.47224793622434,68.08266393585073,49.26747119913085,37.82330720106676,35.78229392857701,37.55549621159457,26.816682316842083,18.712938054134668,17.097818019287036,30.65802204806964,19.172441005878614,19.237305304375106,35.40630882130647,30.021440160886833,19.135801530998073,35.10738571705522,45.35266576097882,42.42198153752484,56.88981238968325,72.32355902992828,88.18697469243317,272.8439703566731,266.9915158166782,268.7657725833855,256.94154834466536,256.4769827306849,249.05426059424278,245.89243089121499,237.33161444292844,222.504791317519,194.6985985395683,181.89355885362,176.3769761515364,173.85060196639063,154.96071368218546,163.3211182407343,147.41733072976015,144.4707325363155,143.59966213833968,132.74473418799818,122.68238990132797,107.92902976364847,92.02178705178862,84.70835568873125,68.5649800820481,68.60620169784853,51.6141722316631,39.40714737847269,82.86186251019517,74.12543619614421,83.57463887099898,57.62608404514203,96.20640658000934,66.5035802271683,60.79607717806563,60.19716760083558,71.8769621748967,70.7161715501677,91.04722764776601,94.51138987018417,37.511713638652445,49.71645665643648,0.0,24.665185795084355,24.734481544370023,54.9403027807578,38.7492212494238,49.473785193567196,58.25227758208496,80.22899675775889,91.7302676386959,52.65159571735683,84.36632569212357,66.57420513799735
00044533,358.78774745369066,355.3652999802302,342.5232989050577,331.3536779984515,327.3666927735985,323.5631190641292,312.37585958043786,353.4583144325706,346.3037742893188,329.6919869361187,319.6338369119293,309.3838920510808,306.6668693674907,297.517821006131,294.94429595287,283.98114936084664,280.87515392095054,310.99385844864815,295.38187508616994,302.31430907316377,288.89434415010396,288.5712338063238,276.3700859321675,275.1846410035421,269.9872605466434,266.0212344909813,243.23628410322598,220.5454116035539,208.735231145416,210.4180573687118,198.1199457212974,179.2062173126263,186.28281525031895,177.87708584373178,162.1847671647578,167.3414901717714,156.51150900602602,139.96988320407712,134.29714522645224,121.49198253739206,105.04738130717327,105.68721049450261,102.0437518313756,91.73038127342093,111.45569721979997,91.35362539914115,102.4014405543362,87.54829192180964,81.00118550468378,72.62416429369478,79.43959363826754,78.45039529563601,60.41114508509515,51.48155775936188,43.77463799604128,38.2409315099954,44.0130295573027,26.2990725212195,38.850344782155936,55.070510902337936,43.31733471187028,43.34768373906377,59.77739447272115,53.62848101544943,35.94263329267529,52.38299843720554,63.5212380200736,52.241645033327195,68.9446463413926,85.649315010414,99.94524368684755,278.6895640224344,272.28196421872616,275.74175228155485,264.1996986275313,265.4484094786304,257.7245776298849,253.49864043963316,246.3851423873448,232.69981643942117,204.5411640871217,191.99912241286995,184.12713552281198,183.31375376280067,164.57123209940363,170.75800997872435,156.53592148667872,151.82473439469945,153.91292291222777,140.68353399605294,132.31009183948592,120.01634847194262,103.03184058596675,91.75407967641524,75.0122638677275,70.87227395905164,51.08412327728282,25.757372648193872,69.14556032615018,58.360210654173294,65.52874244568895,45.79541303699836,75.17477039348019,48.28185331848649,61.937879603876176,67.64874465443194,83.3275553842071,79.10798912112773,101.00826360834452,104.8035400838949,13.80411720876662,25.432863066374594,24.665185795084355,0.0,34.95507128867317,34.561907489583675,39.57148328420697,55.34050114566375,39.637363774446605,58.29312825625261,69.04821081882105,30.793302269513468,60.42584425459014,42.08091791697229
00044575,373.8992202211808,371.4130189333107,358.3250031490575,348.57933026055497,343.9280385108072,339.43491900088947,329.75275064495054,368.03990050221455,361.0579368299692,344.462381426042,338.8596504600064,327.8676135475688,326.2533965807553,318.67323923681937,314.34717948391767,305.94334441835224,301.15208699919185,325.2121699206954,310.36973394085373,314.15396024024676,302.2429686558437,300.45845969237007,291.3686519314275,287.1405409015575,283.23115253970565,277.3558283546254,255.07332318650631,233.25143593956736,220.87173363809436,220.3697271058762,209.66750710980205,191.97578102194333,196.31177274144522,189.14746875356252,172.9421985542844,175.988241036308,163.94508670767615,150.53148724172684,141.7835165203994,128.67848558654202,113.38943014394442,110.89297666130861,105.38789113269598,99.4987253740486,110.34122150306966,96.01673589528878,100.12399776216115,87.06502292633799,86.17510215575795,78.35793301208386,80.27103866268946,92.1277905497249,73.46028433203645,61.7197552410368,60.51467415641796,61.603903909862574,50.0740129756811,42.994302615548236,38.585381574283865,42.890503894197145,35.612923080170916,26.08750667896854,38.896299999174936,30.631940271657307,9.27321950475991,19.004017994318318,29.880122149256625,18.36487838824105,34.41315190270741,50.918604443327396,65.81226348046187,297.13963068451847,291.38926688249126,292.82648404592834,280.948303052479,279.99721943135336,272.68218854775085,269.82638384449393,260.8595486832033,245.66629707255748,218.06443139519837,205.2083879222727,200.40711097947025,197.4099825171626,178.54494773164672,187.4571449726953,171.18149546443217,168.67871189244855,167.00561902366738,156.86903151327834,146.42316226256347,130.932483566164,115.58642280378787,109.21626473493805,93.21687764838572,93.27488456846905,75.77602384679577,58.390189676327516,102.78647873054481,92.66208728181738,100.40197262465199,78.19810730928154,109.84005805860421,83.10876483720241,36.57830754097302,35.73804502292374,49.18873488813799,46.63128293823055,67.74800078804478,71.38900320083708,48.25540558352535,58.262824370464,24.734481544370023,34.95507128867317,0.0,49.342793457045175,16.62610280592079,24.739345160229597,74.46975674417966,92.70994697524745,102.83954487708833,65.58106921532699,92.65149885918876,73.1910866754656
00044578,390.71352290411284,386.89726573677297,374.19468293726914,362.3971798518397,358.7378355178161,355.2533987175373,343.40382626739535,385.6077922569606,378.40088712097685,361.82112436965735,349.6488130886633,339.8508274974052,336.5195067297764,326.4176298532988,324.9523133576097,312.38678948892203,310.42157222002754,343.3793350526741,327.5175476732564,335.49511953334735,321.6415519235259,321.7683705430177,308.5613653726002,308.3939834914928,302.82132134087817,299.42092882545774,276.5645235309323,253.70872844243414,242.1007081126782,244.2796008666289,231.67472358721284,212.53631622455862,220.20472084372392,211.5788746902259,196.06277434124152,201.54869408019687,190.89012334841996,173.99264864667296,168.72789598872163,155.97731265725432,139.5053355267556,140.24876723997446,136.54854877509985,126.26250510709094,145.5808265228736,125.8878972330342,136.28270825841747,121.57754855011076,115.52581139651979,107.1401618481532,113.56821265799016,112.47587452413018,94.78094521018559,86.04245471323684,78.02512991582738,71.08356009467624,78.1653549498427,60.85522200623045,71.42261311686214,84.91133296227171,73.96151153325606,69.96262030429223,85.73232880385446,78.0370141078228,56.083816764015445,67.85434898678778,77.94374433423857,58.551384721419,73.90586742734702,89.77162028258441,100.13906081712534,309.2957663065033,302.5589690150452,307.04253020563414,295.7023776919902,297.846378766792,289.9972174975897,285.2325888191551,278.8791099272052,265.7415107106416,237.52912253960122,225.14132139410953,216.26679522631315,216.23439330346653,197.64743171839612,202.83326369771623,189.46412144822872,184.01170744320189,187.30726840699302,173.23724825001418,165.6012145711533,154.0973724764404,136.96509885113406,124.58489691424683,107.9937505779471,102.24434648636766,82.29843007501037,52.86473793122205,86.72779369544816,74.4834918795571,76.40484003340937,69.37606264670674,77.45953550236291,62.24951159878792,53.55271674022944,66.57497633469077,85.04113676412929,77.12701782597904,98.45460481689979,102.36856014364596,32.839076850074704,30.454583095109378,54.9403027807578,34.561907489583675,49.342793457045175,0.0,40.397814378034944,55.50806911011515,55.310396431165586,60.623940624048096,66.62915021742369,42.70179799665096,53.12855953070553,34.880607015588076
00044594,389.06387570300734,386.3739387059983,373.3319600710478,363.24771955132707,358.752302765369,354.4127928409009,344.3688598726534,383.3087552060331,376.28775531348646,359.67762138417913,352.9893425466293,342.1946207983616,340.26804097967863,332.1929734563547,328.4046213125485,319.17742157085473,314.93514519787266,340.52252250521343,325.5131258515835,329.8737781821954,317.6973124407269,316.1598515194124,306.49166505235655,302.8192650264398,298.68641364912867,293.12261204585013,270.7377482596202,248.7408981100795,236.43954089430065,236.26969857081116,225.31293196328588,207.3780351487482,212.16168272224783,204.79688844500794,188.6334687255881,191.9818125744152,180.05662102488185,166.1861285232713,157.82906281466452,144.71311552784897,129.2025148785081,127.06998284081224,121.71349310802378,115.29889105656002,126.9334511578669,112.16809878137093,116.73179753789961,103.57366751341965,102.1952971674859,94.22866162363889,96.66031706234396,106.82949183434306,88.00472112099915,76.5529157793115,73.83935908217056,72.9691518953575,65.2789223114318,55.34647859999967,54.2709889531913,59.502435389275945,52.03277052081599,42.70315421786707,54.72125269969701,46.40362832081622,25.89597000063666,30.20230682753033,38.8145654454116,18.175866720222004,33.84041890760349,50.237709831335295,62.4908627739772,311.44658290652364,305.5081058318028,307.4798360332192,295.6696202558402,295.200233084945,287.79329186276294,284.63322381136186,276.0550133359002,261.1273633235815,233.3805722644306,220.55879943375376,215.1071284945741,212.5738236823735,193.6858511362888,202.02545821513775,186.16376492690077,183.15268569682664,182.28225836350816,171.45989569133164,161.42480020644942,146.45031351579013,130.72615656423898,123.21173252623838,106.84582609338942,105.62019472560358,87.01509909967167,65.19954126441976,108.60146664245939,97.51443861341849,103.61000490093457,85.30548702001018,110.2952748922639,86.73968028221898,22.954881449845377,28.930635897073067,46.354919979016564,40.376956487072256,62.46443011764024,66.34886465356189,50.53710921132836,57.85697382738126,38.7492212494238,39.57148328420697,16.62610280592079,40.397814378034944,0.0,16.627803728535664,78.2104481694133,92.85974648888893,101.64717742680618,67.51449949412874,89.84861322197078,70.25036185915775
00044605,397.5978802870689,395.3060252710584,382.1811777935731,372.7067649002722,367.9424743905205,363.323542218338,353.9208988077725,391.62859046581025,384.6922342825296,368.11874970910264,363.28956728090975,352.20570719602665,350.7336721331446,343.3076989243917,338.8128057519488,330.63370516524816,325.7182963545348,348.7714515526007,334.11500774252045,337.1522092013434,325.6384262397941,323.49598598477246,315.14335629144284,310.22386404285436,306.6371737547998,300.3005609221367,278.2048767170736,256.6524779810875,244.17945939589322,243.12779272263506,232.87603919445195,215.53083938557174,219.19989937258438,212.37823025003914,196.13641679271302,198.62723454540838,186.33697411914576,173.82547097368663,164.39497029072655,151.3584446034093,136.54849610403934,133.30601239745783,127.37903386272168,122.73898632678396,130.72425900075152,118.58042734038895,120.3544665236148,108.3636011194636,109.09842527334928,101.60868734878001,102.22108457487435,116.45653461620311,97.92068872802528,86.08638973201704,85.25262226335582,86.05530269918191,74.28582840710915,67.61489537892254,62.51338661970963,62.92487282098324,58.2302263322254,47.03946163685732,54.697256225280455,46.85884402634822,32.07614020605897,26.668615296076666,30.805018490583585,9.886919181803727,18.795725274743788,34.26764870995125,45.87695131782672,321.4962953958558,315.83483277921204,316.9824639315784,305.06243609582924,303.6975467086623,296.47863078660816,293.88342746624966,284.57949211623037,269.09293030861915,241.68946477900028,228.80804765036774,224.58221362743132,221.21432541425025,202.39272967115326,211.72448023737968,195.1771100082989,193.01432573920567,190.7349662490548,181.15142079937908,170.43731841825357,154.45830696491694,139.54680732696573,133.80613296907,117.90461490406199,117.97908526686258,100.230959550645,80.58597863429196,124.48165734199229,113.6199356935273,120.03958699919889,100.68943886743124,126.92294740290804,103.06718698750254,14.300413686912645,12.382536218505109,29.88574054586388,23.872661762329983,45.93303343766058,49.79808728508693,66.92463689124067,74.4837951946873,49.473785193567196,55.34050114566375,24.739345160229597,55.50806911011515,16.627803728535664,0.0,94.49251899126429,109.4870465349363,118.20710531432614,84.02454193578085,106.23436710120015,86.68545366658856
00044677,340.88671562378454,336.3955275941432,323.9691684530999,311.2283476556244,308.0730086784119,305.13120220389425,292.2800197406834,336.231510877647,328.94627451566294,312.49549392962643,297.2465246434446,287.9970035251216,283.98586892847806,273.0449300237379,272.62111986571966,258.68019647467014,257.667720272064,294.6806153981133,278.36507681360007,288.9410540837166,273.93289054105566,275.35360471504066,259.6320470183873,262.1128062237575,255.46894305700798,253.86010197323841,230.95583082169546,207.7893233407754,197.02557472077277,201.30281248748923,187.4864712445924,167.80717666887827,177.95294927311335,168.39193319968354,154.10601646787615,161.56135693277582,152.7904266197084,133.54058008211985,132.05631390058164,120.74964214352978,104.77528515730293,109.02461481853071,107.95253084631845,94.10217112914458,121.04999914385047,97.36208065609229,114.2285324103181,99.6472932341691,88.31376688620932,81.16584415849384,91.65314174322792,75.99564333996719,63.90739716404451,61.84080534273778,50.049854768436326,38.28740180648818,62.05774795225361,45.79298410311657,64.54336332215624,83.2728678487832,72.07704659418091,77.06737092744989,92.22477912325284,87.99874208009886,74.25276634234703,91.05849396890932,102.0539659628437,91.86868178253818,108.58166389601112,125.27631586252866,139.5302942585535,257.73690757685375,250.6211135786353,256.49154928539843,245.54622031676843,249.4415848051433,241.3665639231383,235.5520659840792,230.84300153663432,219.30652151577817,191.26224137519534,179.5421856272626,168.10054966590928,170.08458912874718,152.34123518291292,154.73709318189879,143.8725765581358,136.54466645073938,143.38382419596098,126.97863017921689,121.95095790937178,114.85797008367241,97.75306049042078,81.44750953412996,66.97638804376392,57.16900374148508,40.448743711636006,19.823599359483918,31.706449654042117,19.733159284717324,25.937086432177267,17.776748149063184,38.473035012478604,8.645179363198382,99.42976806074527,106.86808696237725,122.93054876532801,118.3583443908433,140.3701475528586,144.20037889461045,27.732111199428633,24.855868821980167,58.25227758208496,39.637363774446605,74.46975674417966,55.310396431165586,78.2104481694133,94.49251899126429,0.0,24.658309360340017,36.98717599924833,12.608637897469185,36.11600231182291,30.105369864335156
00044679,352.95489694242843,347.81972942336637,335.72292610111526,322.04859438686793,319.4528641736992,317.0730964492107,303.2437781647515,348.7324954325241,341.40700831135064,325.14540143339053,306.60848154712113,298.12407422304983,293.23270633984623,281.043642481942,282.21220515406515,266.154057888173,266.7491850734215,307.96022533407745,291.34592553684405,303.87895043644,288.1186056287986,290.4633268450474,272.92219145198226,277.3942174016825,270.03897327059536,269.66758236565846,246.90077112935052,223.73782074294928,213.61297346406226,219.0266852428224,204.69746793442823,184.95185198740262,196.29479691074155,186.3807665803388,172.90770775431767,181.1322987536996,173.2140890391191,153.34989486338785,153.27777883988767,142.59802507519518,127.06325776042146,132.0427403024885,131.46683526442615,117.20625477420862,144.98636912399144,121.04701439982858,138.4847705351867,124.032770435289,112.32032409774182,105.4141562189004,116.10662920351324,98.57890859445328,87.93657461852371,86.44413721152891,74.62940936473774,62.823179681924415,86.60152546298191,69.7882066495706,88.40590659803118,107.05493724886996,95.59088679142735,99.41894396392792,115.15591686651513,110.25034429968234,94.21904313910476,110.64847359794497,121.79483684218258,108.68149588748688,125.50322090855165,142.28610378107138,155.33742235668666,268.40211330962256,260.86813800901274,268.28110520187613,257.80992771870103,263.2390449523126,255.0375250574564,248.34603687710438,245.07626167860494,234.80576350556044,207.1540885979138,196.00525153653012,182.910382419061,186.31703182078172,169.37325500031736,169.80783063835491,160.87464920778473,152.42457416626382,161.36274723446567,143.89655679140208,140.50273305521617,135.51631879563723,118.83851732942584,101.47482681002892,88.51247543641746,77.50780813177234,63.3096625497341,43.98308116402476,36.67636415320822,26.976296080375462,20.228130094721323,38.990501954696775,17.44068402672219,20.30497323595444,111.67841040794508,121.73255612757437,139.0527098936564,133.0901190306915,155.13458525491095,159.04546671012685,44.57487946243302,35.03591200382486,80.22899675775889,58.29312825625261,92.70994697524745,60.623940624048096,92.85974648888893,109.4870465349363,24.658309360340017,0.0,12.32886670097632,27.70314823270393,16.465641020382563,26.07382181967175
00044680,359.47024692604134,354.0365394967686,342.11380406133424,328.01901148594754,325.69278930397337,323.58244152529204,309.31618886046846,355.4584807600283,348.124013449387,331.97540314677883,311.9142372988065,303.8106977273975,298.5117766903776,285.756349720379,287.6797346190272,270.65560949300556,272.0139352922014,315.1127826383953,298.3878429877748,311.80979923930295,295.7263989447272,298.49429774004255,280.1439492410467,285.52589892858055,277.8572638112563,278.05347857620626,255.39196870737175,232.2824765552097,222.46726939913532,228.37053889448347,213.84924137552863,194.1306600137272,205.95969622576226,195.919198364806,182.83024754689697,191.35815899658024,183.81479789293536,163.7480619401694,164.24798657662058,153.84022773370822,138.5080401737393,143.7552065746944,143.3675495521626,128.9736087466165,157.03776253668153,133.02157803784164,150.66133714500856,136.26186904994645,124.4186757909983,117.60176694036572,128.36232012397795,110.2038642161894,100.0654806108969,98.75572509115833,86.93554223165775,75.12077925027457,98.89460550088297,81.93356427638756,100.48138416579556,119.07974955911907,107.54029803031453,110.96204527934142,126.86485704843966,121.72471062499031,104.95343882884212,121.14020973510658,132.2861586638793,118.12605613378538,134.86222247224597,151.58223635173687,164.06254255929588,274.4095685665454,266.69842802393833,274.81522847151047,264.5897618628131,270.71557829894823,262.47400860906896,255.39489978504363,252.79370672974096,243.12206412035542,215.7175872619501,204.85337382226433,191.07835997557774,195.09538089813165,178.5570435412455,178.14552972123056,170.07920535451393,161.19328729238396,170.97682520198387,153.1443809117395,150.4367016547472,146.3098621370952,129.8531746157193,112.18141227291696,99.82297699482008,88.50371477160864,75.16677883986672,56.22534476005888,44.39589385111126,36.780845440358156,27.080530973024175,50.7773460856301,13.121089437914291,32.20332453291224,119.25274461266271,130.28458785823872,147.99926997396634,141.49696660971935,163.41522723610572,167.33989096084238,55.24414698730617,44.591969524362334,91.7302676386959,69.04821081882105,102.83954487708833,66.62915021742369,101.64717742680618,118.20710531432614,36.98717599924833,12.32886670097632,0.0,39.0864275465793,14.510607491122448,31.97948856794553
00044690,352.1136881389107,347.79095059889437,335.28985471071906,322.7835811738324,319.49860139672643,316.41719782930755,303.8162349730122,347.3429605739464,340.0741499106512,323.5825715834624,309.11228304523,299.7189726015607,295.8814924869502,285.15444850316914,284.46078316192,270.87335761818053,269.61211231033434,305.59772644287597,289.38761901102595,299.3069751384004,284.58114803824583,285.6714205196456,270.58328162950227,272.3827254049948,266.00824822247773,263.9348754881928,241.01200316030994,217.88977824855627,206.8812450325589,210.61222766606198,197.0837032834708,177.49688741952835,187.0049505966089,177.66465967908584,162.98984438078628,169.94258642150342,160.61839621853738,141.90246766099924,139.35945351392988,127.55440118551704,111.25905099093507,114.57668915851073,112.7600882615677,99.68539936769872,124.94875275439898,101.96982462944037,117.36865695909556,102.4820984024575,92.35865350125981,84.66920280609916,94.29824575307113,82.51075017447418,68.3081929529093,64.07160458961611,52.78360886645762,41.800783616060265,61.89553591884868,43.899970540220195,62.00059935566963,80.39390215692556,68.72533283872191,71.87895750032114,87.79678552743877,82.65948004446533,66.62075006743913,83.16487859052826,94.29514530329568,82.23195069723592,99.05962804322905,115.84314010223034,129.54799013937327,269.36987709654886,262.34961522568557,267.8614971282534,256.80590113875843,260.24794266909595,252.22415872129142,246.67929506848606,241.53401860300434,229.56177118252768,201.42436188718904,189.49904539258546,178.73144507698737,180.1677292202508,162.14078648824102,165.31912135873984,153.7220402954542,146.89843716116837,152.76503815988195,136.95061218206897,131.14775314634923,122.73917236357727,105.45051938370679,90.1375536626435,74.74320568473915,66.10843902041859,47.651828814680684,20.077576079498126,44.182351459656665,32.040599731541356,36.2043781704603,28.344693795634694,44.385816064762416,20.058367277073124,88.03499558023475,96.3970001444849,113.05416444259438,107.87196188442746,129.95220354718722,133.82231177218094,17.374072581844135,12.247236010066654,52.65159571735683,30.793302269513468,65.58106921532699,42.70179799665096,67.51449949412874,84.02454193578085,12.608637897469185,27.70314823270393,39.0864275465793,0.0,33.31992113935521,20.92184185199468
00044696,369.41990466506144,364.274182384243,352.1848749787161,338.4839882077623,335.90785660007367,333.5377532029877,319.686984761461,365.19713327673816,357.8718475257633,341.6077692908699,322.95374952628504,314.5267446449024,309.5719134431194,297.2607729646945,298.58205632416883,282.3143993136238,283.0827325229364,324.4049848561242,307.7993063558129,320.2079975868771,304.5105873960086,306.77114696545084,289.36293993810074,293.6790542330024,286.3959879645306,285.88133448603185,263.0862066710092,239.91247305963924,229.67465530933165,234.84806745405018,220.62831635699615,200.88186070624826,211.93572246063107,202.11043170843723,188.38840194716832,196.35314802127823,188.0694166771052,168.4481592666154,167.70738991113205,156.63614279269925,140.77989450629926,145.14004199060437,144.0191722086623,130.2181505970213,156.92029411692792,133.38588860607925,149.79880342638208,135.04721973678843,124.184075025338,116.8288030758947,126.93754810423385,112.04238963372022,99.82043741528153,96.79304048857293,85.21594717811189,73.72173664589027,95.19131100982756,77.19463884419226,95.0890887517777,113.25964058942392,101.48586146527488,103.49851533460469,119.77246785466339,113.983937093523,95.73540398323007,111.36867547704539,122.44464885931094,106.92097591730561,123.46932498775085,140.05253951230958,151.92015059765504,284.83795355902276,277.2853063100969,284.7456684914726,274.27455977541354,279.6525305814785,271.45693400330066,264.80088207802896,261.4554490504155,251.04918063332283,223.32851911016766,212.0781321796597,199.21039609172453,202.42298866323952,185.31264694496824,186.06883829202533,176.8111363168267,168.55651937335463,177.06934489573405,159.82873922631842,156.01868046325424,150.21752871173794,133.29734768051685,116.383600508652,102.65447436955745,92.19030749583128,76.49268084313015,52.83987096560005,53.14200385523012,43.14719227764297,36.51499819538941,52.827176931831595,27.27911859332548,34.6631531529246,106.33616124903583,118.09765737798335,136.1173366338139,129.13965714498698,150.88930304945188,154.8158928992772,46.90496130443454,35.02988295829585,84.36632569212357,60.42584425459014,92.65149885918876,53.12855953070553,89.84861322197078,106.23436710120015,36.11600231182291,16.465641020382563,14.510607491122448,33.31992113935521,0.0,19.641989081697627
00044702,370.80371763033565,366.20113495044575,353.83042769241507,340.90006117907717,337.86034505269566,335.01801813432155,321.97493691700464,366.2081397405676,358.9160818952467,342.4853375648181,326.5308759607349,317.48933555196334,313.2273375354439,301.86364949616495,301.9567038089097,287.2908284865204,286.83874825001186,324.73168181742153,308.3841018891639,319.04078630716435,304.032672439619,305.44853920772596,289.676528929043,292.20155067611483,285.57417841007776,283.91332360214943,261.0028336480866,237.8441282563656,227.01177850063021,231.05887737905016,217.3742018356318,197.72774048298317,207.56114301488685,198.12053902615355,183.6035963128308,190.7119906179029,181.48987584284902,162.66648875655713,160.2741891772152,148.47423804100148,132.16835366508857,135.36872028704724,133.38456689378415,120.50093744855438,145.24625545060405,122.56275016951001,137.36859659142252,122.40510090720849,112.8098867217889,104.96658477760741,114.17748347406084,103.4300733342335,88.96331422034022,84.02371562477808,73.07619874325718,62.45448376948048,80.57734370250033,61.981069071811426,78.81888051942526,96.37478326803708,84.53555076531183,85.42785896110401,101.84715511500657,95.65340451125392,76.65370206746188,92.00570063205885,103.03865561255172,87.27924510648826,103.83322391095265,120.43126290882091,132.44266551738176,287.3448491813595,280.12040669184967,286.3326295951244,275.46056575529224,279.52155527592146,271.4368848458301,265.53561172153434,260.9403420996679,249.3909187670384,221.32810302389788,209.55636807560253,198.20462170233185,200.13030999176087,182.2985033860712,184.8424508337093,173.84457439840088,166.6344195643321,173.15909109197787,156.98388682637147,151.61918074445273,143.59059072779846,126.31960934421227,110.7686694455202,95.5753760335049,86.6084916761869,68.50923953864093,40.57924351608867,57.29883925617055,45.33039312815291,43.88987617439814,47.75483016863726,42.596522409214835,33.589444976795065,87.28652482344133,98.62389423285674,116.55733477665827,109.74178186611535,131.5837941431637,135.5103573558352,29.287165424222632,16.95559892169969,66.57420513799735,42.08091791697229,73.1910866754656,34.880607015588076,70.25036185915775,86.68545366658856,30.105369864335156,26.07382181967175,31.97948856794553,20.92184185199468,19.641989081697627,0.0
