zettaicode,Summer_1_WTEMP,Summer_2_WTEMP,Summer_1_SALT2,Summer_2_SALT2,Summer_1_DENSITY,Summer_2_DENSITY,Summer_Stratification,Summer_Wind_Speed,Winter_Air_Temp,Spring_1_CHLA,Spring_2_CHLA,Summer_1_CHLA,Summer_2_CHLA,Summer_1_WTEMP_pval,Summer_2_WTEMP_pval,Summer_1_SALT2_pval,Summer_2_SALT2_pval,Summer_1_DENSITY_pval,Summer_2_DENSITY_pval,Summer_Stratification_pval,Summer_Wind_Speed_pval,Winter_Air_Temp_pval,Spring_1_CHLA_pval,Spring_2_CHLA_pval,Summer_1_CHLA_pval,Summer_2_CHLA_pval,Summer_1_WTEMP_n,Summer_2_WTEMP_n,Summer_1_SALT2_n,Summer_2_SALT2_n,Summer_1_DENSITY_n,Summer_2_DENSITY_n,Summer_Stratification_n,Summer_Wind_Speed_n,Winter_Air_Temp_n,Spring_1_CHLA_n,Spring_2_CHLA_n,Summer_1_CHLA_n,Summer_2_CHLA_n
00000122,0.35654578828564254,0.3204689767966171,-0.2730728760679544,-0.2539418139960429,-0.31087596831948144,-0.2848963851866362,0.023251313175780705,-0.20590055128607443,0.1182157069545901,-0.045906597274730905,-0.06359978414248522,-0.03673717682022916,0.04363689074719734,0.023928218309979307,0.0437922540093743,0.08821827705528748,0.11383590259218306,0.050880293105652646,0.07477567935611407,0.8867559651970109,0.2149025424399544,0.46752809649812493,0.7813920625539867,0.7004983056701137,0.8219368984610439,0.7891921550502784,40,40,40,40,40,40,40,38,40,39,39,40,40
00000124,0.38419594756212855,0.215140165919102,-0.29055485347423743,-0.1477477459358167,-0.33182435645329733,-0.16909922406351335,0.33909425304268304,-0.19108068017207047,0.041786177003003064,0.026847466287294404,-0.1243136623031546,-0.11405366637407513,-0.13121561395060394,0.014382245132120637,0.1824685867299455,0.06893863769680288,0.36292012450152233,0.036459149962638854,0.2969021544692298,0.03231560575183682,0.25048200180752933,0.7979427626952722,0.8711196192904604,0.4508419652193884,0.4834547195533348,0.4196300628700013,40,40,40,40,40,40,40,38,40,39,39,40,40
00000125,0.30656111610080966,0.14405365275067444,-0.26314249081939833,-0.1496808604811754,-0.2958975688165957,-0.16010318114309136,0.1438938009739831,-0.34638313758386563,-0.09623543344247379,0.09164157996636085,-0.09510563468785067,0.07830944973177706,-0.1572418082163779,0.05435562647191403,0.37517409364419263,0.10089228261518604,0.3566046705074517,0.06376292041030489,0.3237125402426853,0.375709827452089,0.033141405132806265,0.554708105922046,0.578996484692305,0.5646702296045292,0.6310097505223025,0.33254766964725035,40,40,40,40,40,40,40,38,40,39,39,40,40
00000128,0.38591439830025864,0.09489652268112068,-0.3541757736149428,-0.18051042530638467,-0.38834308269598217,-0.175880213253175,0.4997376983522124,-0.08753441965798578,0.3512612240756109,0.0194482128281721,-0.1091869254363456,0.020953337503998304,-0.2436808190191138,0.01391496076014563,0.5602544079219381,0.024947823198469214,0.2650076512659326,0.013276525143740038,0.2776644476387059,0.0010263811942038915,0.6012679644305579,0.02833219162691491,0.9064531681078538,0.5081829024633973,0.8978860185556805,0.12970970220845965,40,40,40,40,40,40,40,38,39,39,39,40,40
00000129,0.4083489767252513,0.24506472492596454,-0.2882796081988046,-0.23635788147646516,-0.3458028386796975,-0.25595739180023214,0.18566022484597045,-0.12134658948560423,0.3155232279153679,0.19190748931373772,-0.0312339616493246,-0.02056686642943758,-0.07270562184388715,0.00890016425633024,0.12747752400166357,0.07124091440129075,0.1420083746438528,0.02884331735674772,0.11089829850557723,0.25138573241680784,0.46800366742416133,0.04733936526420317,0.2418453938618286,0.8502842941160315,0.8997598134304676,0.6557125521608842,40,40,40,40,40,40,40,38,40,39,39,40,40
00000236,0.4691116913869713,0.33272725222303945,-0.0317717040100992,0.36637842301660145,-0.08082423195177467,0.34792814113614007,0.3859684384134517,0.04358967768565858,0.3323781968593206,-0.056904338117182596,-0.030340407722308713,-0.16501315849471754,-0.08570879737030146,0.001975258083856809,0.03353766084093312,0.8436738202894217,0.018473205702449452,0.6154241176301097,0.025808000822253884,0.012688468589596049,0.7894150773723648,0.03612891595953448,0.7272655976677604,0.8525644130069484,0.3025346356889368,0.5941621643382193,41,41,41,41,41,41,41,40,40,40,40,41,41
00000244,0.42077246542072966,0.2235938846266966,0.2426808501185016,0.4140186448899661,0.20243261083161312,0.3995135921273772,0.19649483802653084,-0.01925331547337701,0.0037388134761246195,-0.04460145770734722,-0.09061607679428176,-0.0451916278602212,-0.39569405471416763,0.00615521402591666,0.15993571321974676,0.1263098518723131,0.007124549729447398,0.204332189753505,0.009659647144325118,0.21820402302383363,0.9086581742290282,0.9817327840080389,0.7903241984793197,0.5884729039343258,0.7790462596661933,0.010443420412754006,41,41,41,41,41,41,41,38,40,38,38,41,41
00000248,0.3659366948479294,0.1516368105338613,0.2590937221254467,0.392897500578534,0.22439409214959571,0.38373248590832554,0.19224542071358092,-0.005849019701780906,0.2672940541808036,-0.27049808981616635,0.05474167668235418,-0.0571618618031685,-0.216807204537541,0.018625703451352102,0.34393926268786496,0.1018872432427835,0.011051181241204421,0.1584070472495752,0.01325898423536484,0.22852215191415925,0.9721980881542013,0.09543427536399031,0.10047739439459956,0.7441045791932214,0.722600187191535,0.17333350204064196,41,41,41,41,41,41,41,38,40,38,38,41,41
00000272,0.21369831532638434,-0.030223275398229058,-0.12386291360911851,0.19183361462743867,-0.14337384333042014,0.20179536440484613,-0.02830777140243495,0.10025113388831905,0.35188314745665183,-0.09113349903637599,-0.0650109361722134,0.3209973139539616,0.05690369451792076,0.17973280057166785,0.8512048576222904,0.44037467864437546,0.22953951465781522,0.3711708222171886,0.2057906566249815,0.8641731064821948,0.5382298154214605,0.028034264404415116,0.5709354571206242,0.6863396533320245,0.04072410077592933,0.7238035964570859,41,41,41,41,41,41,39,40,39,41,41,41,41
00000275,0.14256744889220685,0.1792052183923285,-0.0617166717211332,0.24799789236983907,-0.0848938816202486,0.11220653747201956,-0.02187635142297447,0.2789499090969532,0.28526120731912996,-0.3253009349838402,-0.02218948439520007,-0.16100130556581485,-0.18663339271769766,0.373895439168266,0.262248593132695,0.7014793757492593,0.11796126517654104,0.597686896965809,0.4848870832989754,0.8948351721331311,0.08132016629074841,0.07836108596969342,0.03795430018598677,0.8904736287495102,0.31460330746103005,0.2426533714749079,41,41,41,41,41,41,39,40,39,41,41,41,41
00001210,0.3062636053904604,0.1637838440365729,-0.1780554818246038,0.0669280482345585,-0.2539056998937725,-0.011003769547337172,0.24103477030227918,-0.22412314139013972,0.13866563274907792,0.1407738630127533,-0.016032133626816165,0.06747262100086546,-0.20386072407472447,0.054602086796297834,0.3125657505239469,0.2716699416315631,0.6815651694271451,0.11388906809997935,0.946271954603052,0.13405854327454594,0.17614598064639336,0.39986072054209437,0.39266309265044036,0.922830201098415,0.6791124449677661,0.20704107343340747,40,40,40,40,40,40,40,38,39,39,39,40,40
00001212,0.2614727623205132,0.10059792970935172,-0.30335451957442994,-0.18630491313417002,-0.3386570666103563,-0.1917508781783519,0.13644669571426904,-0.21670293922243103,-0.06139860966248513,0.1287722125492279,0.04516298276332331,0.12470588123130409,-0.08973737628758573,0.10315355454915098,0.5368178944129564,0.05705942993410501,0.24971409907451558,0.03255332438086826,0.23589058963575527,0.4011681537626624,0.19127559877215597,0.7066487254856187,0.44100078659737985,0.787744569216116,0.44326020514037556,0.5818633066873539,40,40,40,40,40,40,40,38,40,38,38,40,40
00001214,0.27467325473940096,0.15941531528728134,-0.29407503577093913,-0.1597393073019153,-0.339921078409017,-0.1778005465038704,0.28790575684322955,-0.06361460085211475,0.037551889809972205,0.23058876551117766,0.23696357996622747,-0.023745090893554276,-0.32429344991078607,0.0862965241700088,0.32582295222694735,0.06549267640626963,0.32482785873711273,0.03186992463429365,0.27236804509364393,0.07162492606447124,0.7043672803117408,0.8180537310716919,0.1636762711337494,0.15201810253857373,0.8843671162723159,0.04119965197652522,40,40,40,40,40,40,40,38,40,38,38,40,40
00001215,0.276822026162244,0.18029701611466384,-0.22308670211840753,-0.17810397708549344,-0.2755109715890569,-0.20190533085974702,0.033809806432241137,-0.10818727668423694,0.08144765115258511,-0.11294435218515345,-0.13555213200894142,-0.06754567361396054,-0.2527954418952456,0.08376748516807811,0.2655824793483165,0.16645233212230712,0.2715372776479331,0.08530360924366452,0.21152468983535105,0.8359235842905194,0.5179330423821317,0.6173446757140997,0.4995847644276258,0.41711219350355655,0.6787836674759646,0.11553271094008741,40,40,40,40,40,40,40,38,40,38,38,40,40
00001222,0.32733493479236286,0.11508545796585079,-0.26617479853889625,-0.199096968387698,-0.3236032787241222,-0.20840003779671534,0.22676356955903496,-0.31028948620158886,0.0486935531791155,0.08755377359101096,0.040651891911453075,-0.30020262165481737,-0.127693903748515,0.03922812835962611,0.4794802803570816,0.09688287822027894,0.21808128017610978,0.041658056952788854,0.196889012369932,0.15939536520367317,0.05796641300922841,0.7654158018342659,0.601187232761786,0.8085291150234833,0.059820704043335844,0.4323243549323571,40,40,40,40,40,40,40,38,40,38,38,40,40
00001230,0.3941352141087031,-0.08702531349226578,-0.2364831781828057,-0.19349188222066332,-0.3078908944983483,-0.1835992197677544,0.21283332286311205,-0.42603493759813893,0.2172969520953751,0.05705272412643951,-0.020681198511599417,-0.30882279779674077,-0.3526999216355682,0.011853478146451222,0.5933704751136795,0.14179096301458619,0.231583217037538,0.05326489435656811,0.2567799647003435,0.18731682549396522,0.007654265640842808,0.17801712096732983,0.7336867467813315,0.9019156419606703,0.05251102388426144,0.025600801520694938,40,40,40,40,40,40,40,38,40,38,38,40,40
00001235,0.35128612539651605,0.33168665422053195,-0.17580441408773123,-0.23948113479936556,-0.23672974350534015,-0.2789408022442429,0.0836096175591163,-0.25026072518212006,0.2683265404773637,-0.01304027705541933,0.1992510341872997,-0.34101910441927197,0.002890208053754992,0.026239567605309752,0.03913249155041372,0.2778748780847305,0.13666189730050315,0.1413638460016451,0.08550030099822371,0.6128276402390238,0.12966934149141657,0.09411278940947974,0.9380638460502528,0.23040884260864747,0.03128588824376111,0.9858784512615181,40,39,40,40,40,39,39,38,40,38,38,40,40
00001238,0.233936372689954,0.1354840979971309,-0.22355096581434739,-0.3020204965956231,-0.26643266898376256,-0.3244031056566715,-0.21279710680691782,-0.3353748879169017,0.2556790767573084,-0.10742650255690504,0.04477105181025901,-0.32295180217624114,-0.27147189017728846,0.14625851966097406,0.4045297989882786,0.1655490494526718,0.05821543540840144,0.09654764104894308,0.041127198672636776,0.18739366066245536,0.03955490301478595,0.11130047465278352,0.5208980173724999,0.789544854980895,0.042094554959055404,0.09017372752033698,40,40,40,40,40,40,40,38,40,38,38,40,40
00001251,0.3186738908099986,0.03879309618546403,-0.282659012532255,-0.16141109521020275,-0.331564674296711,-0.16489649887453092,0.2897480121213794,-0.4132249916489254,-0.05564768110554634,0.0980302988387893,0.045894012769773396,-0.27342238877193514,-0.25855950739031597,0.04505392155431063,0.8121460256920294,0.07718779613024367,0.31972342638974527,0.03661483637503415,0.309244476349859,0.06974825411335994,0.009920476836200046,0.7330651468225163,0.5581941855038287,0.7843895813211003,0.08779577766099553,0.10719124098861493,40,40,40,40,40,40,40,38,40,38,38,40,40
00001311,0.29839665458662545,0.3272443948829249,-0.020537536018817706,0.0860184743482725,-0.06916841118619375,0.006087444593313805,0.17710003304356103,-0.07625407871101683,-0.025186918415450572,-0.005460419965203536,-0.13374744331989613,-0.02594735856697998,-0.16176430548190301,0.061450150731800594,0.039285686094129545,0.8999020431850991,0.5976677568908831,0.6714956662266297,0.9702618836839436,0.27429236260183587,0.6445218738903791,0.8773975420175519,0.9733238380393702,0.41063539370511737,0.8737253279743438,0.31865145812645157,40,40,40,40,40,40,40,39,40,40,40,40,40
00001313,0.20610116759117228,0.3882177812015807,-0.08861575989953693,-0.13867834124199585,-0.12492518430076818,-0.19754866070663607,0.23309066250721117,-0.04288890292792031,-0.050444597657165635,-0.11855918150000073,0.06833174386267982,-0.043668706140825825,0.0497271919463574,0.20198574272515982,0.01330884457114771,0.5866101342231171,0.3934368772755618,0.44245245694700164,0.22175539930842358,0.14776467047363182,0.7954454429119837,0.7572304215946708,0.4662263380767936,0.6752496360001371,0.7890419440669552,0.7605808814324759,40,40,40,40,40,40,40,39,40,40,40,40,40
00001318,0.3557835545168604,0.2788311698568441,-0.04373943665603812,0.11100355716633067,-0.1026926276694315,0.05018693004129768,0.2013616988854814,-0.33239742188567767,0.09323697498327906,-0.14321033310577252,-0.19153961270000858,0.15725487301237095,-0.35204594094582137,0.024252285472997806,0.0814552464289958,0.7887080289148809,0.4953033131772083,0.5283278900442222,0.7584332919464802,0.2127830878097543,0.038688873493521764,0.5671644996666506,0.37800553921898283,0.23641695245465016,0.33250699264719064,0.025894652705069725,40,40,40,40,40,40,40,39,40,40,40,40,40
00001320,0.3707199669599305,0.1810495666888621,-0.1527119622410572,-0.0214169906565021,-0.22528860564279635,-0.047952068419830116,0.23375841533340008,-0.45521942790442693,-0.012563101686203969,0.07549916042431905,0.002810582353922092,0.09266582990952221,-0.17699362422722195,0.018528184279949383,0.26355911515855535,0.34683694004266824,0.8956387302681563,0.16219967658331066,0.7688895746250536,0.14657450877337552,0.003592884097941053,0.9386717280263265,0.6433507685559441,0.9862674648153912,0.5695516876223734,0.27458544663998685,40,40,40,40,40,40,40,39,40,40,40,40,40
00001323,0.2896937781292654,-0.040800517619715954,0.0628195302062845,0.1354613309783213,0.017685785563974273,0.13525546084151363,0.18551712523686315,-0.22916342334553483,0.15328938711175316,-0.16901521403550554,-0.23888907794865147,-0.09146587891361807,-0.3207888919529114,0.07363819000169541,0.8078421827930939,0.7040051424310533,0.41742721423498585,0.914898089987071,0.41814194732004745,0.2716364014489698,0.16636885558859726,0.35150795513871747,0.3036761972522938,0.14861886955670134,0.5797274682030816,0.04956945398582404,39,38,39,38,39,38,37,38,39,39,38,39,38
00001326,0.36051374483104087,0.20524098992121403,0.07510520643027674,0.09314719706836294,0.014047435650846846,0.07220307894884964,0.18785976475628943,-0.128296885940402,0.16621147312017814,-0.10553816982418421,-0.15133039598936965,-0.35865829640389246,-0.24682763068799307,0.022298880426797126,0.2100520109971191,0.6450884369071633,0.5727496295287036,0.9314420132109628,0.662250243455229,0.2521073121364329,0.4363504479903747,0.30534825449412273,0.5169008338148847,0.3577705004724533,0.023048859587277263,0.129814313891406,40,39,40,39,40,39,39,39,40,40,39,40,39
00001352,0.34842551939874733,0.27397700984352374,-0.04746864158917673,0.0916543485502494,-0.1088997514754737,0.06511929939142017,0.19992563752963327,-0.0883417278598802,0.10587421516801554,-0.09413819825968378,-0.21854155615422619,0.0007347982018174951,-0.04685476830326768,0.027572483888043998,0.08712855529091562,0.7711567805399482,0.5737905832087133,0.5035617298755947,0.6897347610881841,0.21613220664863908,0.5927938398859945,0.5155595144274392,0.5634070876622368,0.17548392630070164,0.9964096096607711,0.7740384667196477,40,40,40,40,40,40,40,39,40,40,40,40,40
00001427,0.3194583667828229,0.3361893386521894,-0.004287210787110848,-0.3006075807643851,-0.048774304492776976,-0.33089193426743707,-0.24258042804630303,0.6809225066853574,0.11679644709099338,0.06405722689050893,0.2946526206722634,0.2648018677202182,-0.2045464863548101,0.07470621640613628,0.05993311681342446,0.9814211074045646,0.09457223518001151,0.7909405107072749,0.06433765548800598,0.18098495332133632,0.010402379306200521,0.5243864101442871,0.7413061148474422,0.12074995668795191,0.14301910217724,0.2614469147575703,32,32,32,32,32,32,32,13,32,29,29,32,32
00001431,0.04291927716897892,0.024702162624493908,0.15936083900512601,0.17216392931210153,0.11664427639158713,0.07610055247604233,-0.0924651844047,0.058853081777452,-0.11456452684787868,0.11138106629927846,0.023078857956127047,-0.14833082454644467,0.06660641668591441,0.81253659092867,0.8914638192839616,0.3757037770102904,0.338036852970104,0.517990553270867,0.6738139582730773,0.6087982566285539,0.8415987625493085,0.5255310888957777,0.565145063857248,0.9054083504119611,0.4100463827186418,0.7126638931039158,33,33,33,33,33,33,33,14,33,29,29,33,33
00001432,0.1393614914203806,0.23322355977645645,-0.1432064171163634,-0.261967016345253,-0.1608777397882369,-0.2834544335197303,-0.106885504093404,0.5701579943697777,0.1501726514968515,-0.031990551905709375,-0.07457926170311419,-0.03392148054613528,-0.2662871281313008,0.43923358578828764,0.19148204417084844,0.4265853129182664,0.14082663707530596,0.3711168729860855,0.10992766955727691,0.5538269153031574,0.03326652677526586,0.41200294832134426,0.8716197749323887,0.7060472691363582,0.8513437665023351,0.13415501394315682,33,33,33,33,33,33,33,14,32,28,28,33,33
00001434,0.049997291962171134,0.057364113623581056,-0.20879929215574863,-0.24298250331637272,-0.21138924389326347,-0.24226203807935037,0.11622308063004923,0.34068244525027214,-0.11732397451361175,0.1208188924109315,0.052631234441603045,0.006243650330607219,0.038952926427752936,0.7823092978731843,0.7511777694817805,0.2435660654207767,0.17303087456689825,0.2376350162828912,0.17434816485627103,0.5195133722204229,0.23328229793421457,0.5155377654353496,0.5402626297638711,0.7902506249883037,0.9724909312255209,0.8295950881266022,33,33,33,33,33,33,33,14,33,28,28,33,33
00001439,0.09047125101153389,0.06381400869799375,-0.2239928520198356,-0.26807998438705744,-0.23801063096077532,-0.2700756923413107,0.16264622359078196,0.05491279096434577,-0.37375878921193284,-0.006851394777430037,0.06754589603803639,-0.17662367851470318,-0.049209988639056644,0.6108594084644389,0.7199360961893052,0.2028432974214982,0.12529902249931318,0.17526119454924588,0.12240425771920657,0.3580699623951317,0.8458853705157878,0.029446573258534187,0.9718618415895515,0.7277323588115326,0.3176753788369916,0.7822595625279447,34,34,34,34,34,34,34,15,34,29,29,34,34
00001441,0.10363567445471356,-0.04738193574294022,-0.18589363261153458,-0.24665846865522878,-0.1974359097136969,-0.2396168053744513,-0.17382863428576267,0.2171748973572872,-0.19586412416401178,0.01809064675953001,-0.06600226663660178,-0.21210650601829578,-0.27804030039279887,0.5597145151455133,0.790164475789312,0.2925233057608714,0.15963680274226869,0.2630381541049819,0.172280134044971,0.32551609605292897,0.4368674781418891,0.266933941490077,0.9257897734899626,0.7337286716101876,0.22848019790510118,0.11134562685925081,34,34,34,34,34,34,34,15,34,29,29,34,34
00001446,-0.053260751135166894,-0.09459787433365847,-0.21482056005353628,-0.26667823174963834,-0.20695804449024108,-0.25402898804582735,-0.2760257466263063,0.09782840853981718,-0.2303974709468426,0.05940675101945532,-0.12859939923429878,-0.2095991065658902,0.18815262058554183,0.7648203069295216,0.5946155347506985,0.22244173413168128,0.12736242061880892,0.24023806386049026,0.1471335737011228,0.11406904001267366,0.7287030973282417,0.1898900018822384,0.7595183273337999,0.5061556664768322,0.23415679173929027,0.2865927251233781,34,34,34,34,34,34,34,15,34,29,29,34,34
00002310,0.49151531191335235,0.3930745032545789,0.18739772879130637,0.3770450206578283,0.1512490745728128,0.35244413631055116,0.12479972479003547,0.20698744309982675,0.42436976478940525,-0.04725401988990718,-0.25836087253361584,0.17387208794801123,-0.07510960244331508,0.001100476180792111,0.011011838947235288,0.24069480581296793,0.015097026725192362,0.3451889720632686,0.02382016200586737,0.4368979415717333,0.2000099962595285,0.006349585501930505,0.7721639300392947,0.10747085674747847,0.27694758820409904,0.6406979060790845,41,41,41,41,41,41,41,40,40,40,40,41,41
00002312,0.49725889312820726,0.13099774271035458,0.18299210893705084,0.37290335036782524,0.14455287631825767,0.36508150011890284,0.1933221784806481,-0.010875366242082164,0.19798786848365865,-0.18941535864363163,0.19600624620892912,0.10173252724821806,-0.04837331291030707,0.0009411172692226975,0.414281951043742,0.2521315905718179,0.01634007686856389,0.36720852448445346,0.018923950519019038,0.2320007020081082,0.9468980140834424,0.22070886713246812,0.24175379545949854,0.22545763354682408,0.5267947503221728,0.7639198385285717,41,41,41,41,41,41,40,40,40,40,40,41,41
00002316,0.5526049907177706,0.22439736336629762,0.30871638671228474,0.3720561899288964,0.27628861459970877,0.361748782036426,0.11624406121714634,-0.0283922983388201,0.22971955509800396,-0.17338731515105288,-0.055382933851599064,0.18143497884147705,-0.0205703102359269,0.000179410383752155,0.15840082001805922,0.049543632571451175,0.0166047014101749,0.08035725256470068,0.020124793140310515,0.46920949736830836,0.8619366122319585,0.15388150600794798,0.2846397819531405,0.7342888516819115,0.2562594707756175,0.8984225314536638,41,41,41,41,41,41,41,40,40,40,40,41,41
00002317,0.448301306584806,0.36742462470287496,0.28101098473391195,0.3675381742505826,0.25337407904946846,0.348180687701391,0.04200503151098816,0.04206708964322167,0.1693177686321693,-0.08715138202817235,-0.17218736754098918,-0.11704373526361872,0.06623938697681189,0.0032872510413801247,0.018116208277465837,0.07511534888846139,0.01807781310056506,0.10994973542305263,0.025693310264861918,0.7942770661610905,0.796612943657702,0.29626912027545127,0.5928333612912462,0.2880375463716661,0.4661366856554527,0.68072440115114,41,41,41,41,41,41,41,40,40,40,40,41,41
00002321,0.5139329605598466,0.28442396056992586,0.3265799876320891,0.3707039701418492,0.2957216581129153,0.3593163109092914,0.08066289851015468,0.16585023145420108,0.15531409311001584,-0.2097248744239023,-0.007195335325939148,-0.1946922569076884,0.26091343112315885,0.0005882566216880809,0.07149681542304442,0.03716144614139434,0.017034577314480378,0.060488929710425764,0.021041039424699617,0.6161318366225259,0.3064154728633173,0.33858336126907274,0.1939931717491278,0.9648527675443299,0.22254090832581294,0.09941938503855904,41,41,41,41,41,41,41,40,40,40,40,41,41
00002325,0.48720882153313927,0.11272343506557479,0.34565926589318957,0.36958664527898955,0.3218812979381898,0.36289730513496554,0.04894765081785079,-0.004851644366421923,0.0877872667156183,-0.4688423887409677,-0.044584827552268516,-0.27909915935016166,-0.167308471622936,0.001235239903240119,0.48286489173671165,0.026857581458215755,0.01739682202161211,0.040142132358107756,0.019703942389380284,0.7611983334860051,0.9762970382915223,0.5901274476077184,0.002276936462946685,0.7847198815300519,0.0772042069769267,0.2957647018689958,41,41,41,41,41,41,41,40,40,40,40,41,41
00002329,0.30584729494353974,0.2625930486165284,0.35762338680498995,0.3677905963290398,0.3437803757237677,0.3541475085240323,0.013548362913117439,0.03109956058477701,0.05168419587245596,-0.25166167486680996,-0.15643833824573541,-0.36259978967406215,0.011902895426229645,0.0518112856501785,0.0971824266247108,0.02169911578583759,0.017992705345395692,0.027753335148672096,0.02310430267561667,0.9329985577030203,0.8489175197419236,0.7514515344326461,0.11722956543965626,0.3350551852749532,0.019812245257695975,0.9411207827094245,41,41,41,41,41,41,41,40,40,40,40,41,41
00002331,0.5352948594914368,0.43098002488088877,0.2845656602578123,0.36792675384050866,0.2509582321633618,0.348883818460013,0.270977627859738,0.16814633333226703,0.22068554272092805,-0.28128729607222647,-0.29563565056533453,-0.24456697919705012,-0.12112711283293347,0.00031072974423960743,0.004906963122390263,0.07134960356890373,0.017946938022217813,0.11349709169758532,0.025376222097487022,0.08658897839098417,0.2996724271629243,0.17118089386449392,0.07481715445078833,0.0605673062652365,0.12329920374476365,0.45061468140726046,41,41,41,41,41,41,41,40,40,41,41,41,41
00002337,0.47119321244138423,0.3831865608666978,0.28813903738935365,0.35482206716259507,0.25296344527962455,0.33019527979581675,0.0864712168885587,0.1413516689937398,0.1608183966948981,-0.26569801115218056,-0.2004550450732846,-0.24158428789629868,-0.13836313833198305,0.001873843858142391,0.013401542325851558,0.06771549915985273,0.022825818074160828,0.11054668303672363,0.03499339901823939,0.590872788796417,0.38429044718094674,0.32152730547673464,0.09314919672050996,0.2088819277860329,0.12808528815941256,0.3882924234894203,41,41,41,41,41,41,41,40,40,41,41,41,41
00002343,0.39983605422343715,0.5959643689301106,0.3090319784427858,0.34392836759190976,0.27877656067470147,0.3067675876569455,0.3890611596547656,0.037722407100105534,0.17062618019205286,-0.30128831953068635,-0.23618781502220773,-0.42512309763599365,0.2601224910170817,0.009595847027532169,3.9355409040848534e-05,0.04929915874131883,0.02768189424589239,0.07756111884756822,0.0510749998357916,0.011933840074749218,0.8172415330891811,0.2924973325100665,0.055585492591649695,0.13709521305403544,0.0055931073003046465,0.10048635302284743,41,41,41,41,41,41,41,40,40,41,41,41,41
00002350,0.49959715454132125,0.30696386975934203,0.23866820024323554,0.3802304793075793,0.19990095951358522,0.368167089990633,0.04509370258066027,0.36801402493463486,0.19946014467073162,0.23424239593258978,0.03351534065161004,0.007206469427809533,-0.0821407826617547,0.0008823598718001259,0.050919057573697864,0.13289735953239545,0.014196270443313634,0.2101692500772201,0.017866391679194387,0.7795131272896921,0.0194714967174576,0.21722558319255994,0.14045583598762706,0.8352098001675451,0.9643325377582115,0.6096617143556938,41,41,41,41,41,41,41,40,40,41,41,41,41
00002352,0.5305775733509642,0.34630681056522933,0.2897281867985873,0.3591419093159906,0.24425426653787208,0.340796031309558,0.06664420295655082,0.2621653119921748,0.2647647648459833,-0.4777541249594465,-0.12217902496228679,-0.23224278652249053,-0.4413021327108621,0.00035906946576058196,0.026554479499708558,0.06614708616226368,0.0211080517872806,0.12379459805588207,0.029226896693183197,0.678877687331915,0.10221100343263767,0.09873177518796698,0.0015835908816791955,0.44666216551641713,0.14397311605346472,0.003874456676794582,41,41,41,41,41,41,41,40,40,41,41,41,41
00002353,0.5414277196667817,0.49815937844289115,0.27556918618446097,0.33255967015300836,0.23643081839568772,0.30286636662133365,0.20148026973702649,0.29643069147129486,0.3042614338590217,0.0759569837174579,-0.1389991517471876,-0.3262457912262342,-0.03443296872216073,0.0002566551743174489,0.000918089387720697,0.08118028936328107,0.03363244731511622,0.13667965967676438,0.05425495003950939,0.206514492983616,0.06326384325070131,0.05628405659722678,0.636923947023319,0.38609391842565244,0.037367287221110025,0.8307627112138061,41,41,41,41,41,41,41,40,40,41,41,41,41
00002355,0.2473789944783717,0.06344759490644046,0.3173830732693847,0.36723677342511224,0.30576457404025836,0.3630217167688634,0.04688028788964851,0.1991030981701447,0.24173284243507664,-0.09600227954466617,-0.023460810288360893,-0.38350223828919194,-0.32812032329503343,0.11891106038012525,0.6935097871376674,0.04317541643602276,0.018179878159055692,0.05187788276333239,0.019658801033072118,0.7710076001604295,0.2180668182385658,0.1329008780465005,0.5504499391026195,0.8842397604374829,0.013318951258739163,0.03622466315854936,41,41,41,41,41,41,41,40,40,41,41,41,41
00002357,0.5517913683877467,0.36126591353528015,0.2906513383365571,0.3649705304524731,0.2526983385855111,0.3471545965705707,0.06163209797372168,0.21000075950037883,0.18782041111634046,-0.4498756692309096,-0.17967453846142847,-0.1538078231102411,-0.23295278285906038,0.00018422688522064237,0.020303966070924086,0.0652492722284456,0.01896294336886713,0.11093337903274969,0.026161945120803,0.7018695918294529,0.1933939348396523,0.2458139285297493,0.0031664474745062227,0.26098034902802547,0.336993271775085,0.14271689178974395,41,41,41,41,41,41,41,40,40,41,41,41,41
00002359,0.349333228277102,0.4562265115539106,0.3087087989912098,0.35745780935795624,0.2896765764682894,0.3379058272862899,0.1856413005693624,0.23614363237170305,0.2209742792074589,-0.13583023980838366,0.14823134323625511,-0.45759024913166474,-0.10362233907682894,0.025175262808202252,0.002717697331372962,0.049549522421495316,0.02176439313866503,0.06619756714365578,0.030715044676981575,0.2452115672247993,0.1423807033978314,0.17060723923472024,0.39712030286607086,0.35501025589555535,0.0026289651131632197,0.5191043013359754,41,41,41,41,41,41,41,40,40,41,41,41,41
00002360,0.3668490868976332,0.11435511606351673,0.3434900987367507,0.36703114298793543,0.3239550046759807,0.35897828815051386,-0.020949399602640903,0.2805354923613862,0.3208914170164031,0.03477087127741102,-0.09500452306814257,-0.27650948774059303,-0.3832136568040484,0.018311874992040632,0.47651046742346787,0.02789390573625121,0.018249789761552584,0.03880348043962179,0.021171084175841307,0.8979051086286032,0.0795330479052512,0.04349954535746989,0.8291264419107949,0.5546195467914307,0.0801058814846022,0.013394436165291651,41,41,41,41,41,41,40,40,40,41,41,41,41
00002361,0.17989517223647294,0.07158110889723944,0.3907591099325152,0.361615449463526,0.38443267822654453,0.35579448020268845,-0.06279374083216768,0.10504207621731693,0.26384621017294785,-0.08366762248894914,0.00048656411137980304,-0.3970555831297672,-0.4697902380404897,0.2603855409631892,0.656507945227133,0.011536039365180018,0.020174134470255865,0.01307802903379274,0.022429301915407884,0.6965165167919034,0.5188841497149443,0.09995068796785664,0.6030079294880709,0.9975910478732913,0.010158018629370536,0.0019416794077403625,41,41,41,41,41,41,41,40,40,41,41,41,41
00002366,0.20302971974391995,0.3820287422751709,0.3489664023106887,0.3731698669939291,0.33980312129484613,0.36101213657684617,0.12412665620850033,0.3678470809925556,0.2529238107789058,-0.24321028017067964,-0.00357750217531024,-0.24826250427203325,-0.16799675097509134,0.2029721568088539,0.013708196010588489,0.025339193999403722,0.016257565680660623,0.029731268960068356,0.02039866711661278,0.43939432613052437,0.019530989598516995,0.11534176170658189,0.12545927597144504,0.9822893556532994,0.11755692673598309,0.29375379671527424,41,41,41,41,41,41,41,40,40,41,41,41,41
00002411,0.2891174210788833,-0.03388530819432779,0.3429801120617278,0.4449352396845177,0.31931515639992136,0.4444799889277326,0.16427403044420566,-0.023678346851551194,0.1545527791756259,-0.16059070851012955,-0.013679026478378875,-0.17646719471322253,-0.41994936752072176,0.06674644417559905,0.8334162139234855,0.028142301752196022,0.003559140088069877,0.04185051740543983,0.003597380433657066,0.3047355752795233,0.8877855283215198,0.3409855129304668,0.335472861549907,0.9350363178445662,0.2697290264256858,0.006266884084070926,41,41,41,41,41,41,41,38,40,38,38,41,41
00002415,0.060944782509158774,-0.12892558599621226,0.40652277561724914,0.38882020546508567,0.4107737336385857,0.39292323679969615,-0.14154237186499102,-0.022501111385001982,-0.07552447037194925,-0.3107927820512738,-0.0035062803786450013,-0.28986471194512226,0.03211700200508985,0.7050436009335957,0.42176793661845924,0.00835186672781782,0.011991227169091458,0.0076352958607411895,0.011045453422439516,0.3773760452998455,0.8933317991351823,0.6432391942610909,0.05753963422013878,0.9833316676220982,0.06601369541269464,0.8419962534270161,41,41,41,41,41,41,41,38,40,38,38,41,41
00002418,0.2707605811235535,0.12553585879360862,0.33308080303126364,0.38574217865614135,0.3147624999971347,0.3796042207077876,0.1113904191140632,-0.00321909087914012,0.11720281780648446,-0.25945235134670763,-0.049690942313950465,-0.174080491622064,-0.30071112801974664,0.08685140569841394,0.43417666001947647,0.03333840821187659,0.01274523418610367,0.04502664888863482,0.014369668033257251,0.48808883027271976,0.984696756054619,0.47137815041183506,0.11571486269107044,0.7670268878717148,0.2763632650022605,0.0560786306066657,41,41,41,41,41,41,41,38,40,38,38,41,41
00002423,0.3827092438901085,0.2702194618429697,0.40959373541225785,0.37588696515958053,0.3802619057016674,0.35375715266978053,-0.05488376873767817,0.009349132643522245,0.3290177304911502,-0.21807979281009185,-0.18003853725607788,-0.13883164419124502,-0.05507422683306075,0.013527248927973487,0.0875083495801142,0.007828687258663704,0.015436259083914104,0.014187616085007,0.023266747827256733,0.7332416387699825,0.9555745314553681,0.03817079616972797,0.18840126808085403,0.27941849921113426,0.3866722314207407,0.7323500476775291,41,41,41,41,41,41,41,38,40,38,38,41,41
00002424,0.054583143085257996,-0.2101855875406007,0.40555668192558686,0.3993816688347913,0.40409699615435707,0.4181118523876438,-0.031118182260541694,0.010100786817260912,-0.48430936887085546,-0.4210043619429527,-0.2925232867635327,-0.32312200089264254,-0.4023274067972673,0.7346496605765845,0.19299320926039565,0.008522545573559614,0.00968585308217183,0.008786106843623551,0.007258621659072927,0.8488281017730949,0.9520067749020007,0.001542149199283376,0.008484733336410637,0.07471497435345044,0.03933676751890939,0.009114978586145404,41,40,41,41,41,40,40,38,40,38,38,41,41
00002427,0.38403294452771314,0.09240600749369313,0.3353969093516076,0.3991525020531607,0.3076160947528219,0.39408399423024365,-0.015868927298745433,0.015319222457959962,0.29041676426978336,-0.25028068348496507,-0.0389774940328481,-0.3237673763638767,-0.24277770062681997,0.013181076012894472,0.5655478179888089,0.032057041288515185,0.009731520713862001,0.05040362729292766,0.010789737466110859,0.9215555450007341,0.9272663788075022,0.06907667373754123,0.12963774459019997,0.816277655230489,0.03892308177253325,0.12615393143728668,41,41,41,41,41,41,41,38,40,38,38,41,41
00002428,0.08405600395693733,-0.1980378913682671,0.39667538190850055,0.390336132041507,0.3909747191609362,0.39494863132373154,0.01409295073682846,0.13085510157036762,-0.23907484333274592,-0.46232166697162597,-0.07676546528147679,-0.3116638750106513,-0.21880409080416216,0.6013204331915917,0.2145381970023078,0.010237036462231654,0.011634063167331057,0.011486344109013379,0.010602558228011295,0.9303118423971523,0.4335831580049706,0.13734883562550296,0.003474413261671526,0.6468925729328627,0.04729800712872144,0.16931042501204982,41,41,41,41,41,41,41,38,40,38,38,41,41
00002434,0.31381711877417506,0.3265678752747465,0.3441160691643839,0.31810469971436206,0.31828151967968854,0.2892110650990297,0.014588451446742989,-0.17403213757481822,0.16756913791621977,-0.36171498136252955,-0.1295238405189614,-0.38371822035261244,-0.16141163824032484,0.045710064436546856,0.037168890254917215,0.027591503299408956,0.04267664272124967,0.04255514505735646,0.06665427135879178,0.9278679597446052,0.29603702578299157,0.3013584880593392,0.02565213486583388,0.43831607722094446,0.013262692964556547,0.3133551527568237,41,41,41,41,41,41,41,38,40,38,38,41,41
00002439,0.2125606472643885,0.24931314315610892,0.40562679600335394,0.3738239908160496,0.38866908089632224,0.35454570085543935,-0.041891521472109325,-0.23275029020443505,0.17849227012188185,-0.318516741707667,-0.22192587501453323,-0.19272393821760767,-0.1607458214653415,0.18211620574200318,0.11596181244716541,0.008510058559998384,0.01605654448785227,0.012027339688239774,0.022939572383703737,0.7948210332964102,0.15965320871738056,0.2704765962097117,0.05129830241392495,0.18053414358309847,0.2273438602018103,0.3153820261800682,41,41,41,41,41,41,41,38,40,38,38,41,41
00002440,0.1812383604396529,0.09218366797062807,0.3667228261662197,0.3929284093261953,0.34932910916989846,0.3857165908442104,0.023972080580143933,-0.27716843602807384,0.054034904040457604,-0.26370300853991946,-0.1216719767791824,-0.20904495748131072,-0.2663725219387482,0.25678388543225655,0.5664874808829803,0.018355036979757967,0.011044302537730635,0.025177098691659218,0.012751667399711447,0.881734697096165,0.09204786683646118,0.7405296570481028,0.10965772050826521,0.46680235170545475,0.1896237054354977,0.09229034812741156,41,41,41,41,41,41,41,38,40,38,38,41,41
00002442,0.1409253716772338,0.1455995374677661,0.3606703509186353,0.34927523981906566,0.3434897596913474,0.33470886873566297,0.016846307879606434,-0.17367614471952353,0.269204997237742,-0.3139526757670838,-0.019141715389935768,-0.31576716992362386,-0.38341764399813594,0.3794802636482698,0.36371239224651286,0.02052679473734001,0.025201118477521663,0.027894070267743265,0.03243338715965045,0.9167404847605556,0.2970414606508494,0.0929995728170222,0.05491698680319665,0.9091854269244558,0.04430947026362927,0.013341041260048089,41,41,41,41,41,41,41,38,40,38,38,41,41
00002725,-0.13650812999253742,0.12509151865811546,0.17968631346425082,0.29584997410349456,0.19111317324432586,0.1994223273752915,-0.16906639035963883,-0.08986565208507608,0.09753641877911992,-0.327069147460365,-0.056697116166298675,-0.33622848089536395,-0.12626700815785383,0.3947463374156581,0.43581813380703255,0.26094858193037934,0.060372148666355596,0.23132679548439256,0.21128570230532398,0.30352765845677765,0.5813215266655005,0.5547159634139046,0.036861831736542255,0.7247670043072308,0.03160699344804628,0.43148314680575417,41,41,41,41,41,41,39,40,39,41,41,41,41
00002737,-0.08859421506965245,0.08923720217880035,0.17375750515002675,0.19141295795158708,0.18486421403540249,0.10863005115375533,-0.14872431834618155,-0.13378275126614322,0.2123991378030368,-0.35558801188305944,-0.05858595627520172,-0.36776578216472233,-0.1146146501365764,0.5867014831542937,0.5839779802208466,0.28359683012979575,0.2367328916047838,0.25346005067375244,0.5046254513974917,0.3728525120061851,0.416820334071945,0.19423695144202172,0.022513007903159424,0.7159738937068021,0.0195600167326636,0.4812916959452994,40,40,40,40,40,40,38,39,39,41,41,40,40
00002744,-0.08418829479326678,0.02145312140710775,0.3190256576190579,0.3211764687769116,0.30440164553828003,0.2875232752415636,-0.2158452227487369,-0.013406160898559887,0.022115297735186397,-0.505670640636299,-0.23753857107058746,-0.5062946154368939,-0.2624236359645612,0.6007461047842043,0.8940873417389166,0.042046904598903555,0.04060560292047518,0.05298509158287257,0.06833106913058616,0.18692989627349207,0.9345648245707632,0.893693006240871,0.0007447093531648824,0.13479714821121797,0.0007317148391882347,0.0974062858120743,41,41,41,41,41,41,39,40,39,41,41,41,41
00002750,0.11018974991640704,-0.037420268765004275,-0.04637313521086367,0.34312108082435255,-0.07393670917554625,0.3049678715266812,0.16861462432234403,0.03948859722125048,0.12285117450358285,-0.37608389143292154,-0.2214915432198348,-0.48257715159631,-0.29558554083328054,0.49281906764293,0.8163221215505879,0.773419398472576,0.02807345853409879,0.6459363366645924,0.05252282244690865,0.3048405046292956,0.8088401452969816,0.4562274985724003,0.015378122299370906,0.16400291073453627,0.0013963315467313974,0.060613007293234364,41,41,41,41,41,41,39,40,39,41,41,41,41
00002758,0.1275083695854334,0.09503218725744442,0.014735826908472218,0.41567751510889533,-0.06070653820665338,0.16393125601251066,0.06423330298740286,-0.15150477237529525,0.24509781756555654,-0.3522328886362088,-0.3772036028281678,-0.5255780184848247,-0.40736107617231515,0.4269314289422487,0.5545037388557209,0.9271412073401504,0.006875023431008907,0.7061449641297353,0.30575972948450225,0.7016236449074109,0.35070734694043953,0.13261214154674628,0.02391021545530992,0.015051067584161602,0.0004175760323311678,0.008206153279939198,41,41,41,41,41,41,38,40,39,41,41,41,41
00002811,0.06882841569097065,0.11947305533306272,-0.0026683854236591587,0.33978958623614514,-0.009984248151800757,0.2989995760166317,-0.2804560870283463,0.08071237561982347,-0.02321214824975559,-0.21189559426164886,-0.32833735754398413,-0.33706406101064196,-0.431164633802924,0.6689457852177005,0.4568680414210117,0.9867895314477876,0.0297381937724566,0.9505988358632926,0.05756154447694917,0.07571700881125226,0.6348728711695223,0.8854585297147307,0.1835198741153427,0.03609423812913455,0.031160032603419825,0.004886581606720004,41,41,41,41,41,41,41,37,41,41,41,41,41
00002823,0.10882229275232694,-0.0037557180867939244,-0.006702935076737774,0.10300623298560645,-0.018748252642901676,0.09551172357206753,0.029563042187328865,-0.001315205703936789,0.08155997996454203,0.012911389614619774,-0.07480818891915383,-0.20764044583909413,-0.20953197359525372,0.4982350067261025,0.9814072366671932,0.9668232814905607,0.5216053646111799,0.9073791241494779,0.5524981103067585,0.854420020761676,0.993836009597771,0.6122009874101674,0.9361419841204668,0.6420424650816973,0.19268334829453934,0.18857084725258993,41,41,41,41,41,41,41,37,41,41,41,41,41
00002848,0.2308391715222158,0.06856218592699942,-0.20698464753282797,-0.04456676111678129,-0.2585189939165629,-0.08038488904152448,0.2584381173449747,0.2408100450019347,0.19619302444763603,0.13061718450808735,-0.07350505586236167,0.08523782766741847,-0.15964007829917018,0.1464805259839786,0.6701534339744338,0.19412383949507736,0.782026676859436,0.10267633579516586,0.6173521812766322,0.10278775187216069,0.1510758028354395,0.21892606708751217,0.41565108484226726,0.6478684796217992,0.5961981230451668,0.31876635916625534,41,41,41,41,41,41,41,37,41,41,41,41,41
00003064,0.4337797446400455,-0.14144167598152008,-0.1869753395639514,-0.0462526914831222,-0.3160860327168049,0.009694936019674385,0.31559934725748334,-0.01751876011735279,0.5520946170356203,-0.35332795796704697,-0.2384493979416654,-0.30364906046482787,-0.16652882037436667,0.004605666253709035,0.37771898592446485,0.24177582613143814,0.7739924866220822,0.04408379777599527,0.9520286428255361,0.04442862104804801,0.9145564779423605,0.000182418228784815,0.03193889448514881,0.15524583078739657,0.05360455449605164,0.2980532338879173,41,41,41,41,41,41,41,40,41,37,37,41,41
00003078,0.3429699322933908,-0.2696421196374265,-0.1178007128320456,-0.06235696000510271,-0.21874677633382775,0.04059384812959722,0.24094609640275905,-0.22607240345218543,0.5259215158514359,-0.17640430202810092,-0.13494641226306356,-0.23067642235582375,-0.16620805223147558,0.028147278529578386,0.08821351018805106,0.46323786101380054,0.6985276005034393,0.16942494869570876,0.8010465463637285,0.12912712546936048,0.16070504594164872,0.0004132984882060324,0.29629344043299916,0.4258426232963481,0.14677332387769557,0.2989980847535406,41,41,41,41,41,41,41,40,41,37,37,41,41
00003079,0.34843988121447816,-0.3009619000559994,-0.259666508092231,-0.08976727928812896,-0.3458670958948421,0.050323085161423406,0.3113639537491662,-0.1464018221482038,0.47078132627683766,-0.27497777643832844,-0.4407380814242882,-0.1149883222315233,-0.09017417351552379,0.02557604179077199,0.05586394895662994,0.1011054405552763,0.5767458569825615,0.026759989476726455,0.7546924124880414,0.0475226824989004,0.3673566555321194,0.0018935388334286093,0.09952879341129284,0.006329223093023371,0.4740564189098859,0.5750125765924172,41,41,41,41,41,41,41,40,41,37,37,41,41
00003086,0.43107815309732317,-0.39679323894050395,-0.2687507632612278,-0.17478464380829012,-0.37248039812250966,0.00960558280198338,0.2951090808631716,-0.335082621083048,0.2963369389697066,-0.4562818661094629,-0.37394978179160476,-0.102184754787172,-0.1758627214333361,0.004896120223472585,0.010212486026866854,0.08931083913564611,0.2743949386691989,0.01647174457419602,0.9524702647836288,0.06104892083256987,0.03455133335108211,0.05993059225119573,0.004533526622767062,0.02260769755841253,0.5249493700949552,0.27139924405308913,41,41,41,41,41,41,41,40,41,37,37,41,41
00003089,0.45530054181651713,-0.37348555720754834,-0.25494612539495565,-0.18378639153544404,-0.42465326826194516,-0.029950419387589897,0.3662685627651341,-0.2552932761161619,0.37622944962939564,-0.18293006616705806,-0.45378358064871754,-0.20333071292345442,-0.19640911230894176,0.0027794340140260758,0.016160286102631056,0.10768701684542363,0.25004323687531904,0.005651585233355239,0.8525333099798992,0.01851103432181647,0.11185979767511255,0.01533526955321912,0.2784953751115442,0.004788245056105988,0.20228899269668743,0.21840894162222896,41,41,41,41,41,41,41,40,41,37,37,41,41
00003695,0.026622315237042615,-0.12346779071159887,0.061101248221487,0.1022328992039864,0.058694341258793296,0.1324238182403193,-0.052258722944060615,-0.27106458906763253,0.2510683244955516,-0.46223790307242324,-0.26607432539673953,-0.16765623899737664,0.04659466320449229,0.8687681248843799,0.44184563529108073,0.7043206092379396,0.5247530972787515,0.7154704134578935,0.4091742181973286,0.7455650350874117,0.09067650855606976,0.11333357484723043,0.0026746308543880324,0.09701373708294489,0.2947475463521375,0.7723656472897741,41,41,41,41,41,41,41,40,41,40,40,41,41
00003698,0.0065150355921935535,-0.019200661219739103,-0.2552920894053959,0.10244494345319292,-0.2620549165282456,0.06668458222072718,0.18896231856712248,-0.38986704618277784,0.14128152906150568,-0.5132204685947257,-0.30074899531994004,-0.0381961899628654,0.03580247059575667,0.9677528113690502,0.9051541433787165,0.10719384574634358,0.5238890755919685,0.09789487460201324,0.6786935841343246,0.2367190808084279,0.01288874306660049,0.3782647792833037,0.0007077436771417563,0.059334570550171606,0.8125809053350905,0.8241354280539949,41,41,41,41,41,41,41,40,41,40,40,41,41
00028119,0.07333790132253963,-0.018470099142299568,0.060413380377174725,-0.06495472980241386,0.021519495894890328,-0.04352551272525879,-0.04429917799628251,0.186801885550843,0.22115810466042435,-0.09511463011878986,-0.02328784997838161,-0.03005050985925098,-0.02121594147860693,0.6486173011539715,0.9087474526944224,0.7075009950862332,0.6865969740856511,0.8937615201485887,0.7869999227017234,0.7833039077120713,0.2614471706111616,0.1646547996946425,0.559349163920878,0.8865791695695651,0.8520459532395538,0.8952517594908919,41,41,41,41,41,41,41,38,41,40,40,41,41
00028129,-0.17440290459139188,0.25189096221493806,-0.042610972019144405,-0.24835452495456628,0.07028840751679849,-0.3970497539116439,-0.3068602785574517,0.016814039528534407,0.12133008245408282,-0.1523892674428434,-0.07240313415402008,-0.005388155105838517,-0.07040010654957815,0.2754608745092329,0.11211737481049092,0.7913748871054833,0.11741656035022882,0.6623377862704306,0.010159226176068835,0.05741739136918332,0.9201908911109908,0.44985055313829786,0.347868976174915,0.6570566243725529,0.9733282769995393,0.6618332615265726,41,41,41,41,41,41,39,38,41,40,40,41,41
00028132,0.07576846361074874,0.01685279068960697,0.06410312589756847,-0.09010247433667529,0.047542280113408705,-0.06029870949043369,-0.10468105533773753,-0.08944284854056,0.37855972890837436,-0.007793576673909661,0.07259550463264623,0.12781589870664198,-0.04395788515331151,0.6377627758418992,0.9167085568379642,0.6904999943880411,0.5753178275568601,0.7678626531201105,0.7080316597239371,0.514820420226992,0.5933299508899795,0.014662857518665884,0.9619325709053653,0.6562017228027579,0.42580797879251503,0.7849337849170825,41,41,41,41,41,41,41,38,41,40,40,41,41
00028143,0.1706727940968872,0.349531919995299,-0.04910590692932166,-0.26555324229718996,-0.11311871237999253,-0.3611500334860392,-0.1041973231544488,0.060809031339662874,0.08813420986405246,-0.3087050636178241,-0.1325711595322694,-0.11778767053368976,0.1070341942113916,0.28601929098641965,0.025086838141754154,0.7604489326742442,0.09333433030116041,0.48132147507299755,0.02034716280455733,0.5167755521570991,0.7168544087708115,0.5837260722235578,0.05260579071175142,0.4148005514300207,0.46328772424835596,0.505362556131569,41,41,41,41,41,41,41,38,41,40,40,41,41
00028150,0.10936193128247478,0.251724363897214,0.015743973350442496,-0.2502535776957599,-0.008780048835849139,-0.3178979705210574,-0.07978086561219074,0.025321176438808525,0.30571090560798436,-0.12530535763638,-0.24456668014118754,-0.020728820685786572,-0.022920566529490403,0.49609409209471644,0.1123628741393877,0.9221713328223209,0.11454792575115627,0.9565510545357516,0.042819048976190974,0.6200070883546858,0.8800545624156403,0.05192112704275089,0.44105410015906055,0.1282775198819914,0.8976439214899985,0.8868879931411787,41,41,41,41,41,41,41,38,41,40,40,41,41
00028153,0.1323490941789038,0.3803568247632729,-0.13121964018691643,-0.1758845025024592,-0.16365005554076267,-0.3224394559041977,-0.0670335903113323,-0.11803421336762523,0.14360936452784118,-0.1860602081434922,-0.13877908138642564,-0.22017431518796435,0.020784231382568446,0.4094409578000763,0.014161503942981456,0.4134848153732976,0.2713389429135771,0.30660154629350284,0.03977817397243997,0.6771031028698024,0.48032561677351415,0.3703772911965114,0.250347722620833,0.39308993127288333,0.16658907988600954,0.8973717641284336,41,41,41,41,41,41,41,38,41,40,40,41,41
00028168,0.269616604027477,0.18982088412501316,-0.1331855590577528,-0.16356178880191838,-0.18328260979797947,-0.25473095020966885,0.13181242217912253,-0.044813741645760415,0.27002837257649326,-0.1802132398207327,-0.23772638905238436,-0.1726247342666143,-0.10481376796436395,0.08824477598873118,0.23455647318203535,0.4064607355236484,0.3068660903106237,0.25136644528870716,0.10799461823797507,0.4113596133649827,0.7893487121648216,0.08774125884465911,0.2658083599921099,0.13964705728819257,0.28046182622467997,0.5142846733331108,41,41,41,41,41,41,41,38,41,40,40,41,41
00028169,0.13996450310534572,0.15215430795897109,0.008346326802396711,-0.18154038885008328,-0.03488001094180781,-0.19849652725691178,-0.032884608931367965,-0.11273260312753734,0.2220360256593116,-0.2868594922023298,0.06665038654079039,-0.2023217021160643,-0.21250145203771542,0.38277098402992066,0.3422756506477023,0.9586954798107667,0.25597861891639884,0.8285980925895831,0.2134568918380493,0.8382694546560517,0.5003943995902834,0.16294244059732946,0.07270828170962344,0.6828169882973114,0.2045855059525573,0.1822408327314675,41,41,41,41,41,41,41,38,41,40,40,41,41
00033182,0.1711637794797405,0.07532782707291205,0.11034610457489952,-0.19781548553504674,0.03449249360172847,-0.21216077645895473,-0.13571787831119753,-0.09807275539573991,0.15180304510805484,-0.5186542982408845,-0.4052141013583981,-0.6080372804344283,-0.2368807155564606,0.2846146998894848,0.6397251462120936,0.49220174842679204,0.21506391710782144,0.8304744148060368,0.18295925735697985,0.3975145896745528,0.6986439898012072,0.3434043242759136,0.0006066163479617924,0.009490614140082999,2.478515439092279e-05,0.13591276914851588,41,41,41,41,41,41,41,18,41,40,40,41,41
00033204,0.13500636058454396,0.07599805839068023,0.3058319888012565,-0.34352283208738943,0.2928985547354002,-0.35829174183170126,-0.40852375699545074,0.14609672934929815,0.1944847885808636,-0.49977506124705906,-0.09906148908793419,-0.14790578267096782,0.22794370692619542,0.40001663124202813,0.636741242650605,0.05182360316609663,0.027878024724865464,0.06310407307930538,0.021437284753787478,0.008007676684109238,0.5629566863544284,0.2230438404280845,0.0010253459173628439,0.5430868031718203,0.35607983077255423,0.15175412179809733,41,41,41,41,41,41,41,18,41,40,40,41,41
00033224,0.04708130396861906,0.1217728974264415,-0.37821610919530985,-0.46050455091338716,-0.37440202088451036,-0.4867312774691237,-0.329663581146665,0.1880869230630212,0.03132209707636273,-0.24047244734345258,-0.1687326605877061,-0.19490656727380845,-0.21756444616474993,0.7700522417993211,0.44818592122025225,0.014760412394451692,0.002447825799212549,0.015880658856526002,0.0012510500377712287,0.03530558548950642,0.4406393736863795,0.8458591737020689,0.13499651585664313,0.2979658868471009,0.2220222098559583,0.17179990416617585,41,41,41,41,41,41,41,19,41,40,40,41,41
00033237,0.03829042946147787,0.1764577741510806,-0.3223310691009934,-0.3994613504865867,-0.3312273136570099,-0.4222969812336406,-0.11376537299521128,0.34020010104405973,0.009323900356179075,-0.22398067252013742,-0.23795223054037642,-0.20500170721334698,-0.16274231660599836,0.8121267940414343,0.2697550042488578,0.03984863853644664,0.009670017428825879,0.03439390330791897,0.00595292315706342,0.4788020710007102,0.15411362959336186,0.9538625515399073,0.164716161297149,0.13926017981950536,0.19852561574656652,0.309329061301908,41,41,41,41,41,41,41,19,41,40,40,41,41
00033241,0.09225582525341805,0.30147389087401016,0.2687676292991798,-0.028556635359231072,0.26681298437593925,-0.05923513966577032,-0.01337800363500882,0.46716054709938926,-0.02217284058810262,0.08282692368174047,-0.19746604135532153,-0.18976625473612682,0.079022064854382,0.5661824471457947,0.05542768461387759,0.08928997815198168,0.859325414768796,0.09173281783956908,0.7129600257925678,0.9338391745087792,0.04373452597221085,0.8905552846272052,0.6113783669933083,0.22195264307519985,0.23469367509995243,0.6233490534754075,41,41,41,41,41,41,41,19,41,40,40,41,41
00033248,-0.012553665260464274,0.13695626577869027,-0.034963084655900485,-0.5210144391715178,-0.029303468030280153,-0.4429812583353312,-0.2839000616590346,0.248335459133656,0.01946273739875083,-0.3986968373111578,-0.14717537629695407,-0.15629804148174303,0.05483040565201751,0.937907755712911,0.39318150855994505,0.828195979464494,0.0004782969308780728,0.8556847185173286,0.0037258191417063303,0.07204317179208311,0.2910908235447119,0.903865558347721,0.010826110936715205,0.36480286125674194,0.32913356590139425,0.7334915093623774,41,41,41,41,41,41,41,20,41,40,40,41,41
00033276,-0.04222278164578183,-0.05454731779406617,-0.350549862240616,-0.557847260900618,-0.28489846987642053,-0.4009805286624078,-0.09758517372675406,0.26970401187039256,0.05233356078580231,-0.261466932986198,0.193937084870327,-0.09760696268492362,-0.18891574379283904,0.7932338249447201,0.7348175105581278,0.024637860559582975,0.00015100809412741582,0.07100478615740552,0.009372314274937876,0.543865637914892,0.2501612682578126,0.7484295674970016,0.1031615162498831,0.23049041734323392,0.5437752666535791,0.23683678219879636,41,41,41,41,41,41,41,20,40,40,40,41,41
00033277,-0.10276290104251831,0.1467252209096529,0.04724971725682566,-0.44500117652995524,0.08803113758140511,-0.44475189858559416,-0.35919563871102345,0.1978790460502065,-0.2577906912718688,-0.3302630440073654,-0.13741001400469968,-0.017038409837162122,0.04499482139470191,0.5225948012702676,0.35997471872532727,0.7692520910002082,0.0035536310504949136,0.5841678987825436,0.003574497518416261,0.0210873877018419,0.40299898237183196,0.10368298311280262,0.03740341000128394,0.3978201678727804,0.9157944351103117,0.7799846298466652,41,41,41,41,41,41,41,20,41,40,40,41,41
00034285,0.11040575735856754,0.08506826200255316,0.19383848998305692,0.25709133533546813,0.09848192663376477,0.14646290708205925,-0.012804651473573746,0.244948206210775,-0.1939664095991196,-0.18997561708934219,0.1845371993122768,0.13862557807995982,-0.4003502232685019,0.49196633248403165,0.5969318868402981,0.22461556535684918,0.1046566967310846,0.5401522352322493,0.3608436168303367,0.9366688255548643,0.13285621219736546,0.22430387733833093,0.24033840342011714,0.25431552139606,0.3873843625620741,0.009494863660726337,41,41,41,41,41,41,41,39,41,40,40,41,41
00034310,0.20355324335805688,0.21285370899163417,0.15702095427985133,0.1679701729859675,-0.008362186177535855,0.04405435474877331,0.17280364941056486,0.06888152972230141,-0.19949176118062928,0.04513073479260112,-0.12774184333139127,0.0005044184503055008,-0.49819033029260695,0.20178495183405645,0.1815001013349778,0.3268734453576518,0.29383128408475534,0.9586170621234306,0.7844729927594389,0.28628922106115884,0.6727819693132903,0.21112348675492787,0.7821474271512971,0.4321501328854232,0.9975026522967578,0.0009173068569567368,41,41,41,41,41,41,40,40,41,40,40,41,41
00034312,0.25326012074283494,0.2553840002329714,0.27060725208506076,0.22228844796852507,0.12105657422525908,0.04837866142997741,0.04683280452207686,-0.02532559289534153,-0.014214818470932172,-0.3823396984568661,-0.2313289691663219,-0.21766820935577158,-0.5306170386834652,0.11011515327957101,0.10706311649480493,0.08703716461409376,0.16245249556015545,0.45088040635803706,0.7638944815334372,0.7712333206219059,0.8767276829454959,0.9297107133203859,0.014901853217032829,0.15093859985193317,0.1715905211139964,0.0003586385174534159,41,41,41,41,41,41,41,40,41,40,40,41,41
00034313,-0.0984438887604844,0.07863061558916988,-0.0055789044241372175,0.13819333101807688,0.04115390436964284,0.061628339955753134,-0.015239658377703762,0.42012309763808187,0.09778428356498713,,,,,0.7733746413231337,0.8182458642436098,0.987011613615446,0.6853235339274611,0.9043741728575874,0.8571502926803174,0.9645284954144137,0.2267343052726769,0.7881304640622546,,,,,11,11,11,11,11,11,11,10,10,0,0,11,11
00034332,0.23607959276193186,0.19427454487241644,-0.3710739034883301,0.20298036090325833,-0.3896533911870095,0.09715601053387302,0.5280962953054775,-0.3021808275371626,-0.24829801303641125,-0.3697539269874713,-0.2943055921812797,-0.2012414062139668,0.0391488430355341,0.13728058203684174,0.22355429714800407,0.016916052252592073,0.2030843404638449,0.011793783804554989,0.5456470846816622,0.00038711620909314423,0.05807552030260916,0.1175027474392111,0.018860449215922538,0.06527182715087147,0.20706439325742243,0.8079931747593964,41,41,41,41,41,41,41,40,41,40,40,41,41
00034344,0.2382008630810905,0.2502202539302178,0.20486603639227424,0.2323207239252041,0.060453298342541956,0.061060769508365496,0.07856929325958914,-0.17544324954482363,0.08188351554946985,-0.3469561546560485,-0.22818212279318373,-0.20369126547259742,-0.11386585141149949,0.13368088787098162,0.11459780221748486,0.19882932273803755,0.14383482170017892,0.7073162979787303,0.7045076273769829,0.6253467446091808,0.27887895891791287,0.6107859329837774,0.02827863568442019,0.15673167657351805,0.20147276835525343,0.4784112271092214,41,41,41,41,41,41,41,40,41,40,40,41,41
00034352,0.17288751656830878,0.15139947700039658,0.18729841405115116,0.18961648956108473,0.07588333661398684,0.07622503968823927,0.18381912995531063,-0.03617705309179811,-0.10489877255109664,-0.38728574288816503,-0.21868470655397582,-0.23696612123887434,-0.13888855151436846,0.27971906650665834,0.344703881034412,0.24094868724635035,0.2350700909603379,0.6372515900306331,0.6357319894301244,0.24995740983457554,0.8246090538734118,0.5139416651963122,0.013551349214890006,0.17519423004444126,0.13576754867538085,0.3864757042705289,41,41,41,41,41,41,41,40,41,40,40,41,41
00034363,0.19841238299720734,0.2855026137561959,0.1465165197005511,0.27932215082915024,0.027458342219861653,0.07958992840475215,0.15391497293625908,-0.18797779552758145,-0.24768250885036466,-0.48461664346107103,-0.35770861501711304,-0.22310201994404005,-0.06240824924618686,0.21365499134469895,0.07038220024461465,0.36066592567591765,0.0769582495422626,0.8646846320514617,0.6208473214446016,0.3366527142107278,0.24541125924062285,0.12333378286061975,0.0015299753408986765,0.02344078534047311,0.16088064313247677,0.6982913421171902,41,41,41,41,41,41,41,40,40,40,40,41,41
00034376,-0.11545369102528187,0.34449117353564673,0.21036503217705912,0.24463935784055243,0.23799154653977658,0.0647870846930561,-0.08937931658080545,-0.19073151434904234,-0.17668698220407897,-0.30232523117496607,-0.19080325404953866,-0.29139237014722374,0.04838932460532297,0.4722571039951122,0.027411597942584798,0.18677951197119086,0.12318475492837888,0.1340329352421617,0.6873646844773074,0.5784006940735019,0.2384376630743126,0.2754311850177034,0.057949734041867304,0.2382578007868349,0.06453558871619679,0.7638439288164195,41,41,41,41,41,41,41,40,40,40,40,41,41
00034382,0.20026361235849574,0.34298293013658404,-0.008472245664584835,0.27678236986623106,-0.04663611779544152,0.079453305781712,0.14086261016192744,-0.2526726798583693,-0.0014981261296043297,-0.18072591673167848,-0.2370394689459065,-0.0497440104285706,-0.39492438223922016,0.20932606649053162,0.02814092415499348,0.958072876642905,0.07979616827754794,0.7721685032937703,0.6214488312015823,0.3796946934113248,0.11571554302096947,0.992679891483267,0.2644280501146716,0.14082866447381323,0.757429475786393,0.010607769680802862,41,41,41,41,41,41,41,40,40,40,40,41,41
00034390,0.4294879321634277,0.16719884048328734,0.13021304884341578,0.3157551839254167,0.017851390047454924,0.1946709977453223,-0.1250697751023433,-0.28769223181127407,-0.01576951818977054,-0.3760904317693624,0.18375092132079732,-0.21305874636506986,-0.2695121897808476,0.005074424457973282,0.29608582030831027,0.4171078505802909,0.044317971485828306,0.9117920136804178,0.22259240759120774,0.43589854663380945,0.07184498337804632,0.9220454411782318,0.016769354441264425,0.25638030983255916,0.18106993535015325,0.08837281044675875,41,41,41,41,41,41,41,40,41,40,40,41,41
00034391,-0.16989431157086615,-0.012453799390912856,0.3050365984385631,0.30545093290475667,0.3472762580014347,0.31134099465447246,-0.09434223125879125,0.04209090822539768,-0.04101819196174108,-0.3580088903424873,-0.18935076947718885,-0.18763675105964878,-0.23395085783791514,0.28825555166999267,0.9384007587350616,0.05246693466884626,0.05213101486877332,0.026106011891966045,0.047539916950683055,0.5573954230161876,0.7965002143126826,0.799009424781496,0.02331626857099099,0.24191732954534062,0.24008452805144886,0.1409646538303005,41,41,41,41,41,41,41,40,41,40,40,41,41
00034396,-0.0260994520236987,0.02364172158680941,0.11666885590105122,0.26203032246454094,0.12315143248465199,0.2504969249043928,-0.011424558929278773,-0.2082755882184748,0.008582144292809471,-0.40320661328412455,-0.0373999589071054,-0.3373319453529039,-0.34285289786522916,0.8713237173070036,0.883353223654053,0.46757585096889837,0.09792753091214741,0.44302531376524934,0.11418419967666278,0.9434830497800321,0.19716258789906113,0.9575295052580328,0.008950285319660035,0.8164201028954893,0.03101784638315393,0.028204547745264964,41,41,41,41,41,41,41,40,41,41,41,41,41
00034399,-0.13473536975132647,-0.008650585015582198,0.2194436749453855,0.2900894533401753,0.24233752447301563,0.259052520270546,0.003992507052825906,-0.055631988498259705,-0.012251534243019838,-0.37300393711060287,-0.2671022017900027,-0.05345115656592674,-0.03080662012984927,0.4009719535756836,0.9571911236098442,0.16803621427925017,0.06579457765659884,0.1268637363283869,0.1019436579192774,0.9802352313917855,0.7331376624862911,0.9393993406652555,0.016308894673834937,0.09136814781357488,0.7399591359517909,0.8483660959565359,41,41,41,41,41,41,41,40,41,41,41,41,41
00034410,-0.2687048800229023,0.3960127086982157,-0.18307393962816723,0.2847115641061379,-0.14605850468377907,-0.046928151544737624,0.140064928828015,-0.4165400909428326,0.04697436281993159,,,,,0.4243162942321211,0.22794472349469236,0.5900182250721503,0.39611811999068364,0.6682743121043492,0.8910216879606335,0.6812542071614696,0.20252637197102716,0.8974700226580814,,,,,11,11,11,11,11,11,11,11,10,0,0,11,11
00034411,0.059066816493506605,0.021069890458100128,-0.05350351941080011,0.28214321995083197,-0.06099982725287005,0.2301595058801513,0.3528552954384598,-0.016769327195437105,0.08382591351503157,-0.41845090437541227,0.026060762496058335,-0.11863255774313212,-0.12789882192725138,0.7137410636677877,0.8959688945050472,0.739713267999403,0.07389933646435362,0.7047892227369736,0.14770614765006654,0.023645697968257526,0.9181990605434946,0.6023199163870799,0.006474683517655541,0.8715128712903829,0.4600635016813017,0.4255053318409672,41,41,41,41,41,41,41,40,41,41,41,41,41
00034423,-0.027714962703805898,0.017635330148204193,0.09292066010528749,0.2016107057922167,0.10210801327900998,0.18185572871522265,0.016583022075077086,-0.174124897277238,0.03509185640685991,-0.06833721883068422,0.27826802960285135,-0.008615891517330321,-0.35468840342112806,0.8634318853239701,0.9128555027022807,0.563375531179447,0.20621463975782336,0.525262300784858,0.2551396622349293,0.9180372792340975,0.2825642200550068,0.827572753390833,0.6711745496546306,0.07812636052205986,0.9573626527738942,0.02288077607901549,41,41,41,41,41,41,41,40,41,41,41,41,41
00035412,0.20882284306754664,0.08040152660407605,-0.08356277552054824,-0.11215531923385305,-0.12373435061070756,-0.12407974983106239,-0.17157253864602856,-0.18385820109006587,-0.18811695369038944,-0.23271663694172828,-0.01485667807975996,0.08741331966847511,-0.051422975530467235,0.19010526398011804,0.6172791207633745,0.6034638345998847,0.4850876975435544,0.4408529943034996,0.4395685928310542,0.347764575988665,0.2625343377956907,0.23886163205920638,0.14843439985542384,0.9275027019018034,0.586819348098086,0.7495018220499526,41,41,41,41,41,41,32,39,41,40,40,41,41
00035426,0.16520612491043093,0.15165405219740374,-0.04696924857362285,-0.12305093461880476,-0.0844655297919742,-0.16374987630187698,-0.014318639996390617,-0.2744859300021798,-0.136465884353487,-0.2675629182137994,-0.02877867257149888,-0.03781098250406511,0.1418360230590715,0.3019617065182959,0.3438837557269596,0.770584760213127,0.44340042527511975,0.5995432880644109,0.3063025487466909,0.938003293546228,0.09082791836837953,0.3948940398383859,0.09508878923399726,0.8600762706743341,0.8144377304591277,0.3763770091886853,41,41,41,41,41,41,32,39,41,40,40,41,41
00035433,0.1394577442888337,0.00210800934799454,-0.02394209317022815,-0.10663997747283271,-0.04559496022765585,-0.07632910700818375,-0.20919151508174,-0.26674457951537456,-0.1893442075552107,0.009654772590788348,-0.02402126019624816,-0.1090661930909669,-0.006183034464246272,0.3845132451245859,0.9895636325291642,0.8818815948162981,0.5069408571539725,0.7771241452580163,0.635269479973275,0.2505339364769403,0.10069019968597195,0.23575548901237844,0.952850815063516,0.8830314743702247,0.4972667934204625,0.9693953074395089,41,41,41,41,41,41,32,39,41,40,40,41,41
00035459,-0.11221381469404176,0.08911190652962207,-0.23939820834447056,-0.22727085828074917,-0.13329052723340143,-0.23108055013916493,-0.12488318430213224,-0.20207098063246715,-0.0018533319594455284,0.0797972261503727,0.08735024140897793,0.051635429195689475,0.05136861501479131,0.48485858300394225,0.5795425665764152,0.13168028577817437,0.15299924548418023,0.40608762746036303,0.14604705881683686,0.4958633079442339,0.23725431595216084,0.9908244364645705,0.6245158661605057,0.5919865579170343,0.748500460249086,0.749758105758198,41,41,41,41,41,41,32,36,41,40,40,41,41
00035473,0.040184733361250176,0.15471050574961953,-0.22220101764354638,-0.26358097994047297,-0.1930270370998798,-0.2846073871145359,0.03439956429255615,-0.2401432534911679,-0.014036720166575083,-0.15467088184709682,0.028459420343910052,-0.21090896601842954,0.05943344604606689,0.8030117905805807,0.3341309040362045,0.162622074467111,0.0958848530613165,0.2265996722425521,0.07130629904646184,0.8517340718060875,0.16466820889883893,0.930589220190033,0.3406121821902419,0.8616133754722465,0.1856164226917176,0.7120402335451956,41,41,41,41,41,41,32,35,41,40,40,41,41
00035484,0.03951728757232561,-0.032010355069506544,-0.12282311659561121,-0.25778900150822937,-0.11882233369449063,-0.2115779642215481,-0.28320458967864476,-0.250361398288225,0.1511522403082276,-0.20483309695865512,-0.18235785185678077,-0.2704972867062507,-0.02469825488731337,0.8062205323852722,0.842514304770575,0.44425140871267926,0.10368532740501271,0.45934095011998,0.18419297798171852,0.1162617457777588,0.12951001967884432,0.34550151159871234,0.2048362970309987,0.2600659199519238,0.08717057785211167,0.8781786307806557,41,41,41,41,41,41,32,38,41,40,40,41,41
00035486,0.08403529108056404,0.07825658861969044,-0.19941305803437828,-0.20638553892294384,-0.19258706641772455,-0.2114005525505065,-0.00468494664448936,-0.34025621968540937,0.06738946953253053,-0.20742470417048445,-0.05559225946441865,-0.17314166152465543,-0.0042211325768396315,0.6014103777839582,0.6267279872808539,0.21130736446266735,0.19544643286846677,0.22768046474455325,0.18456970242049706,0.9796978325924468,0.042303314986504595,0.6754827323564587,0.19904023028793172,0.7333212608886382,0.2790019436397886,0.9791036705766235,41,41,41,41,41,41,32,36,41,40,40,41,41
00035487,0.22323003116545784,0.15081309110813385,-0.029640455632157753,-0.3051361582991338,-0.14562868389093908,-0.2997173359491295,-0.3325211168907525,-0.08955152471332088,0.10228443705875499,-0.14056416192968516,0.06588587010801791,-0.10041572719481108,0.061411321132010685,0.16063432932136784,0.34659750593254307,0.8540429162395261,0.05238605869210655,0.3636153225230841,0.05693589827110141,0.06295690301569651,0.6034873208220726,0.5299771590515364,0.38697172928141416,0.6862680799067468,0.5321862045726755,0.7028885932167642,41,41,41,41,41,41,32,36,40,40,40,41,41
00035498,0.07285970404185511,0.031291002757852335,-0.10514232205732645,-0.23253443426234327,-0.11232392071069945,-0.2025291310404875,-0.19720024032537462,-0.30560395459909107,0.2628939345573752,-0.1655999076270123,-0.015456133981759143,-0.2538701881234496,-0.021464129825454488,0.6507614209518802,0.8460103526604327,0.5129595346959294,0.14345611015573123,0.48442747352412874,0.2041119154885179,0.27933359830267934,0.06585688713720567,0.09678581523928727,0.3071563959251999,0.9245857046059478,0.10923179879423645,0.8940333020101053,41,41,41,41,41,41,32,37,41,40,40,41,41
00035509,0.23458044992225582,0.13474587012067066,-0.08443172177310584,-0.2978400557973646,-0.1776749705216551,-0.2954901629181616,-0.21322143302379964,-0.2946295521908744,0.06126427131651343,-0.20801426391920685,0.010212254530650847,-0.18394649448659828,0.21542540153698506,0.1398675353047166,0.4009349121852888,0.5996899120200049,0.05858384775787607,0.26641216025243436,0.0607000696259452,0.24131413484834727,0.06864488012581246,0.7035675904251293,0.1977379219726943,0.9501316587025761,0.2496236991037676,0.17615728011694107,41,41,41,41,41,41,32,39,41,40,40,41,41
00035512,0.06755497972368243,0.17759746058548187,-0.16190272023084937,-0.29903405470524463,-0.15832264831570847,-0.32099411291818636,-0.017597014310225312,-0.25549829776830246,-0.005367286257557113,-0.16330945783100262,0.016393871484323343,-0.20712155714675268,0.11336144988500678,0.6747296315527594,0.2666242091430302,0.31186549710191624,0.05753136557921422,0.3228283084763624,0.04072622058555191,0.9238457844015328,0.13258735550870032,0.9734315424047678,0.313988624635609,0.9200245694435417,0.1938224857584671,0.48037495235023275,41,41,41,41,41,41,32,36,41,40,40,41,41
00035521,0.10919318987859722,-0.03978672525426222,0.11927159975073637,-0.017318113666880353,0.10256403902296692,0.0076709800463606245,-0.0422765962061572,-0.2218167871557725,-0.07274719568461173,0.01403239035418314,0.1620444882087465,-0.17221223603190502,-0.1586060052711055,0.4967630347183429,0.804924831778104,0.4576328549756791,0.9144171754250381,0.5234041016771206,0.9620351217787966,0.8182936786852681,0.18701666597391448,0.6512662855569985,0.9315152677690168,0.3178027319922735,0.28163035510518253,0.32195192592730354,41,41,41,41,41,41,32,37,41,40,40,41,41
00035522,0.03590858839950601,-0.15584362736271581,-0.1745667013891035,-0.21423815744066177,-0.14943959503166923,-0.03546254305579397,0.0590589697141469,-0.2037578977310729,-0.148051031007861,-0.12475390720678337,0.06653645331742145,-0.11521544153855806,0.23217411839828436,0.823622400025906,0.33055921842277153,0.27500317029116944,0.17860966314970128,0.3510578093277089,0.82577929773121,0.7481525051600204,0.2264283685982271,0.3556024006382551,0.44308324428981777,0.6833308911328225,0.47317782651166845,0.14409504388745978,41,41,41,41,41,41,32,37,41,40,40,41,41
00035542,-0.19729489469608558,-0.20969226980613423,0.1109456680264096,-0.25389123678729114,0.16479703047708633,-0.11525321572376387,-0.4099807805704181,0.04143313539799878,0.06926267656098539,-0.042410452742819946,0.09062949419214289,-0.16859906120883733,0.09658703341421951,0.21629796911215476,0.18822521805372736,0.4898382524900034,0.1092014174974488,0.30317715740266465,0.473031783726639,0.019783487116266436,0.8022480585860371,0.6669776940609283,0.7949882588216788,0.5781000971522426,0.29200130992849216,0.5480131754446392,41,41,41,41,41,41,32,39,41,40,40,41,41
00035550,0.1064664436498964,-0.15237728542776385,0.10106775526216924,0.07075605977082178,0.03644912084369549,0.13214997983796978,-0.14296866626953017,0.04007605590328686,0.09551541246854317,-0.11508107009511565,0.06689585652262706,-0.14167474122808676,-0.1566212511752847,0.5076364118113832,0.341560366380862,0.5295132138842837,0.6602264688060361,0.8210103165211067,0.41015221367899163,0.4350386279913132,0.8086024969420953,0.552482695012612,0.47949714602439675,0.6817102605307163,0.3769255147801167,0.328121880440704,41,41,41,41,41,41,32,39,41,40,40,41,41
00035562,-0.028929279080741957,-0.011408598379089883,0.005095688856252903,-0.17486676796855202,0.01806320135104976,-0.1133224345518234,-0.23239520691098733,-0.16563326028207395,0.1378287275912953,-0.14382074408876303,0.08198296843419621,-0.16329692239903204,0.15679579980505248,0.8575084689145253,0.943561879380342,0.9747755273322114,0.27416597657162767,0.9107495844220638,0.4805270216887336,0.20056941414639567,0.31359488268951224,0.390145371235375,0.3759548241964155,0.615026150245364,0.30766079251435624,0.32757632909877227,41,41,41,41,41,41,32,39,41,40,40,41,41
00035565,-0.13326539938130377,-0.3096049359903999,0.029889888125006023,-0.14951008583880407,0.06735274354344395,0.055247717468444854,-0.2475914296295367,0.008392823091982839,0.23059107056426598,0.022092284889307146,0.1358674789919359,-0.24237276242433198,0.16566229746271163,0.40617692619983103,0.04885780182958867,0.8528280727821671,0.3508280495716906,0.6756498844949227,0.731538188314337,0.17186124131502978,0.9595576389079571,0.14692704994317987,0.892367077439573,0.40318899788759943,0.12680680372377023,0.30061006296781706,41,41,41,41,41,41,32,39,41,40,40,41,41
00035582,-0.017445913410520014,-0.19567132152995834,0.08437371070282773,-0.12893108880753262,0.08201108376471486,0.008503095799467675,-0.44071459218187703,-0.12752441850512095,0.3763125365525756,-0.11961310136825556,0.07240168381621034,-0.1633981637145061,0.04331247159989001,0.9137879723262822,0.2201780485869298,0.5999415399331096,0.4217479564951095,0.6102283686098399,0.957920342533587,0.011583292457578415,0.43914049336041877,0.015310853832375999,0.4622440975834118,0.6570630713660407,0.3073568748010157,0.7880184935493971,41,41,41,41,41,41,32,39,41,40,40,41,41
00035588,0.10624494690683597,-0.06473608180913154,0.01057408598629403,0.15680917071283917,-0.02710477178074833,0.1509581999494905,-0.18581666354831033,-0.03122418870319088,0.11976935784603794,-0.09800640113358097,0.011458117020060568,-0.12236392533447107,-0.09839091659783507,0.5085249093092301,0.6875983074916552,0.9476842815673756,0.3275345616984937,0.8664111951907303,0.3461283122121013,0.3085735630029625,0.8523708315314682,0.45574440250164044,0.5474118880016016,0.9440569385338677,0.4459693748293222,0.5405285460943318,41,41,41,41,41,41,32,38,41,40,40,41,41
00035598,0.11062263290100018,-0.1952309134867557,0.03906855577638364,-0.14328677404784193,0.00019620185357585584,0.004328060195516237,-0.2892050019142549,0.05264644094795307,0.3166433212426761,-0.07355361302728936,0.3313558059839006,-0.03797690870990351,0.11296435500681049,0.4911109363050795,0.22123877358401547,0.8083795749580186,0.3714644373165435,0.999028614237665,0.978574455985162,0.10840103075724097,0.7502567512784061,0.043691620237219626,0.6519503052955516,0.036740452567769095,0.8136377887712063,0.48192387817867127,41,41,41,41,41,41,32,39,41,40,40,41,41
00035613,0.050784207497512515,-0.14122847605684552,0.04972354840180834,0.050529294960205806,0.028438314368764976,0.13975427181452457,-0.20120847558269406,-0.12043760415973345,0.36923662099400084,-0.06607579415567942,0.01455493876690632,-0.24143634796424385,-0.08187151989430275,0.7525149781356582,0.37844569097343445,0.7575262456135768,0.7537184505501235,0.8599024775219005,0.38349320427814315,0.2694788699045466,0.47136827347071336,0.017511628590152484,0.6854101570365069,0.9289713443224511,0.1283262367329923,0.610838373745131,41,41,41,41,41,41,32,38,41,40,40,41,41
00035626,0.15040311241178878,0.07359118079934827,0.2203978886835415,0.010773124055885618,0.18680021457344365,-0.01431112626567297,-0.3999129873329729,0.01712122454183517,0.3524844790671146,-0.3102324956043263,-0.23001683519219485,-0.44308261048973985,-0.2841362934880051,0.3479252290748295,0.6474827893139672,0.16614806578720476,0.9467009285110329,0.242224984586376,0.9292356893448517,0.023340514774657133,0.9176052582551195,0.023802996345793644,0.05138693120039162,0.15333478443527424,0.0037170089132561946,0.07179640833644622,41,41,41,41,41,41,32,39,41,40,40,41,41
00035707,-0.17466503449467852,-0.22310015778486778,0.17882649456107277,0.2554427664282538,0.23248434353562497,0.28554749974032634,-0.19237674927468007,0.0662318281603731,0.03403422022577578,-0.40408299965925676,-0.35330670502246964,-0.35745809585600663,-0.2947469145374717,0.27472863378994344,0.16088422824296306,0.26327499648342617,0.10697959409996205,0.14354480885609797,0.07033611635405108,0.2914970847521266,0.692786755718063,0.8326945295437271,0.00971173102851805,0.025330638300643582,0.021764280047866173,0.061381933072652904,41,41,41,41,41,41,32,38,41,40,40,41,41
00036103,-0.14841734577419965,-0.011772787304434389,-0.09838784813817511,0.05938897226545313,0.019429682906240302,0.06503229698058831,0.0037140018768555445,-0.35246299765073397,-0.043097248253491635,-0.22662359052517472,-0.28671776231729396,0.013627370798466612,0.02384359960196669,0.3544000512690098,0.9417632738521933,0.5405412358425445,0.7122464785727554,0.9040280684568319,0.6862418696735443,0.9816137183349345,0.025706936441413007,0.7890478516450125,0.15965998159162983,0.07285602064959737,0.9326087273720522,0.8823641074357674,41,41,41,41,41,41,41,40,41,40,40,41,41
00036110,-0.35841670165399675,-0.0469386182428008,-0.14133762177066186,-0.11204288436792513,-0.06165046727284828,-0.08808530460245671,-0.034366981408481635,-0.612258120483132,-0.3196858527466536,-0.10411493420365991,-0.22325230290023357,0.14381858804588094,-0.2784475628021586,0.021388625642466245,0.7707303421662741,0.3780735578169324,0.485528239687097,0.7017848310191441,0.5839356894041285,0.8310823326630411,2.6867901410552106e-05,0.041600137971718944,0.5226008261595385,0.16612972809064727,0.3696732136842526,0.07792643925595824,41,41,41,41,41,41,41,40,41,40,40,41,41
00036147,-0.22818331873165043,0.06770639306539622,-0.08140470141967975,0.08066432518095751,0.07861142543338856,0.015292456553486301,-0.11354909254151704,-0.5196989028785994,-0.11650676235550125,-0.456373876096733,-0.15172534977885743,0.05837747829156326,-0.0003268813772548951,0.15131250932449283,0.674040947981798,0.6128806269100463,0.6161255767627674,0.6251607397072306,0.9243968321023697,0.47964393329129357,0.0005887256368940277,0.46819886157390667,0.0030775001080794477,0.3499981919686896,0.7169426691012994,0.9983816270019716,41,41,41,41,41,41,41,40,41,40,40,41,41
00036164,-0.19205040581434213,-0.22287330641865744,-0.05364875295497505,0.22735964803392397,0.0808087383696775,0.31974315186162516,0.032777580045970214,-0.456485290440085,-0.08510949617034529,-0.486405230015747,-0.08300693981710966,-0.014168109221351557,-0.04944701401605878,0.22900354896223413,0.16132140643851242,0.7390314626674449,0.15283451146470764,0.6154920681882112,0.04156154538503365,0.8387888820841422,0.003069376823728482,0.596753417336534,0.0014607847833861955,0.6106014848204966,0.9299411084730297,0.7588344006047874,41,41,41,41,41,41,41,40,41,40,40,41,41
00037170,0.012597426014052952,-0.03513646728807328,-0.1385104735158294,-0.24242938865323596,-0.10894693093587485,-0.12178944770459886,0.14482800124312808,-0.12105253759340574,0.436790849090444,-0.2442853350820155,-0.054805957821830786,-0.23571420970951898,-0.17277964617963967,0.9376917313073423,0.8273568711536998,0.38778247957570916,0.1267153549294334,0.49774010908146016,0.448123770596019,0.37903556992353615,0.4628981608063682,0.00483263915038259,0.12873108931461236,0.7369579702112269,0.13790780219830406,0.28002380883815003,41,41,41,41,41,41,39,39,40,40,40,41,41
00037179,0.19709071820983065,-0.08178257424031511,0.017324874758445578,-0.2347889378350794,-0.09414733588650331,-0.09931313224274131,0.1579649051211333,-0.07802002160686458,0.3627951605811912,-0.20956596192669905,-0.24365544382766297,-0.3273072092778896,-0.20771974486806588,0.21678330065367832,0.6112272725197595,0.9143838868980699,0.13950562227443852,0.5582135275961904,0.5367211826629771,0.3303009611075964,0.6322762575671197,0.021404741770433753,0.1943389312579404,0.12975090139329515,0.03671673361177507,0.19250967726162563,41,41,41,41,41,41,40,40,40,40,40,41,41
00037181,0.17485109978735033,-0.03441322317350589,-0.037943388416677146,-0.22771846914599436,-0.0863105995766952,-0.1664632116327829,0.0658172796740811,-0.16132657730410033,0.3035151957885952,-0.2060065534717184,-0.010600321335816981,-0.19478058225078926,-0.2155471633205644,0.2742096497641039,0.8308583495199839,0.8137993773898061,0.1521701017057766,0.5915650850366178,0.29824633413363066,0.6865780113553788,0.3199802675881393,0.056921440491137454,0.20219746684901885,0.9482391634512932,0.22232703233560985,0.17590713852573522,41,41,41,41,41,41,40,40,40,40,40,41,41
00037195,0.13954196645323746,0.10193811448756016,-0.06359100751749865,-0.20887308632684815,-0.11343238991076125,-0.20693457063195209,-0.09855858653667911,-0.12501329540420436,0.28641184710966594,-0.12194538406496541,-0.1602085755171593,-0.1335109082087695,-0.07813848391012253,0.38422336279995567,0.5259554273286413,0.6928509260032217,0.189996257641529,0.48009851531967807,0.19423414698140654,0.5451462949680809,0.44212814940644163,0.07317570968051527,0.45349670528627956,0.32338994126481,0.4053049257663848,0.6272499934469226,41,41,41,41,41,41,40,40,40,40,40,41,41
00037213,0.2424271955649987,0.1299942267723709,-0.23290497969732274,-0.3410357195970098,-0.2755416834739187,-0.36436039913041046,0.1453381426880492,-0.002285498192091076,0.3367461492599346,-0.08104370023008632,0.03146025063626434,-0.07072867231287824,0.08021199732444108,0.12671889574911008,0.4178978320649182,0.14280121711295893,0.029106207108528164,0.08121188283917266,0.01917854080713095,0.3708856701975128,0.9888328523133656,0.03360931255373337,0.6190966654033184,0.8471858836652918,0.6603500439865649,0.6181116157935335,41,41,41,41,41,41,40,40,40,40,40,41,41
00037238,0.05847852771267967,-0.06434366854299842,-0.42333393240430955,-0.4165029781566974,-0.3085979369232028,-0.2873496543906604,0.18244427088509718,0.024172217050047115,0.25731587120355576,-0.01865328905382589,0.013364701375539925,0.19344083889766633,0.15500079235115008,0.7164730482423958,0.6893967467539966,0.005818639464210825,0.006753693460968539,0.04963564174043326,0.06850543221893766,0.2598362645281157,0.8823015340494949,0.10895103137651621,0.9090454546621799,0.9347667534987019,0.2255863777705366,0.33321362865041726,41,41,41,41,41,41,40,40,40,40,40,41,41
00037250,-0.05685043440646248,0.03820518142000583,-0.48397460480208554,-0.4906853708086337,-0.3128378938244886,-0.3754218336740925,0.32059433665856313,0.029591010323038486,0.24251943906617596,0.15458231694858451,0.15880547799687791,0.2595654448200063,0.1614726561550897,0.7240519424890686,0.8125375756395523,0.0013458729827544671,0.0011253827665893225,0.04642677365409926,0.015574313918334883,0.043705226144821654,0.8561674122084592,0.1316053259685167,0.3408921184031997,0.3277011315392589,0.10124304842813275,0.3131698156328106,41,41,41,41,41,41,40,40,40,40,40,41,41
00037254,0.02305274639176388,-0.3136878087706102,-0.10368292508539245,-0.019995973882885744,-0.10097540698730052,0.1261783141306317,0.224079836034787,-0.06637112255794808,0.2616444129446982,-0.060115253687203205,-0.05815829825432395,-0.05645344720703707,-0.11554154031573995,0.886239944507103,0.045804191868897524,0.5188586761124805,0.9012444775916685,0.5298913967269877,0.431809393652918,0.16452438636057154,0.6840768762357099,0.1029193243756832,0.712515656358594,0.721493405508819,0.7259039279560694,0.4719178471721648,41,41,41,41,41,41,40,40,40,40,40,41,41
00037263,0.05642457565627003,-0.20020500766763522,-0.22772906559829026,-0.4439178950861798,-0.1897891709465558,-0.19249813301527616,0.14462154186892384,0.07312520814439141,0.24041420426880608,0.10780000338952153,0.2011870627154476,0.05885677679930458,-0.24394018842587625,0.7260386768996714,0.20946216520662253,0.15215051299414067,0.0036450902568542364,0.23463611430213158,0.22789935870434294,0.37327451369298587,0.6538499358408497,0.13509394464051316,0.5079063524035882,0.21318843403448315,0.7147160751079189,0.1242936563838895,41,41,41,41,41,41,40,40,40,40,40,41,41
00037298,0.2529266668321568,-0.045175807363941535,-0.43971277268572956,-0.39903003458363334,-0.4231134215159458,-0.24041060686979943,0.29727046819218894,0.044515478543368486,0.3106172717148311,0.028626387068063495,-0.14398825885316405,0.28284387782098686,-0.3691316899842126,0.11060026846281036,0.7791216801289058,0.004019888077387243,0.009756001136921617,0.005846973591492238,0.13000617267341438,0.062483984202895894,0.7850468340619224,0.05108349303945983,0.8608094170898103,0.37539320265211895,0.07315461486258476,0.017546169604986957,41,41,41,41,41,41,40,40,40,40,40,41,41
00038274,0.043497296124845916,-0.01317863020540428,-0.023178587746353882,-0.15345399972646095,-0.03310075108045489,-0.07167754397133533,-0.06316483631547334,,0.1725074540867627,-0.18481186048304538,0.02107694833813963,-0.19719350967261393,-0.2829926680611542,0.7871348090024143,0.9348230480372732,0.8856230400921532,0.33811935059648485,0.8372206906590044,0.6560738402135745,0.6986016647941484,,0.280793736187189,0.25359687812685633,0.8986578343723659,0.2165388692892796,0.07299722937884325,41,41,41,41,41,41,40,1,41,40,39,41,41
00038306,0.09425248399840766,0.20768720477681935,-0.02147052067965407,-0.10836217213213023,-0.06933012940868555,-0.1933785372107985,-0.039514022509102804,,0.23006143274704022,-0.33025709004585574,-0.07495965494338633,-0.04492777002995156,-0.32199078412257964,0.5577720818487638,0.19258092920903094,0.894001929870174,0.5000641717320179,0.6666721915838401,0.22573873950422985,0.8062362369113426,,0.14788361994591834,0.03740704873676687,0.6457309129207321,0.7803044001502054,0.04007052650751354,41,41,41,41,41,41,41,1,41,40,40,41,41
00038308,0.25719849121846716,0.1388500552415681,-0.27381107908852204,-0.014994113111009844,-0.3661076873973582,-0.08443987626432738,0.361406038778717,,0.22745971347444532,-0.014297850010374383,-0.10733527284365109,0.13336712645060464,-0.21226770862888897,0.10450705267323111,0.3866086431879804,0.08321925587698331,0.925867662188362,0.018566546671815114,0.599654544907073,0.02025183411644862,,0.15264901280932963,0.9302228445044023,0.5097479568262635,0.4058154805747357,0.1827335394584002,41,41,41,41,41,41,41,1,41,40,40,41,41
00038315,0.012537244696520324,0.06225538909740964,0.165125094633548,0.1724618879425976,0.16104342609504418,0.16568961881405095,-0.23039228097369407,,0.11881679942534473,-0.1318986109786494,-0.22212347310161465,0.11261905945296949,-0.2076946806756276,0.9379888167527006,0.698995558805164,0.30220220583610186,0.28092276021577806,0.31447504029956586,0.3005292327099303,0.14728554604623936,,0.45936201260557075,0.41719274021933817,0.16833774776971874,0.48327287188774243,0.1925645578362688,41,41,41,41,41,41,41,1,41,40,40,41,41
00038328,0.025787009097478414,0.2136455290245631,-0.20059534718566635,-0.2180195442733263,-0.21097184161153837,-0.25781034221550014,-0.0697707994901651,,-0.11348961560851323,-0.06419438319228785,-0.01242378401246147,0.15054103134767663,-0.40226253984925925,0.8728514590601066,0.1855995285022527,0.20855683295464417,0.17654323763501908,0.18548230888785772,0.10824872913357717,0.6687977187161933,,0.4798755806310452,0.6939258619503329,0.9401629954379078,0.34747822977795656,0.010076860188255134,41,40,41,40,41,40,40,1,41,40,39,41,40
00038343,-0.205996761494354,0.07615128035203095,0.04188440831476666,0.015092164142448287,0.07636606953893996,-0.03816271363645581,-0.1176716251097284,,-0.0017193632337835305,-0.32887241549690494,-0.40589962505220734,-0.13165361741377843,0.01984734681412626,0.19630808745245865,0.6360598829263758,0.7948551244352156,0.9253842445174151,0.6351052392022997,0.812742232091373,0.4637315149364689,,0.9914876700447113,0.038261173036179055,0.009358710489042382,0.41192833767949905,0.9019749391141768,41,41,41,41,41,41,41,1,41,40,40,41,41
00038359,0.13052864795178526,0.1140993461588716,-0.11644242509628057,-0.05335112106418686,-0.15889290835088754,-0.10716190618034391,0.0152611169358021,,-0.06941774448210375,-0.3966137341524505,-0.4203256852867608,-0.17816884684361234,-0.1971067238624109,0.4159699804859888,0.47750361975716266,0.4684462658482967,0.7404289202113529,0.321066097510087,0.5048517775434531,0.9255345671813636,,0.6703784690698146,0.01128543267597773,0.006924996668957568,0.2650636505530521,0.21674522772612503,41,41,41,41,41,41,40,1,40,40,40,41,41
00038372,0.12312998454970875,0.04881011126513689,0.15235762564932062,-0.002133179683441809,0.009276451152740601,-0.03385517886552259,-0.3291084959710599,,-0.0017553708885019031,-0.32246206091630414,-0.25855520543983296,-0.12087080229735556,0.026011094840652893,0.4431053542365291,0.761849808702291,0.34162339555120785,0.9894390257692267,0.9540970946607708,0.8335622485454222,0.03563393595834897,,0.991422991287626,0.0424251275832403,0.10719729092365152,0.4515806327406911,0.8717557079408758,41,41,41,41,41,41,41,1,40,40,40,41,41
00038441,-0.06368331492304724,-0.0469450178375308,-0.11315853969115894,-0.002430573870024249,-0.07153913395751976,0.028288660644818043,-0.09718480460132559,,-0.008678807565594415,-0.4458649180221286,-0.24672794380646668,-0.28265478090215673,-0.36723211240913634,0.6924269686227569,0.7706999250885939,0.48116610688769423,0.9879667834027535,0.6566969313412906,0.8606324559575567,0.545527474165415,,0.9570515890595532,0.003933526378485169,0.12483292425093993,0.07335502019943625,0.01818146034319968,41,41,41,41,41,41,41,1,41,40,40,41,41
00038456,0.08008456146218794,-0.01845544093813452,-0.16596456036975296,0.05113073428248485,-0.1886915375674952,0.046129574792614314,0.1589393204799259,,0.0851251488172943,-0.1681113448825241,-0.1072938677536071,-0.19917706350455178,-0.00038408238195791365,0.6186716346414413,0.9088195684730306,0.2997165925669025,0.7508799110630596,0.23740394092075398,0.7745784154625807,0.32092294151800826,,0.5966856757455709,0.29977446056132073,0.5099121968565637,0.21185939602257747,0.9980984282270412,41,41,41,41,41,41,41,1,41,40,40,41,41
00038457,0.015375131192438395,0.2792484594051938,0.00871523589942062,-0.06122310189011828,-0.0003080387822301557,-0.2569119939956109,-0.07350134894431487,,0.33443431798564527,-0.09513835966199208,-0.1047773002305338,0.11488165613765436,0.019441648305257665,0.9239892907242556,0.07703946248965358,0.9568714863263464,0.7037577294963561,0.998474915614736,0.10490751404115142,0.6478850822236267,,0.03258457295999031,0.5592507167553357,0.5199442306915365,0.4744693450555502,0.9039692409598912,41,41,41,41,41,41,41,1,41,40,40,41,41
00038469,0.06231628207957082,0.18918284695207982,0.010625281444912506,-0.03922390077845342,-0.02978181783734936,-0.1298208065133309,-0.05236915658842857,,0.1985010585400103,-0.31176661292904595,-0.26698389812887907,-0.24188309049472384,-0.1906357801639072,0.7024637478929296,0.24234284416020915,0.9481174493369495,0.8100979271781122,0.8552497599314444,0.4246324081712607,0.748264021087838,,0.21344622752491194,0.050185677082709164,0.09583401857896347,0.13265268493055646,0.23867782641807683,40,40,40,40,40,40,40,1,41,40,40,40,40
00038495,0.11679761754791218,0.12301189999460818,0.034213880792836694,-0.0695148175279339,-0.06741315050142238,-0.1273325984794001,0.01417186042689518,,0.33221764624626104,-0.03239927302904354,-0.2689865113561431,-0.12652132795313084,-0.1414296875856383,0.4670812671966014,0.443546170268005,0.8318240064329481,0.6658359876614215,0.6753749605779562,0.4275742920473,0.9299226053001787,,0.033826583372198966,0.8426810734052664,0.09327549472703522,0.4305484336464578,0.3777598271707444,41,41,41,41,41,41,41,1,41,40,40,41,41
00038647,0.2499726871895026,0.30329375023801275,-0.14329053981629994,-0.15449550271300702,-0.24753979910322163,-0.2922934166555998,0.14178305092224674,,-0.3192493730432523,-0.26212758528347335,-0.18330741936978104,0.1348723303261526,0.010963287945465298,0.11496885546014352,0.053899027278842035,0.3714517355255422,0.3348112987207075,0.1186637286272715,0.06367615048591571,0.3765571106344347,,0.04189507722104204,0.10226217898006881,0.2575498740166816,0.40048896283685365,0.9457614914475914,41,41,41,41,41,41,41,1,41,40,40,41,41
00038665,-0.08276608936575969,0.19883242073278729,-0.15299199257491675,-0.12164790701492217,0.004500537599398521,-0.1937059231804324,-0.16464693950660697,,-0.322455385778035,-0.21996081156233313,-0.28201930251204227,0.09368455824106937,0.24835120888428813,0.6069329103641155,0.21266737225828122,0.33959322632292926,0.4486554448167499,0.9777208364282762,0.22493889033395223,0.30362387163318194,,0.0397678261902807,0.17262687590669223,0.07788853706792051,0.5601583553825802,0.11742161641665025,41,41,41,41,41,41,41,1,41,40,40,41,41
00038666,-0.02009336702637252,0.2593777025095638,-0.12998795588458673,-0.07470859556407457,-0.03919948264278306,-0.23415184431577668,-0.19419658257210068,,-0.17360526056999276,-0.22014463342568427,-0.17913578575028852,-0.01775391793126406,0.07304533144881775,0.9007658603847245,0.10149905897321916,0.41792048341368504,0.6424869838279126,0.8077494835838667,0.14061372908284792,0.22374378795264024,,0.277696900168125,0.17225928786316086,0.26872474655431566,0.9122717717875074,0.6499287819956365,41,41,41,41,41,41,41,1,41,40,40,41,41
00038667,0.1934882411835688,0.23072501619979766,-0.2741300412792475,-0.08845755534839281,-0.3296525781265489,-0.2482088534529913,0.24430416628495072,,-0.31129298558180374,-0.26781604442206547,-0.25789557017707315,-0.01705146637124781,-0.06966721328863555,0.23159216890489445,0.1520380977879603,0.08284640934728855,0.5823410007931988,0.037778001125014886,0.12251295241778686,0.12870069335946088,,0.0475759717106596,0.09476440552297613,0.10812802721956721,0.9157301393922467,0.6651462928225785,40,40,41,41,40,40,40,1,41,40,40,41,41
00038671,0.10996084382945662,0.13034813339338328,-0.0522672964583299,0.0950882449623228,-0.11540079344171933,-0.0682012099707019,0.08312891278217692,,-0.2637488509275283,-0.3358572353450159,-0.3968696034070973,-0.2038408915594884,-0.041732468619770216,0.49372355294068154,0.41662059715619043,0.7455246824327554,0.5542691047324662,0.47246144639962057,0.6717921710762064,0.605351976831012,,0.09566569789529873,0.03411002771951962,0.011228134224232295,0.201134721092016,0.7955834136877593,41,41,41,41,41,41,41,1,41,40,40,41,41
00038674,0.08069832586796784,0.2525519620676994,-0.27839455911288685,-0.055717179576804235,-0.20143409706521298,-0.204095388201589,0.02206724682535049,,-0.2179431618812855,-0.33546711798849005,-0.24388864135874655,-0.08862409651505834,0.10289161397670822,0.6159763985467874,0.11114732932331242,0.07798542044125441,0.7293427636419973,0.20662070999853582,0.20056065547369825,0.8910733622107387,,0.17103658389241924,0.034331700086210754,0.12937264843616778,0.5816281867333813,0.5220713131690777,41,41,41,41,41,41,41,1,41,40,40,41,41
00040617,0.18595701902546993,0.22750695318664713,0.322156150790401,0.2915454019978637,0.31248324992735566,0.28029095195192905,-0.04778285123662403,-0.08191248920557678,0.07215105915508672,-0.5957757693145465,-0.48458246857167003,-0.5982010278162142,-0.20614945585348501,0.24439549540404884,0.15256149830835966,0.03996257123490759,0.06438897865740903,0.04668857380492714,0.07589678772939391,0.7667206707208046,0.6200817580285539,0.6539439206008442,4.993946601329268e-05,0.0015313250997369067,3.6175346543435304e-05,0.1959693498219712,41,41,41,41,41,41,41,39,41,40,40,41,41
00040620,0.050485202496952306,0.4037365110117152,0.3190226374968297,0.2790329748002729,0.3159316069637663,0.25254645504966666,-0.0271250045069453,-0.10226296747593974,0.04902097536733128,-0.578178535517638,-0.588998428168179,-0.5123491575913531,-0.10681535087789068,0.7539266747352638,0.008852262920809165,0.04204895730007139,0.07727732620314638,0.0441929746333649,0.11115538472467802,0.8663123776825327,0.5355993352043174,0.7608510880031298,9.33301993730574e-05,6.381256361282197e-05,0.0006157446503425016,0.5062384183717563,41,41,41,41,41,41,41,39,41,40,40,41,41
00040632,0.23588418057567687,0.3727945126788394,0.2861655058768885,0.2761038470636311,0.274703963090288,0.25213582869281304,0.10936263537133833,-0.09733273433592876,0.06556541924996229,-0.6347016234612894,-0.5652754563304916,-0.46322275061568613,-0.29963828530437564,0.13761576503750556,0.01637387354871179,0.06970403213210871,0.0805680051726282,0.08217880830134182,0.11175727752644742,0.5017387281635918,0.5555469002231688,0.6838030272811804,1.0898886652067635e-05,0.0001443716762941704,0.0022888582055768754,0.05700453642548781,41,41,41,41,41,41,40,39,41,40,40,41,41
00040636,0.2812296813289066,0.3265324131075006,0.31072370951135164,0.2902029692569204,0.29784159639177915,0.27665125634106774,-0.09621323983807062,-0.20330276736610547,0.11938201745708973,-0.7050027330312476,-0.6319659621065744,-0.20159157727448931,-0.48170269781977887,0.07487925534091545,0.03719069190238379,0.04800518339602955,0.06568412135991161,0.058582479929336545,0.07994486136412637,0.5495702427868054,0.21448374299446646,0.45721357554252967,3.8012206176051256e-07,1.221241528239148e-05,0.2062585943728768,0.0014287514909080167,41,41,41,41,41,41,41,39,41,40,40,41,41
00040714,-0.009896052323125126,-0.04785238231941178,0.27194928666402535,0.3180398240046114,0.2658521865650019,0.31764360828478466,0.28696380281510186,-0.28577237197685107,0.2456205975219873,-0.34622601015922005,-0.42474859607123244,-0.18866876632925797,-0.21737578603797889,0.9510346917090676,0.769356934279931,0.08542169751948075,0.04272129113493287,0.09295234530742208,0.04579123354074894,0.11753258867737497,0.19731605958233023,0.12164102350990721,0.02863505356905461,0.006297862649091929,0.23746159525286056,0.17218107076842165,41,40,41,41,41,40,31,22,41,40,40,41,41
00040715,0.019594237831825234,-0.09039972244085746,0.28719792637870606,0.29829205758597965,0.27891720800828984,0.29584532893508353,0.39369383667782637,-0.3128680495287792,0.23933800105126246,-0.5123916041590326,-0.49083261937699174,-0.19232789923872376,-0.21375023185688413,0.9032190840153033,0.5740528083239713,0.06865809641016209,0.058183626232108696,0.07740535312664674,0.06037637312330831,0.028432064464214136,0.15627661765818357,0.13178034854851717,0.0007244237486431353,0.0013012732247422059,0.2283187610142239,0.17962456994911163,41,41,41,41,41,41,31,22,41,40,40,41,41
00044527,0.16600907389405684,-0.04152640457772592,-0.00010063318389087923,0.0926624417223278,-0.015962709809374042,0.09636952228916562,0.30223726573504844,-0.270214180126334,-0.06869444707001127,-0.3848355783831655,-0.32619857279248604,-0.0972347134529146,-0.2988538256214014,0.2995851572761433,0.7965714094028069,0.9995017699508486,0.5644649566645524,0.9210934033728936,0.5489189807271477,0.05478228730087386,0.1008488229406962,0.6777535533580393,0.014206787197112434,0.0399555345729365,0.5453201824810291,0.057689258277642944,41,41,41,41,41,41,41,38,39,40,40,41,41
00044528,-0.22450688906907137,0.05942320329865162,0.0024165020904554813,-0.39976451832018906,0.08154924079440633,-0.20963435862658988,-0.044459557255604694,0.36756812104788217,0.44164787037921377,,,,,0.5068965692815909,0.8622187791594831,0.9943739153183375,0.2231662889491086,0.8116020444895916,0.5361393771829819,0.8967271913774387,0.2660975538427446,0.20130732292333925,,,,,11,11,11,11,11,11,11,11,10,0,0,11,11
00044529,0.14996032584774785,0.05559285615381958,-0.016058680124212046,0.09831919607209368,-0.032822133779560815,0.09601212523659942,0.2983214651694471,-0.16044820390704126,0.02750329109841975,-0.4148784552632665,-0.1584443913819753,-0.04942050731720095,-0.3002165824235333,0.349362686338153,0.7299239514672867,0.920620507187342,0.5408251868641633,0.8385726478386399,0.550408868131216,0.058157663322159395,0.3428058121540953,0.8662198429471462,0.007770723904071384,0.32881637968876765,0.7589598263217016,0.05650393684453696,41,41,41,41,41,41,41,37,40,40,40,41,41
00044531,0.04073163194743142,0.12104049361522377,0.11460795603900398,0.07939743686473066,0.11127882231932401,0.06632597183942887,0.125960350203007,-0.26934219711660334,-0.08225553949508285,-0.30934851289270215,-0.20972629036132798,-0.408430534067883,-0.12692472104585245,0.800384952737324,0.4509409953161698,0.4755297617752626,0.621694875899072,0.48852749012800695,0.68032925801823,0.4326117224674827,0.10199615686555062,0.6186125506746217,0.052089534271835505,0.1939900929224656,0.008023436682791691,0.4290681431423747,41,41,41,41,41,41,41,38,39,40,40,41,41
00044533,-0.002246224929794644,0.11471405796755789,0.13320231101052912,0.08744991575093733,0.1352040783964138,0.0758625210222914,-0.14256819666363865,-0.24201501953240395,-0.013524991254282734,-0.341725722557406,-0.299229300339061,-0.24779570659333688,-0.18229995942572216,0.9888793938161548,0.4751185349593401,0.40640117773647577,0.5866621418707788,0.39932044832943026,0.6373442072912913,0.37389290712989415,0.14897898533184292,0.9348700712239901,0.03091472220756272,0.06069456244156799,0.11827091965140887,0.2539609134450195,41,41,41,41,41,41,41,37,39,40,40,41,41
00044575,-0.058776279343850275,0.22975749287402977,0.10442838641813999,0.07519863373342145,0.11407715181960687,0.043395993257198534,1.599943631637457e-05,-0.32273285310990746,0.0003087241930315593,-0.21864218853606499,-0.26220126807816785,-0.3202051052827462,-0.05039668359632514,0.7150898657740064,0.14843462130735025,0.5158411877483441,0.6403009677340972,0.4775898514642178,0.7876191265676671,0.9999207875561581,0.04812774440764382,0.9985117452377336,0.18114401965284577,0.10684754731301481,0.041251469345378516,0.7543447521750862,41,41,41,41,41,41,41,38,39,39,39,41,41
00044578,0.17523274336197772,0.12103944085766338,0.035911955659774425,0.07947286257558905,0.006794703878959887,0.07092837229851645,0.20451726465518316,-0.26423752547643176,-0.037392663986966654,-0.11669606593218998,-0.14701612321186766,-0.35012312807092105,-0.10703634395953467,0.2731471626997737,0.4568838138107571,0.8236061221427283,0.6213627133933928,0.9663693212278817,0.6636247696691634,0.20555061658649246,0.10891335681481823,0.8188123155118705,0.47331062498973264,0.36532774355334,0.02482525663871845,0.5053539561417777,41,40,41,41,41,40,40,38,40,40,40,41,41
00044594,0.04748455761319835,0.41647358955388897,0.08312352315293291,0.06298966219392753,0.07862664762688007,0.009594903734416052,0.015478659215652635,-0.3636446681454032,-0.09997090483522236,-0.22804785603829744,-0.1544954364792926,-0.22130965454505375,-0.2618563771300681,0.7681367318869678,0.00675798116864257,0.6053754481308514,0.695615094485394,0.6250935424859759,0.9525230462605885,0.9234789804564554,0.024817785166075003,0.5448297736611457,0.1626241156605771,0.34768576195387424,0.1643582801076228,0.09815873651598701,41,41,41,41,41,41,41,38,39,39,39,41,41
00044605,-0.06402533726146893,0.2446181145567828,0.23565744812031897,0.08292051139752485,0.24596435960032959,0.04784326637430529,0.15961780003752127,-0.11141302040088179,-0.055822601405978,-0.38415443023832413,-0.3552364176745551,-0.3501870649777316,-0.22390911852308598,0.6908569069564162,0.12321833762893938,0.13800542985665262,0.6062598292888363,0.12110365374135433,0.7664339586275213,0.3188347798640934,0.511510669735302,0.739226232045271,0.015759164594376252,0.026472169880604707,0.024797104081732323,0.15933223597394555,41,41,41,41,41,41,41,37,38,39,39,41,41
00044677,0.13245814015913626,0.24045071770648738,0.08118139465994297,0.0710784956576173,0.06688983572010655,0.05682405790991231,-0.027904792208661065,-0.08288231712412604,-0.2975397741897944,-0.2138507759601082,-0.12207591683137894,-0.2099635910184117,-0.3007455645110646,0.4090517338729567,0.12994017343349296,0.613858580454851,0.658772273413162,0.6777580466259027,0.7241749435232334,0.8625054048681194,0.6159319773046195,0.06582820195697739,0.18516733684152586,0.45300979761873683,0.18764122159959676,0.05604911107898935,41,41,41,41,41,41,41,39,39,40,40,41,41
00044679,0.2056961409566317,0.20690368957924982,0.0689405272535619,0.06845683832140616,0.04327097595483074,0.05495613476198905,0.21767809559369833,-0.07029899488942809,-0.3202362306904325,-0.4989236946745613,-0.001725488441948364,-0.6131959605876256,-0.18369989298840975,0.19697618901550548,0.19430219261568826,0.6684374802305677,0.6706315293131778,0.788216928959714,0.732902831039803,0.171570581321059,0.670646950615668,0.04395420441207662,0.0010491677368134774,0.9915689961973859,2.0223449192788427e-05,0.25027009662397265,41,41,41,41,41,41,41,39,40,40,40,41,41
00044680,0.018217888258566725,0.13641917033634693,0.04945577125533239,0.060190741674064296,0.04853107840144903,0.05055974127073699,0.08454626894786268,0.24550015837854067,-0.3113192067327145,-0.37887835839715683,-0.25700595176369834,-0.2639720225623549,-0.08491085646149187,0.9111599501354908,0.4012640554313406,0.7618496108567602,0.7121701026632445,0.7661765931580237,0.7566930786102448,0.6039755680707568,0.1373707173632934,0.05053365062441708,0.017380926231233388,0.1142344528361571,0.09978305881337216,0.6024107838603027,40,40,40,40,40,40,40,38,40,39,39,40,40
00044690,-0.06721128316670713,0.2437144533316268,0.10502508970846652,0.07580237009049857,0.11107314418454267,0.06289684583679196,-0.35051934542706964,-0.1903316170324286,-0.24849905283793872,-0.3133171128804486,-0.18260657181622825,-0.465365837130595,-0.1593430800170262,0.6762938610576243,0.12465327132390726,0.5134321650654851,0.6376118744927161,0.4893364955685621,0.6960420854833707,0.024651222513712268,0.24580655839695326,0.12206214434633836,0.04899465182261746,0.25940532001378835,0.0021700016606614097,0.3196792556138787,41,41,41,41,41,41,41,39,40,40,40,41,41
00044696,0.04500464032288533,0.24472816035974648,0.01086489994792185,0.06974120904630687,0.006954875153891954,0.05643140211464431,0.12664168564491002,0.03293391408469269,-0.30333086817972754,-0.26058604524553797,-0.36000776290524344,-0.2760278613408225,-0.34136316808278516,0.7827414144800983,0.13321579278936882,0.9469490462703902,0.6689301514722336,0.9660266558693911,0.7329378720768953,0.4423407934780364,0.8465629328480352,0.05707976438582689,0.10910415544627085,0.02437430596777005,0.0846953956767991,0.031104705826606623,40,39,40,40,40,39,39,37,40,39,39,40,40
00044702,0.17130603522480586,0.25871888410293553,0.05633083636813702,0.07735291794209741,0.038359292462702636,0.0636503325929008,0.0455452813215787,-0.0910194015121871,-0.15033671970893078,-0.2970548752275361,-0.2704028813395849,-0.2376940168979372,-0.30584130984068536,0.2905497749354357,0.10696728865190572,0.7299105054655024,0.6351993750182444,0.8142096297794225,0.6963953484566316,0.7801955031916072,0.5868072529581798,0.3544771867189974,0.06629106577947344,0.09593235367858913,0.13970257735712016,0.0549534550707353,40,40,40,40,40,40,40,38,40,39,39,40,40
