zettaicode,Summer_1_COD2,Summer_2_COD2,Summer_1_DOC2,Summer_2_DOC2,Summer_1_TN2,Summer_2_TN2,Summer_1_TP2,Summer_2_TP2,Summer_1_DIN2,Summer_2_DIN2,Summer_1_DIP2,Summer_2_DIP2,Summer_1_NH4N2,Summer_2_NH4N2,Summer_1_NO2N2,Summer_2_NO2N2,Summer_1_NO3N2,Summer_2_NO3N2,Summer_1_PO4P2,Summer_2_PO4P2,Summer_1_COD2_pval,Summer_2_COD2_pval,Summer_1_DOC2_pval,Summer_2_DOC2_pval,Summer_1_TN2_pval,Summer_2_TN2_pval,Summer_1_TP2_pval,Summer_2_TP2_pval,Summer_1_DIN2_pval,Summer_2_DIN2_pval,Summer_1_DIP2_pval,Summer_2_DIP2_pval,Summer_1_NH4N2_pval,Summer_2_NH4N2_pval,Summer_1_NO2N2_pval,Summer_2_NO2N2_pval,Summer_1_NO3N2_pval,Summer_2_NO3N2_pval,Summer_1_PO4P2_pval,Summer_2_PO4P2_pval,Summer_1_COD2_n,Summer_2_COD2_n,Summer_1_DOC2_n,Summer_2_DOC2_n,Summer_1_TN2_n,Summer_2_TN2_n,Summer_1_TP2_n,Summer_2_TP2_n,Summer_1_DIN2_n,Summer_2_DIN2_n,Summer_1_DIP2_n,Summer_2_DIP2_n,Summer_1_NH4N2_n,Summer_2_NH4N2_n,Summer_1_NO2N2_n,Summer_2_NO2N2_n,Summer_1_NO3N2_n,Summer_2_NO3N2_n,Summer_1_PO4P2_n,Summer_2_PO4P2_n
00000122,-0.10923836331758678,-0.04652222942214163,-0.16332684109133777,0.5772207902410442,-0.3037135051018066,-0.4914467617172268,-0.502424908329621,-0.6767432541420519,-0.2099292981459667,-0.4024200152297945,-0.4914090914032531,-0.5378161321202288,-0.13126128389705372,-0.3303144393455415,-0.4622702918763601,-0.5119980399432742,-0.25129132172073976,-0.3275505447528144,-0.4914090914032531,-0.5378161321202288,0.5022278262574578,0.7756007452958812,0.31393641320896537,9.646249742527339e-05,0.056751499091860245,0.0012804114358003548,0.0009542449025638196,1.6329881419528707e-06,0.19354902728684512,0.010044818647066153,0.0012816824788845131,0.00034484897517494435,0.4194668362510358,0.0373720120001615,0.0026725407444505166,0.0007324658002685464,0.11778790403745962,0.03909133814675278,0.0012816824788845131,0.00034484897517494435,40,40,40,40,40,40,40,40,40,40,40,40,40,40,40,40,40,40,40,40
00000124,-0.052021607205470936,-0.1015881392087461,-0.15184147044528934,0.5840489575355448,-0.5638453064900099,-0.48927359719224955,-0.5737969860646507,-0.515286716371879,-0.4333353153204374,-0.4238127147422178,-0.40798118734913125,-0.34129352436478716,-0.23099414460188986,-0.21173537130582848,-0.5667870557742359,-0.5577094647401952,-0.4853455462543912,-0.5184728964074131,-0.40798118734913125,-0.34129352436478716,0.7498808544089052,0.5327962899244977,0.3496252158991191,7.606133366029678e-05,0.00015135642097539176,0.001355589268913414,0.00010845403809964383,0.0006676433783692149,0.005219214149683783,0.0064263071261103175,0.008967764706068944,0.03114130997646355,0.15154742815536823,0.18965614844601156,0.00013730680243016449,0.00018491727172599456,0.0015014360872833228,0.0006097721618400576,0.008967764706068944,0.03114130997646355,40,40,40,40,40,40,40,40,40,40,40,40,40,40,40,40,40,40,40,40
00000125,-0.20235725576395813,-0.2943576084228263,-0.18874827862564308,0.3103409570838122,-0.26226872208030577,-0.500113956032507,-0.15123497213056306,-0.3666718143342329,-0.2416539293296669,-0.420562744595566,-0.3470963545071871,-0.18233667861528338,-0.11725023998418188,-0.3737342966606132,-0.4703888534359734,-0.19642268413561143,-0.22676926650178475,-0.22285790507507097,-0.3470963545071871,-0.18233667861528338,0.2104825131645847,0.06522208254461603,0.24344638235560076,0.05130125125192103,0.1020708299456106,0.0010159978467698069,0.3515759409788574,0.019954139962458296,0.13303137186509997,0.006890068004510564,0.028210619128434058,0.26012220763167593,0.47119752214482297,0.017522850594962086,0.002191698523512353,0.22445391591039285,0.15938460245006147,0.16689879114064884,0.028210619128434058,0.26012220763167593,40,40,40,40,40,40,40,40,40,40,40,40,40,40,40,40,40,40,40,40
00000128,0.051060951954446016,-0.10056129417254003,0.040748041204376695,0.3009042651020015,-0.5168090628986458,-0.4892877106389167,-0.49658581683030467,-0.3291639163115688,-0.5682779450978555,-0.5310245559113962,-0.40445998677338846,-0.20582662342025665,-0.3879514834491641,-0.2647444382367753,-0.5471031349290014,-0.48054992918245276,-0.5057436100085785,-0.49981916139651084,-0.40445998677338846,-0.20582662342025665,0.7543553870711978,0.5369669653529918,0.8028620759995766,0.05919699561085953,0.0006394084042829472,0.0013550886958140322,0.001117129212477924,0.03808005354526822,0.0001306462033961792,0.00042289758492470756,0.009637550070428073,0.20260053620160437,0.013377753306143735,0.09875862457817815,0.0002590510652218503,0.0016981736060218133,0.0008713961330256909,0.001024125153074989,0.009637550070428073,0.20260053620160437,40,40,40,40,40,40,40,40,40,40,40,40,40,40,40,40,40,40,40,40
00000129,-0.15090400320389213,-0.05709971969431786,-0.08885243576081653,0.5678110097007124,-0.5488746280208883,-0.5496784060385236,-0.5621875957070699,-0.20773170190236573,-0.4195145927112651,-0.5071897580909149,-0.36789454695309315,-0.1310995842813986,-0.26518790051433067,-0.17863780542078145,-0.4961937886770864,-0.3209493649625984,-0.411470695544355,-0.4309064984103892,-0.36789454695309315,-0.1310995842813986,0.35264324594112206,0.7263652359847859,0.5856070580028077,0.0001327001460769238,0.0002450597240763714,0.00023893870696815867,0.00015983333822910077,0.19836133874108397,0.0070456611382478905,0.0008373415524810891,0.01951405893674027,0.4200449197335186,0.09817412501341635,0.2700797478402838,0.0011288998553749914,0.04345951724952372,0.008343762591945154,0.005506716962262833,0.01951405893674027,0.4200449197335186,40,40,40,40,40,40,40,40,40,40,40,40,40,40,40,40,40,40,40,40
00000236,-0.002312650130230182,0.16087908101104337,-0.28373857549931,,-0.41072657184704525,-0.1805797408645247,-0.3327176534425193,-0.4563615617690062,-0.3537215534734086,-0.27865655590380345,-0.25270660522114974,-0.06605027930031715,-0.3400015460244275,-0.19199810399743475,-0.3222257538783211,-0.08189415425915927,-0.30383084902619617,-0.15335747225611568,-0.25270660522114974,-0.06605027930031715,0.9885505574384069,0.3149756977493097,0.0722122409869932,,0.007642945595039958,0.2585457483649714,0.03354308409534763,0.002708794508436676,0.023281609581710973,0.07769421696484262,0.11092130548486734,0.6815877154239737,0.02962990362950471,0.22913277460631434,0.039917203636647546,0.6107394259134783,0.05345439228430107,0.3384269617527642,0.11092130548486734,0.6815877154239737,41,41,41,41,41,41,41,41,41,41,41,41,41,41,41,41,41,41,41,41
00000244,0.502959283929658,0.01669526469158259,0.1323588421419496,0.6037673347659079,-0.4106368558935274,-0.33943780176173466,-0.12057884321539694,0.046156890586821604,-0.5208832360538472,-0.2562276630759181,-0.35424589666211903,0.10533344161776088,-0.3838755259322174,-0.10333894237278479,-0.3737224355339544,0.23306775305594069,-0.48140136206057466,-0.2223602889495808,-0.35424589666211903,0.10533344161776088,0.0008035967567826626,0.9174844108307991,0.40940615523591894,2.9251569173840253e-05,0.007657515915223897,0.02991864175254666,0.4526823015795386,0.7744484052720367,0.00048015395862388083,0.105868797292446,0.02306350845033092,0.5121894901596749,0.01322184565600062,0.5202540018232759,0.016087615467700857,0.14251423343444175,0.0014400767658871308,0.16231324955044274,0.02306350845033092,0.5121894901596749,41,41,41,41,41,41,41,41,41,41,41,41,41,41,41,41,41,41,41,41
00000248,0.36240661913418204,-0.0721030015301556,0.10432532623893001,,-0.3760410202392424,-0.26596279732171546,-0.26964061302972236,0.26112732539907046,-0.41915198274487603,-0.09554336215595834,-0.26244525757622844,0.28101089683355657,-0.22817529953924787,0.05281148369939253,-0.2975486712239092,0.23207522323400326,-0.40022247234743563,-0.1774509570707683,-0.26244525757622844,0.28101089683355657,0.019882831036272055,0.6541599656187239,0.5162578343097581,,0.015390762987498023,0.09281131508047982,0.08821535608602472,0.09913234172245593,0.0063767318983443495,0.5523659044371161,0.09737769333142983,0.07511544389841288,0.15132727372932997,0.7429647526674136,0.05884301435277327,0.14427077679827427,0.009519868695429496,0.26702531286409853,0.09737769333142983,0.07511544389841288,41,41,41,41,41,41,41,41,41,41,41,41,41,41,41,41,41,41,41,41
00000272,0.4333639587825922,0.15994335802064993,-0.12349440303643974,0.5564773137282516,-0.3187807479725029,-0.29981319401127476,-0.08152484580415023,-0.10306990524311221,-0.3496326812115762,-0.35109324153038335,-0.2654969504928968,-0.05214979669775359,-0.30252569888289,-0.11267596779032325,-0.5109005748887314,-0.19183263296428255,-0.2587483257923236,-0.25481154234548686,-0.2654969504928968,-0.05214979669775359,0.00464936800712374,0.31783584951733546,0.4417464785862366,0.00015800846816385277,0.04221362829604822,0.05685275520002796,0.6123547382656045,0.5213466133603051,0.02504209473249377,0.024400946370891168,0.09340639403778032,0.7460777727415334,0.05454000371644425,0.48305040805525457,0.0006418848437620521,0.22954194353988236,0.10236090868032073,0.10787933042854429,0.09340639403778032,0.7460777727415334,41,41,41,41,41,41,41,41,41,41,41,41,41,41,41,41,41,41,41,41
00000275,-0.23814057574882855,-0.04120826569348473,-0.25096448438588675,,-0.5432666350881401,-0.4165746104475164,-0.3381562773722258,-0.2063810485797179,-0.4691102671522233,-0.2620656140597248,-0.01840886053454146,-0.17037613884809494,-0.4094633960951841,-0.1694565921497405,-0.5725008724993206,-0.16444681458708532,-0.3146489300227377,-0.13278734761843694,-0.01840886053454146,-0.17037613884809494,0.1337822139684605,0.798097374648717,0.11348780067892444,,0.00024218138015064098,0.0067432523653975715,0.030583664280635817,0.1954563696653413,0.001975329098801079,0.09788067289307072,0.909048740631823,0.2868701276221175,0.007850305012822339,0.2895179015311211,9.183442388519425e-05,0.30422015479351855,0.04510830844414363,0.4078779596257717,0.909048740631823,0.2868701276221175,41,41,41,41,41,41,41,41,41,41,41,41,41,41,41,41,41,41,41,41
00001210,-0.09875985076487696,-0.09547925648529026,-0.07579540596671455,0.21902395613827957,-0.5177497488221583,-0.5086314876609428,-0.47281602683326923,-0.2404611093198017,-0.24670771090024773,-0.31271934423826653,-0.1810262073331121,0.020958169431556317,-0.09996793447557975,-0.10686310625516221,-0.43815561993036245,0.00324950136266558,-0.2723811284627455,-0.30270769137658726,-0.1810262073331121,0.020958169431556317,0.5443216290990323,0.5578373240374972,0.6420453082035653,0.17450905209072787,0.0006224987918973508,0.0008045749682083318,0.0020635710392366276,0.13501547797120217,0.12486484688517621,0.04945110502020197,0.26362176693353595,0.8978625945194165,0.5393841394246554,0.5116224577208562,0.004686952906082033,0.9841231552601606,0.0890591148503583,0.057617632581145065,0.26362176693353595,0.8978625945194165,40,40,40,40,40,40,40,40,40,40,40,40,40,40,40,40,40,40,40,40
00001212,-0.24603920740413815,-0.25972004971007373,-0.15775797139684591,0.5427567759791877,-0.4715580815992745,-0.5441139657974619,-0.4969961848951844,-0.4454470587412643,-0.1635658412347909,-0.3118739422150639,-0.38318566942688365,-0.23208849151621155,-0.18438969563040478,-0.12281910791480126,-0.4123292797839268,-0.4637530397706148,-0.09094787997489154,-0.25408332343107043,-0.38318566942688365,-0.23208849151621155,0.12592302270171896,0.10556860420191794,0.33094295199163165,0.0002964708397932092,0.002129128620643076,0.00028429578425439005,0.0011049246518529629,0.003971475685832748,0.3132191211063664,0.05010248824459211,0.014663110604734592,0.14956415778832352,0.2547020214362109,0.45024298412571967,0.008196071754375839,0.002578376740451011,0.5767597206251666,0.11362775969298568,0.014663110604734592,0.14956415778832352,40,40,40,40,40,40,40,40,40,40,40,40,40,40,40,40,40,40,40,40
00001214,-0.10086564642289438,-0.040902149043391095,0.02354637942023717,0.270139139522269,-0.2491452894267972,-0.6007261405410145,-0.17967342185851157,0.0037019809695394423,-0.03519480393306887,-0.44129436534217964,-0.048724246527090065,0.12614472863398662,0.11125895230636157,-0.016635594347528287,-0.48542255013751034,-0.19978876872691853,-0.4084720814675964,-0.4238543772055583,-0.048724246527090065,0.12614472863398662,0.5357291549798555,0.8021313411317272,0.8853283430685728,0.09182694655881238,0.12106272580599538,4.160542185574476e-05,0.2672668807487451,0.9819127117212211,0.8292997196458357,0.0043662947792092715,0.7652721039996966,0.43797534377746594,0.4943055175759811,0.9188492380740421,0.0014984487541311949,0.2164532965126944,0.008877635126252741,0.006420541461748847,0.7652721039996966,0.43797534377746594,40,40,40,40,40,40,40,40,40,40,40,40,40,40,40,40,40,40,40,40
00001215,-0.18258449605957214,-0.13852333017034432,-0.29001897631534357,0.5745754948399447,-0.5983581572688726,-0.5520719877342452,-0.45659766632917886,-0.02974884308676931,-0.3683906443801683,-0.4488919878387264,-0.3397280330851563,0.006000678417426575,-0.2218322809593516,-0.024305128341468633,-0.4187673691158571,-0.009108095148647993,-0.36016042351298694,-0.5492689597160142,-0.3397280330851563,0.006000678417426575,0.25946390804730335,0.3939710782796311,0.06947552677390566,0.00010561473200357827,4.541960665792455e-05,0.00022151713749690388,0.0030612024425202182,0.8554083322970963,0.019337840741445664,0.0036679239961327995,0.03197352606661024,0.9706855655382848,0.16891074153826538,0.8816589310656019,0.007158422766003473,0.9555177836929616,0.022440102963560256,0.00024203935703888657,0.03197352606661024,0.9706855655382848,40,40,40,40,40,40,40,40,40,40,40,40,40,40,40,40,40,40,40,40
00001222,-0.2687561277632063,-0.1755334864042504,-0.18068468316309425,0.30524483770085775,-0.5461996852445422,-0.572677261002301,-0.47226858294169616,-0.37810788466860623,-0.4385363370065695,-0.3914052098276971,-0.4330485970424581,-0.306715482308191,-0.32559030476175554,-0.12698479709567623,-0.47409161264770006,0.046895962307967304,-0.40233258047131976,-0.31834378016878084,-0.4330485970424581,-0.306715482308191,0.09356712447816525,0.2786278679025306,0.2645388899210591,0.055452825854711583,0.00026645962840731607,0.00011265898161662523,0.0020918793690218275,0.016146040164090412,0.004646999075242513,0.012507141077202516,0.005252461529466388,0.054228099674479564,0.04034938766796078,0.43490594614680256,0.0019989147696010644,0.7738449969346556,0.010062598244101707,0.04528910874761296,0.005252461529466388,0.054228099674479564,40,40,40,40,40,40,40,40,40,40,40,40,40,40,40,40,40,40,40,40
00001230,-0.2079522445344686,-0.2791520878411079,-0.12917775398543574,0.3003498988332023,-0.5739923732730798,-0.6266893489017278,-0.4428916544473319,-0.19902504405208596,-0.3021324675651448,-0.22147179922219312,-0.36612940497192403,-0.11290285679389854,-0.23733856392805586,-0.28572051451256014,-0.2514637754401581,-0.014597384572430525,-0.3137933309394834,-0.1277916237216988,-0.36612940497192403,-0.11290285679389854,0.19787463737560831,0.08109056525596986,0.42694987218157227,0.05968935381298599,0.0001077350214732261,1.5163247921078093e-05,0.004210567442554446,0.21825102000781627,0.0581176940547471,0.16962202385485162,0.02015200700947027,0.48790777753080916,0.14031327201222565,0.07390222642048797,0.1175276668853716,0.9287647355809906,0.04863344809073659,0.43196926229492266,0.02015200700947027,0.48790777753080916,40,40,40,40,40,40,40,40,40,40,40,40,40,40,40,40,40,40,40,40
00001235,-0.24887589839492022,-0.05317421840729106,-0.25400316900423076,0.7028290433333731,-0.6240465758028326,-0.5814610558260778,-0.5337855091908532,-0.533110811090841,-0.27981907291966085,-0.527623283738609,-0.36514158935230323,-0.48135850028153215,-0.17490817584127866,-0.32971591116310106,-0.3372785487932003,-0.33501708458018875,-0.2918462581882906,-0.4989953179093624,-0.36514158935230323,-0.48135850028153215,0.1214785952127447,0.7445228854983338,0.11374562159856141,4.277551508702234e-07,1.6874088394304064e-05,8.328102449902125e-05,0.00038943946877448635,0.000397388821366827,0.08033669431278942,0.00046764144184378213,0.02051657627690464,0.0016634879642699952,0.28037087732209176,0.03773899719104644,0.03331231778966899,0.034588883919618174,0.06765823312473947,0.0010471449129947775,0.02051657627690464,0.0016634879642699952,40,40,40,40,40,40,40,40,40,40,40,40,40,40,40,40,40,40,40,40
00001238,-0.1949614244805248,-0.3043453805205326,-0.10375789146284328,0.34331061746432434,-0.6006828402812856,-0.6604180034520813,-0.3345634009795212,-0.4834688285715468,-0.23312142476624317,-0.22104874766494187,-0.25140267309238334,-0.298986202695692,-0.04028465433978785,0.018209873174010155,-0.27075587812647994,-0.2792027352603027,-0.24714299197187076,-0.3595858935492972,-0.25140267309238334,-0.298986202695692,0.22798943784821435,0.056212713571605795,0.5240356121555487,0.030095403864745164,4.1672466815661434e-05,3.5347331430056915e-06,0.03484975022112041,0.0015758887857159022,0.14770968644435714,0.1704595116106382,0.11761982233053865,0.06091439478802393,0.8050603172335218,0.9111988805755504,0.09105902750121742,0.08103312751339069,0.124179425555369,0.022671335313188126,0.11761982233053865,0.06091439478802393,40,40,40,40,40,40,40,40,40,40,40,40,40,40,40,40,40,40,40,40
00001251,-0.189329377054381,-0.10555874970277514,-0.16215617800320037,0.3173904608330712,-0.6007541308372442,-0.5322942915933558,-0.5720510104864022,-0.1956618189517283,-0.42020543128827387,-0.38273609920509677,-0.3903494633736604,-0.01372457481326178,-0.27796605643477884,-0.2744361700767485,-0.4912471739183905,-0.14939049526593334,-0.4298874889919467,-0.23104446155998715,-0.3903494633736604,-0.01372457481326178,0.24197150974393505,0.5168186397234771,0.3174647994140826,0.04597388101457049,4.1562134675022896e-05,0.00040720341526627793,0.00011507455092017221,0.22629010874982042,0.006942773339625529,0.014789578397988133,0.012768010766874466,0.9330141227548797,0.08244469840649986,0.08657915215604066,0.0012871585073057686,0.35754902171241115,0.005631362943572616,0.15145581986261591,0.012768010766874466,0.9330141227548797,40,40,40,40,40,40,40,40,40,40,40,40,40,40,40,40,40,40,40,40
00001311,-0.029241683510418698,0.20993278598596946,-0.41899369569498224,0.6037101544536334,-0.34470376056633784,-0.43663378451262436,-0.21268429201494746,-0.2347147815388843,-0.28045329984498246,-0.30851918484924995,-0.23591065777929227,-0.14400640445502474,-0.2154358784883463,-0.3222065934152656,-0.485378303215176,0.22247760083883875,-0.2075023425985681,-0.06267837537724338,-0.23591065777929227,-0.14400640445502474,0.8578479157276927,0.1935414555996821,0.007124105444419461,3.7214640392761694e-05,0.029390081071084026,0.00484965503922986,0.1876331491216926,0.14488222068104387,0.07962492786761356,0.05275568787853266,0.14278638979107272,0.375332396334266,0.181853614083842,0.042598401204982456,0.001500164652109807,0.1676428011789471,0.1988683877177613,0.7008148191316451,0.14278638979107272,0.375332396334266,40,40,40,40,40,40,40,40,40,40,40,40,40,40,40,40,40,40,40,40
00001313,-0.07752884106091767,0.1230048349343552,-0.45594986659998105,0.5825475526036809,-0.48373578969204256,-0.4837853475930528,-0.18078192959215408,-0.3763077113018134,-0.3765763605709703,-0.4034195228491708,-0.028532988708069203,-0.22233508246688652,-0.49495345454984074,-0.5782777793611367,-0.4767463769231888,-0.3242365445275238,0.015850824365008787,0.004119442046210703,-0.028532988708069203,-0.22233508246688652,0.6344279820164151,0.44955298239269315,0.0031085871421776463,8.017751562788422e-05,0.0015651028995267704,0.001563107830637489,0.26427753138056764,0.01670126418576076,0.016617398067213927,0.00984347175509746,0.8612591207937349,0.16792223265842185,0.001166868719600383,9.301094902059364e-05,0.001870043329663742,0.04123729218605545,0.922665640565989,0.9798734577906586,0.8612591207937349,0.16792223265842185,40,40,40,40,40,40,40,40,40,40,40,40,40,40,40,40,40,40,40,40
00001318,0.1135141791942973,-0.13463876206868844,-0.45063971326965047,0.5936204669116545,-0.34423864609046395,-0.538145725529267,0.06866525867045556,-0.314272038248941,-0.21246036131438575,-0.500058744373282,0.061227169996637354,-0.19282713547874072,-0.41307496072247274,-0.4236055428908963,-0.4062628194324247,0.2365793484685847,0.017214052508176064,-0.03157594103910573,0.061227169996637354,-0.19282713547874072,0.4855396244799993,0.4074952276929531,0.0035218124549684553,5.4020718436832725e-05,0.029624026434948752,0.0003414137901130474,0.6737522815955502,0.048272522118284755,0.1881091617978561,0.0010175156252553734,0.7074315124048127,0.23322147675647073,0.008069629223554538,0.006455044040417839,0.009289465386233068,0.14162425734782544,0.9160372910056975,0.8466306154391319,0.7074315124048127,0.23322147675647073,40,40,40,40,40,40,40,40,40,40,40,40,40,40,40,40,40,40,40,40
00001320,0.08451605377198963,-0.10538915717514866,-0.37263162129280686,0.5788325084002311,-0.06358836147275379,-0.46264903933248314,0.26974606259845113,-0.17319540665311073,-0.11092138951424682,-0.30702997725289904,0.21504149437371997,-0.037539236872820944,-0.45613441674246086,-0.5026099421088419,-0.38841553261181516,-0.45534679679716483,0.41895628933451573,0.05897195618809434,0.21504149437371997,-0.037539236872820944,0.6041053280994021,0.5174961701189701,0.01788515399322375,9.124462645336086e-05,0.6966768366736076,0.0026482055471750404,0.09231897759667577,0.28518143286331127,0.4956245509071032,0.053969026821182334,0.18267411594130645,0.8181140062850148,0.0030950229106114246,0.0009494477961250432,0.013257868292997941,0.0031532753965574155,0.0071297674807240296,0.7177561049493284,0.18267411594130645,0.8181140062850148,40,40,40,40,40,40,40,40,40,40,40,40,40,40,40,40,40,40,40,40
00001323,-0.19729287029864856,-0.43734526389686346,-0.41561067461676365,,-0.4202733745785043,-0.1930422062692838,-0.24153175982181596,-0.07763801917162458,-0.38774372580650085,-0.6141137544401453,-0.16281321264974155,0.11881918406541633,-0.36441688210151324,-0.4751824007249654,-0.5150087815463236,0.03689872623504141,-0.19506182157065657,-0.09879261541884439,-0.16281321264974155,0.11881918406541633,0.22863469424710603,0.0060378804049185785,0.008506906902994145,,0.007725680825052703,0.24555957813103127,0.13852082186997,0.6431451521088736,0.01473040014670451,4.1149412065145984e-05,0.3220200315692799,0.47739033205700215,0.022560330553730818,0.002571672116726237,0.0007943340219305092,0.8259213884877122,0.23404651902230597,0.5551226231516609,0.3220200315692799,0.47739033205700215,39,38,39,38,39,38,39,38,39,38,39,38,39,38,39,38,39,38,39,38
00001326,-0.03145763985335592,-0.3262316249919349,-0.4148270594852149,0.5490456717756044,-0.3733346692676631,-0.33232690511681306,-0.3435353684387341,-0.21397579663192573,-0.4527267932781771,-0.5467663105647406,-0.16850411355464845,-0.15278795474380596,-0.29680800660909795,-0.31317052211883095,-0.3900520186324534,0.2920228780966416,-0.40655003427031583,-0.3799182584919943,-0.16850411355464845,-0.15278795474380596,0.8471984152330917,0.042676769890578184,0.007779108416198384,0.0002951443028099843,0.017653435225506765,0.03873270191577359,0.029980681325782212,0.19086926808430155,0.003354008428952171,0.0003164264380380786,0.298630343915568,0.3531045680777611,0.0629124997468304,0.052226410275793174,0.012842336803348854,0.0712475979592018,0.009235017275510559,0.017050633978827064,0.298630343915568,0.3531045680777611,40,39,40,39,40,39,40,39,40,39,40,39,40,39,40,39,40,39,40,39
00001352,0.08043714321979943,0.10284896871538636,-0.38890017686954226,0.5297527394133994,-0.3146231602176387,-0.5008826695065007,-0.048753580109165875,-0.2396033208887776,-0.1526455902847343,-0.5133408557567525,-0.01735042297000955,-0.18076343517436622,-0.16792336143705927,-0.3808852384728088,-0.20983872572597823,0.406288895718423,-0.11797909681252076,-0.05587882109452816,-0.01735042297000955,-0.18076343517436622,0.6217312884611204,0.527696869029756,0.01313363682427873,0.00043915843675765965,0.048009165619624636,0.000995073626550281,0.7651347794629068,0.13645580939948868,0.3470490565534995,0.0007053496954842634,0.915374525188389,0.2643272236305861,0.3003230389955697,0.01532000112630741,0.19374572238684495,0.009284510714734923,0.4684259655705929,0.7319973122856642,0.915374525188389,0.2643272236305861,40,40,40,40,40,40,40,40,40,40,40,40,40,40,40,40,40,40,40,40
00001427,0.1384424885357281,0.3082244392189304,-0.3884824405276601,0.7709673429649913,-0.3487255905164498,-0.32131636660282664,-0.22858042899773123,-0.3889176304015094,-0.43313677096330416,-0.41613462187641725,-0.3684437044973793,-0.33391483615599143,-0.350536317200904,-0.4196425978769628,-0.37392495109242874,-0.13806835655927413,-0.27525563036955447,-0.07909447777705367,-0.3684437044973793,-0.33391483615599143,0.4498647177131888,0.08611104374035235,0.02800087527710991,2.429430018522003e-07,0.050453022544469636,0.07293850645897451,0.20826877226489887,0.027810486708107426,0.013276115515607596,0.01783945519888723,0.037992022702780875,0.06179424861805801,0.04918831937430045,0.016804199082148003,0.035010170997365565,0.45110226855785795,0.12731953859855244,0.6669774824553839,0.037992022702780875,0.06179424861805801,32,32,32,32,32,32,32,32,32,32,32,32,32,32,32,32,32,32,32,32
00001431,-0.21251354493106953,0.3003691172458707,-0.29978142416321757,0.778597609285842,-0.34209109322621933,-0.20363012791870766,-0.2460803010994865,-0.04307482936732314,-0.2643738035228821,-0.23684684757469462,-0.2591539698265881,-0.1541348160469813,-0.04763816869840661,-0.10706119610089704,-0.35022585262484696,0.1628313379894069,-0.3743329881993187,-0.2150127561568389,-0.2591539698265881,-0.1541348160469813,0.23509078874118086,0.08942667990523694,0.09008594133259754,9.545255291024795e-08,0.05133894660852252,0.2556969803968315,0.1674474705979868,0.811869258161475,0.1370805259836167,0.18447753684119317,0.14529926039659505,0.3917595083076037,0.7923517935555908,0.5531716847866635,0.045704965368917834,0.3652583843457375,0.03185831027420826,0.2295010748361355,0.14529926039659505,0.3917595083076037,33,33,33,33,33,33,33,33,33,33,33,33,33,33,33,33,33,33,33,33
00001432,-0.062123618580038606,0.008483850921022449,-0.34724185176313727,0.4625516896748587,-0.393156901791859,-0.39234075980204747,-0.2760802686759139,-0.11496115067775266,-0.39311921305564895,-0.5458268284087939,-0.2214162834866297,-0.1449389520325922,-0.3640749489301388,-0.24703108654260303,-0.28931903797407366,0.028162445137066297,-0.3480415916522758,-0.3956908043966918,-0.2214162834866297,-0.1449389520325922,0.7312640261164041,0.9626267296137916,0.04771110754778008,0.006721329653493981,0.023608068313862612,0.023924939928449896,0.1198961175535441,0.5240889449020052,0.023622624566283557,0.0010177224262988564,0.21559158494576874,0.42095266322939384,0.03726050103135921,0.16575989494693505,0.10245483433482569,0.8763691605542999,0.04716667007846011,0.022646242147761796,0.21559158494576874,0.42095266322939384,33,33,33,33,33,33,33,33,33,33,33,33,33,33,33,33,33,33,33,33
00001434,-0.018822580361852123,0.25071112707413384,-0.22366008959012046,0.7840729653463931,-0.2645741981748854,-0.49611874357707236,-0.04324159393315086,-0.297108303232015,-0.2658585911724328,-0.5882206355328496,0.12311685232341944,-0.28399909649108546,-0.04323647954041089,-0.17862523739295888,-0.30308753630691576,0.22392335363506005,-0.35907503539976143,-0.45267032760633164,0.12311685232341944,-0.28399909649108546,0.9171952891571621,0.15934273415920464,0.21085726775117786,6.747551306092023e-08,0.13677194417784108,0.003321343036376707,0.811153967633216,0.09313160299898843,0.13480623197336844,0.00031802040437925856,0.4948685266464476,0.10921687948800954,0.8111759021832371,0.3199372334465849,0.08642515378239721,0.2103065177137926,0.040150009324587545,0.008165591076704098,0.4948685266464476,0.10921687948800954,33,33,33,33,33,33,33,33,33,33,33,33,33,33,33,33,33,33,33,33
00001439,-0.040292793996622174,0.29998426348794893,-0.13824255503420285,0.7811120462740225,-0.5206194683959541,-0.31833213166737173,-0.43603145011585526,-0.2266502878894406,-0.3573051585056307,-0.2967908911863756,-0.08445760359647012,-0.17311025424661383,-0.18736657248339247,-0.0187860169862094,-0.2451658681250428,0.10783037559398653,-0.4042593879902433,-0.33462658585858696,-0.08445760359647012,-0.17311025424661383,0.8210076865343989,0.08475875875972604,0.4355737812429071,5.0123176688216865e-08,0.0015963884964240596,0.06653387103091662,0.009942333586337837,0.1973962567832099,0.038029215699737225,0.08828983510887113,0.6348597855062011,0.327550500896968,0.2886475218332446,0.9160169770212864,0.1622592556909783,0.5438444319951273,0.017727400218161913,0.05306562876132467,0.6348597855062011,0.327550500896968,34,34,34,34,34,34,34,34,34,34,34,34,34,34,34,34,34,34,34,34
00001441,-0.11004174054504737,0.3661678841998355,-0.23081366806660142,0.7803146043424685,-0.45554053188119326,-0.41609230814620646,-0.5147811597268507,-0.3343705517872736,-0.3991124571216922,-0.2728076581387301,0.008707230331777328,-0.3480669947163471,-0.25698007097483516,-0.06235199229538625,-0.3010824169975097,0.15856614037419114,-0.36911345423663877,-0.3294923298660956,0.008707230331777328,-0.3480669947163471,0.5355647827465808,0.033184772104921705,0.18906881780201965,5.279589540754611e-08,0.00678287689696143,0.014380999453519118,0.0018391549148027556,0.053259015697146514,0.01937345857084552,0.11852262164351454,0.9610203353262634,0.043672674655854476,0.1423327685543172,0.7261034416099804,0.08356994275661132,0.3704166081225778,0.03169077592949139,0.05705184768861231,0.9610203353262634,0.043672674655854476,34,34,34,34,34,34,34,34,34,34,34,34,34,34,34,34,34,34,34,34
00001446,0.03131225733326812,0.47964857176800946,-0.1563032608029089,0.7125253870910129,-0.3132220308753289,-0.00873637139807722,-0.2636290677481213,-0.11323226093887506,-0.20932701753515698,-0.0843155366110238,-0.015746621197369654,-0.23446081452181788,0.007710959213395942,0.1779183897114068,-0.1698344811189146,0.0675588641878156,-0.3299723403652355,-0.14620933512850667,-0.015746621197369654,-0.23446081452181788,0.8604558721453817,0.0040989820889076,0.37737140275954184,2.276704638123886e-06,0.07126848142115366,0.9608899788699656,0.1319375853956147,0.5237266715415161,0.23477845523817767,0.6354313432317241,0.9295677027217438,0.1819792375347787,0.9654775203517115,0.3140837273265708,0.3369265802727905,0.7042186348623258,0.05666940952330204,0.40931560437783565,0.9295677027217438,0.1819792375347787,34,34,34,34,34,34,34,34,34,34,34,34,34,34,34,34,34,34,34,34
00002310,0.39053567980199855,0.4284692732210306,-0.03684482477693961,0.46658945929685264,-0.4231396927242649,-0.45864060625711245,-0.3529142382861997,-0.4248790557849669,-0.4546459165821254,-0.46188712114435265,-0.38682393384484953,-0.32934428492215945,-0.33207883573445396,-0.2958678750530161,-0.37598867793126584,-0.32505732138348536,-0.4371028283528411,-0.45438554204166753,-0.38682393384484953,-0.32934428492215945,0.011587730504678163,0.00519158150158221,0.8190993130440847,0.0021046054303078265,0.005843591665777613,0.0025623674072457548,0.023620774710371197,0.005623416502926974,0.0028238185726375815,0.002365796687259332,0.012475775007251295,0.03549415487882674,0.03390563572253406,0.06035587120173717,0.015406208170343376,0.03810686614136928,0.004269042515802827,0.0028416444047863957,0.012475775007251295,0.03549415487882674,41,41,41,41,41,41,41,41,41,41,41,41,41,41,41,41,41,41,41,41
00002312,0.435874028581108,0.4472985502802508,-0.15183546152255215,,-0.4454968280112955,0.29984008171215065,-0.342946136654222,0.30916321979893485,-0.4882793996263661,0.1313401302560294,-0.38893416114465046,0.3610256524352387,-0.48335918808157224,-0.09245873762061352,-0.3699427081524756,-0.1555888170817543,-0.4519411210107476,0.17462131126771457,-0.38893416114465046,0.3610256524352387,0.004390933292970779,0.003366279471801173,0.34330006865821905,,0.0035124572497233285,0.05682945142840949,0.028158914799771433,0.049197779054155726,0.0012004383781776505,0.41305233747240194,0.01196405757894284,0.020393614137261817,0.001367891557117298,0.5653250727839431,0.017280686017250173,0.3313603231075641,0.0030138662904008644,0.27485068259042056,0.01196405757894284,0.020393614137261817,41,41,41,41,41,41,41,41,41,41,41,41,41,41,41,41,41,41,41,41
00002316,0.36699564852444355,0.5114968938835281,0.17036425547415585,,-0.20648058209681153,0.34161509875164886,-0.08327195136242786,0.23839114257649652,-0.4972988968257335,-0.034159171794916406,-0.44605726240415555,0.1917616945833726,-0.49655457989001395,0.1731967037089608,-0.38283227571349654,-0.1981512354929137,-0.4699256745651235,-0.22131007011573028,-0.44605726240415555,0.1917616945833726,0.018261880260090364,0.0006310063630340241,0.28690424448392865,,0.19523619284380614,0.02881617494461671,0.604729201265328,0.1333614555880569,0.0009400834596040175,0.8320890711906866,0.003466404722862391,0.22971750948636874,0.0009594851576771643,0.27884678910764166,0.013494751812340626,0.2142706183448356,0.0019350377642577401,0.16435746754173458,0.003466404722862391,0.22971750948636874,41,41,41,41,41,41,41,41,41,41,41,41,41,41,41,41,41,41,41,41
00002317,0.293346662647025,0.4919124345597218,-0.24898481376755172,,-0.4277887867737368,-0.37346305841776123,-0.3929348299785151,-0.3745661928690432,-0.44032330593740593,-0.531262967118745,-0.2630497693134024,-0.5012981509141212,-0.3474460278037241,-0.45331890777928957,-0.3861641096462133,-0.3765993761260378,-0.39413060682288703,-0.4198633652320254,-0.2630497693134024,-0.5012981509141212,0.06268308295152675,0.0010887326194370507,0.11645852694087636,,0.005271146586401702,0.016167202775749928,0.011042874087980464,0.01583100166024155,0.003963468896239093,0.0003516508924122751,0.09658089191914628,0.0008416917582387574,0.02602812708369107,0.002915702927386781,0.012639550735823547,0.015226816353807513,0.010779575153742815,0.006278652504714421,0.09658089191914628,0.0008416917582387574,41,41,41,41,41,41,41,41,41,41,41,41,41,41,41,41,41,41,41,41
00002321,0.3307158421922458,0.550663099029986,-0.08898276298591601,,-0.5018665184935112,0.2600104279359265,-0.4845915691599079,0.0463759372383243,-0.47761159834365635,-0.08039796415807028,-0.2425279226482604,-0.1563136953749095,-0.4661968049770337,-0.16322675390527602,-0.45186883088444363,-0.1264650020829805,-0.45779515374817903,0.01610637794385645,-0.2425279226482604,-0.1563136953749095,0.034689948326644675,0.00019109922185234774,0.5800943884578968,,0.0008284800549339025,0.10063823119692207,0.00132411482416371,0.7734060674443826,0.0015894471619224606,0.6172947642230735,0.1265563446007922,0.3290845226086413,0.0021253990018063637,0.3078715443908358,0.0030190957610406566,0.43075535328361064,0.0026158551280467735,0.9203854849827339,0.1265563446007922,0.3290845226086413,41,41,41,41,41,41,41,41,41,41,41,41,41,41,41,41,41,41,41,41
00002325,0.3354099051139337,0.18117431089956346,-0.03465370738766569,,-0.37111194187154606,0.2671884724348518,-0.4282935048653017,0.01870838827008679,-0.4326044292165431,-0.22706922192195889,-0.34973608685459034,-0.048688297170041535,-0.3419359584531265,0.02523853420076834,-0.4278796700163215,0.2672126998954608,-0.4198061718502632,-0.2564152910095937,-0.34973608685459034,-0.048688297170041535,0.0320499675921517,0.2569548709036961,0.8296937194836647,,0.016903904438098676,0.09125958750698161,0.00521203250608608,0.9075752139879066,0.00473013115527445,0.15337382880666633,0.02499624608687259,0.7624269335817054,0.028656586596736224,0.8755344175402339,0.005260459327127061,0.09122911834720808,0.006286489333787542,0.10560456998388873,0.02499624608687259,0.7624269335817054,41,41,41,41,41,41,41,41,41,41,41,41,41,41,41,41,41,41,41,41
00002329,0.10093382567954429,0.33277725610232495,0.018582433152279632,,0.0904397664078401,0.18992803767502386,-0.335744346146955,-0.13284691694380354,-0.3120825438794355,-0.3852017322615384,-0.2012019172883619,-0.17686473039076317,-0.13604499217375282,-0.18117759648613993,-0.3386761552109347,-0.08717779564802898,-0.3404659647713709,-0.32707928146815507,-0.2012019172883619,-0.17686473039076317,0.5300617227358483,0.033509420596963956,0.9081948132138701,,0.5738824872636135,0.23428751520606525,0.031868370364059255,0.407665774166128,0.046985812190960485,0.012881699502332318,0.20715540105017458,0.2686342985431384,0.39636734805845003,0.2569460979149835,0.030312428160598353,0.5878315398698628,0.029393771016117124,0.03685564553575835,0.20715540105017458,0.2686342985431384,41,41,41,41,41,41,41,41,41,41,41,41,41,41,41,41,41,41,41,41
00002331,0.11137700395476595,0.5538597408428321,-0.05588904017675162,,-0.09032164544893737,0.01661127623004428,-0.12464125739783952,-0.3170607077663997,0.05402302983930779,-0.49002966730793707,-0.032619261020512935,-0.38969299875374785,-0.03542920237808157,-0.30732464458498887,0.12964513668972566,-0.22684231489352044,0.14373169300273414,-0.4134269510751623,-0.032619261020512935,-0.38969299875374785,0.4881415512025943,0.00017220506152436507,0.7285395948335874,,0.5743849633425091,0.9178981054178235,0.4374849832811324,0.04339975311709978,0.7372753128007327,0.0011454130738262638,0.8395573520560423,0.011784467220442034,0.8259405709473971,0.050633428438345,0.4191598527231304,0.15379615872437086,0.3699655351609403,0.007215422125988079,0.8395573520560423,0.011784467220442034,41,41,41,41,41,41,41,41,41,41,41,41,41,41,41,41,41,41,41,41
00002337,0.2143646228120145,0.3962916657297838,-0.08465212115623238,,-0.16898760641226157,-0.16486351002405233,-0.3404578108280362,-0.2582958110805895,-0.3045151069330397,-0.45247052954004674,-0.15428351998508444,-0.21703910376050084,-0.1928868656501157,-0.30548801777524814,-0.19188947322576452,-0.3039736194334019,-0.29543813796740803,-0.3975315958887138,-0.15428351998508444,-0.21703910376050084,0.17834727985223742,0.01031731713610476,0.5987343299823926,,0.2908743848588206,0.3029794292280977,0.02939790341482487,0.10298401816290334,0.05289220053516659,0.0029758101397193504,0.3354829746260734,0.17286280930967104,0.2269436224346935,0.05210103293797732,0.22940133535065435,0.053336696894947584,0.06074760069537996,0.010059824017774022,0.3354829746260734,0.17286280930967104,41,41,41,41,41,41,41,41,41,41,41,41,41,41,41,41,41,41,41,41
00002343,0.05701184895020195,0.41604641736351583,-0.1679509591734102,,-0.17524626378334143,0.03954037418690212,-0.3672666545842386,-0.33872958450904794,-0.2706010656569372,-0.4662948134801739,-0.11960623033385148,-0.33199727972671217,-0.20978680191964505,-0.14508735542099396,-0.3296250358742979,-0.27055613127502237,-0.24415696086258343,-0.45496119670843227,-0.11960623033385148,-0.33199727972671217,0.7232993702477134,0.006820570139272025,0.29388730961056925,,0.2731095718401518,0.8061094909386046,0.018169737736067827,0.03028466533871813,0.08704466596486783,0.0021201919479300548,0.4563628299875978,0.03395215245712542,0.1880215994306736,0.36542071231042245,0.03532830580104087,0.08709916617757278,0.12394905219434472,0.00280236511390791,0.4563628299875978,0.03395215245712542,41,41,41,41,41,41,41,41,41,41,41,41,41,41,41,41,41,41,41,41
00002350,0.40796895219529056,0.6088008924498232,-0.45692719257953673,,-0.45273039639058327,-0.22389538683612406,-0.3502545302568923,-0.34245574194066514,-0.3320571199044899,-0.29377423827658355,-0.27977403616091245,-0.26178064582432264,-0.275742775959746,-0.23554179218864607,-0.40724535925282174,-0.0632276208536233,-0.3223730447688001,-0.08699404437379575,-0.27977403616091245,-0.26178064582432264,0.008101864041485213,2.4055432824418e-05,0.002671784301949965,,0.0029572843707456,0.1593584891003634,0.024767426728645285,0.028399610210206573,0.03391801656648337,0.0622834658560885,0.07646170634815082,0.09825952827082338,0.08098110089066846,0.13820451179843382,0.008226136261439759,0.6945208168561593,0.039821337199802784,0.5886217706305399,0.07646170634815082,0.09825952827082338,41,41,41,41,41,41,41,41,41,41,41,41,41,41,41,41,41,41,41,41
00002352,0.2614845846092012,0.3523392311411512,-0.19168362098590844,,-0.38558978576394853,-0.3788570185013362,-0.35317838365901233,-0.5428070731948784,-0.3413812446834189,-0.4922783056314907,-0.34439770560132626,-0.42877393281696907,-0.23798735690087092,-0.48965670125078137,-0.3562994231863722,-0.07709652696535893,-0.314542912051888,-0.32127148423754653,-0.34439770560132626,-0.42877393281696907,0.09865432221017839,0.02386484697505723,0.22991084050826985,,0.01278358912090564,0.014578896988058794,0.023509352884479643,0.00024572787027020144,0.028932951217336227,0.0010780118744307505,0.027456335281512662,0.0051562986921438935,0.13403998877971904,0.0011569470202121427,0.022225683488232572,0.6318630437427958,0.045184646148590586,0.040542871169223456,0.027456335281512662,0.0051562986921438935,41,41,41,41,41,41,41,41,41,41,41,41,41,41,41,41,41,41,41,41
00002353,0.27663402016938426,0.5985321805216917,-0.01088134780359747,,-0.08997362171436854,-0.10646951307181465,-0.18008625551121615,-0.21962741865024465,-0.15261649587403325,-0.347781715235023,-0.315435420514755,-0.16865916478553813,-0.32042175697705294,-0.35657347762112634,-0.06117187980391656,-0.10481927739520237,-0.08787610240837082,-0.1573787174780215,-0.315435420514755,-0.16865916478553813,0.07996442462224072,3.5724961334855286e-05,0.9461662787631409,,0.5758665875825045,0.5076241048374627,0.2598711272081675,0.16767143374524052,0.3407940316232452,0.025874692708283267,0.04454525644201215,0.2918268032512396,0.041106696564392885,0.02211581901760361,0.7039943211556536,0.514262438365364,0.5848327494498965,0.32575852352362406,0.04454525644201215,0.2918268032512396,41,41,41,41,41,41,41,41,41,41,41,41,41,41,41,41,41,41,41,41
00002355,0.16968166935159548,0.1863194866290656,-0.2395209898165029,,-0.49516218927693173,-0.33801847741657554,-0.3084849083543655,-0.12749262617827423,-0.2796918881735711,0.04029031437041679,-0.20947777403946985,0.14656250933582385,-0.1908053995218343,0.11678001410897672,-0.4347173472844264,-0.0038011327366794653,-0.27185115715489,-0.17175151420277232,-0.20947777403946985,0.14656250933582385,0.28886834971356484,0.2434608475829646,0.13147640190607496,,0.0009967383736536918,0.030655893495419754,0.04972356815957594,0.4269889866070423,0.07655178549272955,0.8025045012236284,0.1886878135162851,0.3605135418283567,0.23209321260841762,0.4671488669550113,0.004508427468426368,0.9811824502862295,0.08553902541818427,0.2829392392163122,0.1886878135162851,0.3605135418283567,41,41,41,41,41,41,41,41,41,41,41,41,41,41,41,41,41,41,41,41
00002357,0.00011776797145546984,0.4715625286159115,-0.1700595061330785,,-0.1314635891289249,-0.11026141181478852,-0.08314480375421338,-0.46095822778937073,-0.19621899041244678,-0.4231558824960204,-0.06850939684280694,-0.42221079558495433,-0.11931800242833761,-0.36193998347323814,0.08151939155950201,-0.26223898931266565,-0.18217856114612935,-0.3272726823780903,-0.06850939684280694,-0.42221079558495433,0.9994169364559082,0.0018563383398893523,0.2877800713118841,,0.4126094707700011,0.4925360827649809,0.6052827755073819,0.0024206373980581865,0.21886388263777767,0.005841508379738852,0.6703929887872858,0.00596420384809183,0.45745662891478533,0.02005421333008584,0.6123786080964859,0.09765072578797782,0.25428267673427524,0.03673774865066511,0.6703929887872858,0.00596420384809183,41,41,41,41,41,41,41,41,41,41,41,41,41,41,41,41,41,41,41,41
00002359,0.0982828045300213,0.09077625117060814,-0.1514081349203526,0.5113307100734108,-0.2025002384078283,-0.35412875277053896,-0.3158590722252208,-0.4054288678806606,-0.07063720232177004,-0.4241974844768568,-0.17694609578771572,-0.4582321552365825,-0.29689277880511233,-0.41354447148642876,-0.036522642962583694,-0.27216239765714234,0.03054268693436804,0.04740703698017772,-0.17694609578771572,-0.4582321552365825,0.5409757345483587,0.5724522090541172,0.3446759694819627,0.000634021329088982,0.20417783559328453,0.023112086115617318,0.04424433130882895,0.008545349196101058,0.6607628310034359,0.005708820476444308,0.2684105976910219,0.002588086986498354,0.05942973226190373,0.007197294227349743,0.8206551729131915,0.08516732328689876,0.8496502563007149,0.7685048602456535,0.2684105976910219,0.002588086986498354,41,41,41,41,41,41,41,41,41,41,41,41,41,41,41,41,41,41,41,41
00002360,0.3240559419826936,0.39907037182870314,-0.358187209996366,,-0.29332212143725783,-0.2358079390379536,-0.17770348800601152,-0.2324367312117262,-0.12394771888008263,-0.15502213493615882,-0.1497585403541288,-0.050902970106793524,-0.15037311256529148,-0.2111140593396555,-0.05495305411499758,0.2025342238131096,-0.09163860288669493,0.12080903720257677,-0.1497585403541288,-0.050902970106793524,0.038739263407864606,0.009747932176865032,0.021478060346123012,,0.06270608111546322,0.13774670349262408,0.2663341712153518,0.1436291563588465,0.44005931920939173,0.33314624999839254,0.350018960462661,0.7519544828724888,0.3480225059534239,0.18517921215410044,0.7329172531849221,0.20410029759493042,0.5687941026625458,0.45181357351945356,0.350018960462661,0.7519544828724888,41,41,41,41,41,41,41,41,41,41,41,41,41,41,41,41,41,41,41,41
00002361,0.4292688210906357,0.3681300072143603,-0.2972003156043797,0.4528994750689523,-0.35214944083937394,-0.3083339425346212,-0.22210686089703505,-0.03820000242440099,-0.27951129513306733,-0.061987004395162845,-0.12297615362137933,0.10103899565555793,-0.14954777333945285,-0.12244682515702968,-0.17196465286763823,0.12571776961060874,-0.273867136346021,0.08924920274689989,-0.12297615362137933,0.10103899565555793,0.005099428996066031,0.017878799726601648,0.05915405217392382,0.002945285190322535,0.02394586675790976,0.04984120217096495,0.16280484332504394,0.8125625330734532,0.07675010655394665,0.7002325915230289,0.44367966086366906,0.5296309755194065,0.35070524744024806,0.44565895415411794,0.2823332330586823,0.433505639854702,0.083153634081294,0.578956168555018,0.44367966086366906,0.5296309755194065,41,41,41,41,41,41,41,41,41,41,41,41,41,41,41,41,41,41,41,41
00002366,0.11167183094148381,0.33069882749316093,-0.28919034879212785,,-0.2308307236850415,-0.24553770986572665,-0.1674858802473016,-0.2764546588553541,0.018014217350651424,-0.3993075269045866,-0.018146266971434503,-0.3175671634369036,-0.05894773025846485,-0.36217253222760126,0.10479094902905672,-0.005257681536444651,0.11177128683629287,-0.1693556613035044,-0.018146266971434503,-0.3175671634369036,0.48698357599181985,0.03469983243289425,0.06667465351980921,,0.14649571370003664,0.12177086135851026,0.29524553252280167,0.08016822373145281,0.9109906461050526,0.009700607728625184,0.9103408171987358,0.04304772956708683,0.7142938110097018,0.019968650461664888,0.514376771135009,0.973973906871589,0.4865932706266203,0.28980948525374256,0.9103408171987358,0.04304772956708683,41,41,41,41,41,41,41,41,41,41,41,41,41,41,41,41,41,41,41,41
00002411,0.3658228849966739,0.001552433300955603,0.16861190525335554,0.6008464632526179,-0.3715215188241727,-0.14599381812909012,-0.14844772025983272,0.36522612329383997,-0.5023166732498909,-0.10475823515389884,-0.12654297785848584,0.27531767556974746,-0.3253847086051479,0.20857665307209233,-0.2837490698527901,0.30557346768016,-0.5103787637417195,-0.27368761833513516,-0.12654297785848584,0.27531767556974746,0.018665164988486665,0.9923140912061931,0.29196401245340486,3.2717384097010245e-05,0.01677356859138156,0.3624005933640608,0.35430046446275104,0.01887323351536691,0.0008181476555837838,0.5145088195378857,0.4304689149498302,0.08146956701161476,0.03790195141522849,0.19064003056780005,0.07220124436629514,0.052032002170593596,0.0006515412011857776,0.08336392375307977,0.4304689149498302,0.08146956701161476,41,41,41,41,41,41,41,41,41,41,41,41,41,41,41,41,41,41,41,41
00002415,0.1618037698792759,-0.08045450444211213,0.2562849775110209,,-0.33222630010942145,-0.15590540981957068,-0.2056251418219619,0.08993531833025739,-0.33896784715270345,-0.22998829342069999,0.006833132417492456,0.03200307565883299,-0.2271558257132221,0.09649913628833906,-0.19095391622568383,0.24780230867178576,-0.34139259792976895,-0.3226916481943388,0.006833132417492456,0.03200307565883299,0.31216529316218394,0.617046503480029,0.10578803076958013,,0.03382166003003884,0.3303651605090151,0.19713421130543243,0.5760297605499901,0.030161115166702522,0.14801607411702605,0.96617922672677,0.8425496678441854,0.15321286144567675,0.5483791295451895,0.23172316084451092,0.11826079867614556,0.028927272888615952,0.03961461151333378,0.96617922672677,0.8425496678441854,41,41,41,41,41,41,41,41,41,41,41,41,41,41,41,41,41,41,41,41
00002418,0.17805418624930774,-0.2805211085641586,0.159589753628028,,-0.36895439761703097,-0.4794878016369925,-0.14690945722756582,-0.13416960197598773,-0.40048913146836984,-0.46228446825094865,0.025279999495813645,-0.0966997575330418,-0.010722819096952304,-0.17414731365314803,-0.10268970475364468,0.18739821288227793,-0.43321427008595115,-0.3989331074693327,0.025279999495813645,-0.0966997575330418,0.2653763232106518,0.07564631298228768,0.3189209287558302,,0.01760466077910174,0.0015138681766563803,0.35936520289364754,0.40297068994132224,0.00946773865391036,0.0023426734550121963,0.8753315345532249,0.5475440255458053,0.9469494542328281,0.27617608021773954,0.5228926132739472,0.24069356875940537,0.004665189300308407,0.009775413572674285,0.8753315345532249,0.5475440255458053,41,41,41,41,41,41,41,41,41,41,41,41,41,41,41,41,41,41,41,41
00002423,0.25861074053883404,0.16064428587312785,0.06400221620715392,0.3522306766623696,-0.500625979992215,-0.518569358957401,-0.4429636792520773,-0.17889490588441434,-0.5535315279613044,-0.5725479358747144,-0.3258334483395481,-0.1340523655699868,-0.44691448129019995,-0.3488230981689511,-0.391337816313786,-0.282533417040378,-0.45061131279826405,-0.5820082167708955,-0.3258334483395481,-0.1340523655699868,0.1025500568386477,0.31569184549366525,0.6909630045308722,0.023911159903313776,0.000857558340696634,0.0005139830365633223,0.00372734909091717,0.2630893937844098,0.00017406411484582873,9.168435758888207e-05,0.03762254481879652,0.40338557738138286,0.0033969856234899913,0.025403475923912153,0.011403067195424166,0.07348386903819133,0.003111345278914583,6.565942677308053e-05,0.03762254481879652,0.40338557738138286,41,41,41,41,41,41,41,41,41,41,41,41,41,41,41,41,41,41,41,41
00002424,0.19246426398745423,-0.29583463687018363,0.2302907031279869,,-0.3261474197941336,-0.2188247643883859,-0.20006469398154114,0.18753224946042107,-0.4310547490395612,0.006079575018525653,0.19900149174769377,0.218286283041454,-0.06437019196911274,0.0401463841312819,-0.19041986991860202,-0.16346338018750142,-0.4365083118055737,0.002723019861696997,0.19900149174769377,0.218286283041454,0.2279827592421129,0.06038609770578137,0.14746897885526117,,0.03742805428015376,0.16926912950397333,0.2097882683454732,0.2403512151545359,0.004898704415427305,0.9699071740807794,0.21227073749887695,0.17034711605665528,0.6892751359791917,0.8031960684406949,0.23305569830947084,0.3071612017432084,0.00432764247929208,0.986519075321039,0.21227073749887695,0.17034711605665528,41,41,41,41,41,41,41,41,41,41,41,41,41,41,41,41,41,41,41,41
00002427,0.02606482497097943,-0.05568992154365526,-0.0013581315867477392,0.7416558520203679,-0.23613895757545703,-0.2801384717196029,-0.14067081018127875,0.31099405135541,-0.31125857099304377,-0.13771452728350056,-0.05610693622353001,0.33161652751186604,-0.10267728890783133,-0.013591664107283937,-0.06675575820740386,0.23081545991764632,-0.39309415533229536,-0.17168513775248945,-0.05610693622353001,0.33161652751186604,0.8714930094258159,0.7294701768691658,0.9932760319542272,2.8958203100807954e-08,0.13717887576643414,0.07606308657290557,0.3803504370113545,0.0478009681850499,0.047601830616416235,0.39054200353127505,0.7275216968579264,0.03417001450666879,0.522943137637008,0.9327849047197387,0.6783691127639756,0.14652315818746597,0.01100747827212773,0.2831281367737317,0.7275216968579264,0.03417001450666879,41,41,41,41,41,41,41,41,41,41,41,41,41,41,41,41,41,41,41,41
00002428,0.16574478266088633,-0.04454443427792181,0.039201182894375824,0.345258174990579,-0.3731214758220526,-0.2898816815152707,-0.24571994671097902,-0.013356011741952039,-0.41546805127014474,-0.254304498383845,0.08510847083657042,0.16985231988650856,-0.24678529294733637,0.02177504627253008,-0.19043723571506407,0.07814513798023003,-0.42370452478999215,-0.250094877910429,0.08510847083657042,0.16985231988650856,0.3003660728133914,0.782133226041255,0.8077413018346837,0.02704675885794849,0.01627252097081495,0.0659971303281733,0.12148553687931786,0.9339476959735353,0.006906108854959664,0.10860622205320446,0.5967578548977208,0.2883764976396233,0.11982758976033457,0.8925072261184116,0.23301228568778803,0.627220578624991,0.005771288699394106,0.11478560257750918,0.5967578548977208,0.2883764976396233,41,41,41,41,41,41,41,41,41,41,41,41,41,41,41,41,41,41,41,41
00002434,0.04709972317035713,-0.0015242002593202995,-0.08453953531097308,,-0.2997898592041406,-0.4243884624130654,-0.3467837575998691,-0.3551019991021286,-0.3513055416071599,-0.5159595419622668,0.2793683328664458,0.03741514629261363,-0.19676247398964603,-0.302964994613551,-0.06326359294090657,-0.15583565305910904,-0.38566767771024285,-0.563076412763592,0.2793683328664458,0.03741514629261363,0.7699647185905925,0.992453865525516,0.5992223837060738,,0.056872985843172026,0.005684777508910457,0.026333050731525243,0.022711076473852777,0.024308899978328448,0.0005546861478623734,0.07690738798773511,0.816346833759477,0.21756512090961547,0.05417264640893271,0.694355448627435,0.3305842707731132,0.012763972681020431,0.000126789929434173,0.07690738798773511,0.816346833759477,41,41,41,41,41,41,41,41,41,41,41,41,41,41,41,41,41,41,41,41
00002439,-0.05645491133666107,0.06230278582329676,0.03671600598843473,0.3518360449795166,-0.48888419022150137,-0.43445460703752126,-0.485739682195547,-0.29981034470097706,-0.49049340293659827,-0.5378405516895371,0.12450032242523128,-0.10136996373164968,-0.23125408800194214,-0.2627384466389542,-0.22382358505637723,-0.18212610113709493,-0.4995141776503823,-0.4799538405264378,0.12450032242523128,-0.10136996373164968,0.7258970948056009,0.6987771785402247,0.8197213147553223,0.02408015424225156,0.0011811652869084316,0.004535494407095469,0.0012844532888018458,0.056855225166181106,0.001131214516084502,0.00028715062011590477,0.4380074424992039,0.528276538365978,0.14573600329602557,0.09699061531249202,0.15949581559049786,0.25442180506024464,0.0008843877215525262,0.001495595046406671,0.4380074424992039,0.528276538365978,41,41,41,41,41,41,41,41,41,41,41,41,41,41,41,41,41,41,41,41
00002440,0.14434060234924767,-0.12491759113954462,0.03051297123029956,0.34562006331284073,-0.32567696721390954,-0.3402132104797958,-0.29004010488528226,-0.24800143051389922,-0.40040713595399424,-0.2615526095416171,0.49104768553743616,0.13803682213179258,-0.1918206940593579,-0.09843321382047779,-0.05211372973643219,-0.05091645804656115,-0.40776972846773285,-0.20489268482882067,0.49104768553743616,0.13803682213179258,0.3679200234067336,0.436461589095096,0.8497948613884236,0.026876023104906253,0.037719785543321734,0.02952208969473064,0.06584264186065154,0.11795585183336207,0.009483742115809175,0.09856350431576738,0.0011144487796371561,0.38942323755435754,0.2295714848060354,0.5403536386795419,0.7462475709772186,0.7518908350364732,0.00813591725757366,0.1987696429303458,0.0011144487796371561,0.38942323755435754,41,41,41,41,41,41,41,41,41,41,41,41,41,41,41,41,41,41,41,41
00002442,0.07663939598502414,0.11845623496889576,0.05925751083280881,,-0.2971006647079309,-0.3504206629173506,-0.335914416168254,-0.31119955293536605,-0.36020027824287254,-0.3373197056861277,0.3149874590142335,-0.009426341856701749,0.018873055133914848,-0.08885866482778362,-0.1603688906103627,0.012645265180613617,-0.3609607487886691,-0.32012496256036627,0.3149874590142335,-0.009426341856701749,0.6338912655975218,0.46073537905491313,0.7128562428868842,,0.059243268657245926,0.024694472482684804,0.031776350070018555,0.04764620283982282,0.020704114992134977,0.031024331203577865,0.04486525146488026,0.9533561926336513,0.9067652652498447,0.580624874610277,0.3165331358074558,0.9374555789104959,0.02041788830714703,0.04130512799334472,0.04486525146488026,0.9533561926336513,41,41,41,41,41,41,41,41,41,41,41,41,41,41,41,41,41,41,41,41
00002725,-0.5145455373388782,-0.09608713692748352,-0.35476602028439536,,-0.5186776425081511,-0.3814693377432267,-0.34150088100573595,-0.03393958309857351,-0.12875280552950064,-0.14590469419564034,0.075638898619536,0.11854436397901762,0.01850690702307962,0.11543958059991395,-0.17145480493339812,-0.1238212806122266,-0.21189004805851194,-0.4156275587074804,0.075638898619536,0.11854436397901762,0.0005779226744144747,0.5500960070045289,0.022848849224482798,,0.0005123535572275216,0.013858477119901094,0.028873161384036564,0.8331531614264047,0.42239555536911205,0.36269686544508334,0.6383395398335014,0.4603994978630013,0.9085663676012466,0.4723116077362474,0.2837842665494904,0.44052954192605315,0.18353161227968784,0.0068824262107544144,0.6383395398335014,0.4603994978630013,41,41,41,41,41,41,41,41,41,41,41,41,41,41,41,41,41,41,41,41
00002737,-0.48385657309273084,-0.03216365709324441,-0.38289124753423076,,-0.6370052772816643,-0.7077345119462426,-0.33979313837274505,-0.0033069497092884093,0.130581391449237,-0.2741423318505518,0.17635617089303712,0.0801451227999415,0.14331092875851603,-0.07198172116490716,-0.0370979726394457,-0.0660010933662881,0.10114493318236617,-0.3978670720906855,0.17635617089303712,0.0801451227999415,0.0015602444166776038,0.8438109447971007,0.014745830067701363,,9.894522970318357e-06,3.2721726820156084e-07,0.03193855516308267,0.9838425030222693,0.4219005069815735,0.08693043080091813,0.2763454951178078,0.6230013638378966,0.3776671272559014,0.6589309044212706,0.8202167145519049,0.6857475482580588,0.5345945020061036,0.011007125410494286,0.2763454951178078,0.6230013638378966,40,40,40,40,40,40,40,40,40,40,40,40,40,40,40,40,40,40,40,40
00002744,-0.4862194486709895,-0.050616875734203697,-0.3644692885573082,0.5379014299568603,-0.6354111378578847,-0.5314500418799664,-0.23710864224377665,-0.15384089296776665,0.010374951000392913,-0.23265588911550428,0.16872462476312117,0.12142489548076127,-0.06459529675125854,0.10767657380689252,0.07823513993208604,0.0048375444328294555,0.18013030970367994,-0.34926519964471175,0.16872462476312117,0.12142489548076127,0.0012681942371325957,0.7533049063059599,0.019139913196990016,0.000286607008061246,8.071837646025162e-06,0.00034965009084152117,0.13552546797334022,0.3368881421364641,0.948668190084221,0.1432412103810078,0.2916368212526652,0.4494938485525112,0.6882433340261004,0.5027960393147328,0.6268227741173239,0.9760530047843269,0.25975262523218384,0.025205597393421385,0.2916368212526652,0.4494938485525112,41,41,41,41,41,41,41,41,41,41,41,41,41,41,41,41,41,41,41,41
00002750,-0.3265872829718352,0.014980432457729448,-0.24801752506566568,,-0.5544150752426303,-0.5166284512563338,-0.224873581173028,0.03937903166982132,0.013687137897104865,-0.24952396281544922,0.16655504210807928,0.1101175359880491,-0.02741225532271574,0.1380476706345039,0.01436009227490712,0.026820332236505137,0.10442275702631719,-0.4001824343645478,0.16655504210807928,0.1101175359880491,0.03715696309915204,0.9259351135435979,0.11793122961088585,,0.00016910035207200275,0.0005439879341407768,0.15749616994705645,0.8068855908067077,0.93231384271788,0.11564371752694827,0.29797608029441,0.4931043171030211,0.8649096496204032,0.3893856123140018,0.9289941810160091,0.8678006219262502,0.5158639416441383,0.009527717039507166,0.29797608029441,0.4931043171030211,41,41,41,41,41,41,41,41,41,41,41,41,41,41,41,41,41,41,41,41
00002758,-0.4764382738724769,-0.33831076849319586,-0.21722365352745476,,-0.48201111304851824,-0.44343167764420793,-0.25590292774147166,-0.05750443622886623,0.10184166950656257,0.03313539894093445,0.2695322891690701,0.17261900694222418,-0.01216753649988795,0.15262256635226135,0.09477673608911207,0.1300261585470875,0.4117323231124796,-0.13677838766218609,0.2695322891690701,0.17261900694222418,0.0016383902014713318,0.030502853243337957,0.1724888798895284,,0.0014172418699067272,0.0036868046457890252,0.10632729645110602,0.7210043442578283,0.5263490882933899,0.8370525982590508,0.08834815307210131,0.28047802894764734,0.9398140640621597,0.34077459801315824,0.5555735413609404,0.41778250068027195,0.007481233331245315,0.393802201881465,0.08834815307210131,0.28047802894764734,41,41,41,41,41,41,41,41,41,41,41,41,41,41,41,41,41,41,41,41
00002811,-0.2058538593786365,-0.2499848374353437,-0.325370660746337,-0.21492049125480697,-0.5736504433532751,-0.6566298440081797,-0.4432883276383918,-0.6868843074763871,-0.40466666957835506,-0.48546509353918765,-0.19330577556278167,-0.566700404490323,-0.13517833374034746,-0.377064836067864,-0.5566685852975457,-0.20692296451407263,-0.43859878979828765,-0.36330448588741016,-0.19330577556278167,-0.566700404490323,0.19662547510649786,0.11495062349803477,0.03791072557357518,0.17719726285487525,8.823191147849414e-05,3.1298901141647062e-06,0.0036991824746604213,7.079038087829031e-07,0.008682425820949661,0.0012938418777446441,0.2259167709107512,0.0001121300870323159,0.3994110579804554,0.015091277482630982,0.0001570137835083359,0.194259718803163,0.004124637305311935,0.01955652409288688,0.2259167709107512,0.0001121300870323159,41,41,41,41,41,41,41,41,41,41,41,41,41,41,41,41,41,41,41,41
00002823,0.2637050471710043,0.04864861075620025,-0.35861570952970623,0.3917038608749974,-0.3678255558403678,-0.4483334773550849,-0.3912428451534173,-0.27007786191886946,-0.2705391645321046,-0.21700347023375502,-0.15576467361520718,-0.18405651849990967,-0.11269046784340912,0.00312144650942469,-0.4164785229499505,-0.19390897867648813,-0.31970936425739926,-0.36499358052535336,-0.15576467361520718,-0.18405651849990967,0.09572284640314213,0.7626149853717162,0.021311323130072127,0.01131963597462963,0.017980944864750884,0.0032847427301948297,0.01142479910600848,0.08768089268296815,0.08711975175687561,0.172935075961785,0.33080731429078064,0.24933566359133183,0.4829937335626667,0.9845467961332198,0.006757261237081619,0.22444377634639562,0.041584298774228284,0.018954838417301813,0.33080731429078064,0.24933566359133183,41,41,41,41,41,41,41,41,41,41,41,41,41,41,41,41,41,41,41,41
00002848,0.09774718750049703,0.21383735837975706,-0.26543707190984256,-0.21190011015276247,-0.44922916160204257,-0.46664512083361603,-0.4797241360962818,-0.4961899940523105,-0.3882140842212685,-0.5769702346101427,-0.467951074847476,-0.42196315530513756,-0.07537441723811834,-0.2043866351468024,-0.39626082742766344,-0.4757753690142468,-0.3445499674098514,-0.5188756583797869,-0.467951074847476,-0.42196315530513756,0.5431938460312312,0.1794430415205207,0.09348309657322447,0.18351031693151126,0.0032155765042746697,0.002101672342742302,0.0015045770946680336,0.0009691179316704186,0.012136624716017393,7.853621634716491e-05,0.002033880478333426,0.005996720079705483,0.6395175425250555,0.1999051036697891,0.01032379239355456,0.0016666268583893156,0.027383487906354923,0.0005093857183302817,0.002033880478333426,0.005996720079705483,41,41,41,41,41,41,41,41,41,41,41,41,41,41,41,41,41,41,41,41
00003064,-0.07795933296691529,0.08074445591603395,,,-0.32029193530546535,-0.36052538445433013,-0.02595131852534079,0.37611917584668714,-0.18830151001669318,-0.23045865854078473,-0.2234710674392688,0.3965138767080871,-0.2141658257391043,-0.2116775579953573,-0.20105344419492904,0.08082121737764153,-0.07140785033518472,-0.12995206148979685,-0.2234710674392688,0.3965138767080871,0.628042157685461,0.6157740270579718,,,0.041193397328854055,0.020581342616735616,0.8720479835675153,0.015367725181083513,0.23839276174426136,0.14716576970759615,0.16017128086194046,0.010270761063775124,0.17875985691711746,0.18398173568294005,0.20749782777321865,0.6154373384686801,0.657288153118586,0.41805015250381083,0.16017128086194046,0.010270761063775124,41,41,41,41,41,41,41,41,41,41,41,41,41,41,41,41,41,41,41,41
00003078,-0.026539591506879373,-0.021355637423500055,,,-0.32037155698509695,-0.45240265428045967,-0.03599906313492648,-0.09889769585842953,-0.23087139054660238,-0.45838543224656836,-0.2263855440603172,0.12608468655493696,-0.24067332485421988,-0.2528079896301908,-0.2997775322643606,-0.2407512847083159,-0.15572737254153354,-0.36809905691339095,-0.2263855440603172,0.12608468655493696,0.8691723656553916,0.8945659059168848,,,0.041140204753106535,0.002980665649793925,0.8231850558192416,0.5384347046471829,0.1464226125056393,0.002578408897839552,0.15464889674957644,0.432153936745629,0.12957434491745082,0.11077331307097416,0.05688367528743563,0.1294464089664291,0.33092456547429766,0.01788916137489761,0.15464889674957644,0.432153936745629,41,41,41,41,41,41,41,41,41,41,41,41,41,41,41,41,41,41,41,41
00003079,0.046204619835337704,-0.05777399918300684,,,-0.40771818642082486,-0.49959758873025917,-0.05111307751935076,0.2101655311686564,-0.3771484563963208,-0.28232535778913126,-0.2273428454584728,0.1725981062239259,-0.2045251059945524,-0.340662061799826,-0.3676628898950894,-0.2986867970852828,-0.1744091345632374,-0.1073011394763728,-0.2273428454584728,0.1725981062239259,0.7742212513364447,0.719749436583541,,,0.008144747326456122,0.0008823492716708757,0.7509631975825802,0.18720739715971882,0.015067036280923981,0.07370517381248701,0.15286567578406,0.2805371627084574,0.19959395517994924,0.029294534031690647,0.01803572118178841,0.057835895232674614,0.27544345670669274,0.5042952179501617,0.15286567578406,0.2805371627084574,41,41,41,41,41,41,41,41,41,41,41,41,41,41,41,41,41,41,41,41
00003086,0.21372018637442963,-0.09746760902558742,,,-0.3249925254926128,-0.43613214677817985,-0.07956242961355997,0.03241149809351487,-0.3952555680136439,-0.08784563083471274,-0.29490406862911267,0.10231999599438255,-0.311443854394124,-0.4305685332948903,-0.2085786728941744,-0.07268737636926134,-0.32765756278380487,0.11610187293852599,-0.29490406862911267,0.10231999599438255,0.17968720022453197,0.5443533697448389,,,0.038147529590448835,0.004365080849143751,0.6209683710787511,0.8405660423576942,0.010536782262981898,0.5849634630591574,0.06123725270466274,0.5243981171004677,0.04746274369765896,0.004952659313521401,0.19063563884536075,0.6515347784911822,0.03650404439978975,0.46975699212713423,0.06123725270466274,0.5243981171004677,41,41,41,41,41,41,41,41,41,41,41,41,41,41,41,41,41,41,41,41
00003089,0.16806578776148182,0.185937425611721,,,-0.49224095427675024,-0.18170894197477697,-0.05591225185388318,0.4180139685913437,-0.29015876862137824,-0.026696818517250184,-0.14661910649798243,0.40073621199285697,-0.27454164563036026,-0.15670819409488246,-0.12414398879000431,-0.2770294582136644,-0.15278201352805718,0.0748241147565606,-0.14661910649798243,0.40073621199285697,0.2935525834765618,0.24444608724099137,,,0.0010791020280010962,0.25552995720163335,0.7284311399185707,0.006536385669653838,0.06572711317315093,0.8684040826696506,0.3603260638895804,0.009419654577502526,0.08236719371687476,0.32785006979135634,0.43932994172307993,0.07951653768861955,0.34026439907770933,0.6419713941191225,0.3603260638895804,0.009419654577502526,41,41,41,41,41,41,41,41,41,41,41,41,41,41,41,41,41,41,41,41
00003695,-0.216980144557467,-0.05269269499740388,,,-0.11215014873758986,0.15653228461289548,-0.10141149329592618,0.09166750585663222,-0.07869982766824185,0.09810585149592499,0.07946157244232312,0.0006815034068551745,-0.009677623215774244,0.08985625861146236,0.004579040875037143,-0.0410993606145229,-0.09103429139854462,0.08281355111502242,0.07946157244232312,0.0006815034068551745,0.17298239340274596,0.7435233187590197,,,0.485107952010876,0.3284001629957876,0.5281067046679733,0.5686716820640352,0.6247705365371423,0.5417080558532164,0.6214124285791449,0.9966259188919133,0.9521142090325503,0.5763666223888446,0.9773323186325308,0.7986199126606451,0.5713564742840582,0.6067260041517432,0.6214124285791449,0.9966259188919133,41,41,41,41,41,41,41,41,41,41,41,41,41,41,41,41,41,41,41,41
00003698,-0.2209006522757969,-0.04948839642721005,,,-0.20897396407182142,0.09834499153351438,0.09030542368642497,0.2168587475509078,0.07933261963230492,-0.06078556668353473,0.05702451699012695,-0.07584853678344937,0.02231808142475926,0.17729452054034706,-0.06383555419054385,-0.10210477824879886,0.13001364874717614,-0.0740740724687432,0.05702451699012695,-0.07584853678344937,0.16515941305155069,0.7586385974433963,,,0.18977752977262646,0.5407184861517039,0.5744539849061184,0.17322880419181155,0.6219803795813726,0.7057795631361516,0.723240318191601,0.6374064320667957,0.8898427589105201,0.26745405164261066,0.6917279533437888,0.5252754943597214,0.4178276815072768,0.6453219589870816,0.723240318191601,0.6374064320667957,41,41,41,41,41,41,41,41,41,41,41,41,41,41,41,41,41,41,41,41
00028119,-0.11234154699942171,-0.01705290510862649,-0.3480069807038078,-0.2180645198316807,-0.602933549708867,-0.45631773371671536,-0.3018636268316211,-0.4286612446660097,-0.2881034857570398,-0.37069088710679365,-0.31155123473104285,-0.35376067301146186,-0.034110059134719525,0.05234647272974103,-0.37549449892210496,-0.4596476875505086,-0.3903477281806542,-0.39754186486576565,-0.31155123473104285,-0.35376067301146186,0.484358478037209,0.9157230544928959,0.025772151339733682,0.17079249803837676,3.0205050584279217e-05,0.0027116809456591063,0.055097424886901565,0.005169324842218601,0.06775092005552279,0.017038781846529887,0.047382286748773636,0.02326527860461325,0.8323270373580705,0.7451520580112055,0.015552677740931104,0.002499909781061153,0.011631366364631456,0.010057714654823111,0.047382286748773636,0.02326527860461325,41,41,41,41,41,41,41,41,41,41,41,41,41,41,41,41,41,41,41,41
00028129,-0.05062371641377961,-0.21194399875194028,-0.35572047830156883,-0.21531539865496055,-0.4293614881099869,-0.545457548649371,-0.04907206644344127,-0.646964362563216,-0.11577809140824348,-0.30016765535769213,-0.18020271563875612,-0.5205075629662674,0.025088261757523093,-0.027569719210333656,-0.26746241255407016,-0.37116390262727095,-0.15007744719243446,-0.2264234642622039,-0.18020271563875612,-0.5205075629662674,0.7532726084292781,0.18341745196404385,0.02245927368739898,0.17638348378437982,0.005088840988721514,0.00022589956231135227,0.7606091616720742,4.8625277788537594e-06,0.4710049750319473,0.05654615366646849,0.25955793762470375,0.00048550694601497813,0.8762697420924929,0.8641408815818281,0.09091553014498574,0.016887322306718553,0.34898211298436843,0.15457797307065815,0.25955793762470375,0.00048550694601497813,41,41,41,41,41,41,41,41,41,41,41,41,41,41,41,41,41,41,41,41
00028132,0.30028624912011204,-0.09339830555301205,-0.29506863200795386,-0.2103088877094974,-0.5887667717248806,-0.43526026512454885,-0.21019464349065156,-0.4098151448297068,-0.3559429224127524,-0.341985593201873,-0.34772543995762695,-0.31416263908679704,-0.1862434484538321,-0.11317492759215017,-0.45080286878459236,-0.39855059391362496,-0.3405791102255129,-0.2824947071207662,-0.34772543995762695,-0.31416263908679704,0.05644386828917721,0.5613629127172259,0.06108604210955559,0.18689985908479662,5.1395658185422985e-05,0.004452942218517232,0.18714491441707506,0.007792082262458125,0.02236928151159386,0.028631964828807276,0.02590036218797169,0.04545932097639348,0.24365671696244834,0.48110218454709835,0.00309713562025638,0.009852345975756365,0.029336478707646652,0.0735250037344663,0.02590036218797169,0.04545932097639348,41,41,41,41,41,41,41,41,41,41,41,41,41,41,41,41,41,41,41,41
00028143,-0.3613591422823548,0.0900524920641489,-0.3098672157389703,0.4288814568668639,-0.5376316430561577,-0.42365217683672685,-0.026056276209818516,-0.22900708717557117,-0.0783035263634474,-0.2773306842898634,-0.2447134449191494,-0.35303126826692005,-0.0024940011990963115,0.0665565006281642,-0.07351048562695196,-0.0328618650608272,-0.1231431497518335,-0.282154639684286,-0.2447134449191494,-0.35303126826692005,0.020269268903273626,0.5755306648254628,0.04865683031708868,0.005143896058211276,0.00028902312858985205,0.005777956913366134,0.8715348053032541,0.14980145314020554,0.6265205789256668,0.07917667532838006,0.12306768721784868,0.023571354922283398,0.9876527929522904,0.6792776163582995,0.6478441610120437,0.8383798284539502,0.44305622273857087,0.0738871510027336,0.12306768721784868,0.023571354922283398,41,41,41,41,41,41,41,41,41,41,41,41,41,41,41,41,41,41,41,41
00028150,0.038844784725916646,-0.24902726127778008,-0.2961524684525232,-0.21623898154545074,-0.5474919665981662,-0.4638023737176084,-0.37698860243375076,-0.3011014215157708,-0.22276382300826753,-0.3382221527509678,-0.30466250231802466,-0.2801349157381972,-0.05541572478865694,0.03749255194365146,-0.14365855402325842,-0.18835424972571976,-0.2324099888334093,-0.3132045887971793,-0.30466250231802466,-0.2801349157381972,0.8094567594237138,0.11639421980838109,0.06009755753207413,0.17449073025317954,0.00021167125025008563,0.0022561600623277503,0.01511340605740434,0.055744792079216066,0.16153270630485653,0.030549184687582154,0.052771722971289015,0.07606696822224397,0.7307522636361141,0.8159734264350602,0.37021168713812214,0.23825888985517923,0.1436765477730457,0.04615732712597366,0.052771722971289015,0.07606696822224397,41,41,41,41,41,41,41,41,41,41,41,41,41,41,41,41,41,41,41,41
00028153,-0.3077891108144081,-0.02820289257587942,-0.28311928949971255,-0.2135106150928405,-0.4671820344767704,-0.5678294301538892,-0.24501249023676272,-0.4981498730528675,0.0038524922904012173,-0.37805764246485757,-0.19395179088475448,-0.36062940441617913,0.03277026997463159,-0.15483934185046114,-0.05974367650004396,0.0005893187069086949,-0.022879626256641722,-0.3207283849163805,-0.19395179088475448,-0.36062940441617913,0.05026760614980037,0.8610508656391813,0.07286350309914524,0.18012448864228814,0.0020735640090878494,0.00010788725572712253,0.12259600318832642,0.0009183298240699054,0.9809282404744134,0.014805586477502249,0.2243394821506741,0.02054218977053184,0.83882436143498,0.3337236024696848,0.7106021184596387,0.9970823175172718,0.8870887290076536,0.04090250619497803,0.2243394821506741,0.02054218977053184,41,41,41,41,41,41,41,41,41,41,41,41,41,41,41,41,41,41,41,41
00028168,-0.14204799458411166,-0.10902858048978795,-0.32645666416688085,-0.21720805770309892,-0.6725309545301129,-0.5620266184034786,-0.39494591462157574,-0.4367834601502996,-0.10774107456670963,-0.338979828674821,-0.2640890157493128,-0.2954583857271251,-0.08339270525937942,-0.18930329363508563,-0.1415866875144749,-0.31647331860041844,-0.042188006352319604,-0.22386589653994113,-0.2640890157493128,-0.2954583857271251,0.3756568325793339,0.4974160416584715,0.03723729633075818,0.17252045719423342,1.463846270920516e-06,0.00013134917202842897,0.010603141974839324,0.004300435310050008,0.5025387039289058,0.03015491320027499,0.09522279522685316,0.06072909840337248,0.6042036660496123,0.2358585962943742,0.3772251776674291,0.04381095401186494,0.7934004096203988,0.15941488118156646,0.09522279522685316,0.06072909840337248,41,41,41,41,41,41,41,41,41,41,41,41,41,41,41,41,41,41,41,41
00028169,-0.2944816778891669,-0.10262983657401786,-0.2916512474643735,-0.21557900292730173,-0.652448514788398,-0.6560792049718512,-0.4130774054583413,-0.4288245383292837,-0.17006983619720278,-0.22203003682998768,-0.2863715206574303,-0.33510573167170127,0.014496250598855745,-0.14289298817305762,-0.2696953932793925,-0.11891619835710304,-0.18357552553669793,-0.16614366609010617,-0.2863715206574303,-0.33510573167170127,0.06162673387932985,0.5231362597582561,0.06428772948456725,0.17584177075732063,3.7942800247361786e-06,3.21078992356549e-06,0.007269573498617659,0.005150458241330606,0.28775035513448427,0.16295407774566148,0.06949432300442664,0.032215868997333516,0.9283226590968702,0.37279409053761314,0.08814825847604521,0.4589837963862234,0.25059651713879366,0.29918797103658806,0.06949432300442664,0.032215868997333516,41,41,41,41,41,41,41,41,41,41,41,41,41,41,41,41,41,41,41,41
00033182,-0.406978399759625,-0.177213182000838,,,-0.5302902794071614,-0.2893069793222231,-0.3310277746509604,-0.06212859159853647,-0.05428620153593912,-0.3209984721800049,0.26354795818410653,0.4735076413437508,-0.22152652060682076,-0.1535820288136567,0.31413476940384794,-0.2762240925681972,0.20613382614362566,-0.29385872491996884,0.26354795818410653,0.4735076413437508,0.00827239672038098,0.2676771522192822,,,0.00036222065984391736,0.0665599684364367,0.03450915088531694,0.699579895508549,0.7360412693691406,0.04072333379048326,0.09592800829504798,0.0017665006063168976,0.16393463664470315,0.33771161722931625,0.045479504572248274,0.08043079980374315,0.1960040038973579,0.06220474377881793,0.09592800829504798,0.0017665006063168976,41,41,41,41,41,41,41,41,41,41,41,41,41,41,41,41,41,41,41,41
00033204,-0.15084235746969332,0.09985288365005127,,,-0.40771615938474126,-0.2015274794047722,-0.26631802261919224,-0.035363274406744735,-0.47781806547151773,-0.37877436092625205,0.11808356458404681,0.42944979674527556,-0.23628637028855448,-0.01800256214643133,-0.27594309370381614,-0.2643564075751586,-0.45582484057715666,-0.37965945983323307,0.11808356458404681,0.42944979674527556,0.3465028450107173,0.5344988509936777,,,0.008145094762101904,0.2064059298256503,0.09235951388056676,0.8262594939321689,0.0015809698334689176,0.014602200172163323,0.4621571713424063,0.005078768731735799,0.1369265636797227,0.9110480052418999,0.08075171699081227,0.09487575380321729,0.002744328353846911,0.014354301686014202,0.4621571713424063,0.005078768731735799,41,41,41,41,41,41,41,41,41,41,41,41,41,41,41,41,41,41,41,41
00033224,0.1213600908847868,-0.048208890583747124,,,0.01869305421130264,-0.14855501751244382,0.22923761626131045,0.20935756255795385,-0.28236027544268394,-0.17474612445165102,0.6405189362454232,0.5917649527096149,-0.17671109543551344,-0.005896949682893286,-0.09756750973443845,-0.09490692473087137,-0.2937302088213363,-0.2509436162907279,0.6405189362454232,0.5917649527096149,0.4497376390576436,0.7646994730203803,,,0.9076506425068352,0.353948812091979,0.14938057629225762,0.18894742137234216,0.07366799670415172,0.2745023738323174,6.468147682137861e-06,4.602298936236937e-05,0.2690570281000022,0.9708107437014727,0.543938905854099,0.5550282040847798,0.06232452253313549,0.11351881363508878,6.468147682137861e-06,4.602298936236937e-05,41,41,41,41,41,41,41,41,41,41,41,41,41,41,41,41,41,41,41,41
00033237,0.17813459716116295,0.14334755500542642,,,0.03144243828429081,-0.19663288553977892,-0.04019530316028134,-0.057690996875735694,-0.015429738015822543,-0.17163575751634425,0.567320535318522,0.5737196237898663,-0.09279911312982336,-0.21176874292952894,0.043869728217218164,-0.0004680300719153603,0.06234985772936885,-0.10005665490866407,0.567320535318522,0.5737196237898663,0.2651570218540116,0.37125945713900965,,,0.8452741324508946,0.21787431360992238,0.8029610018420231,0.7201357635441228,0.9237201190450639,0.2832687188681965,0.0001097813202779317,8.801926049517376e-05,0.5638882175101694,0.18378848007378812,0.7853549345686881,0.9976828086294387,0.6985603185875555,0.5336610205468156,0.0001097813202779317,8.801926049517376e-05,41,41,41,41,41,41,41,41,41,41,41,41,41,41,41,41,41,41,41,41
00033241,-0.33000147048483724,-0.07459949688716125,,,-0.2000788304627757,-0.03572764828072794,-0.17262419942644747,-0.08152367071331754,-0.25457311529402815,-0.2543820965447495,0.005904346135573512,0.14202615282693015,-0.33664129781329205,-0.26883661982910156,-0.13448602434775975,-0.26589685677011504,-0.21494308628030812,-0.1809567965630761,0.005904346135573512,0.14202615282693015,0.03510693072111037,0.6429740692874063,,,0.20975539774944588,0.8244972010199862,0.280463339273069,0.6123598808726973,0.10822067401423682,0.10849473769288061,0.9707741477984141,0.37573100248150565,0.031385517480823764,0.08920468555242134,0.40185213138501175,0.09289537030393945,0.17715062931388262,0.2575361099147447,0.9707741477984141,0.37573100248150565,41,41,41,41,41,41,41,41,41,41,41,41,41,41,41,41,41,41,41,41
00033248,0.05591384405409969,0.20867510194997813,,,-0.21508438457888446,-0.27323124767262086,0.23653398560800873,-0.033018145575593905,-0.18879877102456283,-0.16301946743185522,0.44805092655600853,0.5167330786576373,-0.13717210050815493,-0.14177087591568102,-0.2209826214970701,-0.11618164886440913,-0.07246460562256617,-0.009859358700437169,0.44805092655600853,0.5167330786576373,0.7284237006674354,0.1904260553015657,,,0.17685920504900737,0.08390038569199167,0.13650351895561988,0.8376214760181316,0.2371325650589186,0.30849466770341477,0.003306830176077951,0.0005423313745355523,0.3924291336019191,0.3765985119986656,0.1649986300376881,0.4694497738344192,0.6525350441855484,0.9512160324429589,0.003306830176077951,0.0005423313745355523,41,41,41,41,41,41,41,41,41,41,41,41,41,41,41,41,41,41,41,41
00033276,0.22961219785833753,0.37226934891495006,,,0.11844016201814599,0.047196174876987323,0.32008070892146223,0.3535243481742806,0.06767077927880315,0.24891603420309982,0.5527977067211293,0.6776318047880246,-0.1058792550336786,-0.02145603222821893,0.21156389579927531,0.20556309914367776,0.6476659444384913,0.31318906131766866,0.5527977067211293,0.6776318047880246,0.1486985528659761,0.01653777963719344,,,0.46079665118934643,0.7695064514126198,0.04133478184481727,0.023364081237269144,0.6742029090018526,0.11656278353905436,0.00017828632470223856,1.135953967691911e-06,0.5099935343240036,0.8940730526299469,0.18422283155905433,0.19727237226310104,4.711934539728823e-06,0.046168710968588274,0.00017828632470223856,1.135953967691911e-06,41,41,41,41,41,41,41,41,41,41,41,41,41,41,41,41,41,41,41,41
00033277,0.2313561903069594,0.4597824444840111,,,0.10496661417980421,0.21079700225362238,0.28754457080753043,0.4739843270852696,-0.15792396880459722,-0.03292535666567055,0.4217965124519183,0.6049194698395312,-0.1770668626042188,-0.08649858455006111,0.023153849573354535,0.09374398271084809,-0.005305963646637313,0.025853946060965378,0.4217965124519183,0.6049194698395312,0.14555321929736215,0.0024916546777413607,,,0.5136679946357511,0.18585541225042393,0.06830970668173456,0.0017450787674159808,0.32406389585854434,0.8380717175010508,0.0060186872604715514,2.7979208604937124e-05,0.2680787958129741,0.5907548638229498,0.8857443072833466,0.5599084469445345,0.9737349877954057,0.872524121074184,0.0060186872604715514,2.7979208604937124e-05,41,41,41,41,41,41,41,41,41,41,41,41,41,41,41,41,41,41,41,41
00034285,0.3641837999823203,0.3086377062545174,-0.20363439706707062,-0.08065037932334715,-0.2962958205162375,-0.03184240683495792,0.05902830466320793,0.29464210050807704,-0.03257875304650282,-0.02373926712325475,0.20630876130384007,0.40173841357942947,-0.010483987755304593,-0.14329975549976184,-0.04450594796754813,0.3374680412525456,-0.04008088972135731,-0.08205897184744483,0.20630876130384007,0.40173841357942947,0.019241327039775637,0.04960473446453151,0.20160135437710663,0.6161867687029291,0.05996777674232966,0.8433302678644992,0.7139198033239634,0.06147857881778686,0.8397539987017127,0.8828752701934451,0.19561638503386755,0.009226756806665288,0.9481294396223641,0.3714206524746297,0.7823169014285314,0.030945815333396257,0.8035108101419555,0.6100191194952416,0.19561638503386755,0.009226756806665288,41,41,41,41,41,41,41,41,41,41,41,41,41,41,41,41,41,41,41,41
00034310,0.27785023484691423,0.30756754456147806,-0.1495909993856243,-0.08065037932334716,-0.3189214540899752,-0.004544606574870259,0.5100263960139249,0.3104506317484091,-0.12604129549686263,0.0272519945031141,0.1356871444785249,0.368635616684633,-0.13886502873852724,0.056902401351351814,-0.10098239686774013,0.17643415529916742,-0.022245659838612798,-0.13673093497583544,0.1356871444785249,0.368635616684633,0.07859315380499907,0.05044184950391489,0.3505644305869095,0.6161867687029291,0.04211777622075431,0.9775027355833638,0.0006581351048672951,0.04821217978758427,0.43231366475207733,0.8656921989720152,0.3976224770036301,0.017710244004162802,0.3865569321263668,0.7238096260194928,0.5298627672926923,0.26982014204587773,0.8901980356809418,0.3939678809974175,0.3976224770036301,0.017710244004162802,41,41,41,41,41,41,41,41,41,41,41,41,41,41,41,41,41,41,41,41
00034312,-0.0011111057881274845,0.02245418567248241,-0.23808555413720223,-0.08065037932334716,-0.3702435721442319,-0.21575743463108243,0.4373567571327497,0.3343438597640163,-0.14454076977841945,-0.33167988348626626,0.4706019682936471,0.5160441192661962,-0.17091923301961418,-0.23950477458253694,-0.04353871652093014,-0.1645170547237024,-0.047557157979971454,-0.4725695313359442,0.4706019682936471,0.5160441192661962,0.9944990102655937,0.8891751332604153,0.13387473968256736,0.6161867687029291,0.017183063901455874,0.17547576663474135,0.004244224830856282,0.032634512060942984,0.36724908096024556,0.03413368354378471,0.0019021720293357274,0.0005533231462423727,0.28531372694813006,0.13150331451003794,0.7869368055430024,0.3040107854083446,0.7677920143497465,0.0018093375787169529,0.0019021720293357274,0.0005533231462423727,41,41,41,41,41,41,41,41,41,41,41,41,41,41,41,41,41,41,41,41
00034313,,,,0.5706762701109607,,,,,,,,,,,,,,,,,,,,0.06673813229068273,,,,,,,,,,,,,,,,,11,11,11,11,11,11,11,11,11,11,11,11,11,11,11,11,11,11,11,11
00034332,0.47000806126241673,0.32839591274142416,0.26065160205455334,-0.08065037932334716,0.20894690743005662,0.07796936392489442,0.480518466842825,0.2655500197411606,0.2797687895282293,-0.20370157691737772,0.4524074756611187,0.03478320609498013,0.006089558201711663,-0.05359361842542851,-0.34188138696724196,-0.024105401681618312,0.33913217960360953,-0.37012994459226,0.4524074756611187,0.03478320609498013,0.0019310074277159616,0.03605911580201733,0.09977162304210088,0.6161867687029291,0.18983617775292508,0.6279977922033819,0.001473718016203417,0.09333845460138362,0.0764674570447198,0.2014494591464005,0.0029803205196192307,0.8290667248562904,0.9698577816597017,0.7392902709852639,0.028683677492854432,0.8810816515444635,0.03007614392449831,0.0172198781690984,0.0029803205196192307,0.8290667248562904,41,41,41,41,41,41,41,41,41,41,41,41,41,41,41,41,41,41,41,41
00034344,0.20438712091785194,0.23084140321721586,-0.13166955823825746,-0.08065037932334715,-0.37933708654607967,-0.03484589158735346,0.30863113907852696,0.3352062768898355,-0.2882824032280307,-0.30475750911260563,0.11675359718330369,-0.06649106528542698,-0.08850832688211109,-0.08406900964371566,-0.06462261948259422,-0.12795963900698157,-0.4134634990809102,-0.45286909905498174,0.11675359718330369,-0.06649106528542698,0.19990401153188614,0.14647651398463435,0.41187122889897454,0.6161867687029291,0.014444175889601953,0.828763257704771,0.0496098371652284,0.032160951869776674,0.06757280902433882,0.05269418348726322,0.46725032156198915,0.6795760628284524,0.5821236516518838,0.6012639596528493,0.68811813403137,0.42528344295506587,0.007209780266863512,0.0029474377663099775,0.46725032156198915,0.6795760628284524,41,41,41,41,41,41,41,41,41,41,41,41,41,41,41,41,41,41,41,41
00034352,0.2920321900667701,0.3318493078029814,-0.16300842143807662,-0.08065037932334716,-0.3113641835122129,0.006389149959106891,0.22663129927321032,0.1866868642426194,-0.26087467901297606,-0.27777798311733104,0.012124469508685141,-0.1447136916806979,-0.031633378658507474,-0.046585767364944436,-0.06776978911190203,-0.1257639568188039,-0.4374794859554827,-0.47431863045523653,0.012124469508685141,-0.1447136916806979,0.06392437382929307,0.034036684364007946,0.30852789551186427,0.6161867687029291,0.04752251005070333,0.9683755852808562,0.15418967251011387,0.2425160046230657,0.0994714579669876,0.07867409983269358,0.9400267054943703,0.36667005322219326,0.8443460402586678,0.772407954730708,0.6737526773421255,0.4333353594248508,0.004232275070419432,0.0017301926444444427,0.9400267054943703,0.36667005322219326,41,41,41,41,41,41,41,41,41,41,41,41,41,41,41,41,41,41,41,41
00034363,0.11382408749106336,0.18629942107030809,-0.24659502442950695,-0.08065037932334715,-0.34881616099092094,-0.18176569252808233,0.42398652316426505,0.34245743890936436,-0.18408091182502972,-0.37729646578528625,0.2603874990066938,0.20471367861719517,-0.1595401380488188,-0.2379438373663535,0.169136764607834,-0.011751185153929061,-0.25106838703392537,-0.48315683461732384,0.2603874990066938,0.20471367861719517,0.47857366128431433,0.24351252482495417,0.12012243959369441,0.6161867687029291,0.025406591170049737,0.2553790144727668,0.005735481583963672,0.028398774377900785,0.24927183373951992,0.015024209712200597,0.10012788827850133,0.19917077328228727,0.3190733665542769,0.1341132731447648,0.2904425184989206,0.9418699516694398,0.11333348201155741,0.0013752008125123688,0.10012788827850133,0.19917077328228727,41,41,41,41,41,41,41,41,41,41,41,41,41,41,41,41,41,41,41,41
00034376,-0.01926267791356744,0.26063773461293605,-0.24525638252218188,-0.08065037932334716,-0.13940112839453783,-0.11702533142448847,0.10444557686910921,0.08501994972175272,0.02330991493186553,-0.25875250426683294,0.11250904017994397,0.1463576697569627,-0.0004724164682561082,-0.13195195800087975,0.24181358450126017,0.09879228292606425,-0.005913665315399307,-0.42119249453623303,0.11250904017994397,0.1463576697569627,0.9048491957990644,0.09979030550957269,0.1222123178343387,0.6161867687029291,0.3847081822925333,0.4662072829473787,0.5157717073661492,0.5971410214790206,0.8849793138565786,0.10235516841254254,0.4837031064028124,0.3611925639322938,0.9976610918797859,0.41086026635661355,0.12771250273493026,0.5388699131778915,0.9707280387792049,0.0060988947597557155,0.4837031064028124,0.3611925639322938,41,41,41,41,41,41,41,41,41,41,41,41,41,41,41,41,41,41,41,41
00034382,0.06252480425547377,0.1394292523255696,-0.24456293165081183,-0.08065037932334715,-0.1348754972626561,-0.022104905530701408,0.23014345124971786,0.4111045142845617,0.00308656974230474,-0.17118975879547002,0.07591683831583597,0.30448558721247604,-0.12759167724912412,-0.12188735303269656,0.1778552825184842,0.047111741462142934,0.03517743536145069,-0.2529077701842311,0.07591683831583597,0.30448558721247604,0.6977545484468903,0.3846113400463105,0.12330560628654472,0.6161867687029291,0.400477798627431,0.890888591130584,0.14773518926037058,0.0075818276340938765,0.9847194385632422,0.28454050445457163,0.6371025384002982,0.05291635579043815,0.4266269296928386,0.4477562067221442,0.2659193007333333,0.7699076123425802,0.8271586283366941,0.11062780814601551,0.6371025384002982,0.05291635579043815,41,41,41,41,41,41,41,41,41,41,41,41,41,41,41,41,41,41,41,41
00034390,0.04462243106652963,0.020929387807844313,-0.2521316444073987,-0.08065037932334716,-0.48649603380643314,-0.15710725634716685,0.019398849990631607,0.10482243285713566,0.025062590772785245,-0.34768827946777664,-0.05760499838800458,0.12698970550494215,-0.005716509109578672,-0.13967575807306487,0.18492302750718811,0.14320939114062198,0.00915181674409409,-0.37695789553233644,-0.05760499838800458,0.12698970550494215,0.7817610232507711,0.8966588631942263,0.11176342350770677,0.6161867687029291,0.0012589040596184483,0.32660427864413566,0.9041796598205027,0.5142497037645684,0.8763953675897771,0.025917324216724335,0.7205361084081782,0.4288299425010964,0.9717035392093392,0.3837631327779995,0.24707500289156936,0.3717255041827217,0.9547131851750575,0.015122327198004104,0.7205361084081782,0.4288299425010964,41,41,41,41,41,41,41,41,41,41,41,41,41,41,41,41,41,41,41,41
00034391,0.1411745542515627,0.1226532912270388,-0.23543154098415345,-0.08065037932334716,-0.27390783349591086,-0.0034728870010335214,0.16790553508652042,0.31599836923087893,-0.10005040627128514,-0.22967582746562085,-0.13562005822480916,0.020840141485096504,-0.08392513036262149,-0.13438356997362202,0.13865756640792534,-0.04075903692972853,-0.08835154990102267,-0.30532321290109066,-0.13562005822480916,0.020840141485096504,0.37862961773456516,0.4448863507206561,0.13839448831968187,0.6161867687029291,0.08310601838902977,0.9828071813065218,0.2940197890090471,0.04414574776579761,0.533686703102768,0.14858292595598205,0.3978580339370706,0.8970971656252039,0.6018888429927028,0.40221411324217576,0.3872737657209975,0.8002533792082231,0.5827949195284412,0.05223437851307346,0.3978580339370706,0.8970971656252039,41,41,41,41,41,41,41,41,41,41,41,41,41,41,41,41,41,41,41,41
00034396,0.0007196959378868856,0.050883783996164604,-0.15951032585766797,0.7125254755236302,-0.4128518326729529,-0.13699055089333967,-0.11341202761675749,0.09703788045346853,-0.3814816143465832,-0.34497220620222374,-0.13353442563882126,0.16541568207048096,-0.17078937842234904,-0.03231168278669905,-0.10668866897670568,0.08575689869781408,-0.37917223725735616,-0.42175106081578934,-0.13353442563882126,0.16541568207048096,0.9964368312149354,0.7520450224296807,0.3191649829018456,1.7365315080692262e-07,0.007304704750681308,0.3930619385383275,0.4801778539861994,0.5461379276737223,0.013855164139480174,0.02718231178098942,0.4052214528143013,0.3013403048464842,0.2856853645454723,0.8410507358678274,0.506745779378559,0.5939543987926296,0.014490318011777395,0.006024690855980828,0.4052214528143013,0.3013403048464842,41,41,41,41,41,41,41,41,41,41,41,41,41,41,41,41,41,41,41,41
00034399,0.13038087335389162,0.10294427737943793,-0.22154249354298255,-0.08065037932334715,-0.4419980601378535,-0.12493313736462891,0.23327931117488143,-0.061030847055248416,-0.09036382531067956,-0.4590335875129164,-0.040030735541344425,-0.029754052281539833,-0.04558353274633447,-0.12343390527289438,-0.08267894207659521,-0.11916727174610174,0.040696820890714386,-0.42346412052217364,-0.040030735541344425,-0.029754052281539833,0.41650255187927576,0.5218572006648444,0.16390346512676005,0.6161867687029291,0.0038122363271068096,0.436404053504533,0.14214187404106612,0.7046458849402808,0.5742055109830724,0.0025378341189621063,0.8037518531261122,0.8534896103129319,0.7771785859006001,0.441971909112625,0.6073129017820941,0.45802920099334216,0.8005520912748633,0.0058019670752785515,0.8037518531261122,0.8534896103129319,41,41,41,41,41,41,41,41,41,41,41,41,41,41,41,41,41,41,41,41
00034410,,,,0.5095512306470621,,,,,,,,,,,,,,,,,,,,0.10936259577934718,,,,,,,,,,,,,,,,,11,11,11,11,11,11,11,11,11,11,11,11,11,11,11,11,11,11,11,11
00034411,0.2726990426185603,0.006072957161920314,-0.22730548999366912,-0.08065037932334715,-0.13196975233290126,-0.17979603161655847,0.22319661126894572,-0.0447411471881616,-0.2428527773744847,-0.5253416155801585,-0.15929283446773712,0.12736224495389006,-0.030356504050905547,-0.2628945980921444,0.05872688585107651,0.08164680110106194,-0.2592984740301847,-0.5764925020959794,-0.15929283446773712,0.12736224495389006,0.08452937804990358,0.9699399163999823,0.15293497690345906,0.6161867687029291,0.41079661191360833,0.260652703211815,0.16069860805323244,0.7811945988987855,0.12603316389538965,0.00042054295918645117,0.3198338598906777,0.4274658254292161,0.8505563552828783,0.09678494198070375,0.7153192574211685,0.611821119191283,0.10160724559045531,7.986910063284055e-05,0.3198338598906777,0.4274658254292161,41,41,41,41,41,41,41,41,41,41,41,41,41,41,41,41,41,41,41,41
00034423,0.2339649321452189,0.19199142989054524,-0.2661111288049939,-0.08065037932334716,-0.19641896700597453,-0.06795162697930461,0.2124999605203523,0.4552381260706433,-0.14574984211654293,-0.19604009507554868,-0.22911713437314388,0.37111109146398413,-0.13049236549077173,-0.037199482616151774,0.11042343320293109,-0.10646730235633613,-0.12822314790153932,-0.19441229870662458,-0.22911713437314388,0.37111109146398413,0.140940058881252,0.22914926836175695,0.09262244954058564,0.6161867687029291,0.21838537821600448,0.6729260907696423,0.18224397369033124,0.00278363933522861,0.36321198212297373,0.21929255653474866,0.14960043173035,0.016904175941091674,0.41610070465309934,0.8173874133046469,0.4918965870321812,0.5076329687772925,0.42432279088361397,0.22321975006331948,0.14960043173035,0.016904175941091674,41,41,41,41,41,41,41,41,41,41,41,41,41,41,41,41,41,41,41,41
00035412,0.31604834127550135,0.052053831832327105,-0.37221597391370354,,-0.5252903237586583,-0.5381858369071393,-0.25223386385116014,-0.059387828514913345,0.076289518564857,0.08347668679541237,0.25258054485917164,0.3094207169236589,0.3624608067571317,0.11102240936217057,0.482275594525989,0.2636256310667448,-0.16053460489246082,-0.0908928355478476,0.25258054485917164,0.3094207169236589,0.04411042489975679,0.7465295881339772,0.016554515452414317,,0.0004211891770995872,0.0002840796440887674,0.11161335438142954,0.7122517829279544,0.635445407955457,0.6038382847092914,0.11110552690174084,0.04899935928979582,0.019863009273510472,0.48953616024715635,0.0014074372618622627,0.09582652346781938,0.316026734845265,0.5719570296829759,0.11110552690174084,0.04899935928979582,41,41,41,41,41,41,41,41,41,41,41,41,41,41,41,41,41,41,41,41
00035426,0.18607123654278881,0.048693206242614875,-0.36749228096669845,,-0.5335280130558074,-0.5804952754411309,-0.2642213041738726,-0.20525436949467624,0.3704535732205344,-0.15485436473838363,0.017606573683836214,0.017445392074357222,0.26836751691924327,-0.02673840821106338,0.16474562379069402,-0.18018767394536517,0.33747861414251046,-0.12023444775265017,0.017606573683836214,0.017445392074357222,0.24410071680790474,0.7624036731599488,0.01809332301510007,,0.00032810343016084656,6.93086408323023e-05,0.09505097936296766,0.19796088557711372,0.01711520006291346,0.33367612925862117,0.9129970589856303,0.9137905389424114,0.08978587975860251,0.8682008763698129,0.3033301113062956,0.25959837426294424,0.030940225232626007,0.4539837051742368,0.9129970589856303,0.9137905389424114,41,41,41,41,41,41,41,41,41,41,41,41,41,41,41,41,41,41,41,41
00035433,0.40092887174883757,-0.016490289717339027,-0.4248759178718468,,-0.5491181887729163,-0.5351743624586794,-0.1934019137904217,0.28609884967110194,0.28956131151362546,0.42775064897717274,0.20308055726727367,0.48987980228921835,0.3094825090831127,-0.02883282112443213,0.5389403286033012,0.437029445878215,0.17774994173646447,0.359954593261741,0.20308055726727367,0.48987980228921835,0.009382306603656037,0.9184940755772424,0.005623807146485001,,0.00020088460288257041,0.0003118877829964748,0.22568156269697068,0.06977199041863465,0.06631041995534147,0.005275636943687448,0.20285665772241174,0.0011500353129459836,0.04895184019504769,0.8579787119047897,0.00027747176993363687,0.004276238041366027,0.2662071628260211,0.020797301307056155,0.20285665772241174,0.0011500353129459836,41,41,41,41,41,41,41,41,41,41,41,41,41,41,41,41,41,41,41,41
00035459,0.03925478749428725,0.207297951032512,-0.29382077608377805,,-0.5719981789362453,-0.5300843733925523,-0.10447721084667914,-0.3558650999299287,0.016650750505823445,-0.1474204959859626,0.07911265678864669,-0.07942345477926036,0.30602604728512334,0.15379028044637844,-0.13588381974886934,-0.41888161802243823,-0.10942940459733254,-0.17374452415151967,0.07911265678864669,-0.07942345477926036,0.8074833624989435,0.19343470933615542,0.062240093557239494,,9.345126586049632e-05,0.0003644944000725051,0.5156438613186689,0.022400731125862834,0.9177036677781175,0.3576777785835465,0.62294966819056,0.6215802888831956,0.05166761004694487,0.3370490484283259,0.3969323657837022,0.006414353276158536,0.4958267365153054,0.2773056510181052,0.62294966819056,0.6215802888831956,41,41,41,41,41,41,41,41,41,41,41,41,41,41,41,41,41,41,41,41
00035473,0.0956839633826351,0.1036029219935042,-0.2640737765808298,,-0.5208158120579365,-0.49324534711709606,-0.2348616066764614,-0.1879590698995638,0.35586887225992253,-0.15884676260750508,0.17075451505566203,-0.06771199979840589,0.3259511510037371,0.006306336961490382,0.18535057227487747,-0.27987182474026406,0.23118233732101576,-0.18003524685143965,0.17075451505566203,-0.06771199979840589,0.551778564777749,0.5191830334572741,0.09524260316186449,,0.00048111077679611374,0.0010501257841830387,0.13937963974623613,0.23926323595948393,0.022399205801033484,0.321208471582646,0.28578519533097635,0.6740154515324966,0.03754953698177601,0.9687852829433973,0.24596466707074602,0.07635458484819725,0.1458645526600067,0.26000838102009804,0.28578519533097635,0.6740154515324966,41,41,41,41,41,41,41,41,41,41,41,41,41,41,41,41,41,41,41,41
00035484,0.06761595737239773,-0.0028898868975508144,-0.30214870847390735,,-0.6547243126751795,-0.5466391904193738,-0.3661089894680042,-0.11192075325986205,0.28713904676214597,0.015031505532868951,0.1484886606054428,-0.07681046644604317,0.4194032892173416,0.2947523696203418,-0.029468201962492006,-0.31529567727393354,0.15308170585745046,-0.09670172660888929,0.1484886606054428,-0.07681046644604317,0.6744522512532555,0.9856930450126282,0.0548568480970604,,3.4181154635416892e-06,0.00021753396026035415,0.01856609681259086,0.48600700931002644,0.06871741161940247,0.9256833044885115,0.35416626295291065,0.6331319409869762,0.0063419336737242215,0.06137690642193978,0.8548820600046698,0.04464488090851268,0.339306717516883,0.5475358320864148,0.35416626295291065,0.6331319409869762,41,41,41,41,41,41,41,41,41,41,41,41,41,41,41,41,41,41,41,41
00035486,0.18729915908150632,-0.09642108355912854,-0.32068562368304565,,-0.6351424898967895,-0.5341110286584622,-0.2655196397625711,-0.1538565926217193,0.2997322644006172,0.07467138526465827,0.27250014392430777,0.09104856465271123,0.2714798524907324,0.33193169046763393,0.13437343296008214,-0.21532456390161947,0.20674098710101763,0.019621025756571753,0.27250014392430777,0.09104856465271123,0.2409467820271777,0.5487041943227318,0.04093093220363973,,8.165515122298194e-06,0.00032227639813497516,0.09337734249219289,0.3368382397646342,0.056922943602619736,0.6426530975389397,0.08476538735613336,0.5712958927374041,0.08598410642493667,0.03398960032588188,0.40224993856814784,0.17636462895177624,0.19466098109309293,0.9030873984146452,0.08476538735613336,0.5712958927374041,41,41,41,41,41,41,41,41,41,41,41,41,41,41,41,41,41,41,41,41
00035487,-0.1366754120686698,0.042970732932945885,-0.3370084474362788,,-0.4572285232688408,-0.47045671161205455,-0.07886948657180395,-0.18660685727050821,0.3699656114489339,-0.04454537059673985,0.49552704452326296,0.026182478964133372,0.35219492771257516,0.05981899342788284,0.6209782217192253,-0.18547318736786592,0.22631604964155644,-0.002558688724489666,0.49552704452326296,0.026182478964133372,0.3941617884230683,0.789653107301196,0.031189618134191768,,0.0026522495225588137,0.0019091892233718641,0.6240219535382788,0.24272155981063837,0.01727323812936569,0.7821287576179821,0.0009868544294309581,0.8709178205856523,0.023926427968291305,0.7102531257786312,1.477772680625193e-05,0.24564685631419117,0.15477893660075204,0.9873325659231479,0.0009868544294309581,0.8709178205856523,41,41,41,41,41,41,41,41,41,41,41,41,41,41,41,41,41,41,41,41
00035498,-0.2043056512128297,-0.17475409204658132,-0.35800929427464073,,-0.549975851071072,-0.39984134908021457,-0.29256671458761646,-0.040537738602389635,0.23353730332820677,0.21831482144503592,0.49642369989422497,0.25481117785214186,0.04275208726976692,-0.08153364335033385,0.41861309259292445,0.2273611391481929,0.28214542367559287,0.2725093894976486,0.49642369989422497,0.25481117785214186,0.20008723485967364,0.27448014897826045,0.021547610565812888,,0.0001953978150630086,0.009594802442909483,0.06341727613032594,0.8013160056108779,0.14168875911773912,0.17028986124879705,0.0009629333126644633,0.10787985162887415,0.7906994065313973,0.6123162377198622,0.006451908439535324,0.15283174606775715,0.07389698485018172,0.08475440540207708,0.0009629333126644633,0.10787985162887415,41,41,41,41,41,41,41,41,41,41,41,41,41,41,41,41,41,41,41,41
00035509,0.21555615672461773,0.03993341090502594,-0.3428999004814678,,-0.5196482005457561,-0.4474009978909458,-0.24798582169620875,-0.1357880855529143,0.2964030213414031,-0.10994706634917986,0.24326320190990308,-0.08385483812215752,0.26856672099745044,0.17280605756598014,0.02169262954072023,-0.09846538392667861,0.2666856164423159,-0.1719218070494595,0.24326320190990308,-0.08385483812215752,0.17588867300479682,0.8042196503509055,0.02818153606981212,,0.000497953536746049,0.0033581299551772407,0.11797973465766848,0.39726819944212544,0.059870870726926276,0.49377801964860024,0.1253744889205198,0.6021942321065363,0.08953871945555769,0.2799491745621968,0.8929117163790332,0.540220627116546,0.09189377018040898,0.2824549863967543,0.1253744889205198,0.6021942321065363,41,41,41,41,41,41,41,41,41,41,41,41,41,41,41,41,41,41,41,41
00035512,-0.048232618233672225,-0.11626518747183598,-0.3254077243142069,,-0.36286407724842396,-0.5310721062637938,-0.25660263570079667,-0.02433044049939482,0.16104495214473333,-0.09280705364873282,0.6547004053375837,0.10870419812233648,0.17200489195542917,-0.10337194665291502,0.5610298409615286,0.035117883270025754,0.05817638242697058,-0.10518720860672878,0.6547004053375837,0.10870419812233648,0.7645869504423344,0.46912817985096567,0.037887579609938764,,0.019716013456407947,0.0003537027783657536,0.10534124338545278,0.8799795223992785,0.31447039373083424,0.5638547177310862,3.4218819423969647e-06,0.49870415400399687,0.28221891830835444,0.5201200432478633,0.00013581491742463574,0.8274468019365981,0.7178775554304109,0.5127786291315409,3.4218819423969647e-06,0.49870415400399687,41,41,41,41,41,41,41,41,41,41,41,41,41,41,41,41,41,41,41,41
00035521,0.16267069851439295,-0.07088797726575026,-0.31321009111493303,,-0.3090568257796047,-0.37414930791365314,-0.3504304037495223,-0.23063752440662194,0.10943101030698736,0.2515571791214467,0.38368210302261074,0.3116029435202975,0.5087850922491056,0.23491885923535477,0.3069094573364923,0.5911631624267568,-0.21558711022512633,0.07660252819216538,0.38368210302261074,0.3116029435202975,0.3095449083563746,0.6596313675539087,0.046153293692398116,,0.049279952067827475,0.0159573542330266,0.02469020052307887,0.14684336783110702,0.4958203749679543,0.11260964686549926,0.013272086611095751,0.04734358218824395,0.0006818411418787787,0.13928044297945702,0.05096224873974688,4.705847006927373e-05,0.17582512898675523,0.6340549579750355,0.013272086611095751,0.04734358218824395,41,41,41,41,41,41,41,41,41,41,41,41,41,41,41,41,41,41,41,41
00035522,-0.06922523450011171,-0.07053746978706082,-0.31048393923338913,,-0.3359872996287799,-0.3082173972002888,-0.07604755630185436,-0.00905655535853683,0.20706422452983425,0.0656072573084224,0.3458185588736356,0.20429660778115083,0.18381993858055365,-0.01811465215832288,0.09778501400876408,0.1881761967039322,0.09340574011487235,0.009894405101450886,0.3458185588736356,0.20429660778115083,0.6671472967969312,0.6612130183691572,0.048186893785137665,,0.03173698185375307,0.04993216867436578,0.6365210990479458,0.9551840970544253,0.193948641223672,0.6836117669147194,0.026782754925610282,0.20010758057412412,0.24995529019293092,0.9104963915085079,0.543037055196139,0.23871105550520888,0.5613316127014341,0.9510428322645953,0.026782754925610282,0.20010758057412412,41,41,41,41,41,41,41,41,41,41,41,41,41,41,41,41,41,41,41,41
00035542,0.009133405866840175,0.02396030990721193,-0.33348743262927116,,-0.40008730798209013,-0.37375180206416136,-0.16102575009441772,-0.06783028972164026,0.5145362060043438,-0.026491779727000973,0.5387651090211474,0.1518587459773894,0.5895269691055629,0.25759299798841084,0.6092147960776566,0.09868284051656488,0.2879466767336553,-0.20501844449564038,0.5387651090211474,0.1518587459773894,0.9548041956973988,0.8817923569959079,0.033110445922409706,,0.009546386178551948,0.016078625523219953,0.3145288639569658,0.6734776155825198,0.0005780788651886385,0.869406019419396,0.0002789938968550534,0.34322519466247403,4.9981941748559535e-05,0.10395752746053365,2.36681516809767e-05,0.5393219370478556,0.0679073272014292,0.1984881709675495,0.0002789938968550534,0.34322519466247403,41,41,41,41,41,41,41,41,41,41,41,41,41,41,41,41,41,41,41,41
00035550,-0.05454600341356854,-0.10273814337013235,-0.3655756845543121,,-0.5579830019822787,-0.5172237154792917,-0.24302735816176552,0.18579119198737845,0.20215611533500774,0.18623723713400037,0.6058510564927294,0.44177237208696946,0.21796084936477178,0.10069847344024276,0.4132964362489394,0.28918540097832357,0.11553633771755595,0.11200090845751239,0.6058510564927294,0.44177237208696946,0.734823668973871,0.5226955228525729,0.01875111944904931,,0.0001503299608606521,0.0005346231998163448,0.12575266992741016,0.24482389784320333,0.2049641154991212,0.2436727216154694,2.6987572747056773e-05,0.003832318033058578,0.17100099364263896,0.5310262797787825,0.007235600573804801,0.0666795222567765,0.47193793499532044,0.48569276297251107,2.6987572747056773e-05,0.003832318033058578,41,41,41,41,41,41,41,41,41,41,41,41,41,41,41,41,41,41,41,41
00035562,0.13522019728175014,0.0677451825721762,-0.3699989353789283,,-0.5485192466032857,-0.47856617400514145,-0.20600817775156882,0.19673196640039467,0.2899316423436568,0.10845522515371889,0.42985959616434954,0.3566269112882446,0.5218248910233051,0.048357961528726234,0.047837646009846926,0.16341249190095852,0.10737295125972467,0.01079345188599646,0.42985959616434954,0.3566269112882446,0.3992637231278877,0.6738645612360937,0.017262406402212525,,0.00020479827307250345,0.0015505871629629187,0.1962827473464145,0.21763788346048543,0.0659483794707002,0.49969397247083536,0.005032254271380428,0.022094451182393487,0.0004669678436398735,0.7639926198137591,0.7664606298928105,0.3073138782522901,0.5040082851122224,0.9466005026743429,0.005032254271380428,0.022094451182393487,41,41,41,41,41,41,41,41,41,41,41,41,41,41,41,41,41,41,41,41
00035565,0.2015126247925565,0.3315826169643401,-0.3993690068723181,,-0.3773867741543205,-0.3755557893085091,-0.1619922757209634,0.33927337175338296,0.48960470828158403,0.12464101077512223,0.2989765595803642,0.3605138034606947,0.6319937137242353,0.20907629745474318,0.3502901507240139,0.0937742339454849,0.24932485635288337,-0.0005872447032155767,0.2989765595803642,0.3605138034606947,0.20644008513639917,0.03418947327328137,0.00968837151991145,,0.01499812958732275,0.015534448202646864,0.31159432251334485,0.03000329577473035,0.001158563058793908,0.4374858972336536,0.057581697601842,0.020585705537710323,9.34039707877767e-06,0.18955582792263503,0.0247517695396481,0.559781245930168,0.11594412169113451,0.997092585744617,0.057581697601842,0.020585705537710323,41,41,41,41,41,41,41,41,41,41,41,41,41,41,41,41,41,41,41,41
00035582,0.05330054492197326,-0.04760180663461216,-0.3274791499102459,,-0.37651121253610925,-0.3843964524670773,-0.04011967770953871,0.20555749672350584,0.39691185046090066,0.2804281576983367,0.6416871754133883,0.48850043047427577,0.5038782730178124,0.29207458130678277,0.5978679626413667,0.250855839009298,0.1841199321569872,0.09388065179517321,0.6416871754133883,0.48850043047427577,0.7406664700661936,0.767580037688452,0.036612227179418554,,0.015252604651131792,0.013087339349288197,0.8033244058403185,0.1972848514742421,0.010187829276730023,0.07574739137495116,6.145141595783889e-06,0.0011933625930715455,0.0007831884397736489,0.06388404062241612,3.6633547919372444e-05,0.11364933338818901,0.24916975231728358,0.5593338850130394,6.145141595783889e-06,0.0011933625930715455,41,41,41,41,41,41,41,41,41,41,41,41,41,41,41,41,41,41,41,41
00035588,0.04116945619771811,-0.14513100176403082,-0.3605362112951807,,-0.4989286494059186,-0.5426297732657764,-0.1749159385626706,0.1664363280269328,0.4191581836970901,0.3394863598894566,0.5898158662968694,0.5203455767878294,0.49214151329958455,0.3008231979968117,0.5760997193300657,0.2987872250681223,0.17986152502691985,0.13048774953068176,0.5898158662968694,0.5203455767878294,0.7982835767316503,0.36527494797806154,0.020577264509207344,,0.0008988156197416237,0.0002471085709985855,0.2740289490394858,0.2983254813917567,0.006375871275156372,0.029893680179237016,4.94540345695118e-05,0.0004878315416494141,0.001082009133195303,0.055982607982803585,8.098031641411399e-05,0.05774769230592884,0.2604761924024603,0.4161173374320808,4.94540345695118e-05,0.0004878315416494141,41,41,41,41,41,41,41,41,41,41,41,41,41,41,41,41,41,41,41,41
00035598,0.13397404852418068,0.14233896832362197,-0.3767672339706115,,-0.5174524956461699,-0.36369214026160085,-0.24013300289469774,0.3566657281904536,0.4483739300843998,0.27254477020746726,0.17380160927608237,0.4063620820829981,0.4531119139418593,0.31725401479953447,0.5843750960747925,0.13972314993262838,0.30603993880682984,0.16363812165093414,0.17380160927608237,0.4063620820829981,0.40366287017221425,0.37466957751502544,0.015177819028775108,,0.000531062567283011,0.019417036379504697,0.13046363370686684,0.02207893933310386,0.0032815910628096446,0.08471239016977108,0.2771453795512437,0.008380050960387565,0.0029302693281888174,0.0432651159607294,6.029955040963819e-05,0.383600187249549,0.05165645789882814,0.3066373048333565,0.2771453795512437,0.008380050960387565,41,41,41,41,41,41,41,41,41,41,41,41,41,41,41,41,41,41,41,41
00035613,-0.013046876939490682,-0.11819999829591915,-0.34315496435278137,,-0.6010243274495063,-0.6055172406154916,-0.4275435800426143,0.04245685037540988,0.2680349323287902,-0.11294713295812918,0.26519503082526796,0.35552630173628663,0.3367057386086477,-0.24607424446344967,0.4195901534706663,0.21665682521300791,0.09835356600934585,-0.04742383137176362,0.26519503082526796,0.35552630173628663,0.9354732802971344,0.4617127070674263,0.028056932046874265,,3.2496078353313965e-05,2.733915632212379e-05,0.005300075287342471,0.7921127977824748,0.09019970612054366,0.4819911142660259,0.09379363826520809,0.022538076888053312,0.03135106073879171,0.12093225837510403,0.0063161652441012725,0.1736392229408787,0.5406830208075981,0.7684251031305959,0.09379363826520809,0.022538076888053312,41,41,41,41,41,41,41,41,41,41,41,41,41,41,41,41,41,41,41,41
00035626,0.04085453983330262,-0.010792459748435523,-0.2782521411518078,,-0.6799299853896865,-0.40487716328220785,-0.5359368637952966,-0.23984907887828,-0.16410218349056335,-0.08059000631317181,0.1604178679453496,0.32931800846316023,0.11737276456972659,0.051485224035362716,-0.1885552959592754,-0.2656124877647516,-0.22841561188774237,-0.10066437991400379,0.1604178679453496,0.32931800846316023,0.7997949046562399,0.9466054041251939,0.07814407259535408,,1.0116522756099683e-06,0.008644382466523494,0.00030462466763127245,0.1309327496802013,0.3052487521909722,0.6164517042852453,0.3163834143068019,0.03550970987678146,0.46487548939597567,0.749208382905008,0.23774903173476686,0.09325853164091431,0.15088528412238797,0.5311660780720785,0.3163834143068019,0.03550970987678146,41,41,41,41,41,41,41,41,41,41,41,41,41,41,41,41,41,41,41,41
00035707,-0.27879280543594054,-0.19798959387590082,-0.4257479533552268,,-0.4552450067351146,-0.5492983238038971,-0.23028211404215765,-0.21594426250754128,0.1247084105698522,-0.140811083182578,0.3724282111785581,0.22991925385136786,0.013557552001503043,-0.15195201151495696,0.11331759131141866,0.12426161329035174,0.15586674116345958,-0.1367985190715768,0.3724282111785581,0.22991925385136786,0.07754311539249445,0.21465228625919042,0.0055161467663199775,,0.002783175470232012,0.00019972081498352779,0.14748449701548422,0.17509312560368476,0.4372361614301526,0.3798707929817868,0.016488052574267123,0.14814118357796785,0.9329532173147042,0.3429253884996745,0.48054590085534094,0.4388931458827254,0.33048660997058027,0.3937319261356285,0.016488052574267123,0.14814118357796785,41,41,41,41,41,41,41,41,41,41,41,41,41,41,41,41,41,41,41,41
00036103,-0.17212801002602818,-0.05574826123387417,,,-0.17328988197121417,-0.0018026317458954277,0.03892952009424461,0.11936717071229816,-0.2639800412103978,-0.2763262580364711,0.07431758587117226,0.13718705379671747,-0.04016909650998002,-0.011149229143329968,-0.14274801756998973,-0.12666626065793013,-0.30904024151613646,-0.323363249415889,0.07431758587117226,0.13718705379671747,0.2818693409624581,0.7291974862727381,,,0.2785842640470052,0.9910754352791561,0.8090488211304184,0.45726993971256574,0.09536451053201205,0.08031436789410759,0.6442333809426891,0.3923770392549411,0.8030869283808105,0.9448429851582854,0.37328430930469514,0.43001626137807675,0.049292770821746,0.039181709441009044,0.6442333809426891,0.3923770392549411,41,41,41,41,41,41,41,41,41,41,41,41,41,41,41,41,41,41,41,41
00036110,0.09853570369778938,-0.10388488791545093,,,-0.06283362208083812,-0.303779864513643,0.3301815307130023,0.24015015370717957,-0.06610777159420865,-0.15271259480223462,0.171493872386481,0.02888149178955228,-0.14350081506464135,-0.06564499281697002,-0.05822183004419889,-0.05189763717129051,-0.03341507023555104,-0.17758883724140534,0.171493872386481,0.02888149178955228,0.5399299355276462,0.5180403038766559,,,0.6963329921481781,0.05349647275773332,0.0350014431673329,0.1304353363092686,0.6813252091816818,0.34048646721446146,0.2836729087627807,0.8577414310744778,0.37074289617565975,0.6834392778595894,0.717666235777867,0.7472651524533358,0.8356960489875098,0.2666478074724339,0.2836729087627807,0.8577414310744778,41,41,41,41,41,41,41,41,41,41,41,41,41,41,41,41,41,41,41,41
00036147,0.04906668954670683,0.02507073239262314,,,-0.14648049860269718,-0.3569015611237426,0.11456710935585045,0.11070496909182397,-0.08016471628611344,-0.30283017800500417,0.15463541752356147,0.028468458607555862,-0.04127935490450604,-0.10538552627032398,-0.12393690196052447,-0.056498830301961386,-0.04458494311375153,-0.3367836889409572,0.15463541752356147,0.028468458607555862,0.7606346212807729,0.876355524811124,,,0.36078530650093216,0.021984892232048605,0.47568812417792694,0.4907863887316262,0.6183193681853184,0.054285174041896624,0.3343684294445887,0.8597554543572291,0.7977563280114208,0.5119797351077953,0.4400995364036378,0.7256921330179675,0.7819399107890344,0.031309422070393764,0.3343684294445887,0.8597554543572291,41,41,41,41,41,41,41,41,41,41,41,41,41,41,41,41,41,41,41,41
00036164,-0.14099671361964358,0.1379793416186508,,,-0.2496830080559285,0.1274360296270936,0.06466552499977167,0.49116122966141484,0.05470008508488095,0.17577592191832542,0.28583643769312134,0.4565598111960337,-0.03880504621703981,0.0006584668905298633,0.09171266315019751,-0.016088720613834893,0.5137252714509211,0.16435972257334105,0.28583643769312134,0.4565598111960337,0.37923660509809665,0.38962262938577186,,,0.11540417887626803,0.4271959386524462,0.6879215461594772,0.001111041696411136,0.7341018443952122,0.2716396371131281,0.07004003637780841,0.002695771812157095,0.8096480881768588,0.9967399706352131,0.5684804393396046,0.9204724874401814,0.000591797575054465,0.30447988341342747,0.07004003637780841,0.002695771812157095,41,41,41,41,41,41,41,41,41,41,41,41,41,41,41,41,41,41,41,41
00037170,0.05346106758840046,0.30695727282199986,,,-0.4332207946101515,-0.2868354954903024,-0.13230004163935288,-0.1613274266912491,-0.14823251541805862,-0.04493520662229916,0.057801673959640344,0.11000465212409058,0.09569530796970435,0.019377040053281877,-0.10927288074677823,-0.12536715019832242,-0.2892602849551901,-0.02358611382996227,0.057801673959640344,0.11000465212409058,0.739912597123835,0.050924292481430794,,,0.004664498718402077,0.06902385082086052,0.40961611278429605,0.313611052639057,0.35500640841218895,0.7802689330193598,0.7196206420453087,0.49355038552597624,0.5517311873946045,0.9042868913480752,0.4964470581402793,0.43479949582092703,0.066605865170079,0.8836257087232328,0.7196206420453087,0.49355038552597624,41,41,41,41,41,41,41,41,41,41,41,41,41,41,41,41,41,41,41,41
00037179,0.008660830013168412,0.21654556995128313,,,-0.3614356993493263,-0.2568438430341421,-0.16807787338345495,-0.14094159779411614,0.03063573368488213,-0.2996586982809044,0.17474868081154588,-0.3383763097115413,0.03478161614537294,-0.27239800028145555,-0.3938812128143421,-0.20848278368065698,0.20101579480090626,-0.22502149772062538,0.17474868081154588,-0.3383763097115413,0.9571404713743257,0.17386565370972437,,,0.020240813648165157,0.10500294649331013,0.29351736810497725,0.3794248374606933,0.8491974957438561,0.05698680589978959,0.27449524297899286,0.030468623291160127,0.8290744222907791,0.08488678787430753,0.010834042420711688,0.19084421082853673,0.20758472206377646,0.15721594654403298,0.27449524297899286,0.030468623291160127,41,41,41,41,41,41,41,41,41,41,41,41,41,41,41,41,41,41,41,41
00037181,0.13761481042122511,0.2871448109085699,,,-0.20806766363638737,-0.26602447465050355,-0.036300686741105884,0.08893236810928731,-0.09283110405171617,-0.2868270344725248,0.09875326236706335,0.20832142526856198,-0.05994123099032549,0.02990673425410277,-0.2654052073851382,-0.3741777729506762,-0.06590663983620297,-0.29302212492782226,0.09875326236706335,0.20832142526856198,0.39088852542378766,0.0687116030437497,,,0.19174901474020753,0.09273274734641337,0.8217274247739047,0.5803097866342164,0.5637532585497377,0.06903240776077593,0.5390310566765206,0.1911955513771318,0.7096868433437166,0.8527460369519163,0.09352393379029432,0.015948699828263486,0.6822437261391401,0.06298775731152863,0.5390310566765206,0.1911955513771318,41,41,41,41,41,41,41,41,41,41,41,41,41,41,41,41,41,41,41,41
00037195,0.18834275021193495,0.16375965216892172,,,-0.27835064012529576,-0.3102778980290595,-0.06924256783326385,0.0720142881008257,-0.24331165871070132,-0.2769206512697783,0.18521165523415903,0.186992143684078,-0.16430167981305394,-0.10091070018840637,-0.15400098494639983,-0.36715337601477804,-0.19246701311177514,-0.23154425469409676,0.18521165523415903,0.186992143684078,0.23828807530832288,0.30627327664577497,,,0.07803431884962204,0.04834348567034488,0.6670687793021706,0.6545588536009997,0.12529689288126458,0.07963958034919477,0.246325066008164,0.24173275676085837,0.30465305894112743,0.5301564613020898,0.33637949357128,0.018208204960226328,0.2279759889021669,0.14521698711566838,0.246325066008164,0.24173275676085837,41,41,41,41,41,41,41,41,41,41,41,41,41,41,41,41,41,41,41,41
00037213,0.26564771133999404,0.2659141379931915,,,-0.09890554713145312,-0.1210909482870396,0.0037261850496938843,-0.1592987065372656,-0.1054982256415399,-0.29140790411204903,0.19987546619646016,0.12840943998496696,0.15366775096066448,0.09296386757300551,-0.4772246517189401,-0.382595804192584,-0.09061918133173322,-0.2374310216354821,0.19987546619646016,0.12840943998496696,0.09321348909475216,0.09287333604371012,,,0.5384022966102392,0.4507509056889837,0.9815534154699534,0.31981578925754317,0.5115260202157631,0.06452069455488454,0.21022861186961417,0.42364437783048076,0.3374387882265178,0.5631933337030144,0.0016054430982002418,0.013557271251636112,0.5731196551566139,0.13497906881610877,0.21022861186961417,0.42364437783048076,41,41,41,41,41,41,41,41,41,41,41,41,41,41,41,41,41,41,41,41
00037238,0.38559701651992717,0.3420283390553569,,,-0.14556478039798093,0.009408583579158337,0.3356690618401707,0.46595701415874397,-0.008179352112252711,0.06165825580865006,0.4355206190994215,0.4413712342714311,-0.013594157235500195,0.11676625858329354,-0.0707352299997467,-0.1540105158064152,0.023371258574577686,0.053144573093316674,0.4355206190994215,0.4413712342714311,0.012781767036563307,0.028610774390038198,,,0.3638281681170864,0.9534439688738408,0.03190917469346769,0.002138186266657683,0.9595211199371458,0.7017488937287678,0.004426546016219673,0.003868239186329394,0.9327726034850294,0.46720169379685034,0.6603204541815555,0.3363492268466728,0.8846786508009892,0.741399199910091,0.004426546016219673,0.003868239186329394,41,41,41,41,41,41,41,41,41,41,41,41,41,41,41,41,41,41,41,41
00037250,0.4026397405405834,0.3397327602603777,,,-0.054041834823124094,-0.29944866450767904,0.43520404640985355,0.3884229472204108,0.049452049195900044,-0.1206594153311509,0.4150751642762161,0.4332935184216904,0.09681653067250348,-0.10224368539978702,-0.12424984179038648,-0.06587371013326217,0.03136317761563465,-0.06382037622532544,0.4150751642762161,0.4332935184216904,0.00905617696700799,0.02976728164302831,,,0.7371871123537123,0.05716945012354832,0.0044586599510807404,0.012086353689802667,0.7588105755792431,0.4523781277504775,0.006964742342993521,0.004656807353358772,0.5470582252824375,0.524709129592411,0.4389368482741735,0.682394150760228,0.8456594506202234,0.6917976325207116,0.006964742342993521,0.004656807353358772,41,41,41,41,41,41,41,41,41,41,41,41,41,41,41,41,41,41,41,41
00037254,0.44269426892950153,0.28299890178418785,,,-0.34484284676691374,-0.2694972844676236,0.01847449555682322,0.1447475899299528,-0.28580755053946333,-0.18459717548436913,-0.11275442022715308,0.12331858252976198,-0.11388621553840127,-0.020470161112483093,-0.3943321810778531,-0.1634862673549983,-0.2997297655014118,-0.19248987918486704,-0.11275442022715308,0.12331858252976198,0.0037508652252019685,0.07299064136363763,,,0.027243814598891143,0.0883910993152896,0.9087258232513954,0.36655660933813444,0.07006959328114694,0.24792350383603046,0.48274381251616105,0.4424018070970458,0.47833203455308426,0.8989145166308533,0.010735722696297804,0.3070925507391101,0.056925111942684195,0.2279196813629733,0.48274381251616105,0.4424018070970458,41,41,41,41,41,41,41,41,41,41,41,41,41,41,41,41,41,41,41,41
00037263,0.2085591723250472,0.26772080733807113,,,-0.0006977681912529593,-0.10635064999362072,0.07210988693089179,0.5082219357990617,-0.0006242484322334469,0.1323732254869141,0.03385574799904622,0.5389329813868947,0.028917344747752004,-0.0754833498239289,-0.12616663964660177,0.25952008042308794,-0.19927279903482847,0.16965963183056978,0.03385574799904622,0.5389329813868947,0.1906780421477859,0.09059191645262679,,,0.9965453934308312,0.5081008011763916,0.6541290103088646,0.0006928452729414931,0.9969093832961018,0.40935480633582316,0.8335594899463008,0.00027753544455433435,0.8575666474504106,0.6390322496911853,0.4318523466091631,0.10130486323388109,0.21163533364791848,0.28893190623707166,0.8335594899463008,0.00027753544455433435,41,41,41,41,41,41,41,41,41,41,41,41,41,41,41,41,41,41,41,41
00037298,0.45311708494317354,0.18217518873422603,,,-0.1002166067195589,-0.1537312825071286,0.3144078043724381,0.2123374634375425,-0.05529149353751858,-0.02509661486438894,0.19043917848275113,0.3963495606949819,-0.15005332276982156,-0.12018128066853957,-0.018434900082327368,0.04229277652594307,0.40587241325334955,0.13601477518198352,0.19043917848275113,0.3963495606949819,0.0029299046633252178,0.2542916191221126,,,0.5330038061655811,0.33723667338770114,0.04528208135633295,0.18258640437730675,0.7313333812820653,0.876228865334671,0.2330074293205099,0.010305170046931302,0.34906048203158974,0.4541847937463087,0.9089206270747344,0.7928985547835554,0.008466439058883697,0.39647324338112605,0.2330074293205099,0.010305170046931302,41,41,41,41,41,41,41,41,41,41,41,41,41,41,41,41,41,41,41,41
00038274,-0.06665716334913195,0.23807691614108856,,,-0.2049280710740501,-0.3817904559205899,0.06342462869241068,0.4505562875402626,0.027251597596671465,0.28296277548958576,0.3873055614764531,0.6136181658210834,-0.17472267140769102,-0.17339196681917274,0.4006812433324643,0.4699706676150953,0.05290736736619474,0.18961066822076342,0.3873055614764531,0.6136181658210834,0.6788185943591243,0.13388926987074107,,,0.19869041404131824,0.013772040486597081,0.6936153184075372,0.003115437603636765,0.8656941372131056,0.07302882738344196,0.012357372539310659,1.9886412824301964e-05,0.2745678007395566,0.27829683069200645,0.009430333832823098,0.0019328357971236238,0.7425139850229385,0.23508473045147496,0.012357372539310659,1.9886412824301964e-05,41,41,41,41,41,41,41,41,41,41,41,41,41,41,41,41,41,41,41,41
00038306,0.3812671025368916,0.26550840865704245,,,-0.09440339616987933,-0.381043119229421,0.16064757966312976,0.04173677506333509,0.0876718737936794,-0.13250790538874987,0.5185648641520629,0.5323417110267789,0.15095253979005852,-0.16112047645184108,0.47010928950235764,0.07050692253657251,0.02907471493681199,-0.18984592463643307,0.5185648641520629,0.5323417110267789,0.013913149358747363,0.09339172203030457,,,0.5571387891902027,0.013973914351678716,0.3156817920171098,0.7955627693450733,0.5857090761505108,0.4088741743889243,0.0005140507757383422,0.00034025331887538454,0.34614660643440237,0.31424048891041056,0.0019260655051406275,0.6613509306045496,0.8567995452664281,0.2344936020916332,0.0005140507757383422,0.00034025331887538454,41,41,41,41,41,41,41,41,41,41,41,41,41,41,41,41,41,41,41,41
00038308,0.41790754693464577,0.2621108091503978,,,0.004904929930349791,-0.21714951314702144,0.1332809099514039,0.03104937732787809,0.14124699336636795,-0.012038980169343141,0.6554654829824886,0.6026247601788834,-0.003929790396824945,-0.030333022335431486,0.39791601045068803,0.0389464201022823,0.14994948325356833,-0.03324445001325099,0.6554654829824886,0.6026247601788834,0.0065514907714780005,0.09782069075657522,,,0.9757195288364287,0.1726390310729317,0.4061218037886123,0.8471853081735485,0.3783825408036677,0.9404488176204168,3.303223500654999e-06,3.056530470416834e-05,0.9805456484330893,0.8506706475866112,0.009981118562138782,0.8089674660188535,0.34939793099494115,0.8365235890044457,3.303223500654999e-06,3.056530470416834e-05,41,41,41,41,41,41,41,41,41,41,41,41,41,41,41,41,41,41,41,41
00038315,0.28563996012006776,0.13581750155396385,,,-0.23432608890353562,-0.33260795444515123,0.17092878277310464,-0.026298791648974265,0.14271526195014356,0.17985503192117744,0.7110191530918171,0.6250242850973035,0.09181367690182402,0.0942384673369217,0.5446551927924079,0.14141215482344968,0.07799656747624714,0.19732651879312105,0.7110191530918171,0.6250242850973035,0.07024126337502007,0.3971649911742619,,,0.14031001872257873,0.03360511458033752,0.2852864084188621,0.8703492536375602,0.37339512567743754,0.2604936883744291,1.8937760433938856e-07,1.2511579205159716e-05,0.5680527495564703,0.5578309188922682,0.00023174409348212952,0.37781956129238586,0.627877481316547,0.21622286528197535,1.8937760433938856e-07,1.2511579205159716e-05,41,41,41,41,41,41,41,41,41,41,41,41,41,41,41,41,41,41,41,41
00038328,0.3428176766871573,0.14779376053878868,,,-0.10964234807615085,-0.3213845224280294,0.1762405251471456,-0.21935117831343018,0.17533357232637886,-0.04328612818971252,0.6153487899802541,0.7083523436580724,-0.008912164313762287,-0.1209432276918257,0.49979586667376097,0.03256910532798947,0.174574670580266,0.08743357849112691,0.6153487899802541,0.7083523436580724,0.02822180162448319,0.3627690193544325,,,0.49498345628888346,0.04315988117984496,0.2703545403207336,0.1738499871923742,0.2728669095512623,0.7908487184314961,1.855787542973607e-05,3.162380682532014e-07,0.9558979034243202,0.4572443317712542,0.0008775204176637618,0.8418668531316229,0.27498091438264366,0.5916318419883045,1.855787542973607e-05,3.162380682532014e-07,41,40,41,40,41,40,41,40,41,40,41,40,41,40,41,40,41,40,41,40
00038343,0.03746625170230654,0.12577913158297582,,,-0.33718237395381323,-0.45275133092331726,-0.14987660040748588,-0.15708512929463483,-0.17147470175773452,-0.4747650607018931,0.3908395405333712,0.3685702626899295,-0.20205544769231876,-0.13400390242855525,0.06944526889535196,-0.3887143519317413,-0.1552452308965508,-0.4100108803632711,0.3908395405333712,0.3685702626899295,0.8161002951369831,0.43327942206278897,,,0.03109716897772096,0.00295579636805579,0.34963489838412315,0.3266732773077107,0.28372754912942744,0.0017104885798448603,0.011517479716943961,0.01773195557917181,0.20519452835611743,0.40355715518758384,0.6661508330190866,0.012016512081034015,0.332442440790121,0.0077598446264635,0.011517479716943961,0.01773195557917181,41,41,41,41,41,41,41,41,41,41,41,41,41,41,41,41,41,41,41,41
00038359,0.10386009074705091,0.3948111738599524,,,-0.09260555261384672,-0.01664318019745508,-0.01919029013586178,-0.012327128005641945,-0.25272737249869726,-0.14150249082036417,0.4532618054018533,0.42170714005068816,-0.09609320245967078,0.24203962515842575,-0.25101917354259473,-0.24079064600915834,-0.20630930534520642,-0.3238397758818659,0.4532618054018533,0.42170714005068816,0.5181407497605798,0.010632128643707276,,,0.5647051031795689,0.9177409563263111,0.9052051412335881,0.9390261238745315,0.11089097895569189,0.37751184636924323,0.0029197149352806935,0.00603049716523782,0.550070712370516,0.1273458049600523,0.11340655524012314,0.12938185095613536,0.19561518039748277,0.038876896003414846,0.0029197149352806935,0.00603049716523782,41,41,41,41,41,41,41,41,41,41,41,41,41,41,41,41,41,41,41,41
00038372,0.08446655569362818,0.025480694272606193,,,-0.03541346708803701,-0.2027622042147735,-0.159261388466709,-0.1996968403873339,0.02072085394615327,-0.3206609984142661,0.5308581879342626,0.3045013467453235,0.06359799635685898,0.1970921362795634,-0.01100217807659037,-0.36832173278067837,-0.005985301061969173,-0.4361791617709567,0.5308581879342626,0.3045013467453235,0.599538839015983,0.8743496789552677,,,0.8260166870539829,0.2035806905501365,0.31993064233942203,0.21064487336341284,0.8976830521944417,0.040947309423025505,0.00035601532250102393,0.05290345905377995,0.6928188238248361,0.21677992727956524,0.9455693774715802,0.01781472567971701,0.9703736058013447,0.004360386246423414,0.00035601532250102393,0.05290345905377995,41,41,41,41,41,41,41,41,41,41,41,41,41,41,41,41,41,41,41,41
00038441,0.20272082426903656,0.20315577462456444,,,-0.13757251046158753,-0.38880542295599047,0.1490329493122711,-0.017207967206705414,-0.1523346228108527,-0.2104802684404382,0.32824596223811836,0.34546411323550724,-0.10210042441314701,0.05427500163685466,-0.19919879832308757,-0.11934552011713928,-0.10202083375728298,-0.3357894271927015,0.32824596223811836,0.34546411323550724,0.20367493385530566,0.20268585385281357,,,0.39103557443161857,0.011994755497953969,0.3523850304449793,0.9149595065678973,0.34169715163779313,0.18653267239868485,0.036149114463150805,0.02694948904913484,0.5252932510683093,0.7360937737245355,0.21180851273814358,0.45735214073520114,0.5256179060643861,0.03184395687597893,0.036149114463150805,0.02694948904913484,41,41,41,41,41,41,41,41,41,41,41,41,41,41,41,41,41,41,41,41
00038456,0.1857290386430726,0.4019041386613998,,,-0.5031515424193341,-0.17386104575633365,-0.2227229367136221,-0.16119198141036412,0.011846087264798001,-0.28394895796276,0.5668725286550351,0.3110943734062416,-0.09287166061950956,0.04694266438382522,-0.00851802120932645,-0.13368724968177678,0.05638069325080124,-0.3322337772492167,0.5668725286550351,0.3110943734062416,0.2449845970087681,0.009195187585501209,,,0.0007992884233441911,0.27697857090321565,0.1616116671629249,0.31402291737131016,0.9414013044319157,0.07199204090982653,0.00011147363978735827,0.04772536398428779,0.5635821855061082,0.7707111109425591,0.9578465464959635,0.40467925855441733,0.7262434999210633,0.03381740662152356,0.00011147363978735827,0.04772536398428779,41,41,41,41,41,41,41,41,41,41,41,41,41,41,41,41,41,41,41,41
00038457,0.18005160979265453,0.32722024313830744,,,-0.3479444391170146,-0.28680458406036147,0.024119750954644272,-0.038317749313791255,0.09545515371012588,-0.20223857941013434,0.4197887427796457,0.2887226345134935,0.18137429231649166,0.16374703094720044,0.17293305758046296,-0.02413925177854719,-0.011241336424732485,-0.4163484283649638,0.4197887427796457,0.2887226345134935,0.25996434645916966,0.03676968498780427,,,0.025800586501523802,0.06905511675052224,0.8810113692531154,0.8119951593823076,0.5527345318929732,0.20477550255660568,0.006288879204269733,0.06713613761309459,0.2564212557204842,0.30631106899161836,0.2795904746168763,0.8809158562700075,0.9443880226246884,0.006776268132248863,0.006288879204269733,0.06713613761309459,41,41,41,41,41,41,41,41,41,41,41,41,41,41,41,41,41,41,41,41
00038469,0.20515722371281844,0.04017613212423086,,,-0.18984645699746905,-0.2398674692731531,-0.06106362282425824,-0.17514426828345417,0.14841966182409416,-0.19714841222608298,0.6427110357684397,0.24902567238325007,0.17106470219506792,0.12345992956676709,0.11706562338802455,-0.06954863241670851,0.089385557775093,-0.2643330848995984,0.6427110357684397,0.24902567238325007,0.2041050211392778,0.8055753456634749,,,0.24066420492165735,0.13601106457287387,0.7081785392918488,0.27971195270711413,0.3607174088449997,0.22271206750064143,7.760809844872134e-06,0.12124725113074254,0.29124015240288587,0.4478646780425385,0.47190092218338303,0.6697922742952944,0.5833503931060556,0.09930318368700182,7.760809844872134e-06,0.12124725113074254,40,40,40,40,40,40,40,40,40,40,40,40,40,40,40,40,40,40,40,40
00038495,0.07630049613219655,-0.08179849456108267,,,-0.490917761085882,-0.5451801241327308,-0.13848766943455823,0.014870228769072819,-0.20606739851686345,-0.6094100427589376,0.5109416696506338,0.13753273557834952,-0.3169234265215442,-0.15146364729996045,0.011148552595837656,-0.1870332912135489,-0.10530798483578371,-0.6638932689269879,0.5109416696506338,0.13753273557834952,0.6353966225128296,0.6111576560523403,,,0.001118358761623135,0.00022790518028584453,0.3878613814422669,0.9264784825424853,0.19615133487153857,2.3487447745834567e-05,0.0006411298242796912,0.39117387486100885,0.04349557501257624,0.34449704063207104,0.9448463270186032,0.24162731654420694,0.5122920252516859,2.22436192596016e-06,0.0006411298242796912,0.39117387486100885,41,41,41,41,41,41,41,41,41,41,41,41,41,41,41,41,41,41,41,41
00038647,0.4879089009813877,0.24775121337239558,,,-0.06565153679796905,-0.4553187342816417,0.13603101430463632,-0.410866543642995,0.1559469030057889,-0.38518628302931895,0.7757173522513268,0.20592364159703386,0.018708013319532656,-0.14000711965986268,0.09295279155380147,-0.21657368741335448,0.2202670175671606,-0.31930238699598995,0.7757173522513268,0.20592364159703386,0.0012123825444174854,0.11833914470834679,,,0.6834093669297426,0.002778209328557763,0.3964163314033455,0.0076202611479975575,0.3302348707183888,0.012885618694040174,2.573149729127513e-09,0.19647044271092529,0.9075770583670705,0.38262467850767645,0.5632400365159455,0.1738084080213697,0.16640611556293733,0.04185916402859484,2.573149729127513e-09,0.19647044271092529,41,41,41,41,41,41,41,41,41,41,41,41,41,41,41,41,41,41,41,41
00038665,0.24043524205433606,0.04814092491961604,,,-0.3560615122933951,-0.5133996574085733,-0.09900523904239308,-0.30641028234176354,0.11553455457104717,-0.3289599861137793,0.6811087215530031,0.17585787859150345,-0.13493530250442917,-0.02223292412616202,0.3499469374053166,-0.03911019592955063,0.3963442909888468,-0.3358014163696936,0.6811087215530031,0.17585787859150345,0.1299656344454897,0.7650218099764728,,,0.02232142790401158,0.0005973874281652465,0.5379908758164916,0.05135985802656695,0.47194482003094074,0.035722207320748926,9.528918052518057e-07,0.27141265271470905,0.4002670045733562,0.8902605151407936,0.024902974168155022,0.8081791668955836,0.010306275191265096,0.03183746677149977,9.528918052518057e-07,0.27141265271470905,41,41,41,41,41,41,41,41,41,41,41,41,41,41,41,41,41,41,41,41
00038666,0.2016279872596077,0.07076098656736715,,,-0.3088364973475111,-0.297754319112161,-0.09276424663349916,-0.3100928433671464,0.24637518176560702,-0.2719205441576335,0.45233966225932315,0.0004186756357361116,0.08288779621792014,0.0747309148703752,0.3224558521007579,-0.07520876177861034,0.2480399834111977,-0.29751202097195684,0.45233966225932315,0.0004186756357361116,0.20617493502274392,0.6602042395106226,,,0.0494504736980161,0.058660009910025145,0.5640353245842529,0.04848447752956207,0.12046379835535587,0.0854560503556165,0.0029851780434882865,0.9979271591929184,0.6064023985305961,0.6423873545281715,0.03976752330782929,0.6402558189781646,0.11789687822485732,0.058875676888040726,0.0029851780434882865,0.9979271591929184,41,41,41,41,41,41,41,41,41,41,41,41,41,41,41,41,41,41,41,41
00038667,0.3192083943486668,0.026502993531361756,,,-0.38141553598806305,-0.4102073434899355,-0.12828488671067623,-0.21934241547390707,0.09538702256326552,-0.3102984413641743,0.7659919603770132,0.1141535382796554,-0.09239962494405421,0.02636996231216397,0.186244007590887,-0.12872330645006344,0.23329031754023993,-0.2812783555528974,0.7659919603770132,0.1141535382796554,0.04192285454457448,0.8693512171370079,,,0.013873004058595845,0.00772760266198153,0.4240978913380781,0.16823748601760402,0.5530193346703232,0.04832785427154044,5.351816133462953e-09,0.4772931014081874,0.5655747822186284,0.8700013844824405,0.24365527627374672,0.42250276222929195,0.14212252161295177,0.07482678846958005,5.351816133462953e-09,0.4772931014081874,41,41,41,41,41,41,41,41,41,41,41,41,41,41,41,41,41,41,41,41
00038671,0.1875814284821893,0.16287971172038723,,,-0.3572863667179554,-0.3045070321495645,-0.1984074956558716,-0.14338250998049898,0.39890540695643106,-0.1406727576403157,0.6375127180046254,0.12902031602145173,0.10680030730775597,-0.027703463236795477,0.3109973324463308,-0.1204188038611604,0.5637636471363305,-0.1264205824463936,0.6375127180046254,0.12902031602145173,0.2402256857773101,0.30891523898050727,,,0.021832155714430566,0.05289880705047401,0.21366650145088142,0.3711416041082824,0.009780967466984473,0.38034377549920617,7.37234915708305e-06,0.42142405640568376,0.506298654431367,0.8634880153469453,0.04779849397690606,0.45328680722426407,0.00012388335779023652,0.4309185730798779,7.37234915708305e-06,0.42142405640568376,41,41,41,41,41,41,41,41,41,41,41,41,41,41,41,41,41,41,41,41
00038674,-0.00241029992775876,0.18215286820516263,,,-0.2334527608240952,-0.2708211421012266,-0.030349528952428532,-0.08194306779349114,0.25297887282322995,-0.27338373711807995,0.7423857363406641,0.23753356268780607,0.11062029747701455,-0.09417118642890487,0.32136693828863305,-0.0736654577482885,0.2154160020621453,-0.2612904581530196,0.7423857363406641,0.23753356268780607,0.9880671478427935,0.25435081020271433,,,0.1418371245918816,0.08677812053712075,0.850590304790536,0.6105256200483894,0.11052421129566992,0.08372083705084177,2.760370102570453e-08,0.13480561588052428,0.4911201435466119,0.5581133810005418,0.04047992935384956,0.6471502304615607,0.17617660053808198,0.09891384718776093,2.760370102570453e-08,0.13480561588052428,41,41,41,41,41,41,41,41,41,41,41,41,41,41,41,41,41,41,41,41
00040617,0.4259826337149409,0.4418253929423323,-0.03310074883774998,,-0.3519368448640061,-0.590324220392655,-0.19354157614478695,-0.08058306164185429,-0.10028924812268164,-0.3199834538562997,-0.16801908592155887,0.26246770234104083,0.049298155747696804,-0.3263028395767323,0.07599031802687632,0.2982020653660756,-0.15620064596628958,-0.057896715660979384,-0.16801908592155887,0.26246770234104083,0.005487480356173177,0.0038275919633600874,0.8372207015396087,,0.024036894076225675,4.853741498563657e-05,0.22534016933860715,0.6164821827465696,0.5327054651309874,0.041400012208332386,0.2936886900012748,0.09734801913003473,0.7595388545098136,0.037332083675567965,0.6367756709625947,0.05826313464617809,0.3294388060903534,0.7191783895202241,0.2936886900012748,0.09734801913003473,41,41,41,41,41,41,41,41,41,41,41,41,41,41,41,41,41,41,41,41
00040620,0.3416500180751183,0.5180412485238053,-0.15684939979608317,,-0.4777579650286523,-0.5179238942633629,-0.24467334912511846,0.06643723824188046,-0.06463180873501641,-0.12363932052950141,0.025814199963603447,0.2185328433458123,-0.02497742245353629,-0.09585995494944966,-0.05391403751132023,-0.3890175432740547,-0.1478348055663536,0.06640817828194086,0.025814199963603447,0.2185328433458123,0.028798771294478376,0.0005219968553464979,0.3274089160501583,,0.001583433361260164,0.0005237927629433183,0.12313103368376177,0.6798216007587616,0.6880760282874081,0.4412067353555566,0.8727184866040189,0.16985291481031695,0.8768121752170688,0.5510438032447986,0.7377865816738447,0.011944210640346679,0.3563132731358119,0.6799541745025671,0.8727184866040189,0.16985291481031695,41,41,41,41,41,41,41,41,41,41,41,41,41,41,41,41,41,41,41,41
00040632,0.28273935529854227,0.5881991526399497,-0.036479501840124065,,-0.5823182135611888,-0.4852346858916199,-0.2924414810921726,-0.258967529899697,-0.18265682767576574,-0.4246839690814162,-0.09652142364450333,0.09787059319259941,0.050016333732592386,-0.26888210369185533,-0.3739261998946423,-0.4260697185234956,-0.269031665814116,-0.3916403859847634,-0.09652142364450333,0.09787059319259941,0.07326533479996233,5.247486224980623e-05,0.8208635588998711,,6.493362215346115e-05,0.0013017667375449862,0.06353579639757764,0.10206010446058877,0.25301661983606477,0.005647747902476211,0.5482863265781339,0.5426824095313018,0.7561419420309489,0.0891484886093135,0.01602532466106145,0.005476875775899271,0.08896389241364243,0.01133406615185034,0.5482863265781339,0.5426824095313018,41,41,41,41,41,41,41,41,41,41,41,41,41,41,41,41,41,41,41,41
00040636,0.17737089636125847,0.2569683744914182,-0.090348622671065,,-0.39199057449349983,-0.42923645829870305,-0.1740474199601012,-0.29332436733524003,-0.04477031515289575,-0.10987543360559049,-0.034417291912544924,0.17735200670715479,0.18627153027853294,-0.05581909738779662,-0.05714059228322838,-0.4247668228912975,-0.173480760383053,-0.14704016253941557,-0.034417291912544924,0.17735200670715479,0.26724467498322363,0.10482861390141107,0.5742701870017817,,0.011254650502681806,0.005103131228123609,0.27645593752398356,0.06270397615127048,0.7810554482898919,0.4940612561837725,0.8308386422327368,0.26729644899389654,0.24358436762901314,0.7288664291221525,0.7226993070901719,0.005637403174905327,0.2780469784712671,0.3589331637619444,0.8308386422327368,0.26729644899389654,41,41,41,41,41,41,41,41,41,41,41,41,41,41,41,41,41,41,41,41
00040714,0.10895670481786579,0.25654335285878294,0.10151200988431003,,-0.2664737992410631,-0.34507442058146115,0.03604301704913124,0.0970146157899979,0.3800656948139906,0.3012326169356167,0.31147556260192777,0.42321316252868585,0.47375374100315115,0.39182639916277806,-0.18861852363489862,-0.17406546510632828,0.16457150610926313,0.00023359248843959034,0.31147556260192777,0.42321316252868585,0.49770131081359015,0.10542451553359862,0.527695756289906,,0.09216192202641688,0.02713379629859268,0.8229726068162334,0.5462346195949255,0.014241722903931263,0.055632931627639125,0.047438974189692264,0.005834142795965491,0.001755412286836422,0.011291822834795151,0.23758883798299538,0.2764053693773073,0.3038485418858061,0.9988434951513638,0.047438974189692264,0.005834142795965491,41,41,41,41,41,41,41,41,41,41,41,41,41,41,41,41,41,41,41,41
00040715,0.19534159189238695,0.142717294153183,0.11576900551215107,,-0.3794712092480435,-0.4137428523944389,0.005494315916394037,0.05570303193241212,0.2869671846259612,0.30606914995948736,0.1870779846957703,0.284571896971728,0.4472275785349901,0.367310606885264,-0.14586433422897505,-0.025098515211190386,0.0423819928632787,0.07892864680666764,0.1870779846957703,0.284571896971728,0.2209718736198363,0.3733882499101624,0.4710400210299339,,0.014406726182791872,0.007166782420502068,0.9728029677240484,0.7294088936004333,0.06889077662099173,0.05163301342635548,0.24151282509639468,0.07134312973281143,0.003371935279079462,0.018154830799194024,0.36283108082548043,0.876219565843209,0.7924712686355198,0.62376100951504,0.24151282509639468,0.07134312973281143,41,41,41,41,41,41,41,41,41,41,41,41,41,41,41,41,41,41,41,41
00044527,-0.31545502283445215,-0.4582875176536015,0.047608848303430575,,-0.15924808976491586,-0.2389316390079827,-0.13763556778900732,-0.27621884725456414,-0.05189315877017243,-0.18702608882972674,-0.021435981168637826,0.023462005352896702,-0.11864631888555899,0.4080200533012537,0.13339085150120733,-0.31556628587793734,-0.01671207595681399,-0.2560095341463817,-0.021435981168637826,0.023462005352896702,0.044531296159139824,0.0025845876649347,0.7675466077592352,,0.31997157775235613,0.13245719164447578,0.3908163775788269,0.08043678112917185,0.7472862457616051,0.24164577034936563,0.8941714831805995,0.8842339036912186,0.46001108706554467,0.008093149130230643,0.4057312098459144,0.044452124572928825,0.9174016076336752,0.10617661064851854,0.8941714831805995,0.8842339036912186,41,41,41,41,41,41,41,41,41,41,41,41,41,41,41,41,41,41,41,41
00044528,0.017767249387691048,-0.2732445703762188,,,,,,,,,,,,,,,,,,,0.9586493529542794,0.41622300937298123,,,,,,,,,,,,,,,,,,,11,11,11,11,11,11,11,11,11,11,11,11,11,11,11,11,11,11,11,11
00044529,-0.3014924037868627,-0.459194495023695,0.05442722607501355,,-0.0527970118208914,-0.3800091762408618,-0.09606168684055028,-0.19941389097715392,0.28087673928762685,-0.10457315463109751,0.21351875581018034,-0.003849532160999869,0.15390077614671177,0.32068471275077226,0.3645656079649774,-0.2790399925326939,0.23103429384193924,-0.19848812403168523,0.21351875581018034,-0.003849532160999869,0.055411961119121694,0.0025278485756975192,0.7353802574843653,,0.7430327951246091,0.014257340784654971,0.5502021455945286,0.21130541783857953,0.07526056234883526,0.5152562092953235,0.18010748816917116,0.9809428919131428,0.3366978240722526,0.04093153793097388,0.019105799172058947,0.07726957059922832,0.14613005262093615,0.21347666969222837,0.18010748816917116,0.9809428919131428,41,41,41,41,41,41,41,41,41,41,41,41,41,41,41,41,41,41,41,41
00044531,-0.3684618998971478,-0.2290388067782987,0.02930263943919783,,-0.08799459517732675,-0.14163711853948008,-0.08534574357176744,-0.025670704053005082,0.10072497658559197,0.0351096392138522,0.0817993763452471,0.15282929948304602,0.03254817014984143,0.14843104949730385,0.3251828272490519,-0.18098631419677055,0.4427341198022474,0.04034110968825662,0.0817993763452471,0.15282929948304602,0.017768004699356136,0.14974349116452898,0.8556887561526514,,0.5843245762640313,0.37705353440353995,0.5957313428303866,0.8734202686586282,0.5309176177426631,0.8274866968271256,0.6111538002803222,0.3401131839989678,0.8399024702601734,0.35435511968019884,0.03802820413051053,0.2574571819173819,0.0037473786031549865,0.8022604713786842,0.6111538002803222,0.3401131839989678,41,41,41,41,41,41,41,41,41,41,41,41,41,41,41,41,41,41,41,41
00044533,-0.48476607253598114,-0.283362820361372,0.00998641056335203,,-0.29485222273778383,-0.2041957308300072,-0.13076399212576295,-0.1625940740507202,0.2110635397462274,0.007190645693864715,0.04991242740956185,0.06535120934625756,0.0734910426687619,0.10883526376928687,0.015005347893952175,-0.09975382731152738,0.38024218929244863,-0.030677465522076074,0.04991242740956185,0.06535120934625756,0.0013180175296945628,0.07260684905126141,0.9505881495979303,,0.06128495343119418,0.200334629731453,0.41512261129484973,0.30977594977527495,0.185286839989717,0.9644108052386163,0.756633130441402,0.6847825812213724,0.6479312430141528,0.4981834913179894,0.9258122703820331,0.5349063635127435,0.014193045165974336,0.8489944463526479,0.756633130441402,0.6847825812213724,41,41,41,41,41,41,41,41,41,41,41,41,41,41,41,41,41,41,41,41
00044575,-0.45479036849634014,-0.18999550237206275,-0.0756681669698581,,-0.23062713652370215,-0.12895054394768896,-0.2224809493334515,-0.08110959368016052,0.41688439557331075,-0.31236555640044317,0.1776095380612374,0.05988618034318129,0.1918582477138354,0.19701307238785143,0.41952812806419026,-0.21083940677156474,0.42987033613862,-0.43050138878947436,0.1776095380612374,0.05988618034318129,0.0028139714264202235,0.23411828494706655,0.6382092321401228,,0.14686207755825603,0.42167732122417606,0.16207957393791128,0.6141731673310781,0.006698258498821212,0.04677571915926585,0.26659116068368954,0.7099418540394348,0.22947857194561752,0.21696806376164465,0.006324708442795806,0.18576487300495167,0.005031040217616083,0.0049601506926472885,0.26659116068368954,0.7099418540394348,41,41,41,41,41,41,41,41,41,41,41,41,41,41,41,41,41,41,41,41
00044578,-0.30775136471934245,-0.08462626139579911,0.04138659385120559,,-0.22316571760194792,-0.45539218632827677,-0.2890867681709656,-0.17709184321067373,0.052497479744926294,-0.030263465147168923,-0.06665776521691275,0.12994156956117894,0.1447599896001379,0.28711502361557245,0.16692427463977785,-0.11416514953656706,-0.01791503569321074,-0.08336941429696437,-0.06665776521691275,0.12994156956117894,0.05029725600189051,0.5988464153588559,0.7972419251740724,,0.16075804452734657,0.0027732694759428824,0.06677663740477777,0.26801019643586854,0.7444415380664442,0.85100922023224,0.6788158501861581,0.4180880590679712,0.36651511785498475,0.06874162410807397,0.2968910293461321,0.4772480018902032,0.9114787662456002,0.6043050157290942,0.6788158501861581,0.4180880590679712,41,41,41,41,41,41,41,41,41,41,41,41,41,41,41,41,41,41,41,41
00044594,-0.4986947068858161,-0.4671105088938107,0.09774017615884792,,-0.2019182217972792,-0.2446281786789013,-0.26416113191190244,-0.35619014881895045,0.25459694366472174,-0.3050802425668822,0.041235265870213,0.07410641132635297,0.3287680911833749,-0.20939073863259913,0.21902214010413418,-0.29574806388069286,0.1164129044842473,-0.09042323329674942,0.041235265870213,0.07410641132635297,0.0009046384833821738,0.0020772892683566437,0.5432229104140884,,0.20550890878406078,0.1232024267843179,0.09512910133327439,0.022269616970773204,0.10818652328406958,0.052431468670741284,0.7979678383994534,0.6451773524589041,0.03583653118962275,0.18887574929102185,0.16887523670190585,0.06046488299713571,0.46855980849765133,0.573952805605293,0.7979678383994534,0.6451773524589041,41,41,41,41,41,41,41,41,41,41,41,41,41,41,41,41,41,41,41,41
00044605,-0.6308706234660858,-0.34961758976510177,-0.008026379617534034,,-0.21352315753202317,-0.22936970727841038,-0.2706731556982982,-0.21734178287110006,0.3050059272684884,-0.16905154009052398,-0.09774788565121686,0.07518456598214772,0.08621800256781705,-0.3004472865837385,0.5148110171065403,-0.10080310883671027,0.41719101741512205,0.3113090559569573,-0.09774788565121686,0.07518456598214772,9.795630232849664e-06,0.025048791918603302,0.9602775600208399,,0.1800982964153835,0.14913980886233225,0.08695728432974917,0.17224983495574306,0.05249187013692229,0.2906892231848076,0.5431909520010694,0.6403636810176323,0.5919643613374416,0.05630521278808635,0.0005734947697101432,0.5305973411512477,0.006653979587621032,0.04756390041853036,0.5431909520010694,0.6403636810176323,41,41,41,41,41,41,41,41,41,41,41,41,41,41,41,41,41,41,41,41
00044677,-0.010367954811186283,-0.15135525047327658,0.1842819742686509,,-0.1956390261759346,-0.34372484534688186,-0.15993686907022112,-0.2975315251114455,-0.08088435873663037,-0.29955051222360635,0.042676445819880726,-0.14101676931618728,0.23736371357777641,0.36248782334119267,-0.17995826589169756,-0.2855429471114284,-0.17955739010682709,-0.3773930571875886,0.042676445819880726,-0.14101676931618728,0.9487027590183211,0.34484648089413283,0.24874613302870666,,0.22025571278323855,0.02778018100065981,0.3178557407072376,0.05885829308921982,0.6151604482281481,0.057080825571398444,0.7910614629607182,0.37916812429438085,0.13509301356557732,0.019853132835058743,0.2602156122254137,0.07034078939826031,0.2612965367511894,0.014996316538459308,0.7910614629607182,0.37916812429438085,41,41,41,41,41,41,41,41,41,41,41,41,41,41,41,41,41,41,41,41
00044679,-0.05036793513729044,0.06266389654724697,0.2212983502679943,,-0.3108019478563082,-0.33042444894216694,-0.30336314805984876,-0.38070768964159146,0.1362775521951858,-0.3252748181854853,0.10189098655939471,-0.22606182698431923,0.1259757919899666,0.1347255392985095,-0.18891625989653782,-0.4344600368718381,0.13308588579243313,-0.37524009344930437,0.10189098655939471,-0.22606182698431923,0.754480546904544,0.6971141495699475,0.16438038449060002,,0.047946010155696675,0.034859542598505384,0.05384141027394818,0.01406533467174361,0.39555289165618573,0.037970632222352814,0.5261477720492411,0.1552553249007521,0.4325548537157474,0.4010066335401119,0.23683547771013963,0.004534933609556838,0.4068152048091481,0.015628538737663067,0.5261477720492411,0.1552553249007521,41,41,41,41,41,41,41,41,41,41,41,41,41,41,41,41,41,41,41,41
00044680,-0.06105063310438083,-0.02479215417732289,0.1061301138120353,,-0.19234356510547135,-0.2899235632531866,-0.16281605049057143,-0.33567692972965124,0.07924806943432124,-0.32498944882730024,0.22371629635583695,-0.16521176343860905,-0.042444536473849714,0.264720493158028,0.11962548631781088,-0.37122059045116895,0.14720399901359374,-0.38289795791103237,0.22371629635583695,-0.16521176343860905,0.7082378834034184,0.8793048878440562,0.5145392636304107,,0.2344181743993127,0.06957146465351098,0.31547288253426586,0.03421233456164111,0.6269096157182544,0.04074153752678133,0.16522823477203055,0.3083074975089421,0.7948270318954869,0.09879026077643274,0.462197409585287,0.018357939910381763,0.36470857160371567,0.014743940364614874,0.16522823477203055,0.3083074975089421,40,40,40,40,40,40,40,40,40,40,40,40,40,40,40,40,40,40,40,40
00044690,-0.06984409700381396,-0.07903699099795991,0.15982549595412904,,-0.12210882018927746,-0.2173531041168234,-0.2852799579181735,-0.274835279572781,-0.08978631735957243,-0.19543096021769535,-0.039267712574132474,-0.08364727668209004,0.0003117670635852726,0.20344786788514016,-0.23610148673808903,-0.36178612693413886,-0.10371591791679301,-0.25105255020826633,-0.039267712574132474,-0.08364727668209004,0.6643461146297877,0.6232832424732337,0.3181972653767067,,0.44692536509070185,0.17222693794764332,0.07061115021306916,0.08202664836557004,0.5766647062073235,0.22075652463545076,0.8074211714696344,0.6030963873268976,0.9984564571048625,0.2020235219595273,0.13724306586337953,0.020110991360167443,0.5187249422421338,0.1133569929736964,0.8074211714696344,0.6030963873268976,41,41,41,41,41,41,41,41,41,41,41,41,41,41,41,41,41,41,41,41
00044696,-0.20806354716686307,-0.03785832220456874,0.04484528095934494,,-0.376656561938474,-0.31160564659151785,-0.32605663497605936,-0.4343963724087454,-0.35463242870610523,-0.1798235167260552,0.0202074490207727,-0.22187718693357597,-0.17836617615679923,-0.017513072764753043,0.020666999880968415,-0.17506522878473627,-0.32916586466841125,-0.18625504689071837,0.0202074490207727,-0.22187718693357597,0.19762932939580397,0.816594285050633,0.78349227511056,,0.01659242993954514,0.050310647192877735,0.04004715806220458,0.005097757373757952,0.024748606237692032,0.26686081409238743,0.9015029209880888,0.16882228626843226,0.27082074167775905,0.9145841146541634,0.8992742671220918,0.279932436206389,0.03807884532225522,0.24984313221965546,0.9015029209880888,0.16882228626843226,40,40,40,40,40,40,40,40,40,40,40,40,40,40,40,40,40,40,40,40
00044702,-0.06284837061468015,-0.07502437296379615,0.05868120415719272,,-0.2988568131796863,-0.15571070837300838,-0.33217755274074573,-0.3412699773603776,-0.14522392437462875,0.0042116683409801,-0.09703481593447255,-0.03207671390162678,-0.07464944230849989,0.08254760393755346,-0.012091948592126839,-0.05786759729796831,-0.13337708051675207,-0.02300629517691538,-0.09703481593447255,-0.03207671390162678,0.7000411474820666,0.6454452109909306,0.7190908505296676,,0.06103165914854167,0.3373360743559365,0.03624826859242601,0.031153694105085204,0.3712658141677079,0.9794229585135387,0.551409080389268,0.8442279497766225,0.6471010630128233,0.6125846375018362,0.9409676061162883,0.7228302099729123,0.41194424895493,0.8879417066988665,0.551409080389268,0.8442279497766225,40,40,40,40,40,40,40,40,40,40,40,40,40,40,40,40,40,40,40,40
