zettaicode,Summer_1_COD2,Summer_2_COD2,Summer_1_DOC2,Summer_2_DOC2,Summer_1_TN2,Summer_2_TN2,Summer_1_TP2,Summer_2_TP2,Summer_1_DIN2,Summer_2_DIN2,Summer_1_DIP2,Summer_2_DIP2,Summer_1_NH4N2,Summer_2_NH4N2,Summer_1_NO2N2,Summer_2_NO2N2,Summer_1_NO3N2,Summer_2_NO3N2,Summer_1_PO4P2,Summer_2_PO4P2,Summer_1_COD2_pval,Summer_2_COD2_pval,Summer_1_DOC2_pval,Summer_2_DOC2_pval,Summer_1_TN2_pval,Summer_2_TN2_pval,Summer_1_TP2_pval,Summer_2_TP2_pval,Summer_1_DIN2_pval,Summer_2_DIN2_pval,Summer_1_DIP2_pval,Summer_2_DIP2_pval,Summer_1_NH4N2_pval,Summer_2_NH4N2_pval,Summer_1_NO2N2_pval,Summer_2_NO2N2_pval,Summer_1_NO3N2_pval,Summer_2_NO3N2_pval,Summer_1_PO4P2_pval,Summer_2_PO4P2_pval,Summer_1_COD2_n,Summer_2_COD2_n,Summer_1_DOC2_n,Summer_2_DOC2_n,Summer_1_TN2_n,Summer_2_TN2_n,Summer_1_TP2_n,Summer_2_TP2_n,Summer_1_DIN2_n,Summer_2_DIN2_n,Summer_1_DIP2_n,Summer_2_DIP2_n,Summer_1_NH4N2_n,Summer_2_NH4N2_n,Summer_1_NO2N2_n,Summer_2_NO2N2_n,Summer_1_NO3N2_n,Summer_2_NO3N2_n,Summer_1_PO4P2_n,Summer_2_PO4P2_n
00000122,-0.023642841699232656,-0.017419557655411762,0.07360691440410319,-0.10592575323694702,-0.06423487149504369,-0.17127850500325525,-0.10513735879847697,-0.14996111398400488,-0.07187310908545604,-0.0639357620918372,0.14057533507557324,0.17704392845933486,-0.024635587698747585,0.03550890663073414,-0.09665075379273737,-0.15352065908544033,-0.13945085319428044,-0.1905509088777,0.14057533507557324,0.17704392845933486,0.8848617058725451,0.9150385494361091,0.6517141078852839,0.5153539545693837,0.6937422067910658,0.2906284767419242,0.5185029301789572,0.3556946377399082,0.659414302490585,0.6950993754044723,0.38693361083516636,0.2744468670621123,0.880061542455192,0.8277990994628279,0.5529929364687188,0.34425881150791127,0.3907809227089681,0.2388908755471546,0.38693361083516636,0.2744468670621123,40,40,40,40,40,40,40,40,40,40,40,40,40,40,40,40,40,40,40,40
00000124,-0.1799384531195048,-0.11098842315479276,0.13389098057814225,-0.14900976370984143,-0.0225003778691151,-0.10503561474510903,-0.0005444432646773134,-0.004021601074065517,0.00813547249672733,-0.0006447458823313768,0.23687795452444171,0.2502531555562118,0.05232550376724551,0.08816162589631256,-0.021354917243542763,-0.04924467606114822,-0.04591136834639545,-0.13268891180247522,0.23687795452444171,0.2502531555562118,0.2665501407007871,0.4953624721811679,0.4101287739956753,0.3587895575235164,0.8903908048223759,0.5189100066840402,0.9973397230845913,0.9803513899061085,0.9602638918615969,0.9968496233293177,0.14110756200394203,0.11936370194157558,0.748467040047169,0.5885369755529122,0.8959395487257248,0.7628367798011984,0.7784728592130034,0.4143825204814259,0.14110756200394203,0.11936370194157558,40,40,40,40,40,40,40,40,40,40,40,40,40,40,40,40,40,40,40,40
00000125,-0.3381869181237147,-0.15654957768955985,-0.23587718992768825,0.13444526597713452,-0.2908379416974079,-0.15311481830230023,-0.2840555637451511,0.08078895400578359,-0.15821468810041345,0.13689129393124083,0.033972902306821734,0.31747205988916294,-0.24904827265306131,0.017672986931634264,0.22140772061534983,0.238947867624798,0.08896833658318824,0.16790555249639455,0.033972902306821734,0.31747205988916294,0.03281056812122275,0.3347073272846672,0.1428447383492758,0.408175754893771,0.06865633849148292,0.34555116239983824,0.07567514272013647,0.6202026040007868,0.32952706623035055,0.39962095184446,0.8351429751203001,0.04591494258008875,0.12121237101571164,0.9138070771726691,0.16974868545938246,0.13756404341003894,0.5851161278037785,0.3003750428184982,0.8351429751203001,0.04591494258008875,40,40,40,40,40,40,40,40,40,40,40,40,40,40,40,40,40,40,40,40
00000128,0.012723098818077691,-0.10054436720050497,0.18082310986075997,0.11995294288079224,-0.07466719051530823,-0.12960019823123753,-0.08967758081091881,0.01961678163904368,0.07229706489419244,0.10793175233369527,0.14667049892805636,0.2959119058688551,0.12192310682586359,0.11361208889299906,0.08013241101476919,0.21329043357635533,0.005942425726428016,0.03144635778474886,0.14667049892805636,0.2959119058688551,0.9378921896681717,0.5370358483836314,0.2641669072204075,0.46096390138909665,0.6470226415372233,0.4254266507159281,0.5821159336095553,0.9043685346472387,0.6575281845239143,0.507384876568207,0.36646844282858565,0.06374945821604619,0.45357983118369394,0.48516089555483205,0.6230566753062382,0.18634894846634584,0.9709700196485602,0.8472525687670492,0.36646844282858565,0.06374945821604619,40,40,40,40,40,40,40,40,40,40,40,40,40,40,40,40,40,40,40,40
00000129,-0.07520459893327575,-0.14891780694482232,0.15753132528036448,-0.0430212246411838,0.003692073052757261,-0.284665108139482,0.016822693454747656,-0.09708487473754307,0.13611314502132094,0.058473685673923304,0.31339827682723703,0.2781056144253571,0.06530473665486967,0.026667084872159463,0.18684296057022398,0.1677622935735388,0.14748182914745106,0.03331296325470095,0.31339827682723703,0.2781056144253571,0.6446498564251312,0.35908956877228243,0.3316469869209045,0.7921003930960377,0.9819611122928956,0.07502224666728322,0.9179396210242976,0.5512027977871246,0.40233117348334957,0.7200440021392216,0.04893293797742417,0.08228445291012243,0.6888955771139186,0.8702521259665366,0.24832469812711258,0.3007935822381934,0.3637940964606739,0.8383025273976247,0.04893293797742417,0.08228445291012243,40,40,40,40,40,40,40,40,40,40,40,40,40,40,40,40,40,40,40,40
00000236,-0.2956815460576924,-0.14507258399277057,-0.18335956425643057,,0.04380612731489179,-0.019260665069765082,-0.13672900712850922,0.17542952961810462,0.20424515338209015,0.0662081448626858,0.005587545362418202,-0.011419410994864005,0.09104523956063379,0.2027543443016993,0.18770083997189235,0.20835717408551235,0.2182842948660555,-0.16658287015768058,0.005587545362418202,-0.011419410994864005,0.06052547278033271,0.3654700518917823,0.2511640173204153,,0.7856588108744768,0.9048590931136826,0.3939746128545224,0.2726003727563818,0.2002233691774454,0.6808669999546882,0.9723416552991889,0.9435084755128916,0.5713100055299687,0.20359858924605623,0.23992107292090714,0.1911176727726253,0.1703511053245306,0.29789421437708363,0.9723416552991889,0.9435084755128916,41,41,41,41,41,41,41,41,41,41,41,41,41,41,41,41,41,41,41,41
00000244,-0.08196502858162404,-0.18977700086145047,-0.41591650469848906,-0.18450193056482656,-0.09793110679778999,-0.10303504243614783,-0.409260731677398,-0.18784675092223438,0.013441450403523778,0.07146129611554364,-0.017068239418244393,-0.21312068916861698,-0.009604821984655697,0.04753535009630543,0.2194978598501181,0.10568574920551685,0.009335538850051754,0.022302605115674744,-0.017068239418244393,-0.21312068916861698,0.6104296376671696,0.23466668185139575,0.006839703798028562,0.24817188605650534,0.5424317042038694,0.5214882809335815,0.007884020455518243,0.23954921653235878,0.9335260959362777,0.6570474408546123,0.9156475428208894,0.1809401232391918,0.9524740251298621,0.7678955568496939,0.16792858323902043,0.5107715189120472,0.9538050226313334,0.8899186788707372,0.9156475428208894,0.1809401232391918,41,41,41,41,41,41,41,41,41,41,41,41,41,41,41,41,41,41,41,41
00000248,-0.0919128590233199,0.2354595858232242,-0.45535590856002905,,0.06314518241332241,0.039422202013923276,-0.16821968048173352,-0.17397641131685096,0.1334194499239606,0.03181439655385242,-0.039721938510977224,-0.15139984660288092,0.08433223550311944,0.02772410948756419,0.16074973103152956,0.07073276266684865,0.12117017100087626,0.010361814202921846,-0.039721938510977224,-0.15139984660288092,0.5676329588354054,0.13834614525464625,0.002775708291961059,,0.6948998494715183,0.8066779121804133,0.2931043706872934,0.2766549848083371,0.40562964238592614,0.8434663693287315,0.8052363382945461,0.34470268947520466,0.6001214702532578,0.8633872394509782,0.3153701006146501,0.6603315873003031,0.45045251951265386,0.9487331005101118,0.8052363382945461,0.34470268947520466,41,41,41,41,41,41,41,41,41,41,41,41,41,41,41,41,41,41,41,41
00000272,0.08777985706363406,0.03548083341395844,0.041585859158690563,-0.24814960057830412,0.14466001360806865,0.022463604124353168,0.03887875319367584,0.17287589414757304,0.11689974987956156,-0.27683773857959537,-0.04002850908802548,0.21015968653913028,0.12627299151806926,-0.043959821575782064,0.04017146563432,-0.42458802584312944,0.010836653424346256,-0.10204678605468862,-0.04002850908802548,0.21015968653913028,0.5852456566295839,0.8256908278780978,0.7962863159316382,0.11772932044446716,0.36684973528746906,0.8891289361682746,0.8092932203271084,0.2797518903436329,0.4666891671144313,0.07973344068390713,0.8037625539652498,0.18721994306436085,0.4314611429133965,0.7849245347790887,0.8030755442123155,0.0056597474609829754,0.9463870762766424,0.5255120342735168,0.8037625539652498,0.18721994306436085,41,41,41,41,41,41,41,41,41,41,41,41,41,41,41,41,41,41,41,41
00000275,-0.05101751024630408,-0.3384009778591935,0.05404225280792246,,-0.026688651351415543,-0.15327319409904316,0.11208089958067717,-0.12757816700072827,-0.09667932275976422,-0.36385539664071026,0.08593822964993472,-0.03585412586593645,-0.04904367581782215,-0.3448815918817332,-0.15438283709881886,-0.15995023951488663,-0.15580083278910847,0.16431951181898694,0.08593822964993472,-0.03585412586593645,0.751414034438339,0.030455748168912486,0.7371851519300336,,0.8684439882382683,0.3386956782540912,0.485379265250504,0.42667630296220216,0.5476290594762279,0.019358543069160256,0.5931714577169256,0.8238856908839974,0.760743594113198,0.02722538148107042,0.33516818056835274,0.3178147558824322,0.33069367718026793,0.30459984894557973,0.5931714577169256,0.8238856908839974,41,41,41,41,41,41,41,41,41,41,41,41,41,41,41,41,41,41,41,41
00001210,-0.0223656461023796,-0.10683438367345617,0.25519450911246955,0.15042195153600676,-0.003641869859801347,-0.22597867668266142,-0.04134438533225478,0.07175031170328924,0.08633855444331764,0.1801726440872859,0.27180150208985043,0.3271847014171956,0.055067485704014506,-0.027668388314677814,0.09754621742080549,0.28503206064323916,0.07928932299106614,0.22181718259748706,0.27180150208985043,0.3271847014171956,0.891043198904728,0.5117365976708975,0.11200332887081467,0.3542012768213189,0.982206357884285,0.16088324659446918,0.8000353085143429,0.6599609993467613,0.5963001543014829,0.2659178613160847,0.08976842623136978,0.03932367185649816,0.7357477502304686,0.8654241167444889,0.5493034108625107,0.07463132999848876,0.6267296618450212,0.16894048961292812,0.08976842623136978,0.03932367185649816,40,40,40,40,40,40,40,40,40,40,40,40,40,40,40,40,40,40,40,40
00001212,-0.134954417168516,-0.27312581147216036,0.10708239807322512,-0.1473078653655026,-0.20107673508140078,-0.13812062506741035,-0.2376370260163787,-0.0595476961527239,-0.03741918426158596,0.06208927647569819,0.24302225690363916,0.3866147986562291,0.15017639322349502,0.2571301636410166,-0.08280533886699633,0.004735094762980674,-0.09453072080194792,-0.13621554005993014,0.24302225690363916,0.3866147986562291,0.4063864609854828,0.0881541865612118,0.5107514401051817,0.36436653529946367,0.2134447899560909,0.39536085346034233,0.13980035954607836,0.7151155170214003,0.8186859561703547,0.7034981902216069,0.13078210438571025,0.013728230480044698,0.3549965436993045,0.10921568528131287,0.611471547176952,0.9768662923881184,0.5617741783858456,0.4019739376799175,0.13078210438571025,0.013728230480044698,40,40,40,40,40,40,40,40,40,40,40,40,40,40,40,40,40,40,40,40
00001214,0.0654844754042285,-0.044365216913952475,0.1256083632594915,0.09060681709608936,0.024492191425906286,-0.008273930525038782,0.03987506368835557,-0.27370075340934746,0.08707502489124286,0.049077851464400996,0.23860155465870603,0.01734179498936189,0.032841787772179665,0.03644036319090025,0.31699126624553914,0.24159160318042483,0.1494152103292522,-0.004249899675025658,0.23860155465870603,0.01734179498936189,0.6880825319526943,0.785755381722612,0.4399413253870623,0.5781956193867644,0.8807546403439096,0.9595881717218822,0.8070045898089522,0.08746040568894008,0.5931586546176487,0.7636171831109921,0.13815226846975864,0.91541645584556,0.8405598822897615,0.8233526480482358,0.04626309850661026,0.133134504108376,0.35746858243114343,0.9792362111354469,0.13815226846975864,0.91541645584556,40,40,40,40,40,40,40,40,40,40,40,40,40,40,40,40,40,40,40,40
00001215,-0.04009191158892277,-0.016069626460685903,0.13505346987818606,-0.054387491545229816,0.03787286947317626,-0.011395429317431593,0.024452186286496078,-0.025298142372465866,0.0992592046867651,0.0760665183830733,0.27978980260626374,0.148206965764521,-0.028191857283549206,-0.03477015183196606,0.2315802398569334,0.2320516764404099,0.16689068053441344,0.11777047909204288,0.27978980260626374,0.148206965764521,0.8059750981680472,0.9216014120542525,0.40603888616217654,0.7388957245782789,0.8165250158889646,0.9443625267194227,0.8809480186206079,0.8768602743994702,0.542278136108492,0.6408515312366249,0.08036966251851692,0.36141380935093614,0.8629020001182647,0.8313294375721271,0.15048287822769268,0.14963056674746933,0.30334808465429386,0.46921837074235645,0.08036966251851692,0.36141380935093614,40,40,40,40,40,40,40,40,40,40,40,40,40,40,40,40,40,40,40,40
00001222,-0.12944038857443835,-0.09108016691211632,0.08031531447373552,0.14924108898436306,-0.03507848684565534,-0.09000762076806312,-0.055542273430241054,-0.0632844313748111,0.1009924347919953,-0.058712656490203005,0.3102361396880953,0.12626619474192954,-0.03713108015178407,0.12226698196450818,0.21288250835249817,0.22439818487154925,0.15890439332821216,-0.15518113531234312,0.3102361396880953,0.12626619474192954,0.4260025232975021,0.5762032179829456,0.6222610232709945,0.3580355221648463,0.8298555745268309,0.5807221781788005,0.7335522804116427,0.6980579425809531,0.5352139100156142,0.7189464236022266,0.051384050664408064,0.43753079922769905,0.8200589076928415,0.45229760589644064,0.18721251042340517,0.16390981399833518,0.32739603438201925,0.3390021258394993,0.051384050664408064,0.43753079922769905,40,40,40,40,40,40,40,40,40,40,40,40,40,40,40,40,40,40,40,40
00001230,-0.11091209563348163,0.057831694047064,0.14212017433759255,0.15707369216567005,0.08035781011906168,-0.1274313348513181,0.003927062437189349,-0.16094976965480765,0.27801701367532555,0.08943068086300399,0.2951395903140182,0.09422048465625492,0.2690488202826631,0.15060927982433028,0.3237865584670475,0.2687561032126028,0.2416586290528792,0.007375988406095938,0.2951395903140182,0.09422048465625492,0.495660892426284,0.7229953695092528,0.38168441014809384,0.3330713710723575,0.6220762226901604,0.4332792751298368,0.9808131972567011,0.32112692245194857,0.0823861593535355,0.5831595692517245,0.06447786142623865,0.5630645911078507,0.09319674171928496,0.35359532113811604,0.04153592214083883,0.09356715559276964,0.13302359755273174,0.9639708959007831,0.06447786142623865,0.5630645911078507,40,40,40,40,40,40,40,40,40,40,40,40,40,40,40,40,40,40,40,40
00001235,-0.16138931989824704,0.07450148483807914,0.15829369373509986,0.15024361796581612,0.09040207509511383,0.027755943834653324,0.06744707246630816,-0.00709005595058701,0.23366385198620057,0.07404969738039416,0.4040719301007385,0.21379003591739132,0.2630067565341222,0.239719532106035,0.3155276642494907,-0.004135337580369561,0.15904552390269774,-0.03592818203647816,0.4040719301007385,0.21379003591739132,0.31978958693446274,0.647754967945168,0.32928252041826306,0.35477872171244573,0.5790583720110493,0.8650021747004544,0.6792274414550213,0.9653667158599207,0.14674262352553363,0.6497532770535365,0.009713916580254984,0.18529516358041373,0.10107467636843864,0.13626001283995265,0.047336082669049234,0.9797958121739547,0.32696103391024506,0.8257969593140898,0.009713916580254984,0.18529516358041373,40,40,40,40,40,40,40,40,40,40,40,40,40,40,40,40,40,40,40,40
00001238,0.11275433248281391,0.06917559350380614,0.18943637187946433,0.1604632861618159,0.12544796893718269,-0.043602455853689506,0.12602600390271504,0.07782526147186258,0.13406811657240592,0.09967458189012943,0.3093163432901068,0.2642511308035641,0.015673907789578785,0.028524476596190146,0.3808788397439213,0.31795487331513,0.12157076991252339,0.10179967273649256,0.3093163432901068,0.2642511308035641,0.48848403576469984,0.6714634743814597,0.24170060789793724,0.32261113459837687,0.4405301737226871,0.789354742034193,0.4384100962451029,0.6331290909241152,0.40950405823166197,0.5405811015143376,0.052115247849194364,0.09941195060253345,0.9235262399401941,0.861300107904887,0.015321862392173697,0.04556745850066307,0.45489564750645795,0.5319390755269914,0.052115247849194364,0.09941195060253345,40,40,40,40,40,40,40,40,40,40,40,40,40,40,40,40,40,40,40,40
00001251,-0.12337805381982919,-0.10181229897940622,0.11303102936885248,0.032613121239028604,0.05069299299292723,-0.04770757649113817,-0.028821718596048318,-0.02113649528936057,0.17469654694180828,0.10164291501870654,0.4102587731192745,0.24466169342170613,0.17888509330852198,0.12404228066537387,0.16816896152285088,0.1014027725775999,0.1431097369628064,0.015439358535321121,0.4102587731192745,0.24466169342170613,0.4481681642767248,0.5318879304025469,0.48741076498052066,0.8416558558382835,0.7560713710912187,0.7700359726163468,0.8598690556333458,0.8969981730689377,0.2809623846594113,0.5325742531340261,0.008556118222431994,0.12812461421203244,0.26940631797312303,0.44570933275839314,0.29960645062186525,0.5335480172029001,0.37834413206486756,0.9246673221247219,0.008556118222431994,0.12812461421203244,40,40,40,40,40,40,40,40,40,40,40,40,40,40,40,40,40,40,40,40
00001311,-0.12312313801088655,-0.02010322292351771,0.021583932870835473,0.05447088344401199,-0.13131852100052135,0.01597374618347954,-0.09251790786514352,0.10942835923489823,-0.031051056499464935,0.0840009366111599,0.017932384571553522,0.16262267872212843,-0.08821576616834725,0.04759305296546783,0.2199228331654003,0.22209000960687048,0.17430800972989335,0.030602402436007793,0.017932384571553522,0.16262267872212843,0.4491137702451086,0.9020084838122978,0.8948297710976171,0.7385094417199032,0.4192623186534966,0.9220677463420404,0.5701706998561089,0.5014801563335142,0.8491504364743678,0.6063193609053126,0.9125468089317376,0.3160557840716039,0.5883071169832773,0.7705731279812126,0.1727028913224242,0.16840352429690317,0.2820504700539777,0.8513054711082885,0.9125468089317376,0.3160557840716039,40,40,40,40,40,40,40,40,40,40,40,40,40,40,40,40,40,40,40,40
00001313,-0.16223073059076829,-0.10709398675130331,0.13150033140741169,0.07287244902551708,-0.07383872401813356,-0.06038385350124159,0.056096303650930074,0.04651499246672573,0.049473919264363335,0.12808828172268474,0.16739342117387412,0.09505516741724379,0.14517267539239534,0.12768105254581005,-0.0704688191209941,-0.21342018781068817,-0.0758527832397811,0.09699352501978102,0.16739342117387412,0.09505516741724379,0.3172393563669091,0.5107054310818424,0.41861305363782975,0.6549717304312112,0.6506872671920843,0.7112863725639975,0.7309930278362827,0.7756347544683462,0.761764760554598,0.43089226728221713,0.30187298042434446,0.55959589331321,0.3714364575800567,0.4323710654121761,0.6656765909238087,0.18607485699509674,0.6417925872561034,0.5515792596362181,0.30187298042434446,0.55959589331321,40,40,40,40,40,40,40,40,40,40,40,40,40,40,40,40,40,40,40,40
00001318,-0.1999474148956618,0.13407174913658815,0.11441954419178099,-0.18949548866333082,-0.04268983711668878,0.024828189135862752,0.009525291563109654,-0.04655930642238157,0.13105622441981604,0.04646600216009057,0.15609839042816648,0.04587407724886902,0.18846740822700228,-0.020873898189619433,-0.01958405370511207,0.05376804175090788,0.059663922490913124,0.09243774279034689,0.15609839042816648,0.04587407724886902,0.21608114800824035,0.4094912527448748,0.48204340529474393,0.24155101710697008,0.7936669300665121,0.8791307530182868,0.9534824441709052,0.7754265130227256,0.42020000957272785,0.7758649891840532,0.3361196243657313,0.7786482870245057,0.24416142199591404,0.898271133700351,0.9045273490108254,0.741767076548182,0.7145828493189148,0.5705062967696806,0.3361196243657313,0.7786482870245057,40,40,40,40,40,40,40,40,40,40,40,40,40,40,40,40,40,40,40,40
00001320,0.040856603705804156,-0.1448189255084979,0.09612753184118725,0.056928897747437444,-0.029177418695798735,-0.2473641976893815,-0.11843686972073139,-0.25070066933671525,0.12820949537187337,-0.2254489509432597,-0.06705431345073906,-0.18319999913326396,0.12983517260724464,-0.2549648807004806,-0.1566410469435229,-0.3300902030797645,0.04700137942261978,-0.06440071963651876,-0.06705431345073906,-0.18319999913326396,0.8023472867076483,0.37261560966252616,0.5551541208625723,0.7271524015457632,0.8581571415079341,0.12383218250793607,0.46668967452886734,0.11868250286801274,0.4304526407167425,0.1618930966105011,0.680996189267358,0.2578336867727409,0.4245807156640197,0.11233757066070385,0.3344214602912142,0.037509158607331214,0.7733499614056982,0.6929900990391159,0.680996189267358,0.2578336867727409,40,40,40,40,40,40,40,40,40,40,40,40,40,40,40,40,40,40,40,40
00001323,-0.03883884512578767,0.034713751136203765,0.05318906203117375,,-0.02941578980678923,-0.07182092040518834,-0.0018129829112501702,0.05170252241349117,0.14410438483641597,-0.020360298725053665,0.11722150947451346,0.12319910677431449,0.19400445751097964,0.0006847990410388596,0.12762067808321034,-0.0651590923586482,0.019563369587995694,-0.014822165580430778,0.11722150947451346,0.12319910677431449,0.8144062350298548,0.8360849918859152,0.7477662264453059,,0.8589090627160301,0.6682882694698364,0.9912603861973799,0.7578728884317945,0.38144723882341636,0.9034303728578433,0.4772785486040663,0.46118620510235186,0.23664150200657763,0.9967443496614674,0.4387922822687668,0.6975251882336351,0.9059017207487916,0.9296203689508771,0.4772785486040663,0.46118620510235186,39,38,39,38,39,38,39,38,39,38,39,38,39,38,39,38,39,38,39,38
00001326,0.07412257198334968,0.16452335723593622,0.010583136659291698,-0.2011349626372983,0.07218293561392947,0.08299433461737868,0.11515136473694748,0.11180335534153325,0.17775053820862247,-0.09129691082493241,0.10320475345911237,0.1629004169013551,-0.09565478246910211,0.10727935845737958,0.28316202830333953,0.10584523527978032,0.24855655412886588,-0.23059789989739413,0.10320475345911237,0.1629004169013551,0.6494307800006301,0.3168940694909496,0.9483229625445304,0.21951650098853848,0.6580357238949978,0.615453421722,0.47922699175952366,0.4980098649825814,0.27250512368884544,0.580430831227132,0.5262622330116175,0.321757398555845,0.5571102267537685,0.5156650852665553,0.07664026116583159,0.5213261096235476,0.1219729673138298,0.15784793588605656,0.5262622330116175,0.321757398555845,40,39,40,39,40,39,40,39,40,39,40,39,40,39,40,39,40,39,40,39
00001352,0.02020272325294646,0.2382824942769305,0.046102076404174006,-0.003223495949559379,0.14547966041668703,0.13297665534102002,0.18046071600585128,0.002965107471209205,0.21325093734592113,0.10405481982073003,0.1890894693528978,0.0582290789730634,0.11247249490943582,-3.1240889832608726e-05,0.21268694848912653,0.27784997954578466,0.23512701578639922,0.057377736910755456,0.1890894693528978,0.0582290789730634,0.9015258431375774,0.13869584871763332,0.7775758844358742,0.9842502000500636,0.37041498951769103,0.4133620124649414,0.26514147212661815,0.985512531030688,0.18643243670699344,0.5228422617544399,0.24257968088574847,0.7211680398627244,0.48957850251157664,0.9998473494471234,0.18762750734368522,0.08257816693902163,0.14415722102260511,0.7250846964710969,0.24257968088574847,0.7211680398627244,40,40,40,40,40,40,40,40,40,40,40,40,40,40,40,40,40,40,40,40
00001427,-0.04149351318924881,-0.18752890853734758,0.25023015417754774,0.08993881952483015,0.26899011523050886,0.019954868906179812,0.20965295079074417,-0.19737367166307798,0.239080341330871,-0.005145887623034001,0.33000538888312037,-0.11326164442512797,0.29865155976687624,0.12880723313292652,0.44289841605370495,0.15377874194754496,-0.0004344084550382474,-0.1854533116456577,0.33000538888312037,-0.11326164442512797,0.8216050941097968,0.3040571248955403,0.16719034575359198,0.6244714974318977,0.13656826803176997,0.9136773843294625,0.24946658099100721,0.27890244689264376,0.1875567228510173,0.9777008211938653,0.0650989141320801,0.5370996428768314,0.09684378612802452,0.48231175278693694,0.011130603077810084,0.40073515497864826,0.9981173043268571,0.3095373726291157,0.0650989141320801,0.5370996428768314,32,32,32,32,32,32,32,32,32,32,32,32,32,32,32,32,32,32,32,32
00001431,0.025832011133169228,0.18259613049579076,0.2824585601443952,0.15019974204324105,0.14055269089496936,0.15561094422858474,0.12674868546644288,0.027486609756794525,0.22903251157323143,0.1884791393098854,0.38753469051170786,0.028259395389214143,0.23421068048977797,0.3195456437060108,0.28073200819708,0.3023381452746043,0.10229171760328062,-0.013229859374576054,0.38753469051170786,0.028259395389214143,0.8865307515867503,0.3091188304137362,0.1112362693308588,0.40410595136030936,0.4352932944892894,0.38718485669372477,0.4821283090952893,0.879314142027308,0.199813616572206,0.2935189867177669,0.02586279818601673,0.8759468281909555,0.18955559274216574,0.06987349305954603,0.1135326407456961,0.08724475658376027,0.571086014778919,0.9417485056250259,0.02586279818601673,0.8759468281909555,33,33,33,33,33,33,33,33,33,33,33,33,33,33,33,33,33,33,33,33
00001432,-0.07653046300421802,0.020793153424158117,0.21175581508085026,-0.3140426536451459,0.06694720803931167,-0.29598359644497,-0.08784276587639558,-0.3471700253791419,0.17974279410437016,-0.2075643810512538,0.10095239646289395,-0.27365532755314026,0.16250516640789087,-0.10278808964657478,0.21162656837210347,-0.15894725208336133,0.1536523950881126,-0.07122643192346127,0.10095239646289395,-0.27365532755314026,0.6720732970114383,0.908560764456615,0.23680346433474675,0.07510661255850981,0.7112563411490027,0.09443627850476856,0.6268944780077841,0.04776024931970141,0.316869018534647,0.24642854616576776,0.5761633154375241,0.123316843985881,0.3662326763425189,0.5692094498617322,0.23709643181877332,0.3769601570473824,0.3932613046807276,0.6936630542091325,0.5761633154375241,0.123316843985881,33,33,33,33,33,33,33,33,33,33,33,33,33,33,33,33,33,33,33,33
00001434,-0.22446098810281487,-0.2421209940723278,0.215960595256606,0.11892198973912489,0.09353780667485671,0.05615203947756495,0.009165919430067879,0.047015118753202696,0.19713527183371493,-0.13298977989059968,0.10402389644098889,-0.027613666641345843,0.30172009093011515,-0.01845733824892251,0.19596958065753095,0.14522290363826484,0.026041953578131147,-0.133667615620566,0.10402389644098889,-0.027613666641345843,0.20918485890814967,0.17460687895817562,0.2274048563308635,0.5097937658695292,0.6046308898242734,0.7562749304715164,0.9596244132479786,0.795009587423838,0.2714956073489696,0.46063748856195863,0.5645496087230706,0.8787603638626276,0.0879251924639601,0.9187967324422031,0.27439693785674946,0.4200334830261113,0.8856145699167033,0.4583344943142021,0.5645496087230706,0.8787603638626276,33,33,33,33,33,33,33,33,33,33,33,33,33,33,33,33,33,33,33,33
00001439,-0.06085369560865804,-0.013922267732623134,0.10579080285497773,0.15054884603855162,0.12494394596563248,-0.05473261015877711,0.029551481171333483,-0.3338243317307353,0.08189990265934514,-0.17835131704468524,0.11184771099639014,-0.3291186097645471,0.0722236634794223,0.32767430949869414,0.2213876988589615,0.124227087500688,0.03870023810197227,-0.3295723385937854,0.11184771099639014,-0.3291186097645471,0.7324414198836727,0.9377109222171244,0.5515342028132957,0.3953989935958394,0.481396671913312,0.7585112222028837,0.8682324656314301,0.05367345821114443,0.6451812563309229,0.31288844310201946,0.528848169176335,0.05735101399773195,0.6848077258932344,0.05851888127394631,0.20828351301894063,0.4839355926305114,0.8279746860527645,0.05698796088185044,0.528848169176335,0.05735101399773195,34,34,34,34,34,34,34,34,34,34,34,34,34,34,34,34,34,34,34,34
00001441,-0.1931710464090198,-0.15967687333340697,0.14505223849216412,0.1675454747205781,0.2183939626114299,0.09975760310701173,0.19172061113344466,-0.08183453460522017,0.285500377685123,-0.007945493860218046,0.15905995235390186,-0.05830799262735939,0.46466057310272346,0.05594917366177612,0.31012340281446105,0.20596649569347739,0.06592033454586864,-0.0668308774682927,0.15905995235390186,-0.05830799262735939,0.2736963460392383,0.36703077709424337,0.41307264604279714,0.34357478213190307,0.21465856331904407,0.5745741580373624,0.2773842191789784,0.6454459113065795,0.10168476805835383,0.9644281460318666,0.3689090542981101,0.7432498023928193,0.005629616277522242,0.7533079689774389,0.07426495727305617,0.242548302203198,0.7110813272931268,0.7072648859814628,0.3689090542981101,0.7432498023928193,34,34,34,34,34,34,34,34,34,34,34,34,34,34,34,34,34,34,34,34
00001446,0.002869123453084544,-0.042522961007982335,0.10750738333426776,0.08062720076911857,0.15806809274946465,-0.053977484512125425,0.0093347980246327,-0.2795401797788211,-0.07027424210508099,-0.04543108824730081,-0.07271079357117642,-0.330694026589207,-0.1162861437212374,0.17080454457741392,0.11289992419223699,0.013524248568361479,-0.03508946117775255,-0.09618222698789315,-0.07271079357117642,-0.330694026589207,0.9871514524202112,0.8112739810261069,0.5450588121400726,0.650341691085816,0.3719407768695,0.7617461639656372,0.9582132676391937,0.10934993062629203,0.6928963103664667,0.7986230995265967,0.682791835460214,0.0560982467241595,0.512516580716426,0.33413305521305636,0.5249537834507741,0.9394883813038553,0.8438178843292329,0.5884293086325781,0.682791835460214,0.0560982467241595,34,34,34,34,34,34,34,34,34,34,34,34,34,34,34,34,34,34,34,34
00002310,-0.08928627319174659,-0.01572241496329237,-0.1988540448439204,-0.24738384522277998,0.18788519801073858,0.05493513060158728,0.15048209667178153,0.12792278769405077,0.23388941741704555,0.1570268852119658,0.20955870852032643,0.045249505325327,0.1377644176028906,0.2228501719397258,0.24518984127029883,0.1478289275387541,0.23420601107748026,0.018528028255133312,0.20955870852032643,0.045249505325327,0.5787978850241243,0.9222775796463811,0.2126166141796115,0.11890359383072617,0.23945129855358263,0.7330011644698675,0.3476691958122843,0.42541788586655066,0.14107205851763754,0.3268549429996442,0.18851317042591065,0.7787703596223731,0.39036869911077376,0.16136603860244444,0.12231690932999027,0.35633261001351,0.14051926379956728,0.9084624587553431,0.18851317042591065,0.7787703596223731,41,41,41,41,41,41,41,41,41,41,41,41,41,41,41,41,41,41,41,41
00002312,-0.20459375104125163,-0.2967643915730887,-0.3390982327641733,,0.004053800619927826,-0.14776582182768594,-0.0364071163188922,0.019294276276513873,0.1487297707858345,0.1150062473976925,0.1886109753779469,-0.016953098093179048,0.06659313051511936,0.05293054929962214,0.21570147868559558,-0.1539691171794571,0.14990700906353221,0.10147297386397058,0.1886109753779469,-0.016953098093179048,0.1994398336263474,0.05954512289862522,0.030093680571064624,,0.9799318607290698,0.35654024816279284,0.8212132323609908,0.9046938259735577,0.3533765354984593,0.4739870455769201,0.23760795840828974,0.9162145580688437,0.679110570839551,0.7424050150046545,0.1755904862201215,0.3364807068356221,0.34953601739134216,0.5278553311317725,0.23760795840828974,0.9162145580688437,41,41,41,41,41,41,41,41,41,41,41,41,41,41,41,41,41,41,41,41
00002316,0.06865760087876331,-0.17393106681363982,-0.18070138334458027,,0.062276956213672116,-0.16471636445174193,0.22705315513945223,0.23878061603640566,0.15061531158709252,4.556855017828765e-05,0.2229227684236703,0.16959872246016808,0.11242047411514762,-0.008736505114222028,0.11608897546534597,-0.06667263502792443,0.1506190625699144,0.02937486652510908,0.2229227684236703,0.16959872246016808,0.669720526418139,0.2767821409706139,0.2582197398341553,,0.6988961854163096,0.3034171906646243,0.15340370514294321,0.13270939617952957,0.3472376308662108,0.9997743922904511,0.16122601198057265,0.2891076168181817,0.48404959236853623,0.9567663316925936,0.46980667051511044,0.6787480536490365,0.3472254838717521,0.8553368149680356,0.16122601198057265,0.2891076168181817,41,41,41,41,41,41,41,41,41,41,41,41,41,41,41,41,41,41,41,41
00002317,-0.20385262588341238,-0.409432640651626,-0.2399810785114306,,-0.11892162594855983,0.010617303863922163,-0.06430401702403121,0.020208121688347895,0.1203373450179159,0.16422188159178427,0.02184213631506366,0.25415748301758506,0.00789316258682786,0.303096319731534,0.19187600859344148,0.1265811039645843,0.15340964680855015,-0.03640569007494017,0.02184213631506366,0.25415748301758506,0.20110822678912685,0.007855413517890448,0.13071449601186222,,0.45896314905067864,0.9474707558955583,0.6895785646433628,0.9002019683110534,0.4535946641597789,0.3048912462813945,0.8921779770272156,0.10881767604429755,0.9609363385041486,0.054063212910552244,0.2294346380643077,0.43032890015215697,0.33826067185367936,0.8212201224751151,0.8921779770272156,0.10881767604429755,41,41,41,41,41,41,41,41,41,41,41,41,41,41,41,41,41,41,41,41
00002321,0.03524762384733349,-0.29577037127407096,-0.07324357713160216,,0.12251684247090949,-0.09445134912410424,0.17851207038493946,-0.13329426159755542,0.22419166142720337,-0.013672806094780181,0.06629775604480552,-0.025661255804194483,0.2807853239700787,-0.08629058188862657,0.21438493603142297,-0.17581383566760522,0.18578060371977925,0.053839924090959626,0.06629775604480552,-0.025661255804194483,0.8268190137543873,0.06044457444762479,0.6490400069373446,,0.44539686457102645,0.5569376283627218,0.2641291584855348,0.4060743573308858,0.15879274985384892,0.9323845535291042,0.6804580158123559,0.8734664796915118,0.0753595723708328,0.5916513908013405,0.1783051608206741,0.27153461696787706,0.24485126907305185,0.7381343018128169,0.6804580158123559,0.8734664796915118,41,41,41,41,41,41,41,41,41,41,41,41,41,41,41,41,41,41,41,41
00002325,-0.0454894137127766,-0.21151173752311483,-0.08931578030390357,,0.16144138555017903,-0.002904038457694963,0.14848097305839783,0.14613117666229866,0.20704410933516404,0.12642274372039514,0.37486988516777725,0.15004021948745683,0.2704753194300638,-0.03112698473934814,0.2046107473990727,-0.12998096058714698,0.16359248645686383,0.14828284861365715,0.37486988516777725,0.15004021948745683,0.7776270099480727,0.18433354288596748,0.5786719094064254,,0.31326478897479704,0.9856229921924695,0.3541914602015635,0.3619442617504685,0.19399291669234034,0.4309106306884985,0.01573948942227953,0.34910305301229344,0.08719724819132918,0.8468078897665596,0.19940168638648212,0.4179457522543095,0.3067740699754461,0.35484122229125675,0.01573948942227953,0.34910305301229344,41,41,41,41,41,41,41,41,41,41,41,41,41,41,41,41,41,41,41,41
00002329,0.32023876944529983,-0.1989475212792345,0.06448568638113691,,0.13729390913817788,0.0331680588903675,0.1292944244531012,0.1722809804653683,0.1102586168464123,0.15801433463601114,0.27032174563385736,0.14993163499628118,0.11231539072500182,-0.054286415280639336,0.21849864039060563,0.0521380944332897,0.09010840051568667,0.19874866587407927,0.27032174563385736,0.14993163499628118,0.0412289468132393,0.21239729451613223,0.6887456802916618,,0.3920048933376619,0.8368941566567734,0.4204299040230257,0.2814353951512376,0.4925471182155907,0.3237835750496631,0.08738387799629495,0.3494559528033512,0.48446086472317507,0.7360402673602291,0.16992140886290844,0.7461328640762674,0.5752925947451888,0.21286404862666813,0.08738387799629495,0.3494559528033512,41,41,41,41,41,41,41,41,41,41,41,41,41,41,41,41,41,41,41,41
00002331,0.04282753657257316,-0.24101065519894163,-0.0304970607606506,,-0.07827109494659257,0.03777987997672732,-0.0657371411826213,0.02036769794992878,0.32663291243485276,0.10590477664722699,0.06061760758286022,0.13960744873162448,0.13602947109251537,-0.05255141869087167,0.14868633989878374,0.05672806253798143,0.4495304856326351,0.1830707412471359,0.06061760758286022,0.13960744873162448,0.7903383130427036,0.12902144764325812,0.8498722882659858,,0.626663883739895,0.8145876986110725,0.6830181343087414,0.8994179082233609,0.037128933478905106,0.5098909699040134,0.7065562271592347,0.3839980696679505,0.3964217395738865,0.7441877945377809,0.3535187090964153,0.724622654740879,0.0031925960690513447,0.25192432843641416,0.7065562271592347,0.3839980696679505,41,41,41,41,41,41,41,41,41,41,41,41,41,41,41,41,41,41,41,41
00002337,0.13828958285459853,0.09495824859425912,-0.05623747089349063,,-0.10441802499256993,-0.14964918226143537,-0.1292758471851096,-0.22289862645350084,0.2710423917153397,0.022476900324332257,0.07777825075122596,-0.18547613389535167,0.2900173447008427,-0.08745089877285261,0.1520158096406097,0.09671680039325563,0.19378046358325762,0.10739579391780037,0.07777825075122596,-0.18547613389535167,0.3885471542255759,0.5548132865753123,0.7269121272713392,,0.5158830688225569,0.3503749434948322,0.42049723929624905,0.16127256806192733,0.08651079286794379,0.8890637195082032,0.6288432802183163,0.2456392225030178,0.06586481909797719,0.5866579193504965,0.34272039928814396,0.5474731109683096,0.22475705006650012,0.5039170318113119,0.6288432802183163,0.2456392225030178,41,41,41,41,41,41,41,41,41,41,41,41,41,41,41,41,41,41,41,41
00002343,0.260441692076805,-0.08523786794171857,-0.07033382555702045,,-0.0674469558474666,-0.1082310926383674,-0.1510153863943657,-0.1312307757840874,-0.018076487849246804,-0.05850424912330854,0.11983497009171735,-0.18561263899477135,-0.03381642769133504,-0.06925299594291967,0.2746702377853303,-0.01155223507791868,-0.0520152850550337,-0.024120145784600915,0.11983497009171735,-0.18561263899477135,0.10005470447679654,0.5961979488125598,0.6621326232461608,,0.6752211239723606,0.5005858914575969,0.345943512888681,0.41344483530579607,0.9106841998278076,0.7163535260393176,0.4554957898578317,0.2452857427526218,0.8337500807241823,0.6670215431600246,0.08221792218812271,0.9428524729470501,0.7467110950875383,0.8810094354010404,0.4554957898578317,0.2452857427526218,41,41,41,41,41,41,41,41,41,41,41,41,41,41,41,41,41,41,41,41
00002350,-0.2082925178769346,-0.3317336170712718,-0.04318473250202562,,0.06200000704227369,0.1878048286560881,-0.024682259717713522,0.19005584854707472,-0.008973448566463479,0.12514679508021148,0.015591839910196689,0.21250923351606932,-0.06277954619889782,0.06806675106781011,0.1280409312146105,-0.013425739717947534,0.00856026941662818,0.10775072136462875,0.015591839910196689,0.21250923351606932,0.1912585423798127,0.034102895325774894,0.7886293941158639,,0.7001726423672985,0.23965601609316117,0.87825693374729,0.2339669815136261,0.9555949366157714,0.4356137455020343,0.9229211248817801,0.18222444648556116,0.6965818414600903,0.6724029634592815,0.4249869527399301,0.933603619517794,0.9576376596242878,0.5025002223457301,0.9229211248817801,0.18222444648556116,41,41,41,41,41,41,41,41,41,41,41,41,41,41,41,41,41,41,41,41
00002352,0.001694672897709588,-0.18353406346388418,-0.07985139582352473,,0.11589120295195271,0.21940132173916516,0.03535361971811453,0.2787601507936266,0.09369173076736356,0.2054877736347374,0.0972680096547937,0.2621833574437632,0.0888924022294467,0.22639546082686407,0.23194301460977884,0.03398542310080831,0.07032085022075824,0.08697471056921041,0.0972680096547937,0.2621833574437632,0.9916099041280834,0.25070540384601403,0.619696835484798,,0.47056879844464766,0.16812037788565276,0.8263062002782263,0.07757930861992436,0.5601281887078169,0.1974402038704927,0.5451819107560737,0.09772446493774349,0.5804806347115932,0.15463034672914006,0.14450595294190208,0.8329310040878947,0.6621912331358449,0.5887049439453048,0.5451819107560737,0.09772446493774349,41,41,41,41,41,41,41,41,41,41,41,41,41,41,41,41,41,41,41,41
00002353,-0.297198938285726,-0.3679756843657551,-0.16732118406288002,,-0.19490381358545372,0.12671444167809018,-0.13280998488923026,0.188946730726233,0.0212562036659195,0.16573580803488389,0.21932471172177168,0.1835968573573703,0.044623411344897085,0.16582250270352203,0.01632557710811168,0.04621251494571861,0.011775552203982772,0.09619201102385151,0.21932471172177168,0.1835968573573703,0.059155284543396094,0.017930514701291696,0.2957274806097688,,0.22202886936625754,0.42983942885511417,0.4077973184000216,0.23675846917904364,0.8950540798350604,0.30039261349041224,0.16827269331786088,0.2505405083817305,0.7817563456412263,0.3001362940196919,0.9193055077668932,0.7741836785687254,0.941749620031758,0.5496587359793115,0.16827269331786088,0.2505405083817305,41,41,41,41,41,41,41,41,41,41,41,41,41,41,41,41,41,41,41,41
00002355,-0.027604974114048615,-0.148094952709768,-0.04878922257065806,,0.03052846390827721,-0.06031119786043246,-0.007322954745921628,0.12459652805645499,-0.02575440679739596,0.055764738730948206,0.0023771123280886177,0.09689279642720484,-0.03053397737002828,0.1322365551214292,0.1421011421923784,0.10532452912377925,-0.027484396076065662,-0.17969161707051928,0.0023771123280886177,0.09689279642720484,0.8639687774787389,0.35545810679505163,0.7619487651087273,,0.849719468994379,0.7079738604406375,0.9637563873495646,0.4376507618187456,0.8730108997940995,0.7291204733370175,0.9882314406448414,0.5467410547713947,0.8496926390205034,0.40984287164317335,0.37547639104752284,0.5122253868257377,0.8645574297271247,0.2609342744778101,0.9882314406448414,0.5467410547713947,41,41,41,41,41,41,41,41,41,41,41,41,41,41,41,41,41,41,41,41
00002357,-0.036466506939873744,-0.2323794617624252,-0.10580571712881523,,-0.07951722650948648,-0.03955866407259018,-0.08856721910994064,0.14866079671647237,-0.017822352560103123,-0.041760451968662425,-0.02404234351265399,0.01928368389658949,0.07540247412421822,-0.003494504516010343,0.06866106109812449,-0.09394042610977658,-0.039832623464618876,-0.04562836033237694,-0.02404234351265399,0.01928368389658949,0.8209263309770084,0.1437306603007166,0.510289121143286,,0.6211673764980585,0.8060215233504279,0.5818715840510519,0.3536023424516854,0.9119349330742742,0.7954492688292163,0.8813905191485194,0.9047459085415087,0.6393925353846532,0.9827001780509459,0.6697048290231542,0.5590826780254751,0.8047041627885767,0.776965032833822,0.8813905191485194,0.9047459085415087,41,41,41,41,41,41,41,41,41,41,41,41,41,41,41,41,41,41,41,41
00002359,-0.0297475675511282,-0.0817402335824781,-0.12121543594055839,-0.2236616596858671,-0.12245571271920007,0.12518763589573978,-0.11175014144075515,0.26157454346193126,0.12401807175005478,0.11007594070656915,0.167004530984285,0.21407108586262735,0.2836704580982835,0.1037977360435971,0.1584638249031557,0.048945494238980855,0.026891132463582452,0.005830485194889025,0.167004530984285,0.21407108586262735,0.8535211942402788,0.6114124364136624,0.4502820809194077,0.1598058261250164,0.44562568145504394,0.43546276796215977,0.4866762401536824,0.09853423472487019,0.43979779741855113,0.49326865959318833,0.29665551914510935,0.17895671685205644,0.07228365057417156,0.5183933726982904,0.3223914827913282,0.7612085471676522,0.867454741010819,0.9711395969503858,0.29665551914510935,0.17895671685205644,41,41,41,41,41,41,41,41,41,41,41,41,41,41,41,41,41,41,41,41
00002360,-0.06834135468534933,-0.1952859350272526,-0.17181886724105172,,-0.1489372078665602,0.005644998650478451,-0.2141839024038199,-0.016501401282466313,-0.003631380246260271,0.06677257098641627,-0.025148050267646445,-0.009179493351215984,0.12825699532514853,-0.0022265916639502576,0.06474130538887395,0.15669537370450395,-0.05031121132786224,0.26702312443054976,-0.025148050267646445,-0.009179493351215984,0.6711557719216246,0.22110606190420992,0.2827476463371102,,0.35269795715777474,0.972057372759632,0.17872231301698763,0.9184393390308284,0.9820226720081997,0.6782924763808095,0.875977168077211,0.9545763724217509,0.42419948461185064,0.9889765881825993,0.6875743791260335,0.3278901414980397,0.7547485059383657,0.09146774390098229,0.875977168077211,0.9545763724217509,41,41,41,41,41,41,41,41,41,41,41,41,41,41,41,41,41,41,41,41
00002361,-0.01607140313911614,-0.12648032290720237,0.08803976758883253,-0.23860608320405483,0.032974163675314465,0.06169521255247574,0.005974078093690896,0.19907061606641865,0.04897218500461454,0.13587143540445756,0.11775212614185164,0.2034415518926373,0.139398602072225,0.06667796084483191,0.061761762165368314,0.1358143637106178,0.008410608919153306,0.22766872630769397,0.11775212614185164,0.2034415518926373,0.9205578162268118,0.43069906496488713,0.5841308999142896,0.1330013064245534,0.837834883911612,0.7015783793711027,0.9704291334362289,0.2121087222188997,0.7610821409809537,0.39697580054706944,0.46342363193769354,0.202037827642691,0.3847168821592374,0.6787237720418668,0.7012713631819878,0.39717599979482315,0.9583776351872356,0.15226208148822487,0.46342363193769354,0.202037827642691,41,41,41,41,41,41,41,41,41,41,41,41,41,41,41,41,41,41,41,41
00002366,-0.09311664679535857,-0.14266499078408384,-0.03467856063660928,,-0.20312111728878077,0.10013756542456699,-0.18838188016713225,0.09046080524845618,0.2063609076110901,0.22519773010592453,0.12757447079146295,0.11598066900031821,0.16245225357274892,0.26728047360470536,0.288116177284126,-0.08685018329835151,0.15764903887758772,0.023677707847950796,0.12757447079146295,0.11598066900031821,0.5625493125637249,0.37356523740112163,0.8295733792723108,,0.20276454135573288,0.5333285240310027,0.23818877445937583,0.5737930109025756,0.19550094451487368,0.15688255387049224,0.42668981133484435,0.4702239545864216,0.3102038617341944,0.0911439258936047,0.0677382735196457,0.5892407805921589,0.3249176804429129,0.8831768934712577,0.42668981133484435,0.4702239545864216,41,41,41,41,41,41,41,41,41,41,41,41,41,41,41,41,41,41,41,41
00002411,0.013914786791085347,0.3786024746831955,-0.39888313940599507,-0.1858717004473619,0.018799476944483584,-0.01681881697204294,-0.15245103043601507,0.12433257640282108,0.0722984030178497,-0.028509114783540512,-0.0623796782330587,-0.08573329163931352,-0.009448321626464326,-0.08606708864504063,0.3877847375365535,0.015337261488829067,0.07487593525479183,0.014711810566259101,-0.0623796782330587,-0.08573329163931352,0.9311907288195712,0.014650760111122724,0.009785434022101564,0.2446158467201044,0.907127163644429,0.9168758792670894,0.34132400391195283,0.4386297420164137,0.6532817039642759,0.8595571684888167,0.6984229479597435,0.5940563614969052,0.9532475510059689,0.5926153535505712,0.012240522995861518,0.9241759655639935,0.6417401607316211,0.9272596351261371,0.6984229479597435,0.5940563614969052,41,41,41,41,41,41,41,41,41,41,41,41,41,41,41,41,41,41,41,41
00002415,0.10864634228580816,0.3101602382737729,-0.0998513938585572,,-0.10137805057498421,-0.14368850028431585,-0.23927837212443856,-0.15284391928391675,-0.13152812847329462,-0.13452681303421268,-0.06913109871281942,-0.18729206604769913,-0.07262227253630338,-0.0015755288026844654,0.048105505024095614,0.09929703876205652,-0.13918230053431785,-0.1547317450985198,-0.06913109871281942,-0.18729206604769913,0.49893407665778533,0.04843309145649748,0.5345049788015023,,0.528243465407497,0.3701108900576567,0.13187950588543518,0.34006643992446856,0.4123780655063988,0.40170807304315603,0.6675737794614844,0.24096492100898514,0.6518270397983807,0.9921997516560408,0.7651898094423928,0.5367875132355758,0.3854621858650393,0.3340637369099681,0.6675737794614844,0.24096492100898514,41,41,41,41,41,41,41,41,41,41,41,41,41,41,41,41,41,41,41,41
00002418,0.05320173475879547,0.4077959309106317,-0.30344492138580326,,-0.1616153481360937,0.15917219970865992,-0.20319762226255755,-0.10205576360772853,-0.027330030357575415,-0.004603241329119488,0.10767686546939856,-0.021520090805346004,-0.05857551491507945,-0.03227298552900309,0.24181005096256267,-0.15357259325723643,-0.027238010030809688,0.04926484629423955,0.10767686546939856,-0.021520090805346004,0.7411306376665894,0.008131431469985179,0.05377358201085936,,0.31273667070695327,0.3202052417884356,0.20259086967058934,0.5254754129959381,0.8653111361005574,0.9772125500557552,0.5027948755331171,0.893758599907509,0.7160224031793226,0.8412386616069863,0.12771824132723023,0.33774165621639707,0.8657604907952873,0.7596965137793364,0.5027948755331171,0.893758599907509,41,41,41,41,41,41,41,41,41,41,41,41,41,41,41,41,41,41,41,41
00002423,0.0416344507010053,0.24062292949629185,-0.2793931717151949,0.14278989746643383,0.04052497352821107,-0.05092300462778131,0.16374564481431508,0.04385584757159498,0.23346310573796258,0.14938700279824532,0.4383047830692611,0.2719392780046589,0.5052891144228309,0.34238310718244497,0.33727970780463173,0.23238512885241988,-0.013439923715169187,-0.10458958836212104,0.4383047830692611,0.2719392780046589,0.7960533317297924,0.12965709636163417,0.07688004316573932,0.3731426528638188,0.8013773115151669,0.751859943154407,0.306315219738569,0.785421251691988,0.14181896392367796,0.35122928963554995,0.004152676800118048,0.08543365857948496,0.0007527558090269099,0.028435405139361627,0.03104553067824569,0.14372061363714847,0.9335336292760031,0.5151898249090008,0.004152676800118048,0.08543365857948496,41,41,41,41,41,41,41,41,41,41,41,41,41,41,41,41,41,41,41,41
00002424,0.3893331120040359,0.3264841513018419,-0.26318737524721786,,-0.06889752500197416,0.0638097186500858,-0.025610045998180474,-0.09930187927803122,-0.032660456389410265,-0.15742590732559245,0.20189087886853135,-0.051600186551866975,-0.00454584843393969,-0.03394918885064574,0.18808144414967412,0.07255075569498609,-0.04006220783567971,-0.14483486266762322,0.20189087886853135,-0.051600186551866975,0.011869351419926958,0.03722037939170049,0.0964002169667611,,0.6686324317956953,0.6918465609380378,0.8737169521580633,0.5367675622438487,0.8393573783106532,0.3256116401749616,0.20557159078077067,0.7486665419079529,0.9774965895479534,0.8331066073940413,0.23895191667123217,0.6521481493504521,0.8036005939301878,0.36626463917686497,0.20557159078077067,0.7486665419079529,41,41,41,41,41,41,41,41,41,41,41,41,41,41,41,41,41,41,41,41
00002427,-0.1867292158149633,0.1468690456069247,-0.35946238982151607,0.04331745369606607,-0.27380163768087395,-0.05990485989505222,-0.2798576012382146,-0.10844323693568962,-0.15433195596199034,-0.03531813397110007,-0.26213311654790633,-0.1165711789507078,-0.24550133536422866,-0.023242626168966662,0.2890741360589735,0.1851792161935998,-0.053965294212942924,-0.05762648728179217,-0.26213311654790633,-0.1165711789507078,0.2424072419184416,0.35949884477497646,0.020985046951748222,0.7879946696656821,0.08323031215082834,0.7098553213920747,0.07637015852593021,0.4997416581796827,0.33532942982169084,0.8264778742313409,0.09779109517110367,0.46795122189740423,0.12182787238751293,0.8853091339805693,0.06678908322591132,0.2464092753096911,0.7375461292349353,0.7204360652298564,0.09779109517110367,0.46795122189740423,41,41,41,41,41,41,41,41,41,41,41,41,41,41,41,41,41,41,41,41
00002428,0.24968931328937813,0.06908588564035252,-0.310075245637767,0.1399314175930913,-0.05886024838872148,0.015749087879466033,-0.07821544350424267,0.305689245590452,-0.01192084331913633,-0.0860263313232953,0.03121849433333648,0.1666151108344044,0.1030218124361495,0.021450092791913258,0.1355185416297425,0.036040678271985274,-0.03473609823387462,-0.09232730046695557,0.03121849433333648,0.1666151108344044,0.11539469027116966,0.6677786542094646,0.048497902374321916,0.38288459154994214,0.7146999562292132,0.9221461269365399,0.6269098225180695,0.05193858818535611,0.9410321565172503,0.5927912210981313,0.846362906001715,0.29779938523502014,0.521542046990813,0.8941022091295759,0.39821463820624986,0.8229839108623564,0.8292947951687976,0.5658803714469951,0.846362906001715,0.29779938523502014,41,41,41,41,41,41,41,41,41,41,41,41,41,41,41,41,41,41,41,41
00002434,-0.04197361471672509,-0.012251226695759568,-0.3046418119632101,,-0.03445565249421297,-0.05277972358023765,0.07041645091376059,0.237934165800573,0.14373151716594385,0.006111683319269687,0.21855776317530118,0.06159438421054627,0.15187317834772412,0.13397814858751875,0.30804757359645146,0.006485655516422554,0.12373939751866732,-0.12126730972157643,0.21855776317530118,0.06159438421054627,0.7944276133097891,0.9394008590945081,0.052788621479420116,,0.8306528444854142,0.7431140818054088,0.6617594492951073,0.13412956354188532,0.36996612682904273,0.9697483166577353,0.16980302345690354,0.7020436242887856,0.3431787906540773,0.40364835058700577,0.0500649595524154,0.9678981570540586,0.440834212005278,0.4500868008666495,0.16980302345690354,0.7020436242887856,41,41,41,41,41,41,41,41,41,41,41,41,41,41,41,41,41,41,41,41
00002439,0.1002297349962209,-0.008400548755909213,-0.3514028827689276,0.14262581460418713,-0.09361453951051468,-0.10896961733740405,0.3429372781872042,0.11504632194091212,-0.047865003545736,-0.0535304986981839,-0.009198456539085536,-0.08118241034046521,0.00407845332313274,0.03419086803405753,0.19703031657898215,-0.05507834131016347,-0.06071369910434834,-0.0825035831704734,-0.009198456539085536,-0.08118241034046521,0.5329498818172369,0.9584273775115549,0.024266792801967276,0.3736978369454171,0.5604528844274939,0.49765005582524285,0.028163247682770346,0.4738319699174104,0.7663308080581588,0.7395865976508994,0.954482633135407,0.6138541308693318,0.9798098437018111,0.831935500869597,0.21692702072585038,0.7323307904097061,0.7061118518730481,0.6080778345263947,0.954482633135407,0.6138541308693318,41,41,41,41,41,41,41,41,41,41,41,41,41,41,41,41,41,41,41,41
00002440,0.1411854121733753,0.03623944596250347,-0.27249708637934206,0.1400791394011742,0.016251977265400945,0.005933441938085987,0.3692495782578049,0.30768178256515,0.08392643789175552,-0.1314961653391358,0.20335488131298432,-0.34061059247525327,0.1505355864747926,0.18161693159762482,0.28112686159985795,0.033491636192159065,0.04973097852568484,-0.2010867469217032,0.20335488131298432,-0.34061059247525327,0.37859257721628536,0.8220233302587376,0.08476901937189207,0.38237750472562304,0.9196681126068341,0.9706301892057522,0.01750736731477142,0.05035195023213313,0.6018831629849143,0.41249265980692307,0.20223420763368907,0.029320553786508528,0.3474958701112402,0.255774809110148,0.07499018157769054,0.835324746517272,0.7574911063551719,0.20742098666754216,0.20223420763368907,0.029320553786508528,41,41,41,41,41,41,41,41,41,41,41,41,41,41,41,41,41,41,41,41
00002442,0.1957385102350567,-0.1263137653221024,-0.2121735553022629,,0.021928973373687738,0.026944350798336413,0.23883617538939045,0.3761523724749803,-0.04418583091362269,-0.13499549455371596,0.08225963333869761,-0.20009017963047973,-0.12261759355078901,0.15006074677568668,0.2829461654838142,-0.10158244784595574,-0.030231045423271482,-0.23479994970669335,0.08225963333869761,-0.20009017963047973,0.22001653299977522,0.43131121331269434,0.18293227267885612,,0.8917518445953395,0.8671947691027712,0.13261657195944385,0.015357948689934063,0.7838451067748122,0.40005491186885145,0.609142653364967,0.2097290108966385,0.4450198801936108,0.34903636373984764,0.07304638967113565,0.5274078736726381,0.85116703367328,0.13948652610204193,0.609142653364967,0.2097290108966385,41,41,41,41,41,41,41,41,41,41,41,41,41,41,41,41,41,41,41,41
00002725,0.19480674454436347,-0.2294343657465904,-0.016147139613234454,,-0.07905223746813325,0.19403237689396668,0.03744557205390737,0.1519563385416978,-0.2475230032935435,-0.0740310724196765,-0.18549672908663015,0.2876674833367677,-0.2595519254810422,-0.11982958737208682,-0.29714364091347856,-0.09302728466334749,-0.14918109590186407,0.08739742655526722,-0.18549672908663015,0.2876674833367677,0.22226370863376005,0.14902205716657488,0.9201846446730868,,0.6232160221003458,0.22414325805212082,0.81620005413433,0.34291148298732727,0.11868954392965184,0.6455142580904327,0.24558586931022017,0.06818651119368724,0.10126146724022801,0.4555161828637356,0.05920477932752461,0.5629259656482388,0.35190115272963995,0.5868876261742266,0.24558586931022017,0.06818651119368724,41,41,41,41,41,41,41,41,41,41,41,41,41,41,41,41,41,41,41,41
00002737,0.037686371006923874,-0.12808033747502862,-0.05576969357317009,,0.15077141890578,0.046783768985788815,0.061687073946074616,-0.25893711149869036,-0.15045452635134726,-0.13101387949396243,-0.10910058370099872,-0.319458892827801,-0.2003716681995277,-0.049654218797490955,-0.08023898022070462,-0.32828248515248704,-0.030242429519531697,0.04667312338460829,-0.10910058370099872,-0.319458892827801,0.8174131624337017,0.4309210887898098,0.7325014042883002,,0.3530713537847253,0.7743719503221594,0.7053322808974544,0.10666121814048682,0.3540958610178941,0.42035150034343705,0.5027703689761688,0.04449861514463487,0.2150881175187303,0.7609219266693139,0.6225930350141955,0.03862986775257466,0.8530353125161914,0.7748917320665264,0.5027703689761688,0.04449861514463487,40,40,40,40,40,40,40,40,40,40,40,40,40,40,40,40,40,40,40,40
00002744,-0.054058760279555376,-0.056630514441029234,-0.1227692169891424,-0.2798467462542898,0.11838391275213042,0.1352655759322606,-0.13068942089878305,-0.1479318066662546,-0.16157917421325643,-0.162977316289174,-0.3082731658331652,-0.20342674196162366,-0.1600487855817464,-0.14693817025795436,-0.17797415566518887,-0.30277457054366175,-0.009536300269274503,0.02552515783745681,-0.3082731658331652,-0.20342674196162366,0.7371077302411994,0.725077700402955,0.4444528743596187,0.07638204560110777,0.4610111150152311,0.3991040526748802,0.41539100280657515,0.35599426156201613,0.31284644162382075,0.30862147612757196,0.049888623210790926,0.20207137482537577,0.3175127823322455,0.35927026666930395,0.26559470647592687,0.05433164257474537,0.9528126984615967,0.8741321757257501,0.049888623210790926,0.20207137482537577,41,41,41,41,41,41,41,41,41,41,41,41,41,41,41,41,41,41,41,41
00002750,0.0060850913302095775,0.08781601053279973,0.0019679496180513532,,-0.013255461604707603,0.2722216820034796,-0.18588326839602695,-0.17349217303395517,-0.3384425233572596,-0.17124660049832421,-0.3583027305649913,-0.25110760649144914,-0.28577868611732493,-0.1501562793483243,-0.3481898454024775,-0.19226955836557025,-0.044592797358900746,-0.007732417500813677,-0.3583027305649913,-0.25110760649144914,0.9698798817711609,0.5850905374821629,0.9902570082530542,,0.9344438869088801,0.0850966648444058,0.24458596246151543,0.2780148755707853,0.030434074347832334,0.2843782116748046,0.02143300205224632,0.11327527365793223,0.07009913674810145,0.3487260988015017,0.02568915939074451,0.22846261597126064,0.781902430454734,0.9617312814938015,0.02143300205224632,0.11327527365793223,41,41,41,41,41,41,41,41,41,41,41,41,41,41,41,41,41,41,41,41
00002758,-0.004659290406587795,0.013749631049076243,0.015153792412132085,,0.18187056386817604,-0.03763819393516643,0.0153427528987508,0.1531506868325202,-0.16490897365194593,-0.25906233395983264,-0.166920715806876,-0.037393418593875564,-0.20068988947204813,-0.19946961918509623,-0.17013808775133818,-0.33900963894732195,0.15638794790357063,-0.06152594119864362,-0.166920715806876,-0.037393418593875564,0.9769351638450604,0.9320055175474589,0.9250804142902493,,0.2551002388443737,0.8152709537375469,0.9241488959701445,0.3390865208717698,0.30284425553540706,0.10193021858771478,0.2969014754319557,0.8164516560758628,0.20833796729975962,0.21117520685338542,0.28755406797666677,0.03013948714917404,0.3288519531132262,0.7023594970863396,0.2969014754319557,0.8164516560758628,41,41,41,41,41,41,41,41,41,41,41,41,41,41,41,41,41,41,41,41
00002811,0.5357367690175443,0.2654461148960904,0.08417465415211342,-0.4001519469232161,0.29695470295466175,0.07697178476612504,0.21310205721883219,0.020287271059594842,0.3419722455016363,0.35182455828868076,0.060738576842417374,0.0872001399501091,0.14425528293634549,0.42897585036347835,0.15491590270946773,-0.36052902054603797,0.38202407664984783,-0.07120769924202686,0.060738576842417374,0.0872001399501091,0.0003065157768727182,0.09347150968782206,0.6008053133492035,0.009533696979375178,0.059374140434511814,0.632416242984586,0.18097916280472875,0.899813064996757,0.02863858435554595,0.024085088085353326,0.705996820444283,0.5877354793371965,0.36820622886596627,0.005133029355619433,0.3334817093425452,0.020579972947539115,0.013709443665153177,0.6581899088368014,0.705996820444283,0.5877354793371965,41,41,41,41,41,41,41,41,41,41,41,41,41,41,41,41,41,41,41,41
00002823,0.38968204218766955,0.12490526137966708,0.012955602909710491,-0.3352204467417889,-0.004638199210440709,-0.22055654785588352,-0.01893031070740851,-0.5562199334871287,0.08201144205527355,-0.31126917289117284,-0.21011385870552873,-0.4646019004703348,0.07652381406058639,-0.2949233220313665,0.005529130902095442,-0.1641274670709289,0.08503023100143126,-0.012558386284009978,-0.21011385870552873,-0.4646019004703348,0.01178704382185292,0.43650722373878337,0.935923762621283,0.03215321859131683,0.9770395436084864,0.1658356118653134,0.9064836634095874,0.0001593559290960454,0.6102268029295672,0.04759386320716601,0.18731833638092812,0.0022117313548759136,0.6344045049673486,0.06121954616784762,0.9726306972423034,0.3051732147104185,0.5970965131001442,0.9378844502283933,0.18731833638092812,0.0022117313548759136,41,41,41,41,41,41,41,41,41,41,41,41,41,41,41,41,41,41,41,41
00002848,0.21753479055773398,-0.06275291639283687,-0.2661060893582767,-0.39524835500634414,-0.36428540458502945,-0.22189341964706935,0.10208737729844673,-0.3447958104923281,0.04693477044181828,0.14841192953399146,-0.06990976496684133,-0.21325833706844405,-0.012313261670302694,0.42351263796450667,-0.03432595132118431,-0.1430096396356013,0.08394370805103865,0.07085863556010201,-0.06990976496684133,-0.21325833706844405,0.17185977976197753,0.6967043994731106,0.09262886123116601,0.010538323987007275,0.019205182542819915,0.1632197079836093,0.5253464642639691,0.02726620616699257,0.7707486308095574,0.35441781092019076,0.6640491424971101,0.1806518954210121,0.9390945829154562,0.00579576433649405,0.8312810828291366,0.37239991145620505,0.6018081422553606,0.659763714873698,0.6640491424971101,0.1806518954210121,41,41,41,41,41,41,41,41,41,41,41,41,41,41,41,41,41,41,41,41
00003064,-0.1870123371817265,-0.020637738690366756,,,0.12963244105916202,0.10574391037544234,-0.15858802922244508,-0.07375228768232045,-0.040970844501593655,-0.04641292747833095,-0.09128703913164563,0.11694794745387756,-0.01857357368580393,-0.11106480691170655,0.02609855354610644,0.14724228466694778,-0.05004752361822736,0.05575428535348401,-0.09128703913164563,0.11694794745387756,0.24168100719663815,0.8980913085362464,,,0.41920579016506665,0.5105376209783714,0.32200747890629405,0.646761554170805,0.7992366579700378,0.7732300873498924,0.5702841439669093,0.46650419096353757,0.9082383967831664,0.4893693036482125,0.8713281099042854,0.3582656783687357,0.7559945189382644,0.729169330288114,0.5702841439669093,0.46650419096353757,41,41,41,41,41,41,41,41,41,41,41,41,41,41,41,41,41,41,41,41
00003078,-0.06366325384742443,0.023847033013921867,,,0.09218913702960854,-0.11652428506581936,-0.08744116063960136,-0.2888091956676804,0.11719470537363501,-0.28014558293358377,-0.04502889105162141,-0.23007909213709538,-0.02203333690604432,-0.2646885993616676,0.29861740862325925,0.3081564770359882,0.10482777616160023,-0.18764412432853741,-0.04502889105162141,-0.23007909213709538,0.6925190989843412,0.8823472867008527,,,0.5664643586304176,0.4681314913093881,0.5866997496000893,0.06705053955054496,0.46555777833426104,0.07605532455730854,0.7798221641616053,0.1478516521144086,0.8912397448711646,0.09444596721873932,0.0578968998859402,0.04997977156012298,0.5142281399755493,0.24006571910981148,0.7798221641616053,0.1478516521144086,41,41,41,41,41,41,41,41,41,41,41,41,41,41,41,41,41,41,41,41
00003079,-0.17137788904790238,0.07376366252443532,,,-0.06485036475177536,-0.01716109415188387,-0.04206986023378255,-0.3685618161810445,0.1766844867493274,-0.24663897418555158,-0.0924737451672631,-0.2811118834725666,0.008521325040594259,-0.20352934466662626,0.05824721396530132,0.37732809579514576,0.1749491789178858,-0.2142131265949637,-0.0924737451672631,-0.2811118834725666,0.284003590539103,0.6467106438932823,,,0.6870748646982472,0.915190308266038,0.7939664345962072,0.017734763270296026,0.2691302869691651,0.12005428437173474,0.5652616845718734,0.07500635136306845,0.9578302113360764,0.20183904117059256,0.717548216151317,0.01501507092867907,0.2739363410261808,0.1786616284481528,0.5652616845718734,0.07500635136306845,41,41,41,41,41,41,41,41,41,41,41,41,41,41,41,41,41,41,41,41
00003086,-0.10467827043409583,0.10799122504850987,,,0.048728461584378435,-0.0013116073059231837,-0.16898912069589295,-0.3292763931180048,0.08654213105266383,-0.2381094863398509,-0.07582780362374517,-0.28212881873483553,-0.02420935060255186,0.06124602139760762,0.16638427177107595,0.14909885196536649,0.15263364932783835,-0.3148447872511528,-0.07582780362374517,-0.28212881873483553,0.5148316655738967,0.5015413247351227,,,0.7622366305343102,0.9935063638496572,0.2908699983815479,0.03553435653852127,0.5905672470244777,0.13383448885089835,0.6374986916051646,0.07391470557644704,0.8805725333628517,0.70365187462544,0.29847877704715975,0.35216972866625473,0.34073911949933544,0.044967557217015106,0.6374986916051646,0.07391470557644704,41,41,41,41,41,41,41,41,41,41,41,41,41,41,41,41,41,41,41,41
00003089,-0.19610741525792383,0.05198920853548958,,,0.047601647876181846,-0.05542568185724364,-0.22908821242486968,-0.088398071579328,0.05566598432820084,-0.20148174224697457,-0.1519673619446622,-0.09461946337271426,0.07332201922851375,-0.026065335905567207,0.04841165837863566,0.18639209247269803,-0.010472676059203373,-0.22696066832746542,-0.1519673619446622,-0.09461946337271426,0.21913117415330746,0.7468338904316689,,,0.7675807913900189,0.7307056937888272,0.14965324381123407,0.5825956926734501,0.7295820733962687,0.2065111062040018,0.3428760592878267,0.5562326641637028,0.648688467786433,0.8714905114187173,0.7637380504589151,0.24327391891135342,0.9481853296424221,0.1535757679533241,0.3428760592878267,0.5562326641637028,41,41,41,41,41,41,41,41,41,41,41,41,41,41,41,41,41,41,41,41
00003695,-0.09605315636141319,-0.11703162816919238,,,-0.09064411159452997,0.11487471940989138,-0.12678040417603786,-0.020660747860468093,-0.03857985320329972,0.04614435520989107,-7.318467084611348e-05,0.0593206274530579,-0.22926950255512735,-0.2096641563341746,-0.005866908908404135,0.05871133507593632,0.0729572104204056,0.09421948852017852,-7.318467084611348e-05,0.0593206274530579,0.5502377237919743,0.4661831279362715,,,0.5730136938451507,0.474496205112452,0.4295974011197494,0.8979782864976752,0.8107325298073462,0.774508066950703,0.9996376662069527,0.712563463789765,0.14932242982723845,0.18828580356249272,0.9709593789734032,0.7153914829381083,0.6503240000016569,0.557910589952262,0.9996376662069527,0.712563463789765,41,41,41,41,41,41,41,41,41,41,41,41,41,41,41,41,41,41,41,41
00003698,0.12560921952646517,-0.007626270348251578,,,0.22400872347845383,0.17125435458106839,0.018255332907504185,-0.010679580229396225,-0.03936326417049052,0.01413743549403016,-0.07766547389279373,0.002831388229716925,-0.09058857005621974,-0.2899818595438647,-0.1272044248989897,0.0832239817669199,0.08070519500659283,0.05129374571267298,-0.07766547389279373,0.002831388229716925,0.43390598260924096,0.9622562379095478,,,0.15914189889017502,0.2843560771095552,0.9098041366580701,0.9471630747281613,0.8069614464322071,0.9300924108719452,0.6293424266183909,0.9859826252745426,0.5732497747408467,0.0658994071879356,0.42804341387570793,0.6049380252735537,0.6159462620110197,0.7501111219990756,0.6293424266183909,0.9859826252745426,41,41,41,41,41,41,41,41,41,41,41,41,41,41,41,41,41,41,41,41
00028119,0.011697755102789465,0.20882809930839058,-0.09009277623659154,-0.40200256726495986,-0.3302356872866869,-0.16887336114925225,-0.2445421849658062,-0.2791676442531625,-0.14996861458975924,-0.07023086310539381,-0.18045181381312336,-0.29840470448340706,-0.07902331769108897,0.08278204519929197,-0.12485766950575312,-0.11333557380660493,-0.14479591420924504,-0.10706967207727451,-0.18045181381312336,-0.29840470448340706,0.9421338093873612,0.19009385811769677,0.5753591217462385,0.009176481641351155,0.034969766662740875,0.29120544631322337,0.12333842799119939,0.0771286034044796,0.3493357446301778,0.6625977616884718,0.25888889550273664,0.058084224425711074,0.6233435294699996,0.6068633486320897,0.43668339454121324,0.4804758062449417,0.3663949236672086,0.5052206376863322,0.25888889550273664,0.058084224425711074,41,41,41,41,41,41,41,41,41,41,41,41,41,41,41,41,41,41,41,41
00028129,-0.14632838927981925,0.32633788438951333,-0.12440822462712632,-0.39119464208723054,-0.28155426677020196,-0.18400470292135543,-0.18998834655536384,-0.09252030864829489,-0.05303685955104681,0.0314633089037257,-0.24738000237760427,-0.06226692199194164,-0.0322595487779567,0.1734258183921856,-0.07501088179596871,-0.1556907637182459,-0.031234464573673112,0.03421934172243321,-0.24738000237760427,-0.06226692199194164,0.3612896886144367,0.03731047158135763,0.43834904391808516,0.011435842745510752,0.07452992357057041,0.2494712854925299,0.23413623084326066,0.5650650326952477,0.7419053519222008,0.8451726778397655,0.11890950893363476,0.698942418825875,0.8413039166205037,0.27820155995876106,0.6411381590772525,0.3310396657715828,0.8462852523244552,0.8317975492710503,0.11890950893363476,0.698942418825875,41,41,41,41,41,41,41,41,41,41,41,41,41,41,41,41,41,41,41,41
00028132,0.3059682844316135,0.10497732887503562,0.08476497062732079,-0.4026787443159534,0.06079187533365113,-0.2229611842777529,-0.09297350149907323,0.014707581047268636,0.06644097942554747,0.25425196803380457,-0.22969981269123463,0.08734392447280323,0.08906910541020938,0.23847101919843058,0.14390002965842896,-0.00922879827494082,0.03257010461876481,0.18165770425017247,-0.22969981269123463,0.08734392447280323,0.05171400296915067,0.5136247786263558,0.5982453073793649,0.009048856809635816,0.7057503968764406,0.1611519498337114,0.5631527130365261,0.927280491608721,0.67980453388584,0.10868174120069543,0.14853935743573546,0.5871175013541184,0.579725426726017,0.13322753173600516,0.3693993632302879,0.9543326483960501,0.8397959838861909,0.25566628831206534,0.14853935743573546,0.5871175013541184,41,41,41,41,41,41,41,41,41,41,41,41,41,41,41,41,41,41,41,41
00028143,0.0016189712060204493,0.06411743268337765,-0.13527051342312552,-0.3027122518218817,-0.2229922214122002,-0.21470732292615471,-0.14658277917826784,-0.037372467721470806,-0.04248091094101907,-0.0900499645017232,-0.27203866844007296,-0.10116393176349522,-0.010820177641773884,0.07842593670348615,0.11719612675516718,0.03131445069927095,-0.07745443271821943,-0.11608743283434256,-0.27203866844007296,-0.10116393176349522,0.9919846805465906,0.6904343586841234,0.3990866817241324,0.05438375727581629,0.161092131198837,0.17763765035132517,0.36044639127282363,0.816552733688034,0.7919975876961407,0.5755414287805823,0.08531493760358239,0.5291194940068351,0.946468470325327,0.625979806036679,0.46555232975459665,0.8458963494841472,0.630276924567339,0.46981261259613916,0.08531493760358239,0.5291194940068351,41,41,41,41,41,41,41,41,41,41,41,41,41,41,41,41,41,41,41,41
00028150,0.2240761961267691,0.1777977345582567,-0.014800295428119064,-0.39632142362654627,-0.22226347563800625,-0.13359403471461348,-0.24705991190150234,-0.19090664456589881,-0.12877833232238042,-0.08837723581630033,-0.21454584799630275,-0.07999902397957732,-0.12875496002728448,0.1419760283252833,0.07188244987503548,-0.3758645107457119,-0.0821559374585639,0.03708442605840867,-0.21454584799630275,-0.07999902397957732,0.1590130580223739,0.2660765350603016,0.9268233121500847,0.010311072028420708,0.16250091853644077,0.40500992012554365,0.1194029869632273,0.23184090161098903,0.4223027971318104,0.5826849170521707,0.17797176456581712,0.619047649830684,0.4223877259981467,0.3759012473404532,0.6551518215025834,0.01544289988693503,0.6095955177403029,0.8179426890796834,0.17797176456581712,0.619047649830684,41,41,41,41,41,41,41,41,41,41,41,41,41,41,41,41,41,41,41,41
00028153,-0.11492327371024538,0.2596158866713612,-0.17442791690131224,-0.3933382346563378,-0.2981508880345019,-0.18687958404873606,-0.1488195086209387,-0.08356602225698959,0.04902165250897187,-0.08418735203262007,-0.24536460669448615,-0.11929002972166326,-0.011155587753406979,0.045286401120729645,0.10025594401602499,0.05532908121595537,0.07948407662823695,-0.11898416325078898,-0.24536460669448615,-0.11929002972166326,0.4743082123854368,0.10117434883736909,0.2753909492742026,0.010953441283650635,0.05830838864976747,0.24202134888393392,0.35308288340772315,0.6034497146114841,0.760847881456786,0.6007501968494288,0.1220423513651237,0.4575628580542992,0.9448115763420641,0.7785944925134519,0.5328422362963914,0.73115754141284,0.6213133348666554,0.45872528427805315,0.1220423513651237,0.4575628580542992,41,41,41,41,41,41,41,41,41,41,41,41,41,41,41,41,41,41,41,41
00028168,0.2739152010494825,0.1525514556313945,-0.0066341904963271425,-0.38577795660512826,-0.150410409468117,-0.2249611600936364,-0.3561544855293374,-0.10940757326862448,0.0657518814913626,-0.1298538390388044,-0.35345504612302625,-0.2174889572361134,0.04432887191235315,0.02195365168335015,0.029322263964026398,-0.3287200445603495,0.048161533158987864,-0.04732504403882805,-0.35345504612302625,-0.2174889572361134,0.08309740061591693,0.34100228976878405,0.9671633527231752,0.012736243624306845,0.347901570303767,0.15733021046364,0.022283970998468683,0.49591323266361786,0.6829507758068223,0.41840509909633444,0.02339312128445094,0.17195234818202537,0.7831621446170652,0.8916307470737159,0.8555931289270099,0.035865202457578696,0.7649240682971573,0.7688942812049714,0.02339312128445094,0.17195234818202537,41,41,41,41,41,41,41,41,41,41,41,41,41,41,41,41,41,41,41,41
00028169,-0.03365445306101359,0.16003278390659292,-0.10497836635107134,-0.39417756810089594,-0.22443642055368954,-0.14141757214353332,-0.3071771785123215,-0.18957038504656282,0.009723152477279166,-0.10479113641933885,-0.2776449956767797,-0.1738501359382385,0.01974652682444084,0.16269603053242662,-0.06644473123989192,0.05008142833242778,0.010184193951663926,-0.17772062785028947,-0.2776449956767797,-0.1738501359382385,0.8345352922398753,0.3175618037813855,0.5136205942292762,0.010769345089032559,0.15832648280086312,0.37780110388562127,0.05075002260956416,0.23518605146575766,0.9518891879144941,0.5143760147895213,0.07882326047914005,0.2770091844111527,0.9024704873166449,0.3094685502201523,0.6797874186752552,0.7558342735343121,0.9496107745093858,0.2662873047817399,0.07882326047914005,0.2770091844111527,41,41,41,41,41,41,41,41,41,41,41,41,41,41,41,41,41,41,41,41
00033182,-0.06252755335017164,-0.04230362808245231,,,-0.03463773274765862,0.009859021043750658,-0.21013692301198156,-0.05707383028168747,-0.1396446946959896,-0.0009191221167541936,0.14821836888013024,-0.1039833040944691,-0.32978198794501334,-0.25283433465992144,0.19025110212789936,0.13786474726714484,0.21492926340817012,0.27299386027614647,0.14821836888013024,-0.1039833040944691,0.6977418892541966,0.7928465799440287,,,0.8297710712191322,0.9512177011614174,0.18726881224829542,0.7230104594122527,0.3838699588265735,0.995449494066506,0.35505284365734213,0.5176417449252038,0.03523586612882289,0.11073488134998163,0.23347788671158656,0.3900203191162669,0.17717915709320856,0.08418049328922646,0.35505284365734213,0.5176417449252038,41,41,41,41,41,41,41,41,41,41,41,41,41,41,41,41,41,41,41,41
00033204,-0.12551070263812883,-0.3497757049330461,,,0.0974448521190668,-0.16618596133797586,-0.09109055863118025,-0.15159757168188606,0.1252545861375721,-0.00564135427582599,0.24879836379082412,0.07677840157604236,-0.08246500478005157,-0.1304764510264713,0.21128089719641208,0.14308803103443588,0.14096157510568239,0.01621673219471014,0.24879836379082412,0.07677840157604236,0.4342694996897513,0.024978698484541033,,,0.5444478037377958,0.2990632260502277,0.571117670098609,0.34406560679894904,0.43521533364185966,0.972075405257253,0.11674131259218078,0.6332742379767965,0.6082461726135583,0.41615805114374366,0.18482409353877416,0.3721351571501291,0.3793566042790322,0.9198417604221601,0.11674131259218078,0.6332742379767965,41,41,41,41,41,41,41,41,41,41,41,41,41,41,41,41,41,41,41,41
00033224,-0.09368755111478401,0.2250476290200282,,,-0.03510286036807576,0.022065194144624208,-0.013925679517043127,0.013711564551062243,-0.04280657236107001,-0.021680240203574674,0.06321352025963521,0.0975921392678093,-0.2467007552098383,-0.21238943881995734,0.03440894000654956,0.057438047399905795,0.09755680771995537,0.096684171012316,0.06321352025963521,0.0975921392678093,0.5601457676688376,0.15716647935460787,,,0.8275195015468736,0.8910834337781656,0.9311369924528213,0.9321933267130383,0.7904386415128866,0.8929725239003475,0.6945856428801611,0.5438367470548774,0.11995852645665657,0.18247682664724454,0.8308790955177202,0.7213135179165345,0.5439832987109039,0.547608884181544,0.6945856428801611,0.5438367470548774,41,41,41,41,41,41,41,41,41,41,41,41,41,41,41,41,41,41,41,41
00033237,-0.06984689826399568,0.14802778133130787,,,-0.10633701162359561,-0.06282466678983979,-0.016995625048099632,-0.0018010970661572496,-0.16323868479110654,-0.2046730326754257,0.11994943519985028,0.04705271622876823,-0.3624076429163212,-0.4763271293025056,0.12403510447302041,0.13853004478133082,0.03914853139991442,0.11815139683143246,0.11994943519985028,0.04705271622876823,0.6643334453752033,0.3556787960455832,,,0.5081555118246764,0.6963742009203134,0.9160051286315564,0.991083032948775,0.3078357033624776,0.199261934842514,0.4550622435369425,0.770188088804189,0.01988245638438394,0.0016430947326662158,0.43973449479286536,0.3877147707119199,0.8079946744878213,0.4618982063218003,0.4550622435369425,0.770188088804189,41,41,41,41,41,41,41,41,41,41,41,41,41,41,41,41,41,41,41,41
00033241,0.09009336892353564,-0.13816778518242018,,,0.09753622613660694,-0.14128229121657415,0.04666696803147817,-0.1360928620248869,-0.019547522047270442,-0.2008417941965894,-0.036532232380228284,-0.10412216573589522,-0.27664495769450964,-0.07576865577397073,-0.010309756184419337,0.15618658635569124,0.030403136821527323,-0.24954984348473944,-0.036532232380228284,-0.10412216573589522,0.5753565980662199,0.3889691679578723,,,0.544068677717455,0.37826218069389766,0.7720217991898681,0.3961996219528219,0.9034487382393408,0.20798664257613647,0.8206088544848529,0.5170796522338253,0.07995200996890099,0.6377619205756436,0.9489903283726525,0.3294828838425877,0.8503293890425918,0.11560471298755669,0.8206088544848529,0.5170796522338253,41,41,41,41,41,41,41,41,41,41,41,41,41,41,41,41,41,41,41,41
00033248,0.04386857030227731,0.013228448020009243,,,-0.045951275275427486,0.27519673787488175,-0.07692797269626347,0.3483911672489269,-0.11362443488024379,0.03137112106703553,0.049406490671693434,0.23228355689568286,-0.28095119504959953,-0.30146174172190454,-0.005699506432259669,0.3985540973721639,0.2111241822556649,0.44337765484671554,0.049406490671693434,0.23228355689568286,0.7853604666451968,0.934577196682298,,,0.775427185454119,0.08160895063138016,0.6326105850643013,0.025598047732686945,0.4793505784629215,0.8456208326890268,0.7590261534461056,0.14390075972550836,0.07517999628967682,0.05543800514354872,0.97178766792637,0.009851639003941178,0.18515765145995533,0.003691465093510567,0.7590261534461056,0.14390075972550836,41,41,41,41,41,41,41,41,41,41,41,41,41,41,41,41,41,41,41,41
00033276,-0.1276798350338025,0.02658107520119244,,,-0.16824187123185833,0.054064979137992054,-0.22020998603693054,0.279421349972652,-0.42790567932232587,0.09289977670093216,0.0947038983811221,0.3529194257781713,-0.48994319972631356,-0.14299448382962757,-0.04289091742375487,0.024062365565730486,0.31375135056747844,0.3205383566400428,0.0947038983811221,0.3529194257781713,0.426304835233246,0.8689696458208338,,,0.2930397765228164,0.7370785638395162,0.16651866004845334,0.07684903124377664,0.005257404269752467,0.5634636022162972,0.5558787553188548,0.02361858229204056,0.0011480779491783782,0.3724511106825968,0.7900350114860129,0.8812924464920385,0.04575791889256928,0.041028952712997196,0.5558787553188548,0.02361858229204056,41,41,41,41,41,41,41,41,41,41,41,41,41,41,41,41,41,41,41,41
00033277,0.09438853981776274,-0.04617649531839489,,,0.09885860702182306,0.0011680575884479621,0.04725820242281022,0.11795730440699685,-0.20042383578616468,-0.11903565426306599,0.12474819577207183,0.2605723624182276,-0.3093736163315382,-0.2684827698986442,0.18261405793517702,0.3033361195270421,0.1729260913890661,0.02575260326270215,0.12474819577207183,0.2605723624182276,0.5572011179238194,0.7743550998188617,,,0.5385960673103201,0.9942170514016959,0.7692117832461941,0.46263940554866045,0.20895429094726226,0.458529484657579,0.4370887827303777,0.09987841221797043,0.04903560532651758,0.0896428166192515,0.2531296668648048,0.053863844628418145,0.27961014220288577,0.8730197200802009,0.4370887827303777,0.09987841221797043,41,41,41,41,41,41,41,41,41,41,41,41,41,41,41,41,41,41,41,41
00034285,0.18224188851550888,-0.043475586724196484,0.05631276442638013,-0.27708190535747323,-0.027881837103406932,-0.15288530340082798,0.01365967416816849,0.24773638548981225,-0.3109519794772428,-0.08048512091869472,-0.14384877292786144,0.20025424867714345,-0.37111478789118396,-0.1761730012126246,-0.09230148028355936,0.11930118358962521,-0.13242280240870472,-0.06759331378351875,-0.14384877292786144,0.20025424867714345,0.25411479503850554,0.7872385925404008,0.7265605977324975,0.07945728170615993,0.8626174297483065,0.3399341434173264,0.9324493447964322,0.11836188808819181,0.04783270295260049,0.6169120882206204,0.3695717017566378,0.20934780780221246,0.016902995838336682,0.2705410629454533,0.5659894867098471,0.45752049853477667,0.4091778437059946,0.6745552493707897,0.3695717017566378,0.20934780780221246,41,41,41,41,41,41,41,41,41,41,41,41,41,41,41,41,41,41,41,41
00034310,-0.025252420059370694,-0.18338268262708848,0.11554786502284742,-0.2770819053574732,-0.149876912058572,-0.2653214977010412,0.2892578146404039,0.19351399463576238,-0.36254103817359845,-0.1685674708044484,-0.08395466508575804,0.21927848091071797,-0.367145229382664,-0.23903797514284378,-0.15892048806626885,0.18684999228627405,-0.17868289037711957,-0.019963661247498713,-0.08395466508575804,0.21927848091071797,0.8754664754022412,0.2511032260235886,0.4718934273687159,0.07945728170616018,0.3496338848898154,0.09363128069168644,0.06660829398420846,0.22540756201462328,0.019833691163067022,0.2920930575397627,0.6017605475321296,0.16836465719416827,0.01821097403822223,0.13227982709955377,0.32098102436520853,0.2420972579787141,0.2636648828389985,0.90140327856999,0.6017605475321296,0.16836465719416827,41,41,41,41,41,41,41,41,41,41,41,41,41,41,41,41,41,41,41,41
00034312,-0.12082997928613314,-0.10082095000612548,0.0876323585003006,-0.2770819053574732,0.08307372920021332,-0.22007359080393107,0.22089774705645035,0.2753563335765304,-0.3414622007549104,-0.2661931257729919,0.1305967033886187,0.19821984739322115,-0.4275142996818333,-0.3475660016563145,0.011721201851516098,0.2594294518693807,-0.09584274785928464,-0.028067085381128953,0.1305967033886187,0.19821984739322115,0.4517345852647011,0.530524220564829,0.58587870034086,0.07945728170616018,0.6055923143748694,0.16678804170847716,0.16516511373150328,0.08142505189230864,0.02889248116160712,0.09251817285656697,0.41572484248185654,0.21410875429501364,0.005303538878610659,0.025973203477923066,0.9420180197574459,0.10142844273683146,0.551115622126514,0.8617134620663177,0.41572484248185654,0.21410875429501364,41,41,41,41,41,41,41,41,41,41,41,41,41,41,41,41,41,41,41,41
00034313,,,,0.2578636443784414,,,,,,,,,,,,,,,,,,,,0.443945124042959,,,,,,,,,,,,,,,,,11,11,11,11,11,11,11,11,11,11,11,11,11,11,11,11,11,11,11,11
00034332,0.13581313105560375,-0.006171733686309598,0.15352252321463572,-0.2770819053574732,0.13399459285562473,-0.20223626717878315,0.08975859559722872,0.08624723390119492,-0.01784590166628741,-0.206121535340376,-0.010961775228921816,0.20895967745038774,-0.39371226692731104,-0.4036717651178511,0.23445873382348767,0.28202973210465565,0.09582852907866218,0.02919817896564734,-0.010961775228921816,0.20895967745038774,0.397180324415797,0.9694512175654793,0.337901086536979,0.07945728170616018,0.4035901193959437,0.2047807894701171,0.5767828733871944,0.5918383036185655,0.911819026693007,0.19603125800454746,0.9457689642013674,0.18980849585660223,0.010871073310630995,0.008864190228749833,0.14007914228660442,0.07402051982635624,0.5511749717518426,0.8561978098626556,0.9457689642013674,0.18980849585660223,41,41,41,41,41,41,41,41,41,41,41,41,41,41,41,41,41,41,41,41
00034344,-0.09918735102281703,-0.1290602464933905,0.0699736947306919,-0.2770819053574732,-0.022830954698262247,-0.19878873646379852,0.39074763991761496,0.42652199891804604,-0.04599230846169636,-0.15754989301897734,0.25522434086503487,0.2447202397405359,-0.3278640857385237,-0.4010223817882553,0.3092386188586943,0.2744835559947398,0.14437482914387487,0.11709772232105328,0.25522434086503487,0.2447202397405359,0.5372397055390983,0.4212791518493325,0.6637600797652139,0.07945728170616018,0.887327381500841,0.21276993759373586,0.011538688188086907,0.005422085518697139,0.775231829813364,0.325225918959882,0.10729028555944674,0.1230569546521986,0.03637914365361588,0.009364225044983,0.04913961178912893,0.08243469414421604,0.3678052464485347,0.4659296237321481,0.10729028555944674,0.1230569546521986,41,41,41,41,41,41,41,41,41,41,41,41,41,41,41,41,41,41,41,41
00034352,0.030832857865411938,-0.10259933294945375,0.1057584772782895,-0.2770819053574732,0.005007234277671843,-0.14252464118748492,0.4001426007527078,0.3423181900778213,-0.14851628604080652,-0.1886218897377182,0.0947288165282923,0.14691029012567805,-0.35065208799605774,-0.3679870129864641,0.17407963189967685,0.15965347733362661,0.08878934610313174,0.0661123288662733,0.0947288165282923,0.14691029012567805,0.8482384579880412,0.5232604223762657,0.5104790479073648,0.07945728170616018,0.9752132550255391,0.37404040787932075,0.009535530821812636,0.028467428343691106,0.3540757248509881,0.23758031167336569,0.5557743312360311,0.3593624488016802,0.02459314436100736,0.017926714102018442,0.276365673835514,0.3187252126807113,0.5809212884600267,0.6813044025460664,0.5557743312360311,0.3593624488016802,41,41,41,41,41,41,41,41,41,41,41,41,41,41,41,41,41,41,41,41
00034363,-0.05151623552545266,0.16889221660472242,-0.05746805270492595,-0.2770819053574732,-0.17830499768191893,-0.06307224423031611,0.36551420432058795,0.415045706638468,-0.43011890919726076,-0.14372200123028112,0.07429488336437833,0.13438753242869877,-0.45329219873159443,-0.2897487477363807,0.10532818761093465,0.19069305856346486,-0.2733554142659251,0.03457572332973718,0.07429488336437833,0.13438753242869877,0.749062207910669,0.29115078995430316,0.7211737773890329,0.07945728170616018,0.264692692143929,0.6952352632534727,0.018772548413449417,0.006969155784666727,0.005003012337855902,0.3699981475668264,0.6443348370253352,0.4022001099879709,0.0029175789006962226,0.06612698363421078,0.5122106514608016,0.23237339467110665,0.08375416315823812,0.8300713456522727,0.6443348370253352,0.4022001099879709,41,41,41,41,41,41,41,41,41,41,41,41,41,41,41,41,41,41,41,41
00034376,-0.03096617118245293,-0.11310608980420472,-0.014094158554857471,-0.2770819053574732,-0.04253620429005391,-0.24594901531470875,0.08643309483112928,0.267541900035105,-0.09697604671143834,-0.33265341419481814,0.045150777495144255,0.16991592199521985,-0.10842736196098131,-0.41381247875643273,0.12441073915198218,-0.1607999687365389,-0.028928615054345894,-0.008261803342918187,0.045150777495144255,0.16991592199521985,0.8475899916164915,0.4813707218012706,0.9303058844834031,0.07945728170616018,0.7917328410755982,0.12112760185492956,0.5910370709050936,0.090815885024886,0.5463949372421072,0.033579397445445885,0.779241008172179,0.2881933213541135,0.4998048078688622,0.007156100070949373,0.43833971529979426,0.315216883102313,0.8575117059492523,0.9591134178834209,0.779241008172179,0.2881933213541135,41,41,41,41,41,41,41,41,41,41,41,41,41,41,41,41,41,41,41,41
00034382,0.14800593851824995,0.05581059888972545,-0.05463324155235647,-0.27708190535747323,0.035369522899141095,-0.18611390311355505,0.0794042605693068,0.20179447896589642,-0.13886649461545558,-0.4265093224822403,-0.13918856781104005,-0.019619183498115096,-0.42396616324914055,-0.4296759411117389,-0.018303300243387513,-0.07278786930837516,-0.0010919004072787882,-0.21515866978803008,-0.13918856781104005,-0.019619183498115096,0.3557505777449032,0.7289061448154894,0.7344149578099114,0.07945728170615993,0.8262292660067234,0.24399066224783675,0.6216648223707048,0.2057926881730249,0.3865518699295896,0.005423614671425201,0.38544057897983225,0.9030964546113158,0.0057380603499873175,0.00505305416844698,0.9095681163887985,0.6510837509370244,0.9945940930532748,0.17670613136407354,0.38544057897983225,0.9030964546113158,41,41,41,41,41,41,41,41,41,41,41,41,41,41,41,41,41,41,41,41
00034390,0.2843215084065879,-0.24720331767419604,0.13201830175944065,-0.2770819053574732,0.180739764519584,-0.14692712156843332,0.03303653581733785,-0.004292873987537811,-0.33121895278504243,-0.201439226504414,-0.0010285615351308232,-0.06256137833324198,-0.3645203564337074,-0.2628646872773524,0.1350931281014852,0.061987508640860146,-0.04321315572973958,-0.05550343647969143,-0.0010285615351308232,-0.06256137833324198,0.07160340189161397,0.11918171043798166,0.4106229680098828,0.07945728170616018,0.25811693303868083,0.35930679605611987,0.8375322467424631,0.9787486013473736,0.034398725939892676,0.20660890819962072,0.9949076742567092,0.6975861366024879,0.019121819814465774,0.09682431273938512,0.3997110283990841,0.700230266647291,0.7884934518068667,0.7303420632606704,0.9949076742567092,0.6975861366024879,41,41,41,41,41,41,41,41,41,41,41,41,41,41,41,41,41,41,41,41
00034391,-0.034817507185934876,-0.2417815718027877,0.03581273849876072,-0.2770819053574732,-0.13590573430835148,-0.23616380421870944,0.1454404134029602,0.18962481723111468,-0.28762244918343266,-0.34640267590884116,-0.3214477624041574,-0.01044364445722511,-0.37813850376025127,-0.46388137012547087,0.05267661236807304,-0.05503379748635359,-0.11414216283297765,-0.05121824476266425,-0.3214477624041574,-0.01044364445722511,0.8289006665786094,0.12776449952913432,0.8240857845722285,0.07945728170616018,0.3968555131009281,0.13713632404392964,0.3642426162018083,0.23504914963610918,0.06823162863135365,0.026509849145138632,0.04042669667884995,0.9483287731613398,0.014782520760134036,0.002251735638456042,0.7435989521857851,0.7325392805188453,0.47733728718410323,0.7504671674577029,0.04042669667884995,0.9483287731613398,41,41,41,41,41,41,41,41,41,41,41,41,41,41,41,41,41,41,41,41
00034396,0.02746023084746137,-0.26948663537019385,-0.07697070857202894,0.11610639672450279,0.2517458724551778,-0.0794782078074054,-0.22070987260899672,0.14272230874332506,0.17681289466886918,0.016526215059871667,-0.023796857636809672,0.21583759326934937,-0.16913240639313531,-0.18040313816194958,0.29085390120657706,-0.03859930042150918,0.23347040356048068,0.1887833981929219,-0.023796857636809672,0.21583759326934937,0.8646754111219036,0.08840416758825174,0.6324210164864676,0.4697395681040029,0.11233115624692142,0.6213391766781196,0.16553406698936682,0.3733712838396987,0.26877687651825755,0.9183171055237361,0.882593107514006,0.17531152086933288,0.2904551312074026,0.25901954100185953,0.06505356691545205,0.8106388657948561,0.14180615350744122,0.23717145616626115,0.882593107514006,0.17531152086933288,41,41,41,41,41,41,41,41,41,41,41,41,41,41,41,41,41,41,41,41
00034399,0.20916463538759547,-0.060095445444744655,0.061028309371944964,-0.2770819053574732,0.017688259929714647,-0.12668870092264722,0.06552245647033121,0.3950071012589276,-0.07613192914930585,-0.08499162940175824,-0.11208980467048552,0.35706105669232696,-0.3107850731277618,-0.41526633271446256,-0.0014871176698072332,0.09933351197142197,-0.22967926463379643,0.27597567062813383,-0.11208980467048552,0.35706105669232696,0.18936459428321986,0.7089726433360577,0.7046576108110665,0.07945728170616018,0.9125949580392363,0.4299338967473817,0.6839994495382359,0.01059000125147347,0.6361459190983639,0.5972636296228631,0.48534437132386277,0.021921477451532386,0.04795876787020233,0.006936159408715355,0.9926374519524619,0.5366371916599094,0.14857668185649237,0.08071446111820849,0.48534437132386277,0.021921477451532386,41,41,41,41,41,41,41,41,41,41,41,41,41,41,41,41,41,41,41,41
00034410,,,,-0.006440746996890022,,,,,,,,,,,,,,,,,,,,0.9850053176675442,,,,,,,,,,,,,,,,,11,11,11,11,11,11,11,11,11,11,11,11,11,11,11,11,11,11,11,11
00034411,0.051910315229647654,-0.044325547902036605,-0.15871701596277046,-0.2770819053574732,0.029990792696832604,-0.1045956901597878,-0.0997976160287423,0.1477825865389614,0.06918743889760753,-0.011054857988851542,0.024545716381759022,0.09423814549851214,-0.3670414116643584,-0.2516323484902906,0.14581749439150624,0.00422673485688075,0.15402939637539292,0.1983774338545976,0.024545716381759022,0.09423814549851214,0.7472054396743623,0.7831780135843412,0.321608992919552,0.07945728170616018,0.852336719268301,0.5151651776614528,0.5347262004869142,0.35648507970846843,0.6673185175604686,0.9453091479897262,0.8789254163282729,0.5578322698914451,0.018246293192567438,0.1124986425390059,0.3629868821983913,0.9790759431096863,0.33628927364212297,0.2137373090145617,0.8789254163282729,0.5578322698914451,41,41,41,41,41,41,41,41,41,41,41,41,41,41,41,41,41,41,41,41
00034423,0.07366428598070547,0.05140069596306246,-0.13644684062047455,-0.2770819053574732,-0.10520511267553617,-0.1693641700102654,-0.10206334138890963,0.2181234853366427,-0.38683484035580773,-0.30890187332228153,-0.004618129044615066,0.021581401671095474,-0.40673421859739955,-0.3392288509879783,0.04823959455451256,-0.12794669075243426,-0.1453022752691139,-0.07574953362089841,-0.004618129044615066,0.021581401671095474,0.6471554762702234,0.7496068562911646,0.39496063248829133,0.07945728170616018,0.5127064795548224,0.28978489673252406,0.5254445026508102,0.17067399193593089,0.012473083129175692,0.0493998268797324,0.9771388706711147,0.8934576502633548,0.008314905617826022,0.030026250537484603,0.7645538678549464,0.4253306787459679,0.36470328834062393,0.6378470303511952,0.9771388706711147,0.8934576502633548,41,41,41,41,41,41,41,41,41,41,41,41,41,41,41,41,41,41,41,41
00035412,-0.07846398321381527,-0.36557099625715855,-0.3088643922737365,,0.15038587226238204,-0.08956533978915422,0.11309728260837973,0.20780887986316088,0.5364546528546591,0.4394173252040377,0.43284830145183417,0.4488739170105757,0.164579726164683,0.3285794433123667,0.5638802177901796,0.3518338406058766,0.517248737733533,0.2876452109871318,0.43284830145183417,0.4488739170105757,0.6258117670944675,0.018752752832913295,0.04942885836063961,,0.3479811295944474,0.5776069529649545,0.48140508446134,0.19231459670677253,0.00029977961448775025,0.004047440825072218,0.004704067537342648,0.0032428550338896326,0.30382405418501707,0.03594921261433325,0.00012339636340041464,0.024081101014817533,0.0005342327269217743,0.06820882178637168,0.004704067537342648,0.0032428550338896326,41,41,41,41,41,41,41,41,41,41,41,41,41,41,41,41,41,41,41,41
00035426,-0.18314815414288815,-0.375966319189406,-0.32944946109804657,,0.05568438651360546,-0.005650330987219023,0.12796271932962872,0.26804115944685014,0.4602161459159175,0.4936912494790893,0.30672965243241396,0.3975070307482823,0.45621561268571703,0.42958861880313576,0.30665557390851395,0.12885312774049637,0.3081503824416775,0.3874736382027497,0.30672965243241396,0.3975070307482823,0.2517203920284781,0.015412809787896989,0.03543194915681149,,0.7294960503407251,0.9720309881892726,0.42527220623868756,0.09019194435563689,0.0024652488415834576,0.001037484850826353,0.051105182881464435,0.010064871508421225,0.002718416928470061,0.0050629700365712625,0.05116416460166731,0.422031074592282,0.04998453587381156,0.01231627855715319,0.051105182881464435,0.010064871508421225,41,41,41,41,41,41,41,41,41,41,41,41,41,41,41,41,41,41,41,41
00035433,-0.07073348974208173,-0.26350991324587736,-0.31059255502310773,,-0.10322474885682158,-0.09639713797461169,-0.11121938091570967,0.22858164954666035,0.21998500374129126,0.27139538928250667,0.4113099743345051,0.15940672067019007,0.13942347473020095,0.47727006119051024,0.3168494738047018,-0.006494728200629437,0.1949519749645311,0.13517550594873465,0.4113099743345051,0.15940672067019007,0.6603283065782567,0.09597774670532058,0.04810451042820919,,0.5207176250701613,0.5488039383813702,0.4887612231554877,0.1505804554305609,0.16696317036167804,0.08608560258320076,0.007548779149601638,0.3194835023865698,0.38463123351089806,0.0016035585806316965,0.043547264902995764,0.967853273619083,0.22191241587775326,0.39942101126401086,0.007548779149601638,0.3194835023865698,41,41,41,41,41,41,41,41,41,41,41,41,41,41,41,41,41,41,41,41
00035459,-0.1279233590824261,-0.30671531872284163,-0.3626707793634531,,0.06926565773380028,-0.16615068372119254,0.0006755193366636625,0.301864057083755,0.37527661886145525,0.3836563267547113,0.2680383055747798,0.3438707070939889,0.3895268216228461,0.27746732688734566,-0.07850551216647672,0.050755019216573376,0.30943838897558956,0.33222771810167157,0.2680383055747798,0.3438707070939889,0.4254158011152389,0.05111659118828614,0.01978635803217456,,0.666964190831043,0.29916727102965374,0.9966555454848882,0.055097061166926024,0.01561762806047416,0.013278794136833628,0.0901955014882736,0.027709710866968523,0.01182359787100324,0.07902288120340505,0.6256283686652628,0.7526527502400406,0.04898576542130778,0.03382085336426047,0.0901955014882736,0.027709710866968523,41,41,41,41,41,41,41,41,41,41,41,41,41,41,41,41,41,41,41,41
00035473,-0.3721882904674602,-0.4153720648801444,-0.3720850803834827,,-0.036882537659730326,-0.12172392402435805,0.26393025655127605,0.14482501092759073,0.2893961024984169,0.2247750381141947,0.502163627434509,0.3411225826126502,0.20333661971836756,0.02643644867703654,0.097573551229602,0.16823288471395687,0.30147879063231176,0.28634902092455455,0.502163627434509,0.3411225826126502,0.016563201266342947,0.0069203941647731975,0.01659561782125034,,0.8189172370139788,0.4483698567125608,0.0954293066825985,0.3662975911031896,0.06647243713173309,0.15768305850152284,0.0008216475595727102,0.02906257106496527,0.20227560217595372,0.8696764331556021,0.5439138459883197,0.2930659339110337,0.05542352277511355,0.06951720197080959,0.0008216475595727102,0.02906257106496527,41,41,41,41,41,41,41,41,41,41,41,41,41,41,41,41,41,41,41,41
00035484,-0.2478956092935996,-0.21020133387218568,-0.36755469607288954,,0.037737647726787116,0.0014007467159829132,0.2584521425520383,-0.0035308520385749654,0.2759087934768403,0.4170761696361881,0.36613132161697454,0.36289514901101666,0.27891547955551244,0.3292339497488839,0.13413453226332817,0.26672981849167676,0.17400642906634906,0.23601259149057077,0.36613132161697454,0.36289514901101666,0.11811783875712312,0.18713055718017443,0.01807223218925747,,0.8147913417901497,0.9930650539153595,0.10276842403910602,0.9825202642793815,0.08079095817866501,0.0066705349253715325,0.018558382587299832,0.019704725480555747,0.07740726588609756,0.035559508037863626,0.40309477224013585,0.09183788824243203,0.27657082935466265,0.1373954385155313,0.018558382587299832,0.019704725480555747,41,41,41,41,41,41,41,41,41,41,41,41,41,41,41,41,41,41,41,41
00035486,-0.265710719683616,-0.1844037366736016,-0.34153840264960467,,-0.004626004162159258,-0.11153555164191961,0.30032367119500025,0.30866496065053795,0.1734460794357197,0.388918760722504,0.5371226559032526,0.4128174298766439,0.1484539348159308,0.5109550271333655,0.38778512283937866,0.18736337118470292,0.0836123305751065,0.1935537546791115,0.5371226559032526,0.4128174298766439,0.09313295830132874,0.24842813377577924,0.02885443051124999,,0.977099896747483,0.48751865515729903,0.056411623030627994,0.049583562297905205,0.2781445481621376,0.011967726318336487,0.00029363139480499537,0.0073100755648342845,0.35428009130423155,0.0006408845828744588,0.01224042941752788,0.2407826147641638,0.6032483362507117,0.22531041670110033,0.00029363139480499537,0.0073100755648342845,41,41,41,41,41,41,41,41,41,41,41,41,41,41,41,41,41,41,41,41
00035487,-0.27783454525942936,-0.44815458686994747,-0.3706325008653649,,-0.01008968582491531,-0.02880503256400673,0.11373759183000731,0.38021453939363575,0.30022268694462784,0.4144859638993368,0.40935991886241346,0.45905656442676773,0.3031861694726174,0.411318639380475,0.3639652727094729,0.15366465627411552,0.18503456922187198,0.29335207874145774,0.40935991886241346,0.45905656442676773,0.07861072583730239,0.0032987118402126583,0.017057556263005525,,0.9500777910229224,0.8581141931414847,0.47891016455548546,0.014200661766983787,0.056498671314721444,0.007053478024950209,0.007867504048058938,0.00253640610813429,0.05398844310916332,0.007547388097900666,0.019319258785485932,0.33744863535711145,0.24678500385904595,0.06267800830060967,0.007867504048058938,0.00253640610813429,41,41,41,41,41,41,41,41,41,41,41,41,41,41,41,41,41,41,41,41
00035498,-0.12395493523382194,-0.44318169511431726,-0.3011581908664543,,0.0356290985738592,-0.22642423346363183,0.10344904085233968,0.16928341999129798,0.48373191754041545,0.33660231982226446,0.4852554153240984,0.41920258824993883,0.4436776504380211,0.29513565592769414,0.48611048674857715,0.28320538672601153,0.329833608531555,0.13786133100093628,0.4852554153240984,0.41920258824993883,0.4400324900080911,0.003708413384271173,0.05569636705635796,,0.8249737528322351,0.15457653464801235,0.5198071980319262,0.29001830308840515,0.0013545181392778873,0.031406374307995005,0.0013010519926249995,0.006369711350300422,0.00366564992041373,0.0610245417743262,0.001271870800847457,0.07277268494912839,0.03520550665675553,0.3900321786100084,0.0013010519926249995,0.006369711350300422,41,41,41,41,41,41,41,41,41,41,41,41,41,41,41,41,41,41,41,41
00035509,-0.12192770131451239,-0.3539967303716805,-0.3239636607296512,,0.00827415776274339,-0.1642852873821834,-0.10912958820594162,0.27177575870099346,0.35830629561099697,0.457528801543987,0.19071292111964536,0.453843938216877,0.21600105058736938,0.28784671749888263,0.2623221978277127,0.0880642032172516,0.33103893114063904,0.3537640424750122,0.19071292111964536,0.453843938216877,0.44760477595429726,0.02316693593472077,0.03879796999283631,,0.9590523290493378,0.3047019785319462,0.49701529106678494,0.08562926007529861,0.021431612780358385,0.002632907813409891,0.23232384002246986,0.0028790402433928886,0.17497693694016583,0.06800717907451691,0.09754051398413309,0.5840261443237008,0.034502698886682524,0.02326387242378043,0.23232384002246986,0.0028790402433928886,41,41,41,41,41,41,41,41,41,41,41,41,41,41,41,41,41,41,41,41
00035512,-0.1132667216763692,-0.3775103761317003,-0.31204760929022185,,-0.022381426851186208,-0.19574867740645754,0.16000268068134313,0.3706042436255281,0.2390716281133048,0.17705529675981385,0.3701050193138917,0.31466095928969723,0.12163686839063949,0.18936561209195102,0.4871148597925248,-0.12793561090769445,0.21222576521773676,0.23671893013503448,0.3701050193138917,0.31466095928969723,0.4807442164156245,0.014962496719238612,0.047011798520301504,,0.8895320242560446,0.21999209915431636,0.3176540385284715,0.017066648793390718,0.13222373209190783,0.2681105607659174,0.0172279626094333,0.04509965343443838,0.44869692404454314,0.23570155959206215,0.0012383366331761346,0.42537110083453256,0.18282205210343924,0.13618817861094282,0.0172279626094333,0.04509965343443838,41,41,41,41,41,41,41,41,41,41,41,41,41,41,41,41,41,41,41,41
00035521,-0.21779087915100068,-0.37310592597326,-0.40892638190766994,,-0.08540585997350866,-0.2656680989669385,-0.08177227926107519,-0.06622463174229783,0.20670347490850696,0.03085523518178211,0.46199610613160225,0.3750229394430006,0.16260817372594213,-0.06792782165366737,0.19159706619230546,0.2260502986252828,0.13966384225175688,0.1057802853847005,0.46199610613160225,0.3750229394430006,0.17134322337334892,0.01627732911584965,0.007939915532872148,,0.595471384393218,0.09318742585065559,0.6112722922600339,0.6807917473010261,0.1947437684906596,0.8481296027127607,0.0023594345210916534,0.015693538923055812,0.30973342760577055,0.6730342818728386,0.23012530316826033,0.1552769532369318,0.38380410887265254,0.5103913644894833,0.0023594345210916534,0.015693538923055812,41,41,41,41,41,41,41,41,41,41,41,41,41,41,41,41,41,41,41,41
00035522,-0.19442876855468136,-0.5411713195399397,-0.32119987110062964,,-0.10197744529512111,-0.22843599899136113,0.06789985243291743,0.2378173865683597,-0.053559581724344066,0.2912271893745169,0.21819854798221872,0.5048354270314148,-0.005208757575853692,0.18594992172518435,-0.05990793338040356,0.1098220713627964,-0.060235447219878134,0.2724129135768024,0.21819854798221872,0.5048354270314148,0.22317977466272884,0.0002587339527896564,0.04059014474719464,,0.5257949316906897,0.15084783110365801,0.6731614054708333,0.13432637787085286,0.7394500576492529,0.06469413480968127,0.17052322019909238,0.0007624250088378348,0.9742160043676965,0.24441382041241544,0.7098410838776062,0.494272305262373,0.7083244780770444,0.08486905459560647,0.17052322019909238,0.0007624250088378348,41,41,41,41,41,41,41,41,41,41,41,41,41,41,41,41,41,41,41,41
00035542,0.007323908937967666,-0.045181024372650314,-0.2849311430821439,,0.25431234620750254,0.02054525937955782,0.2755982913058403,0.1310615144081434,0.30929848710405417,0.5257021847654887,0.44978867936921235,0.3519928729669018,0.38578139597665956,0.3503905109884462,0.44437253547439165,0.22230293725701356,0.14118178324387737,0.3570976158025176,0.44978867936921235,0.3519928729669018,0.9637516678755137,0.7790968090566968,0.07097100498738416,,0.10859494322116255,0.898545590926696,0.0811468655732861,0.41405277073550045,0.049093465410177804,0.0004160252396410687,0.0031730194582564406,0.024012876569304405,0.012735379636381222,0.02470769987440503,0.0036064585394957782,0.16242440468142297,0.3786049566423108,0.021906963259630294,0.0031730194582564406,0.024012876569304405,41,41,41,41,41,41,41,41,41,41,41,41,41,41,41,41,41,41,41,41
00035550,-0.3543858440093137,-0.45513858276813757,-0.2850882735251241,,0.0012430364431699446,0.0861926177463053,-0.06968362257342461,0.017925926682278777,0.11574502217874698,0.245161807846776,0.5118635068549361,0.38729362841780524,0.2167252423534022,0.3442657285003135,0.3903184537470491,0.12771605615424336,-0.033250597187741364,-0.049701107123695784,0.5118635068549361,0.38729362841780524,0.02300558626542802,0.002790357711285927,0.07080872298921176,,0.9938458446620677,0.5920738408989441,0.665072045832112,0.9114251649327958,0.47113253586657355,0.12236099320635942,0.0006244003909719215,0.012360294547336203,0.17350008305251857,0.027519607614963144,0.011638175463933982,0.4261725367774327,0.8364937710327469,0.7576323799935757,0.0006244003909719215,0.012360294547336203,41,41,41,41,41,41,41,41,41,41,41,41,41,41,41,41,41,41,41,41
00035562,0.044816435395191874,-0.373063096045648,-0.24655325042069498,,0.010737298923214149,0.2941132058279672,0.10419383076478446,0.11073072827919993,0.4627531217669812,0.37680074697384225,0.4670111396416266,0.35111935394246896,0.4716928165840891,0.40567781558942967,0.4954868851232471,0.07842960385605029,0.2447372779251032,0.29141187945142627,0.4670111396416266,0.35111935394246896,0.7808354377809014,0.01629057869358181,0.12018724774889801,,0.9468779178479815,0.06196810402648439,0.5167896810043181,0.4906848755522748,0.002315656284714861,0.015168052648272621,0.002082474492042946,0.02438960925313425,0.0018501972372488202,0.008500982073475416,0.0009879380639643042,0.6259636086149915,0.12303004556405105,0.06451688338743491,0.002082474492042946,0.02438960925313425,41,41,41,41,41,41,41,41,41,41,41,41,41,41,41,41,41,41,41,41
00035565,-0.10483906772383002,-0.2835317698076317,-0.24241712206966834,,0.009392782179777638,-0.008791336438646435,-0.06022163778669247,0.3313671652054059,0.3192720253855172,0.2542311520613756,0.1959059243927529,0.3356608205010472,0.3488794714556759,0.16684770679232014,0.2465482480863556,0.1327303985249366,0.19830055732312774,0.18006945302904187,0.1959059243927529,0.3356608205010472,0.514182572494801,0.07242921351406088,0.1267351607195397,,0.9535220730439764,0.9564952499023875,0.7083884025000908,0.03431331782958661,0.04187972880164876,0.10871167788353198,0.2196144398654485,0.03191364413686307,0.02537817240815062,0.2971158277068558,0.12019501012855745,0.4080808709550705,0.21391845797627423,0.259916333907448,0.2196144398654485,0.03191364413686307,41,41,41,41,41,41,41,41,41,41,41,41,41,41,41,41,41,41,41,41
00035582,-0.10387383581022056,-0.3339947879563798,-0.26728572914202886,,0.09266196087091172,0.05162011484039535,0.22201236549017203,0.05807069778373509,0.21779205292544737,0.2639773375550493,0.4957104330094795,0.35734360086927025,0.46485243494394746,0.4848832654833907,0.47231355594436186,0.17902773556284146,-0.01040660064851141,0.02693070386792129,0.4957104330094795,0.35734360086927025,0.5180850714412065,0.03282781422234167,0.09113732218183383,,0.5644669862891097,0.7485726280754484,0.16298841918608512,0.7183690418391327,0.1713408583268159,0.09536802854683227,0.0009819194179449147,0.02180951437454212,0.002197968848101024,0.0013139366890313334,0.0018211842817587166,0.26272926935856306,0.9485118068811628,0.8672614331309022,0.0009819194179449147,0.02180951437454212,41,41,41,41,41,41,41,41,41,41,41,41,41,41,41,41,41,41,41,41
00035588,-0.10373034398247102,-0.26714848182264866,-0.2063984864620075,,0.1376153735948891,0.12862972890469715,0.2356652408697426,0.3165185622208088,0.22201731162440977,0.3086868755561042,0.4849073167626392,0.45112125777405204,0.32179763175762144,0.4561428941260631,0.20483468944199162,0.34846514017287833,0.06255900473253233,-0.0420626957881484,0.4849073167626392,0.45112125777405204,0.5186664726870328,0.09130989805978494,0.19541778291625883,,0.39088656785883785,0.42284294724227706,0.13799202360981372,0.0437791693494599,0.16297880663183673,0.04956654331639587,0.0013131005723411558,0.0030736431839625744,0.040196921738327625,0.0027232224479202495,0.19889954108751517,0.02556463755442437,0.6975970658347761,0.7940007620187536,0.0013131005723411558,0.0030736431839625744,41,41,41,41,41,41,41,41,41,41,41,41,41,41,41,41,41,41,41,41
00035598,0.03657297282978256,-0.2615089859617225,-0.24184808832221313,,0.2308025610312239,-0.0953920343380411,0.20829217625862878,0.4409601353702279,0.39201641326680364,0.3207683131649685,0.33314379750025686,0.4810368720515317,0.47309061569045524,0.44035076091913483,0.36311128866669407,0.28372312997477067,0.23102872806923042,0.06820228925193525,0.33314379750025686,0.4810368720515317,0.8204120782704433,0.09862173737049468,0.12765647743128203,,0.1465463535288959,0.5529983820233382,0.19125928687504368,0.003905356813260607,0.011248809644110888,0.04087597795671807,0.03330300840830881,0.0014538817530166564,0.0017854314423085395,0.003960948099681602,0.01962635463229788,0.07222842814220314,0.14614004115821316,0.6717872691800667,0.03330300840830881,0.0014538817530166564,41,41,41,41,41,41,41,41,41,41,41,41,41,41,41,41,41,41,41,41
00035613,-0.30178446033445255,-0.24703897449049783,-0.3083905308681015,,0.13719572624741785,0.08712608387929771,0.07782427592907754,0.2384671904985574,0.019711558240916503,0.411679537638968,0.38359082329529026,0.4398049243774261,0.2000503608364169,0.5408635115342373,0.410262221004516,0.4447714902791649,-0.12741226131438066,-0.005244975647408989,0.38359082329529026,0.4398049243774261,0.05516438218886744,0.11943531945262283,0.04979708175903006,,0.39234682797091236,0.588053881021782,0.6286396212153801,0.13323394878099948,0.9026423726705202,0.007489646687779612,0.013295852465608087,0.00401132775349523,0.20982159988907537,0.00026124953954111585,0.0077186172319051866,0.003572853676582125,0.4272828670666146,0.9740367810356968,0.013295852465608087,0.00401132775349523,41,41,41,41,41,41,41,41,41,41,41,41,41,41,41,41,41,41,41,41
00035626,-0.20634704712341995,-0.5199623593668574,-0.2681723692671917,,0.10182674036506728,-0.1041951850174971,0.19892515331512217,-0.03586245335156782,-0.04339514877352326,-0.00011576455009028146,0.3194183663028934,0.33485533894140895,0.21915659619540664,0.1537037175520776,0.23588306877207407,0.17895426434243142,-0.1588903982157578,-0.11349889451636341,0.3194183663028934,0.33485533894140895,0.19553162391939688,0.0004933706653863346,0.09002851848252943,,0.5264100377255102,0.5167842022029133,0.2124497611927297,0.8238454316834901,0.7876231642806929,0.9994268552967641,0.041780683562764945,0.03235296742787295,0.16860728810256956,0.3373243574313215,0.13761767380432458,0.26292842221027873,0.3210738410442585,0.47983943781470345,0.041780683562764945,0.03235296742787295,41,41,41,41,41,41,41,41,41,41,41,41,41,41,41,41,41,41,41,41
00035707,-0.12762734370995096,-0.3109529731672663,-0.17981567962106693,,0.2568734827893927,0.12966421750435617,0.46934370940085157,0.29489841512995685,0.5085245857912365,0.4358919478620615,0.5372031887776929,0.4757401588728908,0.611200687082341,0.5480551609759607,0.4886537959805315,0.055171631947333204,0.3451941834660649,0.18548420973810792,0.5372031887776929,0.4757401588728908,0.42649660181629884,0.04783195321729219,0.2605997416727759,,0.10496143352393612,0.41909081669799847,0.0019637192490573703,0.061242452761728815,0.0006869119189656343,0.004389134248581899,0.00029289789363562055,0.0016681385999911505,2.1888000051866637e-05,0.0002078778937562327,0.0011884747267488574,0.7318941993664013,0.02707704288488495,0.2456183005722799,0.00029289789363562055,0.0016681385999911505,41,41,41,41,41,41,41,41,41,41,41,41,41,41,41,41,41,41,41,41
00036103,-0.07813593562226318,0.17788715315179282,,,0.013450078092916632,0.19542601967663364,-0.2683941852101241,0.06596751450837302,-0.051141970318342,-0.04685160254182523,-0.15210713457912076,-0.20168209195342024,-0.24617965947153236,-0.22692579692017342,0.06290008627208679,0.05735608620713023,0.06038677968807728,0.09176743383150243,-0.15210713457912076,-0.20168209195342024,0.6272612584975865,0.2658322492492922,,,0.9334835232980117,0.2207684259766502,0.08975276080413414,0.6819656793696768,0.7508269124091684,0.7711439587327622,0.34242709492686874,0.20605066222347448,0.1207680064178605,0.15364067943764792,0.6960271766719153,0.7216952726483523,0.7076240834482251,0.5682485232391465,0.34242709492686874,0.20605066222347448,41,41,41,41,41,41,41,41,41,41,41,41,41,41,41,41,41,41,41,41
00036110,-0.2858770150169192,0.2621521774416582,,,0.17113080226734492,0.19866875915043788,0.13931632792824833,0.028853013764167598,0.27932220367132393,0.06849954528301101,0.2801910047975375,-0.21893327820442618,0.11066927708434374,-0.20487271498998147,0.09223461078620315,0.07276299345251384,0.2792442661758169,0.1720959638732353,0.2801910047975375,-0.21893327820442618,0.0699985348716567,0.09776581222166172,,,0.28470889903034446,0.21305180625196593,0.3850002718551251,0.8578802665843567,0.07695819133066711,0.6704376983497486,0.07600576043710225,0.1690524920713516,0.49092706362079164,0.19881436467785737,0.5662721201587486,0.6511953861294839,0.07704408572999324,0.28196030455735105,0.07600576043710225,0.1690524920713516,41,41,41,41,41,41,41,41,41,41,41,41,41,41,41,41,41,41,41,41
00036147,-0.15511300919536375,-0.16064422507575432,,,-0.24005537840864383,0.13728554893150036,-0.2449618694879529,-0.1798471228405113,-0.16441709391346168,0.06822565570830273,-0.11137069910263743,-0.1600117826262703,-0.2503419322630859,-0.05130970510616367,-0.041107878157650796,0.255940449258192,0.10380322050866708,0.028663684411722356,-0.11137069910263743,-0.1600117826262703,0.33285945408763895,0.31569203106445903,,,0.1305917648113413,0.3920340020723435,0.12267575170201599,0.2605150008113541,0.30430877285193314,0.6716811463373727,0.4881663299872463,0.3176261488539879,0.11441576283788372,0.750035867643746,0.7985790414660127,0.10627424204810654,0.5183711505627903,0.858803388532076,0.4881663299872463,0.3176261488539879,41,41,41,41,41,41,41,41,41,41,41,41,41,41,41,41,41,41,41,41
00036164,-0.13291849347943518,-0.04796150810007575,,,-0.16269470272853492,0.059925578776376914,-0.22844108804400765,-0.07025478305816792,-0.19972824769140007,0.03876542094191394,-0.12976051903431293,-0.1419397026510939,-0.24547577439996585,-0.2317419385635056,0.007103004298653007,0.20173417653296444,0.20977577720934573,0.05400627871595574,-0.12976051903431293,-0.1419397026510939,0.40741090275982994,0.7658729078840203,,,0.3094725523137251,0.7097593457979496,0.15083848309922354,0.6624896908489534,0.21057164172261494,0.8098388826307191,0.4187424875858408,0.3760246539062114,0.12186794697538167,0.1448641732290334,0.9648443037610833,0.2059310788130271,0.1880453381943936,0.7373538828883174,0.4187424875858408,0.3760246539062114,41,41,41,41,41,41,41,41,41,41,41,41,41,41,41,41,41,41,41,41
00037170,-0.1083054488929808,0.12521636445085801,,,0.17817774632885788,0.20574706257687927,-0.25970770911763263,0.30146183900403,0.39316857919171155,0.02113878111993043,0.0846748987021893,0.1979372006819028,0.10838960397893997,0.2931773737901125,-0.17144914135338246,0.11250562336760901,0.49291921726813187,-0.1056185243477768,0.0846748987021893,0.1979372006819028,0.5002899062913017,0.43535658358184764,,,0.2650393923873758,0.1968629080038505,0.10104938228408582,0.05543792249767472,0.010990977433071945,0.8956306195844322,0.5986356115907749,0.21477609797726047,0.49995502318852425,0.06284186405573959,0.28380041236628956,0.4837164711727836,0.0010594577401707229,0.5110419339326921,0.5986356115907749,0.21477609797726047,41,41,41,41,41,41,41,41,41,41,41,41,41,41,41,41,41,41,41,41
00037179,-0.15790501656817407,0.11658634232527801,,,-0.09366442777629874,0.13346161252242478,-0.05978941550173926,0.3748329822184947,0.07077498689789329,0.3353306210312898,0.206096508972932,0.47733627002971457,0.01449951126809395,0.581283817404559,0.13783085838390452,0.18305463893079849,0.1709797541613226,0.16362366346962337,0.206096508972932,0.47733627002971457,0.32412270621692707,0.4678929387797917,,,0.5602430254345102,0.40547992830486557,0.7103901727344856,0.015750585551473566,0.6601410727591221,0.03209314255154435,0.19608676069694708,0.0016008143825322967,0.9283065783375983,6.738431105395162e-05,0.3901379729565532,0.25196676225713777,0.2851406257173846,0.3066806306814319,0.19608676069694708,0.0016008143825322967,41,41,41,41,41,41,41,41,41,41,41,41,41,41,41,41,41,41,41,41
00037181,-0.06104909256060486,-0.023417368272922474,,,-0.00796117127761803,0.08386338593661803,0.08218350457749024,0.4008995773386285,0.1046023919842037,0.20198297826172623,0.23552938294626102,0.34897560424890955,0.10001370764243382,0.2713009385543455,0.060281586107456625,0.10572297315690954,0.09410477054412952,0.10903914217323497,0.23552938294626102,0.34897560424890955,0.704561579937182,0.8844526642456297,,,0.9606000219521714,0.6021570919988681,0.609475111594772,0.009387977265150827,0.5151381073787614,0.2053605117740766,0.13822588481577558,0.02533507091181777,0.5338375504328313,0.0861992104701633,0.7081109136278454,0.5106218148075191,0.5583922770593215,0.4973741301806208,0.13822588481577558,0.02533507091181777,41,41,41,41,41,41,41,41,41,41,41,41,41,41,41,41,41,41,41,41
00037195,-0.23136998866327682,-0.15938392846430563,,,-0.17024425666078158,0.14762581006196926,-0.15645803515469214,0.09309949510963883,-0.043373862120952095,0.15518226653319542,0.1217392033157938,0.2707465172875823,0.12120690956812673,0.2985402335421295,-0.11026619534434728,0.09612169926767902,-0.0736990985000465,0.07135003367875208,0.1217392033157938,0.2707465172875823,0.14552853036112953,0.31955360060642457,,,0.287248905487018,0.35700119358762633,0.3286325238108251,0.5626215962579831,0.7877249435413399,0.33264098329253733,0.4483124659583362,0.08686843128758967,0.4503141830594722,0.05796481068814097,0.49251719611905387,0.5499518816391612,0.6469996335936309,0.6575485896647819,0.4483124659583362,0.08686843128758967,41,41,41,41,41,41,41,41,41,41,41,41,41,41,41,41,41,41,41,41
00037213,-0.07770620601553431,0.004118277520203036,,,-0.21238247923595285,-0.06402829447355556,0.030115129481573022,0.1364817344318374,-0.1034625970065662,-0.12059659681993457,0.11470296561132015,0.22147708349038928,0.05956765418728887,0.15235547866938193,-0.047753812283045795,-0.026184606423509563,-0.14880273055534055,-0.20316053428977077,0.11470296561132015,0.22147708349038928,0.6291621288913655,0.9796127372656577,,,0.18249149655716929,0.6908433373633075,0.8517313386424331,0.39483861982301127,0.5197521973377293,0.4526152690838267,0.4751615176155936,0.16403114140815486,0.7114179724756733,0.34163027919338373,0.7668584917956707,0.8709074204290744,0.35313777555279685,0.2026750489742682,0.4751615176155936,0.16403114140815486,41,41,41,41,41,41,41,41,41,41,41,41,41,41,41,41,41,41,41,41
00037238,-0.05679155650102808,-0.10989777792222628,,,0.16310362895599714,0.3200453064547719,0.10417358102025774,0.1506365993377343,0.256841518139536,0.0762707691613792,0.16963734099552272,0.13425104830951412,0.4595080221136476,0.16014663406339366,0.0671166880848848,0.07754169695318819,0.04475441018469459,-0.04909804455367145,0.16963734099552272,0.13425104830951412,0.7243265161604884,0.4939728975851758,,,0.3082415733967311,0.041358517098371204,0.5168716073673885,0.3471686971300674,0.10500620323323287,0.6355287357566041,0.28899620253205166,0.40268260454422383,0.002508490926451507,0.317213125270388,0.6767246176046532,0.6298904463425107,0.7811313247412355,0.7604861588175482,0.28899620253205166,0.40268260454422383,41,41,41,41,41,41,41,41,41,41,41,41,41,41,41,41,41,41,41,41
00037250,-0.159817427144319,-0.07682381493184917,,,-0.030963377713434753,0.41392220951835434,0.2008821573253485,0.05577209193856912,0.4000056866440619,-0.05146661063424125,0.32604263557076274,0.2129936702379025,0.198386591265615,-0.018664202293232374,0.19460410377556484,-0.07571879128995104,0.5029290559002388,-0.03180228466510069,0.32604263557076274,0.2129936702379025,0.3182220172807209,0.63307270712576,,,0.8476035786712917,0.007139292615990086,0.20789336032841027,0.7290861065798226,0.009562429838329705,0.7492961227315746,0.03749287156617427,0.18120638543959328,0.21371573792686505,0.9077925677946557,0.2227545083903031,0.6379838693757832,0.0008042760182039394,0.8435252221749842,0.03749287156617427,0.18120638543959328,41,41,41,41,41,41,41,41,41,41,41,41,41,41,41,41,41,41,41,41
00037254,-0.12192449031712806,-0.27129616234745557,,,0.35506329986480795,0.05875801282156117,0.27981038639186695,0.21035306905712037,0.19091473338223877,0.11491180975427807,0.3837158597372994,0.3008151003298938,0.34134118022778687,0.17118834894466842,0.5074499372312181,0.3874995559998739,0.09790089181006048,0.07678714738352144,0.3837158597372994,0.3008151003298938,0.44761682609464487,0.08620495851025377,,,0.02272691020576431,0.7151746956805858,0.07642187311825499,0.18680515061459912,0.2318207516894502,0.4743525950279688,0.013263306757309624,0.05598954172844566,0.02895299683061233,0.28454453058481965,0.0007081877339543105,0.012309952136170973,0.5425568766945498,0.6332354246726781,0.013263306757309624,0.05598954172844566,41,41,41,41,41,41,41,41,41,41,41,41,41,41,41,41,41,41,41,41
00037263,-0.05707027247901077,-0.009625343071516412,,,-0.020151825409941773,0.18609479874174198,0.06439601523111223,0.21181669564597524,0.0906345520568573,-0.013635801844648965,0.06827716753497813,0.17915485278362564,0.041443811066163405,-0.03130362414707995,0.3746884321659702,-0.02421746152308156,0.3295675483085648,0.03287809733929073,0.06827716753497813,0.17915485278362564,0.7230270422143623,0.9523725998367062,,,0.900478596140574,0.24403993610620595,0.6891567428908959,0.18368690798249365,0.5730543237749371,0.9325671289269075,0.67144721859544,0.26238493880216035,0.7969675007422372,0.8459489874656975,0.01579411312731155,0.8805328099104026,0.035362213819644474,0.8383010544685686,0.67144721859544,0.26238493880216035,41,41,41,41,41,41,41,41,41,41,41,41,41,41,41,41,41,41,41,41
00037298,-0.009101046408374353,-0.05505525502374202,,,0.2305128675307031,0.03605630549529854,0.21805057730748206,0.31670217129310063,0.008670166390532443,0.09404014608507923,0.23163447168409432,0.3641533623641068,-0.0617361182757089,0.029968861116850452,0.15776150483893914,0.0634967151258548,0.2612428243189763,0.1411898581222062,0.23163447168409432,0.3641533623641068,0.9549641596377761,0.7324388448255437,,,0.14706800429944156,0.8229083802432974,0.170820527723555,0.0436503718030179,0.9570943115878163,0.5586637129664115,0.14505589507927574,0.019252165932065583,0.7013896616924749,0.8524435101375933,0.324568251754312,0.6932840956633064,0.09897760813284251,0.37857741100534564,0.14505589507927574,0.019252165932065583,41,41,41,41,41,41,41,41,41,41,41,41,41,41,41,41,41,41,41,41
00038274,0.35632515677740645,-0.039530749918287894,,,0.04366781321616016,0.02879579185176712,0.29542860027599577,0.23507318103021255,0.08171634364102268,0.3600294139334309,0.10037794471815217,0.32376692816045943,0.18305120967273852,0.21430763997148417,0.20247653507273547,0.3013704381101863,0.04282671390455918,0.1004352946420063,0.10037794471815217,0.32376692816045943,0.022215347903752566,0.8061557810591764,,,0.7863197647819277,0.8581592464955693,0.06075631774026197,0.13901332249900789,0.6115169222879994,0.02076888531519803,0.5323412949441966,0.038923367833999065,0.25197579986874163,0.17846547053625247,0.20423192714761085,0.05551561548368988,0.7903422500237798,0.5321058923128261,0.5323412949441966,0.038923367833999065,41,41,41,41,41,41,41,41,41,41,41,41,41,41,41,41,41,41,41,41
00038306,0.3178808604562098,0.2899822158114194,,,0.07183763921331134,-0.2765177780014243,0.19708979798558912,0.005723119835901948,0.10149495983031734,0.07494473389678316,0.17575172354127133,0.30822680205624853,0.13018391202183574,-0.06571325147806109,0.27343706734126616,0.1198115227476454,0.06985574997277341,0.13606561367624675,0.17575172354127133,0.30822680205624853,0.04283085258810894,0.06589905985538759,,,0.6553534137297821,0.0800964584801124,0.21678548974783843,0.9716708296233296,0.5277654520775538,0.6414332190657489,0.2717066799892966,0.04992482299553915,0.4172129901524785,0.6831273077774406,0.08365811400120515,0.45558462622429247,0.6642934123729854,0.3962950895086448,0.2717066799892966,0.04992482299553915,41,41,41,41,41,41,41,41,41,41,41,41,41,41,41,41,41,41,41,41
00038308,0.2181784594296301,0.129242255874032,,,0.08833501831924027,-0.0650767536956261,0.08403274734262572,-0.04004347956894556,0.00889210994132154,-0.10626402795101135,0.15971114269976622,0.1184738193384921,0.04306480908230885,-0.07146439041521575,0.0887162538714509,-0.04732322441853603,-0.009413549840523373,-0.10146882050226232,0.15971114269976622,0.1184738193384921,0.17056356090868827,0.4206190100066823,,,0.5828657225889846,0.6860383757585048,0.6014214242364015,0.8036906031220366,0.9559970461985486,0.508448338033804,0.31854816886992277,0.4606683502139061,0.789203030623942,0.6570335056116703,0.5812339119077373,0.7689029240272908,0.9534194214074084,0.527872310996391,0.31854816886992277,0.4606683502139061,41,41,41,41,41,41,41,41,41,41,41,41,41,41,41,41,41,41,41,41
00038315,0.3548165433320081,0.3282883428614972,,,0.1480927710218752,0.07514426648109407,0.09076253337547421,-0.041278602968778805,0.2649619359828111,0.007451368845403111,0.15794956951881461,0.09845179091766834,0.2551761087625914,0.08721824196162241,0.23741721384939465,-0.27486148175683073,0.18830493901814313,0.08547981794401828,0.15794956951881461,0.09845179091766834,0.02282808710174922,0.03612365944459391,,,0.3554652733508755,0.6405433477017435,0.5725104867479194,0.7977599351883403,0.09409345263803678,0.9631212568370606,0.32398446532764685,0.5402768272916367,0.10735898402133137,0.5876576619795962,0.13500243797928208,0.08199631348122044,0.2383840561848974,0.5951516397750125,0.32398446532764685,0.5402768272916367,41,41,41,41,41,41,41,41,41,41,41,41,41,41,41,41,41,41,41,41
00038328,0.33332622447607996,0.14171977627108118,,,0.00558646784711288,-0.22032351162517036,0.3229058613489651,-0.05360936575026112,0.19020832979246508,-0.04363226285981914,0.3731157149517289,0.12161434870682766,0.135931041327196,-0.14240049225369739,0.15189461125809556,0.046482817895387385,0.1607323757609042,0.11782916858222109,0.3731157149517289,0.12161434870682766,0.03320066766337302,0.3830408771919773,,,0.9723469869461204,0.17190212552631087,0.039476112017179224,0.742503148878945,0.23358496840908485,0.7892140054621609,0.01627430214091666,0.45473278899703556,0.3967667740575466,0.3807364360865288,0.3431098851073525,0.7757859598665771,0.3154230425270114,0.4689953750311502,0.01627430214091666,0.45473278899703556,41,40,41,40,41,40,41,40,41,40,41,40,41,40,41,40,41,40,41,40
00038343,0.19601455325134795,0.08973117770886897,,,-0.08147231876722696,-0.02610823263722055,-0.24568353887873462,-0.09681356365740483,-0.14281644931833484,-0.055146976980970354,-0.020011150109272804,0.3888678388768849,0.021529798284223522,-0.16127583631533465,-0.21528350554006098,0.02231811924122537,-0.13801095410351524,-0.020826808685083856,-0.020011150109272804,0.3888678388768849,0.21935380777196853,0.5768997560578428,,,0.6125846328087843,0.8712807896713856,0.1215424996775781,0.5470705661364972,0.3730528592594475,0.7320095740919487,0.9011698950877389,0.011979863910734129,0.8937109489341928,0.31376788939799044,0.17644910585667634,0.8898425734007712,0.3895129627302191,0.8971626476526582,0.9011698950877389,0.011979863910734129,41,41,41,41,41,41,41,41,41,41,41,41,41,41,41,41,41,41,41,41
00038359,0.10858193781551641,-0.13908727908378166,,,0.20639369061219814,-0.2770602874159408,0.08424008356581233,-0.1792910388945723,0.20707278162266202,0.06631633652155142,0.17637119018338146,0.19448586873124124,0.36539560624972756,0.14741315524553644,-0.022951019848089976,-0.07407827196197671,0.06044732324410745,0.04067304705545386,0.17637119018338146,0.19448586873124124,0.499190087639061,0.385789866240479,,,0.19542839469354364,0.07948170197058112,0.6005213335190147,0.26201637522140453,0.19392980840462223,0.6803732260825017,0.2699938425036639,0.22304121997109463,0.018813943966250603,0.3577019833599237,0.8867386807955837,0.6453031797928803,0.7073439432094392,0.8006662417777953,0.2699938425036639,0.22304121997109463,41,41,41,41,41,41,41,41,41,41,41,41,41,41,41,41,41,41,41,41
00038372,0.33801744968449154,-0.06553571314543556,,,0.08888991658865024,-0.1876026521855282,-0.07318527695065459,-0.12197101511578318,0.3181799111209869,0.051425014007138475,0.25934920676924317,0.304798857436186,0.3669762309763551,0.14391424197917868,0.15840604991981583,-0.09868851105300372,0.1556690184648648,0.0427119982487142,0.25934920676924317,0.304798857436186,0.030656432719645847,0.6839388389291741,,,0.5804912611970039,0.24017152602314323,0.6493013285427146,0.4474422464600367,0.04262492858456337,0.7494922121288634,0.10153795979914054,0.05266046577538435,0.018268497320471318,0.3693515861961176,0.3225702041401394,0.5392985118652699,0.33110804590723236,0.7908912865036898,0.10153795979914054,0.05266046577538435,41,41,41,41,41,41,41,41,41,41,41,41,41,41,41,41,41,41,41,41
00038441,0.030825540450035913,0.07620823596213296,,,0.2881709254546059,-0.050498192361222966,0.3437908804931188,0.0510339085576459,0.14404088215619024,0.1852149673985479,0.22410186729070763,0.05722446272481751,0.16876480885188253,0.24998605125723591,0.11716260330606257,0.11915887652028714,0.08704871232700392,0.07852183915310124,0.22410186729070763,0.05722446272481751,0.8482740544268158,0.6358066835346976,,,0.06768374081193637,0.753865329042454,0.027748259094459597,0.7513366699058694,0.36892602761661963,0.24631646896989723,0.158964058155812,0.7223084812771726,0.2915202360796439,0.11494880222658466,0.46568084420927136,0.45806110281531365,0.5883866193355051,0.625556272202946,0.158964058155812,0.7223084812771726,41,41,41,41,41,41,41,41,41,41,41,41,41,41,41,41,41,41,41,41
00038456,0.055138651979290576,0.011456141860071902,,,-0.06685047465366238,-0.16230357730704167,0.041596660806354845,-0.17929705357942946,0.40432524963033695,0.22243615996307006,0.4044941735320154,0.36597753396387667,0.2123211613389044,0.18768759716298508,0.23674213181798665,0.30648131698457826,0.3348667295026119,0.002920351347307797,0.4044941735320154,0.36597753396387667,0.7320485328635681,0.9433270623767442,,,0.677937415896185,0.31065286195774405,0.7962345232436905,0.26200010547167313,0.008744437642819116,0.16216628629341787,0.008713708782548088,0.018611560322866896,0.1826207831294976,0.2399548417729111,0.1361486566739131,0.05130312482390787,0.03234672030402921,0.9855422405269407,0.008713708782548088,0.018611560322866896,41,41,41,41,41,41,41,41,41,41,41,41,41,41,41,41,41,41,41,41
00038457,0.0355645731090809,-0.007627424649952303,,,-0.16684547252866078,-0.006877496803390464,0.07983051481417223,-0.07074679722122476,0.223288088182261,0.293530105645156,0.15552853486753554,0.5801427179905858,0.36932758564261037,0.2626189413040646,0.10423945668245803,0.1523372792189297,0.04824763058857581,0.1557105873365205,0.15552853486753554,0.5801427179905858,0.8252858089391155,0.962250529163833,,,0.2971223890053845,0.965959771659463,0.6197886814461864,0.6602682614380045,0.1605227087501487,0.06251138624705276,0.3315500222283794,7.018504829622785e-05,0.01748173135679196,0.09714824728418232,0.5166051114841129,0.34168863365569213,0.7645157604864419,0.33097733605930185,0.3315500222283794,7.018504829622785e-05,41,41,41,41,41,41,41,41,41,41,41,41,41,41,41,41,41,41,41,41
00038469,0.061643606140689575,-0.029850251516998,,,-0.02448031685845793,-0.19459653438569197,0.07951690827211659,-0.11801776588365573,0.2886306860829503,0.1377712231267955,0.2720525684723227,0.5990211096048002,0.47718929107045605,0.20777904648521878,0.06038145350856973,0.0015131520167036006,0.14852954994938083,0.07572193775550659,0.2720525684723227,0.5990211096048002,0.705530597859552,0.8549206869402015,,,0.8808120393418635,0.22887819944079713,0.6257372860614732,0.468279164690444,0.07088177157564966,0.39656897517259093,0.08946065254225287,4.4320937340902707e-05,0.0018492709681332397,0.1982567862625174,0.7112973532742448,0.9926064743557498,0.36035793461121174,0.6423689605601927,0.08946065254225287,4.4320937340902707e-05,40,40,40,40,40,40,40,40,40,40,40,40,40,40,40,40,40,40,40,40
00038495,0.29606909156385264,0.16113457044659574,,,0.23628033329088405,-0.07596405972556605,0.13893236124139507,0.06710746644061291,0.3215082051451941,0.2559159117398786,0.25607377451976315,0.3095282199006876,0.4750373058355845,0.23789879999232336,0.1337379026544186,0.0975317325682527,0.12967397272916203,0.20337204874242945,0.25607377451976315,0.3095282199006876,0.06017314390549649,0.3141975969060616,,,0.13693688986461117,0.6368924706984157,0.38632444905820873,0.676766615541293,0.04038692493848705,0.10630893514853816,0.10608588688808251,0.04891671181254177,0.0016985700476603812,0.1341891448084027,0.4044996422795702,0.5440873193312915,0.419055523940348,0.2021952987047882,0.10608588688808251,0.04891671181254177,41,41,41,41,41,41,41,41,41,41,41,41,41,41,41,41,41,41,41,41
00038647,0.008247795175129129,0.03554759902765539,,,0.1445604709929542,0.12785077061435152,0.053868304804981226,-0.15401115395547593,0.3933021015627555,-0.014633807625921985,0.28526299713061803,-0.034634107425909645,0.37212206292223604,0.5436334237180439,0.2584235016056093,0.06903267601141463,0.25217738857796757,-0.21824404698842997,0.28526299713061803,-0.034634107425909645,0.9591826842753747,0.8253679028892822,,,0.36718308396461813,0.4256806912130898,0.7380011410856455,0.3363472003654673,0.010961426520193454,0.9276442886960589,0.07062861448327547,0.8297886258216453,0.016583996078834453,0.00023938399120642984,0.10280789646066293,0.6680197943630547,0.11169624725394445,0.17043187703213422,0.07062861448327547,0.8297886258216453,41,41,41,41,41,41,41,41,41,41,41,41,41,41,41,41,41,41,41,41
00038665,-0.24070648066451625,-0.13094785502812398,,,-0.1783775246233703,0.00563928803027313,0.024867359841848402,-0.11750660657370304,0.32453964109023437,0.046174127068654765,0.4042668806609918,0.02693592656849583,0.1586972076745573,0.4481538206460709,0.32821601246197774,0.12143996128625213,0.31723792077080587,-0.09532848893211016,0.4042668806609918,0.02693592656849583,0.12951992307990715,0.41446128575809515,,,0.2644952246896838,0.972085629121092,0.8773508623291445,0.46436298434863676,0.03843273344280365,0.7743663709425851,0.008755077113074399,0.8672359206009691,0.321670167661481,0.0032987717843269886,0.03616711201562574,0.4494371823304156,0.04327631239684748,0.5532640729794539,0.008755077113074399,0.8672359206009691,41,41,41,41,41,41,41,41,41,41,41,41,41,41,41,41,41,41,41,41
00038666,-0.2576181360079358,-0.08239465189841319,,,-0.10768061943655627,-0.10559221283527893,-0.029341905174687544,-0.05603673473716617,0.22392587050130477,-0.04961776333591349,0.2959454871240784,0.12536091351874815,0.4274394138441152,0.3901090408196505,0.24580159927883682,-0.10537379746491127,0.023653463496798026,-0.14191013280582065,0.2959454871240784,0.12536091351874815,0.10392258655072822,0.6085532111121087,,,0.5027798967056899,0.5111477927438189,0.8554974224342702,0.7278495916580888,0.15930021271694483,0.7580265867498722,0.06028533840082705,0.43482252979573294,0.0053124061035855815,0.011686983097279807,0.12135785823037255,0.5120269655369648,0.8832956884989479,0.3761251271281311,0.06028533840082705,0.43482252979573294,41,41,41,41,41,41,41,41,41,41,41,41,41,41,41,41,41,41,41,41
00038667,0.11675825613823985,0.06569786400102323,,,-0.048989082646205925,-0.025871488499470716,-0.06758681689347767,-0.14515610482471547,0.451134662016459,0.049844159558014786,0.3086550186135132,-0.004688891686466313,0.4726758032561867,0.3363344041976722,0.25244182607052523,0.2567954333083206,0.24644154891515624,-0.13196432362630406,0.3086550186135132,-0.004688891686466313,0.4672324279217212,0.6831976303218483,,,0.7610021177279231,0.8724383377616399,0.6745848026340112,0.3651911278741086,0.0030726575806807083,0.7569558992830637,0.049591284775600916,0.9767886685462681,0.0018044392633246433,0.031550043231165184,0.11130851510308347,0.10507077531070246,0.12036067055752571,0.41081603105660247,0.049591284775600916,0.9767886685462681,41,41,41,41,41,41,41,41,41,41,41,41,41,41,41,41,41,41,41,41
00038671,-0.24206883107188845,-0.09321213519979099,,,0.04515865049720867,0.11232394480332297,0.07470209756136416,-0.028084420858263195,0.423911464218691,0.0450119597788112,0.3971840842295425,0.14122659323667852,0.4613103784293426,0.5206911221249007,0.09879319584441319,0.1916351454725087,0.3578151522058813,-0.08710374693315588,0.3971840842295425,0.14122659323667852,0.12729848271596705,0.5621469670747061,,,0.7792034736795712,0.4844273792136411,0.6425159908849761,0.861628877934509,0.005744993447579882,0.7799029020306594,0.010131430256657048,0.37845211236417636,0.0023997167279453916,0.00048288475998767316,0.538866143369885,0.2300309347291715,0.021623718749125605,0.5881499330396067,0.010131430256657048,0.37845211236417636,41,41,41,41,41,41,41,41,41,41,41,41,41,41,41,41,41,41,41,41
00038674,-0.09615296539576258,-0.07085557644886398,,,0.08413108873132599,0.03623113440013457,0.022374595151930382,0.014291792393145458,0.4906585056896606,0.07587719936195242,0.3763478182331185,0.09424143518197771,0.46545337550786187,0.32265805056771457,0.28808863248263494,0.15204655502775594,0.36106175711259425,-0.10456877986399858,0.3763478182331185,0.09424143518197771,0.5498215169205866,0.6597775137463152,,,0.6009944303729873,0.822063492252771,0.8895655356897916,0.9293310488774603,0.001126197286295128,0.6372788966621488,0.015300495992099816,0.5578184606743931,0.002165264471851461,0.03963636995768298,0.06776572304513989,0.34262163842997656,0.020380121344307976,0.5152738819741405,0.015300495992099816,0.5578184606743931,41,41,41,41,41,41,41,41,41,41,41,41,41,41,41,41,41,41,41,41
00040617,0.03287221751997119,-0.038503774388541606,0.2607259023107694,,0.21527348872527213,0.28957396366888993,0.32732439963877985,0.511149246307111,0.3074215211376074,0.1599216082094073,0.34528611687620736,0.2935161465635753,0.3672225924518612,0.2170774301875549,0.41385416585660756,0.49948453059690573,0.253400202507708,-0.2057310324777572,0.34528611687620736,0.2935161465635753,0.8383295885947623,0.8110989746798811,0.0996715700469515,,0.1764697196853806,0.06629802513606652,0.036706274247528294,0.0006373282020743574,0.0505569503265538,0.3179025243484658,0.027033544156825153,0.06252443834451435,0.01818469225722311,0.17278510553509613,0.007149710845642512,0.000885113263278391,0.10991184212922396,0.19689856386171484,0.027033544156825153,0.06252443834451435,41,41,41,41,41,41,41,41,41,41,41,41,41,41,41,41,41,41,41,41
00040620,0.02991037258803808,0.0012217657485834553,0.4384642377359003,,0.1442023302231909,0.2846885075284947,0.16552316676830225,0.44605894060779383,0.14210483777664623,0.32991097482281945,0.16088737196841005,0.39005999731362545,0.2854868264936217,0.1480699335816473,0.11276927660586335,0.32495692366642226,0.08950845836076682,0.5082240002297244,0.16088737196841005,0.39005999731362545,0.8527283195072667,0.9939511518945681,0.004137449023223759,,0.3683839266235527,0.07122217075557276,0.301021897254611,0.003466267616498639,0.3754638460765556,0.03516004560151315,0.3149504282999822,0.011698438786581899,0.0703984144901752,0.35554029657525266,0.4826857645842983,0.03816988703358049,0.5778496076235144,0.000692804645995354,0.3149504282999822,0.011698438786581899,41,41,41,41,41,41,41,41,41,41,41,41,41,41,41,41,41,41,41,41
00040632,-0.17773008828692904,0.019834133480578456,0.14853485727190846,,0.04310346946172576,0.19008196227118504,0.022966268613429264,0.2246297589543351,0.20418982882491246,0.10880447118556924,0.17492658676474038,0.004502243718665866,0.2912494509534407,0.20138686592009866,0.14649979378544947,-0.1266486581687266,0.04548003840352517,-0.007266412240991714,0.17492658676474038,0.004502243718665866,0.2662614389174087,0.9020398829155654,0.3540148684054772,,0.7890180922245363,0.23390152831399255,0.8866639176882986,0.15795887721342639,0.2003479192837248,0.498305790912464,0.27399928078814223,0.9777123926792055,0.06467274940652298,0.20672940138279494,0.3607213556032095,0.4300808756243342,0.7776716819036114,0.9640360511335508,0.27399928078814223,0.9777123926792055,41,41,41,41,41,41,41,41,41,41,41,41,41,41,41,41,41,41,41,41
00040636,-0.18538078619921472,-0.2301079485445577,0.08056401601608505,,-0.047428479165315264,0.07704023166338579,-0.002520575107191031,0.2713397874675286,0.16739123304299164,0.26315602482682177,-0.008572350388026478,0.1745870500510806,0.2796152393735832,0.2470164738843062,0.11435303031834117,0.49620878422156883,0.4435630791078463,0.11499541877693958,-0.008572350388026478,0.1745870500510806,0.24588632873787256,0.14779942585209266,0.6165657725925928,,0.7684030310230979,0.6321126742811154,0.9875212421047778,0.08615246786838321,0.29552243546507345,0.09644135682340076,0.9575779284594631,0.27494634403677004,0.07663590947324216,0.11947007324516423,0.47651856195400333,0.0009686193796979109,0.0036754903246179935,0.47402895347403334,0.9575779284594631,0.27494634403677004,41,41,41,41,41,41,41,41,41,41,41,41,41,41,41,41,41,41,41,41
00040714,0.3490890065732883,0.29100305863144343,0.3018605288707192,,-0.004778652777449043,-0.012465704013474552,0.06718686288376098,0.0021033076339757083,0.09457425602802674,0.05265381776852193,0.35483146726873954,0.33144862644804796,0.09103823624116955,0.11469484390371905,0.19074042476087308,0.22966934802212727,0.03374190908459884,-0.10472083863388111,0.35483146726873954,0.33144862644804796,0.025284304815113127,0.06490975668074202,0.05510004385053262,,0.9763444498786341,0.9383419885642054,0.6764050536809157,0.9895869085810859,0.5564221938849337,0.7437061547543624,0.022821957218991242,0.03426644958876065,0.5713397304597861,0.4751929903687237,0.23225523370025644,0.1485946973001388,0.8341113080994453,0.5146597900106799,0.022821957218991242,0.03426644958876065,41,41,41,41,41,41,41,41,41,41,41,41,41,41,41,41,41,41,41,41
00040715,0.2762304091400327,0.3612813188008495,0.3058940478211139,,0.0906696301041272,0.03112355341981984,0.03309378344929532,-0.03399029768784916,0.15428392570328994,0.1610982164676872,0.35832687355696363,0.3845780112040412,0.1904232247303424,0.1964455120861362,0.18569397968757217,0.3185193423813247,0.034114202298977346,-0.017803660751252337,0.35832687355696363,0.3845780112040412,0.08042359736403523,0.02029822922535884,0.05177367615577182,,0.5729052415545345,0.8468245761603481,0.8372544946433077,0.83290738081837,0.3354816882956173,0.31430823986224155,0.021423595180240375,0.01304073382390947,0.2330473112117329,0.21832191543710758,0.24507527425953585,0.04239217415605636,0.8323069618634633,0.9120269335983081,0.021423595180240375,0.01304073382390947,41,41,41,41,41,41,41,41,41,41,41,41,41,41,41,41,41,41,41,41
00044527,-0.2064080385790801,-0.24555699086612212,-0.1229257380135171,,-0.19959988175269847,-0.18778018478049852,0.014696334371547933,0.06768101210338438,0.2664102213495174,0.40320112523664364,-0.11143082338303283,-0.10321984957423218,0.30211357407999007,0.11719449996233676,0.23604195578606676,0.28810546913740936,0.22534389328154947,0.368203495567722,-0.11143082338303283,-0.10321984957423218,0.19539664815544033,0.12174064970080524,0.44386796945277035,,0.21087106111952506,0.23971881294041408,0.9273359511266035,0.6741563716414323,0.09224252673633887,0.008951305370644652,0.4879300612739277,0.5207375206277794,0.054886452020528595,0.4655585657398946,0.13734509220806768,0.06774894358318516,0.1566064364336295,0.017854217276650413,0.4879300612739277,0.5207375206277794,41,41,41,41,41,41,41,41,41,41,41,41,41,41,41,41,41,41,41,41
00044528,0.06590192352930534,-0.22806511647665423,,,,,,,,,,,,,,,,,,,0.8473414234968178,0.5000043783252944,,,,,,,,,,,,,,,,,,,11,11,11,11,11,11,11,11,11,11,11,11,11,11,11,11,11,11,11,11
00044529,-0.0297779187178947,-0.00997138201139973,0.007723935246048418,,-0.01751204262922198,-0.2699149636013086,-0.04175038256758301,0.023208074357483236,0.14967018664345372,0.34838694076316173,-0.2523095648246335,-0.21029925105878605,0.12534527001343965,0.1963524068901606,0.1756510892520064,0.1301298781508916,0.09798591026302256,0.3297854969866071,-0.2523095648246335,-0.21029925105878605,0.8533733706025641,0.9506624182891221,0.9617732303548464,,0.913462415277544,0.08787971443680992,0.7954975382364115,0.8854784992920971,0.3503065528070868,0.025599957737873706,0.11150231571254002,0.18692052102639853,0.4348803090482282,0.218544563139309,0.2719856093631565,0.41740800990448884,0.5422047036357477,0.03523380168613799,0.11150231571254002,0.18692052102639853,41,41,41,41,41,41,41,41,41,41,41,41,41,41,41,41,41,41,41,41
00044531,-0.17214818485544237,-0.278485495062277,-0.06658613658785464,,-0.25281026644655546,-0.34269222126390564,-0.08309710311126697,-0.08681199907743026,-0.0647867023684434,0.26563394173358323,-0.261122190236152,-0.13988288057805034,-0.06760380430998493,0.030089962233472264,-0.014707027055346631,0.23491172327898982,0.027497097769884002,0.1908577144156011,-0.261122190236152,-0.13988288057805034,0.28181208415026693,0.07788425061069079,0.6791424645053348,,0.11076999128712255,0.02828332976803345,0.6054905104541937,0.5894051293076401,0.6873664356407928,0.09323109513775588,0.09913922559046982,0.38305129165612856,0.6745075307435711,0.8518538681360324,0.9272832234413334,0.1392928040102532,0.8644954176738127,0.23196281620454734,0.09913922559046982,0.38305129165612856,41,41,41,41,41,41,41,41,41,41,41,41,41,41,41,41,41,41,41,41
00044533,-0.05447358076269779,-0.13012131058681886,-0.06276426318443828,,-0.2616713589412438,-0.2516719421018575,0.18860655330637532,0.12866407108213654,0.2555777916105634,0.39864502479716735,-0.1544324638472018,-0.06536944287571757,0.2295903155836212,0.08674374961389626,0.3528065350372739,0.28753644645170573,0.06309089973365312,0.40534870236769055,-0.1544324638472018,-0.06536944287571757,0.7351630243332254,0.4174389368098275,0.6966521773500621,,0.09840511955091577,0.11244020708497675,0.23761916040520203,0.4227180842836332,0.10678787533345968,0.009833305708620284,0.3350109528851326,0.6846991818047906,0.1487383323075135,0.5896989324345637,0.023666332267699056,0.06831785593122545,0.6951494685327204,0.008559678449453182,0.3350109528851326,0.6846991818047906,41,41,41,41,41,41,41,41,41,41,41,41,41,41,41,41,41,41,41,41
00044575,-0.010563605084718814,-0.22216699087303352,-0.03995793722726236,,-0.29490977190226897,-0.184598939402534,-0.07633875069261245,0.1087394820176961,-0.08390236227541284,0.48234459393279966,-0.35096262550581714,-0.09464648116613479,-0.021190929229165927,0.2237651834295673,-0.11676902914712266,0.2986379752783236,-0.10019108431119542,0.33097646591243124,-0.35096262550581714,-0.09464648116613479,0.9477360648850335,0.16268810709436995,0.8041017566234494,,0.06123200722172488,0.24791890542080686,0.6352266271813949,0.4985639602071544,0.6019877530493921,0.0014048892805204212,0.024457721272988925,0.5561194077508258,0.8953745680106302,0.15960757666076636,0.4671910534431615,0.05787881282624889,0.5331086469529339,0.03453883640215799,0.024457721272988925,0.5561194077508258,41,41,41,41,41,41,41,41,41,41,41,41,41,41,41,41,41,41,41,41
00044578,0.008424083729631602,-0.14256986284005316,0.0430347398840463,,0.006191305019891218,-0.033589614459557236,0.007781497827945363,0.022229516274501156,0.21574140484017154,0.4726808567074817,-0.015903488839793523,0.2910408149544823,0.09439514764489196,0.28342965800451647,0.14570585848271803,0.08860495067367555,0.19884520390570165,0.3737788502902955,-0.015903488839793523,0.2910408149544823,0.9583110094355766,0.37388726530537664,0.7893468795611701,,0.9693543893031206,0.8348496576532992,0.9614885574898803,0.8902772336515598,0.17550862504911846,0.0018042066300436271,0.9213852296056225,0.06487339389167705,0.5571733948677385,0.07253653420941913,0.3633583742167409,0.581710113044014,0.21263736541716044,0.016070349032197395,0.9213852296056225,0.06487339389167705,41,41,41,41,41,41,41,41,41,41,41,41,41,41,41,41,41,41,41,41
00044594,-0.24486976214036615,-0.3320420408382415,-0.17702690393275092,,-0.25950133992328595,-0.2136355448638448,0.07511285527282394,0.20194449211137433,0.1272024233765841,0.31220819140211636,-0.15911388553517067,-0.165856367428536,-0.06094387378967751,-0.017539902895187157,-0.04865029856507755,0.4509250950109629,0.17851616954129676,0.3019281670989432,-0.15911388553517067,-0.165856367428536,0.12282095856386957,0.033926615777311084,0.26818855063460584,,0.10133040799562429,0.17986372061967085,0.6406834018794902,0.2054486982633154,0.42805074183165753,0.04689244439102252,0.32038486283354234,0.300036208416205,0.7050478006636565,0.9133252621389161,0.7626069875121633,0.0030880985869832667,0.26411801095319754,0.05504288630998744,0.32038486283354234,0.300036208416205,41,41,41,41,41,41,41,41,41,41,41,41,41,41,41,41,41,41,41,41
00044605,0.0028047254808719925,-0.2063601747430286,-0.04833332117951952,,-0.4071514505237413,-0.2042296624098795,-0.07193207552023112,-0.00013723861856845343,0.09795907655758404,0.17938881698829137,-0.15661706178829393,-0.09043072251431913,0.02988062864622822,0.1632757053515899,0.0904748938741203,0.048069809829322435,0.1485353022857145,0.071980987768502,-0.15661706178829393,-0.09043072251431913,0.9861146118761374,0.19550256659191445,0.7641094445166415,,0.008242383952180955,0.20025823794712605,0.6549285960217481,0.9993205382423604,0.5423158454150011,0.2617519682111618,0.3281349813158077,0.5739209521089474,0.852873164446902,0.307724508480033,0.5737330967530464,0.7653591254155553,0.3540134102085869,0.6547086085329026,0.3281349813158077,0.5739209521089474,41,41,41,41,41,41,41,41,41,41,41,41,41,41,41,41,41,41,41,41
00044677,-0.23425173974678506,-0.042527650257998664,-0.047213371680827565,,-0.18016318558600056,-0.18291421048102954,0.1159212819923138,0.10825039104699476,0.33709251674162044,0.48899121663607004,-0.06132411000088096,-0.04872490159384321,0.1964165244992706,0.14107601196480363,0.28335027491121256,0.38366345280314545,0.2820103363370349,0.4294218523729167,-0.06132411000088096,-0.04872490159384321,0.14043955082057874,0.7917737965922348,0.7694247530398022,,0.25966421537362,0.2523370309921926,0.4704528448322144,0.5005090629502329,0.03114490356061437,0.0011777833800174769,0.7032912600175624,0.7622534975708918,0.21839121829055622,0.37896588111169965,0.07262005314619413,0.013276939501662768,0.074041246411606,0.0050819541215744455,0.7032912600175624,0.7622534975708918,41,41,41,41,41,41,41,41,41,41,41,41,41,41,41,41,41,41,41,41
00044679,-0.012297332365714871,-0.05816058242703222,-0.11216863615831027,,-0.37673638100186146,-0.23584936092620046,-0.02625174597965875,-0.08293798671676567,0.24630619068544307,0.3888588679791942,-0.23100064770903656,-0.07559809588473272,0.1665518844376987,0.10359630503234284,0.16339586248139773,0.368377417542566,0.1570641577255627,0.3453579584390577,-0.23100064770903656,-0.07559809588473272,0.9391732275097446,0.7179510261992722,0.4850355329699449,,0.015186814922769631,0.13767555342488846,0.8705792174843515,0.6061836796265393,0.12057107391233621,0.011982003275198804,0.14619044284553187,0.6385212184908313,0.2979853705958633,0.5192098651734054,0.30736378078261295,0.017796152279692418,0.3267386812321327,0.026999592332276272,0.14619044284553187,0.6385212184908313,41,41,41,41,41,41,41,41,41,41,41,41,41,41,41,41,41,41,41,41
00044680,-0.17975636131889128,-0.15429562000578514,-0.2632992447759115,,-0.22178580054933364,-0.23975006538756127,-0.019286984458505782,-0.10991622002027249,0.08290176724554607,0.2433288744367657,-0.31355188649748594,-0.15883361347023062,0.11565886042204648,0.14997415218642363,0.21518486663365527,0.2786426986814407,-0.021464648846905507,0.15638210841747685,-0.31355188649748594,-0.15883361347023062,0.26704244594985005,0.34179928056017594,0.10068195685142979,,0.16900233325876785,0.13620860388818304,0.9059690631791469,0.49956292651042694,0.6110553191726096,0.13028199035620985,0.04881631069132961,0.32761433169650883,0.47727896797445385,0.3556523346449499,0.182375530966335,0.08167001376216972,0.895407780235753,0.33523110716908283,0.04881631069132961,0.32761433169650883,40,40,40,40,40,40,40,40,40,40,40,40,40,40,40,40,40,40,40,40
00044690,-0.2083256506938265,-0.17337316897164268,-0.06685134088109887,,-0.1403773397045954,-0.21447437797130475,0.07529566994352882,-0.0021677974462406095,-0.036735750277103685,0.45769815652940277,-0.09298827294471783,-0.0728549211804367,-0.006876695348272722,0.0856330717379303,0.06392794918933517,0.40028902216967155,-0.051594058795367444,0.44017476454929727,-0.09298827294471783,-0.0728549211804367,0.19118634514185381,0.27834974393719114,0.6779334682893468,,0.3813550743950277,0.17811978945191398,0.6398684527549104,0.9892676495444317,0.8196259723457302,0.0026220539263129283,0.5630904330734275,0.650782880203564,0.9659637361550937,0.5944893130899761,0.691303839447048,0.009506835688154887,0.7486954202258477,0.003977131596930721,0.5630904330734275,0.650782880203564,41,41,41,41,41,41,41,41,41,41,41,41,41,41,41,41,41,41,41,41
00044696,-0.22129294975457886,0.004286083255367543,-0.1821438550665212,,-0.17341764415191704,-0.2350495503843028,0.09915613404108901,-0.0173501774286125,0.3080852671183843,0.2684768439984224,-0.17003310545421796,0.2081594756634365,0.17762384563870814,0.24347093314365365,0.014806932081794316,0.18841151831202935,0.2758061646740273,0.14406544858423548,-0.17003310545421796,0.2081594756634365,0.16997571849644455,0.9790594673605554,0.2606351889021956,,0.2845542412357313,0.14429325595530648,0.5426996284784921,0.9153757184786399,0.05310694325844562,0.09392159496900238,0.2942031495138985,0.19741807703457104,0.2728526056424087,0.13005076638766302,0.9277448122079416,0.24430387518374386,0.0849558479226917,0.37513457856202315,0.2942031495138985,0.19741807703457104,40,40,40,40,40,40,40,40,40,40,40,40,40,40,40,40,40,40,40,40
00044702,0.1380197090405048,0.10935341938588658,-0.18055521217145962,,-0.1396164802046469,-0.2575264600631601,0.20024576491244994,0.23375860042795232,0.07251386037331055,0.32025641809352823,0.009851836194703437,-0.14101453856165838,0.21647553183869211,0.1648507461076645,0.08596325921635534,0.3262913576362222,-0.009377734638994939,0.23802391996556777,0.009851836194703437,-0.14101453856165838,0.39570956977137023,0.5017749912494069,0.2648871202001435,,0.39021284869128686,0.10865150821196555,0.21538248366462204,0.14657417985094345,0.6565645002236671,0.04394013833428629,0.9518895620525566,0.38543696116643295,0.17970323808945393,0.30938060532430484,0.5979038122422183,0.03989573254098863,0.9542022845573265,0.1391375381046359,0.9518895620525566,0.38543696116643295,40,40,40,40,40,40,40,40,40,40,40,40,40,40,40,40,40,40,40,40
