zettaicode,Summer_1_WTEMP,Summer_2_WTEMP,Summer_1_SALT2,Summer_2_SALT2,Summer_1_DENSITY,Summer_2_DENSITY,Summer_Stratification,Summer_Wind_Speed,Winter_Air_Temp,Spring_1_CHLA,Spring_2_CHLA,Summer_1_CHLA,Summer_2_CHLA,Summer_1_WTEMP_pval,Summer_2_WTEMP_pval,Summer_1_SALT2_pval,Summer_2_SALT2_pval,Summer_1_DENSITY_pval,Summer_2_DENSITY_pval,Summer_Stratification_pval,Summer_Wind_Speed_pval,Winter_Air_Temp_pval,Spring_1_CHLA_pval,Spring_2_CHLA_pval,Summer_1_CHLA_pval,Summer_2_CHLA_pval,Summer_1_WTEMP_n,Summer_2_WTEMP_n,Summer_1_SALT2_n,Summer_2_SALT2_n,Summer_1_DENSITY_n,Summer_2_DENSITY_n,Summer_Stratification_n,Summer_Wind_Speed_n,Winter_Air_Temp_n,Spring_1_CHLA_n,Spring_2_CHLA_n,Summer_1_CHLA_n,Summer_2_CHLA_n
00000122,0.03155630397736746,0.009761570827527356,-0.025579356896202395,0.004939057162221108,-0.028250170958040235,0.0029688185965324257,0.044307382331763165,0.05198135209466205,-0.04027519088330427,0.0995568496442629,-0.016015145534486384,0.012470749219151873,0.007153544799700276,0.8467248604340406,0.9523298576058588,0.8755021103271613,0.9758701024112528,0.8626211225764293,0.9854944004466445,0.7860281418848247,0.7566065623721876,0.8051052259998653,0.5465052682390374,0.9229117277916459,0.9391217136359897,0.9650567770673689,40,40,40,40,40,40,40,38,40,39,39,40,40
00000124,-0.015709531903180793,-0.1273070754407386,-0.06219940292930156,-0.028017071354894,-0.051049106657456406,-0.000343905752402833,0.17311333184373748,0.10639476504453714,-0.10806866960793218,0.188327140915506,0.036704173598775085,-0.04273352890008597,-0.08123289613524501,0.9233529417754592,0.4337315942233752,0.7029962888201945,0.8637439852365885,0.754410609771376,0.9983195943976995,0.2854132884901198,0.5249323499274794,0.5068432300804858,0.2509077720881717,0.8244427833558874,0.7934603441416136,0.6182758378073333,40,40,40,40,40,40,40,38,40,39,39,40,40
00000125,0.03611800502960287,-0.29320116905964644,-0.07747406612729034,0.029619191630027998,-0.0776526999296083,0.08531130770853705,0.2890575122500235,-0.27193347702623993,-0.17790341442071533,0.05382955124812765,0.041057748211449537,0.09679175629126224,-0.1654683064687796,0.824890865904041,0.06633512328432122,0.6346681199898216,0.8560318678183363,0.6338851103937572,0.6006940983316353,0.07044706121108622,0.09861549187729259,0.2720862145222823,0.7448297526913799,0.8040045495906741,0.552411199433695,0.30754637301264076,40,40,40,40,40,40,40,38,40,39,39,40,40
00000128,0.01135663610590143,-0.1786122848561108,-0.17342043323189646,-0.048980473368259066,-0.15035996743180513,-0.008519671008455944,0.29309753052767173,-0.2069895499596235,0.14726087509979888,0.1469064417804151,0.007312009169334119,0.1924658345287455,0.0256318501408436,0.9445516386759322,0.27014931006435416,0.28454637567903146,0.7640728232262941,0.3544019169736582,0.9583889472848736,0.06643560117633458,0.2124334303685777,0.3709934945955727,0.37215874193907417,0.9647622514879387,0.234115199135852,0.875248625870293,40,40,40,40,40,40,40,38,39,39,39,40,40
00000129,0.08550168346930027,-0.2564647478016585,-0.1587174023112331,-0.03646929114434022,-0.16118305021446416,0.0033248134447792996,0.2524559096708018,-0.20042781941189547,0.017404282371662277,0.1068569693223487,-0.051296359834773736,0.06767316922908567,-0.07911188177845963,0.5998787256756928,0.11016798401395086,0.32797294360440804,0.8232146423710617,0.32041672823222794,0.9837552337577645,0.11603891635944734,0.22761064760525282,0.9151127819051428,0.5173292305466911,0.7564641504914079,0.6782100066896768,0.6275038368931622,40,40,40,40,40,40,40,38,40,39,39,40,40
00000236,0.08856255235650048,0.1614786613745251,-0.2621282980277767,-0.33506232205002695,-0.2857214734916219,-0.3432478472621322,-0.1360453555291059,0.18207214884138528,0.03879797199041928,-0.3629610542833499,-0.18908662621624578,-0.2082536741066017,-0.25716032484245865,0.5818915566700801,0.31315157899942825,0.09779748739762684,0.03223960289185147,0.07015772434493994,0.028011670271896518,0.396366074780962,0.2608261249571616,0.8121228385788547,0.021340910019007436,0.2425868944781683,0.19134320847228223,0.10456033359548489,41,41,41,41,41,41,41,40,40,40,40,41,41
00000244,0.3351161590518328,0.3070532066621143,-0.17856503185663275,-0.2972667225126994,-0.2180978531546454,-0.31189033147774176,-0.1696098106398118,-0.02551601928635098,-0.1513282022806295,-0.22190991508712613,0.02514947431370197,-0.2259283697375863,-0.1472117425545345,0.03221017004628027,0.050848208146268156,0.2639851553633891,0.059094658222394666,0.1707254990172479,0.04712893458527742,0.2890756246286208,0.8791383662481331,0.3512756483531974,0.1805662989422973,0.8808620730718504,0.15550583839947815,0.35836649207686355,41,41,41,41,41,41,41,38,40,38,38,41,41
00000248,0.29408211046161453,0.2018678338242717,-0.2444311608253791,-0.2958387124779678,-0.28447835157579454,-0.30618913700058376,-0.01623394680824434,-0.014062942939528807,-0.12992096283785723,-0.036629334541614676,-0.025387995126992274,-0.17169184673217044,-0.13413307869118696,0.061996980913845826,0.2056244305053134,0.12351418197848682,0.060382390736428114,0.0714402803346784,0.051536803188310915,0.9197569458320638,0.9332170704951573,0.4242720961969732,0.8271730138269993,0.8797403480917475,0.2831090402811001,0.4030999156874924,41,41,41,41,41,41,41,38,40,38,38,41,41
00000272,0.16524471738824156,0.011798873462487341,-0.21081572164039636,-0.18783845724799123,-0.21999947354173716,-0.1954344022032187,0.2935402785881687,-0.12742195153372474,-0.04545818536152334,0.10984282939414508,0.2508657171508473,0.05116064376467685,0.13616304712150873,0.30184720639221346,0.9416344540159483,0.18581544002387923,0.23957034262025784,0.1669345557983626,0.22074823344773845,0.06972323631742115,0.43331342238175546,0.7834761056435073,0.4941902011944383,0.11363463949352685,0.7507388351324756,0.39595378228439093,41,41,41,41,41,41,39,40,39,41,41,41,41
00000275,0.16306890586213674,-0.03543966738244955,-0.0689180518126721,0.1441459625270661,-0.0949971020044318,0.1507958350928591,0.163780783055472,0.17977774807666802,0.06154220353270254,-0.08409587458980256,-0.09967258683936511,-0.11326583326057205,-0.04709260989792942,0.3083459782420335,0.8258899495930903,0.6685393704106201,0.3685731406644836,0.5546506148102293,0.3466533272647197,0.3191135121344508,0.2669845934061765,0.7097590818915827,0.601147313461909,0.5352406948499961,0.4807476802902289,0.7699985186591596,41,41,41,41,41,41,39,40,39,41,41,41,41
00001210,0.13027472276382668,-0.27834411428203537,-0.10114784759942012,0.21972869081791288,-0.12942402844402928,0.2646574730932915,0.3535361338592845,-0.22838243169904446,0.12810680959418164,0.0986033594319482,-0.006185325488969403,0.10068080478285449,-0.15609989135482488,0.42300082046703313,0.08201115998105331,0.5345826677991037,0.17309185101938895,0.4260615014959007,0.09887355989132307,0.025229106613448436,0.16785766384464162,0.43703606733599076,0.550372893416807,0.9701892775360698,0.536480747335642,0.33611492010272426,40,40,40,40,40,40,40,38,39,39,39,40,40
00001212,-0.030331430831506745,-0.2881487311568322,0.05163281368624279,0.09024030203941992,0.05394673477952125,0.13939939677468874,0.061068921172532195,-0.2572370812501214,-0.0835584404191625,0.06370915472031916,0.04047781332976907,-0.10594415057449078,-0.22692134048933693,0.852607555338007,0.07137516365033061,0.7516908100380855,0.5797404699290815,0.7409384198886771,0.39095750808174895,0.7081543340410517,0.11896974989748704,0.6082240365984439,0.7039477414856689,0.809333867442055,0.5152805865860273,0.15909749689797872,40,40,40,40,40,40,40,38,40,38,38,40,40
00001214,0.0862405222155925,-0.29653873926178476,-0.132743596660481,-0.06096971137166742,-0.14571546632671872,-0.025137874200167016,0.1542879100561619,-0.17471107179122744,0.10049023161473271,0.08262883504111806,-0.061154765280889554,0.2238109388804997,-0.12176474418019492,0.5967188701087512,0.06316307405526178,0.4141884657699585,0.7086076162130317,0.36963150262534933,0.8776344674683871,0.341823696719589,0.2941274529378345,0.5372561776702298,0.621879768425182,0.7153116050577245,0.1650447885025706,0.4541709876423132,40,40,40,40,40,40,40,38,40,38,38,40,40
00001215,0.1430235263727325,-0.3430642174683526,-0.14038948430661016,-0.02735553050864583,-0.16630688175924702,0.02187004314940639,0.3167717570787496,-0.18891558973555714,-0.07424412775626124,0.14323873970603965,0.0899876708278762,0.08854427674355711,0.0037084737672082035,0.3786344477017454,0.030221592795893978,0.3875679475238795,0.8669321214783439,0.3050667837750952,0.8934435986109804,0.04642275885278573,0.25599136615034923,0.6488929911043345,0.3909348865792188,0.5910722546553185,0.586913243323572,0.9818809941783198,40,40,40,40,40,40,40,38,40,38,38,40,40
00001222,0.09466524766887219,-0.3672320207433869,-0.11309106285071452,-0.045260896569951095,-0.12777547632784536,-0.0031750953047374048,0.17460802241963422,-0.14339483257393826,0.1068747759266993,0.13321366092778797,-0.10019266473205432,-0.16652012188054227,-0.03281215713777441,0.5612150470558099,0.01975149168023723,0.4871780644577162,0.781534408036521,0.4320279271424021,0.9844866537535039,0.28121005365401947,0.3904134097078942,0.5115760875489643,0.42526786715669523,0.5495021696978237,0.30443828898022707,0.8407018819789351,40,40,40,40,40,40,40,38,40,38,38,40,40
00001230,0.09425961643039725,-0.19424470961496462,-0.16082166651619864,-0.08707054156073786,-0.17655835345462256,-0.06277422863733781,0.317954840166289,-0.19646817959787752,0.12893939403885973,0.12056397186256906,-0.06500004917037439,-0.13671474899326835,-0.08239415958144064,0.5629017487125663,0.22973737680708614,0.3215173363056306,0.5931777567449797,0.2757864587932857,0.7003785411070752,0.04556748228489534,0.23711888094458136,0.42781067926851624,0.4708997607279266,0.6982286731654338,0.4002349154165425,0.6132477318222143,40,40,40,40,40,40,40,38,40,38,38,40,40
00001235,0.022067378971280555,-0.15620803759510588,-0.10907023164666155,-0.09852376270485513,-0.1132916701716707,-0.11649945338966984,0.26636542491333404,-0.21038399599332414,0.19057143934199156,0.09978584812250435,-0.13533662712581937,-0.0934018081851503,-0.08356307060693102,0.8924877102736478,0.34230195174681816,0.5028899279625081,0.5452890435368354,0.48640089252556823,0.48001489998394,0.10119344117021917,0.20486326492950968,0.23883932690659662,0.5511325491880269,0.417860074548602,0.5664764108775481,0.6082040932251066,40,39,40,40,40,39,39,38,40,38,38,40,40
00001238,-0.04019004035305332,-0.21683083393007846,-0.13969430142361003,-0.14122511488944423,-0.13444763898433043,-0.11282148634906129,0.0230136932471875,-0.16954814220386277,0.24891206052992162,0.20894993225368505,0.16957962961615358,0.16058468436748402,0.2347361494973529,0.805509334988744,0.17897252203964237,0.38994610088656934,0.38472059767725497,0.4081674050759267,0.488223442427806,0.8879059008974933,0.3088477767323307,0.12142270809335351,0.20803820913343313,0.30875661223382006,0.3222403593910468,0.14484457492453104,40,40,40,40,40,40,40,38,40,38,38,40,40
00001251,0.09138551217452019,-0.3580793851971204,-0.1498290035639488,-0.03692774396399544,-0.1588810612734161,0.010840440114442108,0.24173172042054603,-0.2630108846534629,-0.10101895127518037,0.10566584945797745,-0.10463596079388346,-0.20561489909231967,-0.11562446554980921,0.5749196257904711,0.02328711609810641,0.3561234483560872,0.8210282192232219,0.32746798445469744,0.947068309812876,0.13290273278707165,0.11062727883276181,0.5351061821581365,0.5277917820203737,0.5318448062146338,0.20307554851380824,0.4774108612536048,40,40,40,40,40,40,40,38,40,38,38,40,40
00001311,0.026351074249331544,-0.00899486688614387,-0.15204827587849695,0.053754156159789346,-0.15358748911013204,0.04892261293101261,0.28566884208822213,0.21573383539871446,-0.00901104594491385,0.013157527662794155,-0.10953081551357383,-0.210838575331973,0.037237851363255435,0.8717768147805953,0.9560702290541832,0.3489615630375841,0.7418314805196216,0.3440462836895453,0.7643435941233653,0.07395675510324012,0.187162992829381,0.9559912895129603,0.9357758547875464,0.501077206411562,0.19158215628694766,0.8195500307046687,40,40,40,40,40,40,40,39,40,40,40,40,40
00001313,-0.11023287062912265,-0.1166595680440076,-0.1473005038775324,-0.04399527791524592,-0.13491937055842784,-0.021055693262255995,0.24228548499402885,-0.03772354418913652,0.08090720257913725,0.2691671964588112,-0.09630504063425903,-0.2848079136184247,-0.30778554040702355,0.4983205329360234,0.47344996928451677,0.36439077065318426,0.7875005269217107,0.406509479954545,0.8973898404592244,0.131989670834124,0.8196464893153761,0.6196891446490006,0.09304726570963606,0.5544204714997668,0.07486992485127769,0.053350664461329515,40,40,40,40,40,40,40,39,40,40,40,40,40
00001318,-0.018875460840923924,0.08352607503263115,-0.1343252001623931,0.03180385489902889,-0.13701831608255888,0.010986071263876506,0.2494174589323941,-0.28179287363008776,-0.10723869228542637,-0.08046867529336899,-0.12354051750844268,-0.31426213949850984,-0.05282884512948828,0.9079667292859614,0.6083634502000398,0.4085983537690464,0.8455369330311887,0.3991795483409187,0.9463582447200907,0.1206436537251862,0.0822187803240887,0.5101311006345572,0.621594211571206,0.4475660747712816,0.048279963449502854,0.7461271378372998,40,40,40,40,40,40,40,39,40,40,40,40,40
00001320,-0.015869680751960616,-0.15834935497455624,-0.1257739472895343,0.04778300082538049,-0.13011058272185305,0.07127080510899084,0.1893883171749324,-0.3037815491124616,-0.23839736879804796,0.1613596723528503,-0.042489706810800845,0.07075608330912127,-0.11939228746199008,0.9225739199844546,0.3291103002061648,0.4393338793680512,0.7696822639416716,0.42359040957050703,0.6620974412441686,0.24182225298925783,0.06009514633782762,0.1384999561856226,0.31987967972524334,0.7946133747466496,0.6643937259505694,0.46307693175062026,40,40,40,40,40,40,40,39,40,40,40,40,40
00001323,-0.01197097701858059,0.039295248576230846,-0.11802691347865439,0.01773443674339419,-0.12173513896542461,0.01140965116753946,0.23435202682169642,-0.3358464932743525,-0.1259642283701038,-0.06624898375032062,-0.11060089276377391,-0.13334322052734665,-0.3928821454865459,0.9423401489377066,0.8148058491804767,0.47423602015743166,0.9158373050671482,0.4603604563596343,0.9457964363297454,0.16268107314841945,0.03926086881556305,0.44480552834987086,0.6886375049377127,0.5085820889307852,0.4183666295942312,0.014687319702221984,39,38,39,38,39,38,37,38,39,39,38,39,38
00001326,0.11083022567219612,0.193078077089648,-0.06689106644718897,0.014934259466629391,-0.08450867677309698,-0.002228636922568878,0.24619544995927814,-0.07081670841398806,-0.07929460310393224,0.030773675784848777,-0.21766882135531196,-0.23481161334472378,-0.17608531320623508,0.4959810845003182,0.2389309943028116,0.6817318508215847,0.9281005147953266,0.6041370106795382,0.9892568015817392,0.13083167309730934,0.6683599565053386,0.6267066307819049,0.8504826615974495,0.18314290772044697,0.14471168138025337,0.2835939707259178,40,39,40,39,40,39,39,39,40,40,39,40,39
00001352,-0.00018854980368544771,0.09691116939042078,-0.11168045074660088,0.011325593352003133,-0.11826500225624394,0.002833047096860452,0.24712758292317125,-0.18710057672255803,-0.12797235073245394,-0.03487599898126016,-0.1606859510654761,-0.05359109886757961,0.04156719054030087,0.9990787001919379,0.5519187598205781,0.49266103773409936,0.9447029703015207,0.4673411499914492,0.9861577123726052,0.12420364142043817,0.25406395763653083,0.4313129681084418,0.8308234163019541,0.3219312742275196,0.7425879005201841,0.7989798186579908,40,40,40,40,40,40,40,39,40,40,40,40,40
00001427,-0.18619984704093515,0.16095749120831454,-0.2663295176311241,-0.11708580911130546,-0.23853211030481605,-0.13174868760911318,0.19606189089055664,0.18548422854172086,-0.07492022660381821,0.17062854402759056,-0.2623932530085377,-0.06476516054162354,0.04968503362010969,0.3075591915998144,0.37883467901588014,0.14064097870033954,0.5233522140051555,0.18860102563438597,0.47228033772998,0.28217421193071673,0.544056911765447,0.683622721892161,0.37617850174774425,0.1690971657522078,0.7247176053122297,0.7871253078026786,32,32,32,32,32,32,32,13,32,29,29,32,32
00001431,-0.11557669763561287,0.12722040900244322,-0.12197248370723443,-0.10277800551507944,-0.053295680626141574,-0.13402022678607708,-0.013366219881378188,-0.18486231821634128,-0.08240736998091006,0.03778894950479453,-0.16881448829356785,-0.014653627918107112,-0.09738544312008779,0.5218546113505447,0.4804860750315076,0.49891801426278454,0.5692475456658942,0.7683264338850677,0.4571389051904435,0.9411491369480496,0.5269339941833654,0.6484490739570571,0.8456923641397969,0.38134956715656065,0.9354919783526408,0.5897832416386447,33,33,33,33,33,33,33,14,33,29,29,33,33
00001432,-0.07267926819951258,0.10972125365367294,-0.13347847697263643,-0.09209479994000447,-0.11638164630534245,-0.10220015487964869,0.05317060152878658,0.0802382517220521,-0.017704603633029118,0.05415285399227503,-0.1992377885487955,-0.03801983746840862,-0.14650215472411127,0.6877249493031532,0.5432955931834909,0.4589764878504953,0.610240097076836,0.5189398257519524,0.5714324788363134,0.7688554069287616,0.7851053212720066,0.9233815291321061,0.784325749886065,0.3094209609662171,0.8336195453033586,0.41590634671320503,33,33,33,33,33,33,33,14,32,28,28,33,33
00001434,-0.06490129246564484,-0.31046867971897385,-0.14737089111197615,-0.07691698627898877,-0.12958147825862468,-0.03825393069174798,0.0020566876041722016,-0.2280900335847583,-0.17352240586232842,-0.037727570446983494,-0.2872083986611472,-0.11659700480933458,-0.03741642282593495,0.719720372838611,0.07866492584411548,0.413116646146447,0.6705097313573543,0.47231011004364154,0.8326094964039236,0.9909368620228266,0.4328703450793563,0.33418052226275324,0.8488380023494205,0.13836633578600382,0.5181613526603844,0.836224316402994,33,33,33,33,33,33,33,14,33,28,28,33,33
00001439,-0.06160278612488089,0.40400835359364407,-0.15812991879072297,-0.14131272707659864,-0.14450487898069606,-0.19658737156654274,-0.04422600351927386,-0.18833683022028674,0.020570861807770947,-0.00042981704640120176,-0.2491649769833952,-0.2009578187370471,-0.29083758612241745,0.729270473292549,0.01780488462609115,0.37175137041140915,0.42534683487016706,0.41485665194648313,0.2651366515812131,0.8038595256255884,0.5014562050103962,0.9080700670873004,0.9982344300953261,0.19242344048604093,0.25444513753153725,0.0951728499930656,34,34,34,34,34,34,34,15,34,29,29,34,34
00001441,-0.07797254475903685,-0.004840118622193867,-0.08378603349162485,-0.11734187346998172,-0.06702185240728135,-0.11629273707412831,-0.10619521237709165,-0.23832583691705017,-0.16758444254900542,0.07457200461850327,-0.3101568235126442,-0.11150496233999221,-0.09488421577570787,0.6611568448299766,0.9783265617090272,0.6375634375972162,0.5086691533374902,0.7064653196116527,0.5124925076223815,0.5500054282750169,0.39234053342056036,0.3434609407998142,0.7006419371306327,0.10153775869293402,0.5301197450565828,0.5934953998848924,34,34,34,34,34,34,34,15,34,29,29,34,34
00001446,-0.07801898940047451,0.2477363788919398,-0.15593697577151164,-0.14666506829917586,-0.14285336611458932,-0.1906026289000454,-0.21418835820683632,-0.17399893697535157,0.018223436152433922,0.046835171367758555,-0.08309607932701366,0.07315856707510059,-0.12982655674979152,0.6609670397435757,0.15776202257023988,0.37850431352848535,0.40784119017409975,0.42026562607539353,0.28024868904662553,0.22383849185395588,0.5351313749301351,0.9185235269392855,0.8093590043298795,0.6682544636319067,0.6809407125868661,0.46428898973873944,34,34,34,34,34,34,34,15,34,29,29,34,34
00002310,0.12717747873043064,0.2279036453702688,-0.32399451543976904,-0.41304480879420646,-0.34887753504179525,-0.43101496575023485,-0.07969138951983579,0.30064113900236356,-0.277233056645739,-0.19565207219472938,-0.19331998132330774,-0.028746637938925547,0.1020063098831704,0.4281420748335566,0.15182804849352638,0.038778333069621564,0.00727464116222878,0.025379041232457593,0.004903099862714263,0.6204007751460084,0.05943028513631927,0.08329034547756008,0.22631369709386628,0.23200611055400522,0.8583989052469156,0.5256771604437446,41,41,41,41,41,41,41,40,40,40,40,41,41
00002312,0.22576167403869857,0.1599923788112741,-0.3162793302442999,-0.33316067998367094,-0.34895909636878797,-0.33539164719572706,-0.07248008975284972,0.2647588218419644,-0.04161556047199098,0.14384626175527804,-0.22377929492249035,0.08396651116853342,-0.04708398918588784,0.1558191579505393,0.31768560680772107,0.04394744748745826,0.03329352653225834,0.025342467950315323,0.03205990588727171,0.6567145790481926,0.09873962471516938,0.79875072342487,0.37586923977758313,0.1651061078248679,0.6017090928333363,0.7700394821768753,41,41,41,41,41,41,40,40,40,40,40,41,41
00002316,0.18642481434522556,0.14421774732113352,-0.4221052419295307,-0.3361324525413113,-0.44678963455064197,-0.33903724119105366,-0.01843751461170886,0.2391699970806974,-0.03565507774309963,0.17696938102290088,-0.003815907052363666,0.16758670441303627,-0.004330215333414765,0.24318970592098982,0.36833218491333014,0.005978044787156528,0.03165869676977708,0.003407019677682827,0.030125209506039505,0.9089077638180875,0.13718772546313523,0.8271009748606268,0.2746522489093604,0.9813561828634293,0.29495074181777775,0.9785637896993575,41,41,41,41,41,41,41,40,40,40,40,41,41
00002317,0.11859697546352754,0.030731767808345724,-0.4125781299156097,-0.3250371438435921,-0.43301305442916416,-0.3283187155974621,0.03976864912520624,0.26020341089579696,-0.05410293009478086,0.01741407272339683,-0.16321053566838023,0.09811267525038375,-0.027282464788334255,0.4601990453963812,0.8487302489117788,0.007347528287172641,0.03811952500346313,0.004686530475497588,0.036105425739856,0.8050117421233413,0.10489832676672199,0.7402143284743493,0.9150652041813069,0.3142858462961274,0.5416798068889933,0.865543403607613,41,41,41,41,41,41,41,40,40,40,40,41,41
00002321,0.13863696912725162,0.22166636318333155,-0.43335980855234163,-0.3375362414805532,-0.4535224768267973,-0.34356230344266986,0.03497331370683823,0.05708840785478434,-0.10081628545602554,0.3083804248649795,-0.15855562641169746,0.12509405512660624,0.15601291080357804,0.38734497689278813,0.16366187661300088,0.004649806034442767,0.03090977113099648,0.0029014394810556146,0.027858884643359824,0.8281464693718509,0.7264173535711924,0.5359298138453764,0.05286781049294468,0.32847256898590704,0.4358087538803227,0.33002767022347124,41,41,41,41,41,41,41,40,40,40,40,41,41
00002325,0.20796090328336958,0.16687966205736862,-0.4403695194593367,-0.337245089755965,-0.4640982286437287,-0.34152198359301555,0.07072992844563387,0.025849277475225845,-0.16001551556604998,0.16270074435368118,-0.15327382286181068,0.17002228160447383,0.2884763085269863,0.1919822010123557,0.2970219957759249,0.003959226576631831,0.031063888402680696,0.0022396290714090613,0.028862625697030703,0.6603443759845392,0.8741988228382257,0.32398102686230296,0.3158203807187304,0.3450444784014856,0.287887170465678,0.06738019587109002,41,41,41,41,41,41,41,40,40,40,40,41,41
00002329,0.24549965096192916,0.09436276425933288,-0.4854045663937859,-0.3357447178761118,-0.5042684747973577,-0.3372229134267009,0.1732523262911579,0.031189339202031166,-0.20700646248983637,0.24192680148597726,-0.15655392863059497,0.3071720448423104,-0.14407690813619772,0.12183051289584289,0.5573092651267159,0.0012959195534133529,0.0318681689923735,0.0007746637461616043,0.031075653067568442,0.27869005583729156,0.8484864360277057,0.1999677459291055,0.1325805439561703,0.33469372595438546,0.05075408543858025,0.36880502035328894,41,41,41,41,41,41,41,40,40,40,40,41,41
00002331,0.337351664634948,0.12495339222671098,-0.4255626486703373,-0.3334912822097321,-0.44751793383305266,-0.33857015401024243,0.18128272806381995,0.12719185255627868,-0.09138481377137338,-0.0012968439396804383,-0.031218651962844162,-0.023566482431340827,-0.08507264540988742,0.03100740106388817,0.4363290978487675,0.0055388735301931885,0.03310829393356221,0.0033488490125866046,0.030367570469966413,0.25666548694899377,0.43415125331691456,0.5749225602142276,0.9935794542696936,0.8463621395371803,0.8837219082306599,0.5969129134916734,41,41,41,41,41,41,41,40,40,41,41,41,41
00002337,0.39288769915662103,0.255897675589233,-0.4920240159155123,-0.3508484307182105,-0.5176929653856963,-0.3642771613665672,0.368110693961832,-0.09027362082344828,-0.07756228344507791,-0.016651132823084024,-0.05264474053382424,0.0678491877708821,-0.12817881137716572,0.011053363298914716,0.10633472446079531,0.0010854530728731614,0.024507448415383118,0.0005273428922752736,0.01920811283243407,0.017885264891025213,0.5795999554425518,0.6342813859124103,0.9177017846288491,0.7437488461458556,0.6733917055309813,0.4244843394411964,41,41,41,41,41,41,41,40,40,41,41,41,41
00002343,0.440537455638536,0.14235338147836063,-0.5046364257501226,-0.35664239019181765,-0.5296677774318708,-0.36691015838178803,0.3438253056595586,0.05370597598165303,-0.13327728919958973,-0.02899284352081797,0.028526245569364155,0.17229429098259427,-0.17012965291984364,0.003943843660355994,0.3746207147146679,0.0007667010475832356,0.022088264475912514,0.0003691339413550419,0.018291028470703217,0.027731629753390517,0.7420549626632242,0.4122973153557794,0.8571986119309407,0.8594736217931453,0.28139765655299964,0.2875783213168085,41,41,41,41,41,41,41,40,40,41,41,41,41
00002350,0.10500652915414857,-0.06633890489318597,-0.24650195293776425,-0.32682418164585353,-0.26070577649568777,-0.32462001667069945,-0.1020992715142688,0.16835720272574375,-0.04221441211873971,0.1968582731317696,-0.3767173553928851,-0.09310538116622276,-0.1402371525628261,0.513507013202686,0.6802702433049043,0.12026686659137378,0.03701162728016423,0.09969866394589054,0.038381990237538625,0.5252979531072074,0.2990579602007868,0.7959157565549061,0.21733674309553871,0.015192364525363697,0.5625967897025356,0.38183552880938265,41,41,41,41,41,41,41,40,40,41,41,41,41
00002352,0.2925820373932264,0.12837333652416602,-0.41700781637698286,-0.34356512686902224,-0.445606619817511,-0.34898585568712437,0.17996267259227755,0.11269822107562143,-0.16071333854214773,0.1687211368739804,-0.03291849611080362,-0.049125746139675144,0.12201938194780979,0.06340278677357838,0.4237758068181747,0.006680404940945999,0.027857515951021716,0.0035033934521691928,0.02533047823444309,0.26020374651264055,0.4887018335697584,0.32184771437565224,0.2916469420053018,0.8381050091332339,0.7603550019478968,0.44726079422385573,41,41,41,41,41,41,41,40,40,41,41,41,41
00002353,0.2575798149456838,-0.05724943370643389,-0.3833757762880904,-0.3353465635300581,-0.41245247138933094,-0.33712235569173354,0.16417184160393405,0.12555840726561174,-0.1077380490840138,0.009137613086765074,-0.11805949520095134,-0.14019633289358946,-0.1995453685606603,0.10397585498283735,0.7221921330591707,0.013351985625927045,0.032084457056012906,0.007367261173365305,0.031129045607818123,0.30504066972087124,0.44012468004173266,0.5081516671891187,0.9547833980896872,0.46224908039567847,0.3819754944921148,0.2109983050915033,41,41,41,41,41,41,41,40,40,41,41,41,41
00002355,0.2622331840521177,0.19684264758257428,-0.37531956349941836,-0.37194878021977507,-0.41411404480985836,-0.38982905995633443,-0.06384341089853712,0.08902630381617516,-0.059920375344031024,0.005878503280394574,-0.06722657244788367,0.09134417975475957,-0.019289705228426674,0.09765841857061662,0.21737398189585375,0.015604808101440125,0.016638509414981406,0.007109990981002214,0.011752510340303562,0.691691885663701,0.5848706603390517,0.7134079929680626,0.9709020124067428,0.6762242479835128,0.5700418418287307,0.9047163016978585,41,41,41,41,41,41,41,40,40,41,41,41,41
00002357,0.2616658099436506,0.15156875417071894,-0.3590658836713862,-0.34451998645668686,-0.3791326084120432,-0.35241414251546066,0.04414983292449093,0.28616206072009076,-0.015502998314500652,-0.20672016854505415,-0.12396286264356624,-0.09989982239288511,-0.0914173619358092,0.0984125163028268,0.3441584136476028,0.021137319865206495,0.02739781916243511,0.014501428916310715,0.023832930914508395,0.7840170076483858,0.0734375586407651,0.9243576997781566,0.19470692346564505,0.44000301825845267,0.5343058000846375,0.5697315851284906,41,41,41,41,41,41,41,40,40,41,41,41,41
00002359,0.26101627325587196,0.16504610507044212,-0.40279173863794454,-0.33897910545509463,-0.430434144487459,-0.34680574254272367,0.09464185505947294,0.12023548040065687,-0.03318945304766445,-0.06017538359516213,-0.37083919150778666,-0.005183416224593269,0.013685130973999935,0.09928129282166599,0.3024367661238301,0.00902767888123127,0.030155287528898844,0.004967663069440446,0.026322881009579434,0.5561387992500831,0.4599010215060934,0.8388941297670398,0.7086025293956323,0.016991172049822888,0.9743414055328196,0.9323237445233059,41,41,41,41,41,41,41,40,40,41,41,41,41
00002360,0.2529431834730227,0.044271920781708385,-0.36618622205634005,-0.3376393890737969,-0.39552460118637184,-0.33900601049060086,-0.04678308645167495,0.27385324250271936,-0.14270109077852955,0.08783894851604312,0.0099406637646986,-0.007920549747494258,-0.1021507658436677,0.11057620162607416,0.7834340437238204,0.018539429705224236,0.03085532283896148,0.010479416009330852,0.030141364434105977,0.7743751563770939,0.08727710882066946,0.37972142131321623,0.5849921298801795,0.9508142242136042,0.9608009027209307,0.5250879563102973,41,41,41,41,41,41,40,40,40,41,41,41,41
00002361,0.18472357263945932,0.045418373842754226,-0.3969300433999669,-0.35146047228007327,-0.42198768618004706,-0.35394523117668425,0.0621956019174065,0.22352687752499595,-0.0672305037486233,0.18385872875471265,0.008619691590418584,0.05901292511655207,-0.004460353971096313,0.24759414019992396,0.7779655219656824,0.010184051868129124,0.02424190973309669,0.005993492238997606,0.023188361128840502,0.6992710621862339,0.16559582895378544,0.6802025263491904,0.24985362405011521,0.9573438646260343,0.7139911865126565,0.9779197097782594,41,41,41,41,41,41,41,40,40,41,41,41,41
00002366,0.29626349373011307,0.13041551611148103,-0.3905684595604909,-0.32714352025642374,-0.41602252684642216,-0.33101282409557187,0.11099731927050342,0.1347544640403001,-0.07381826171355119,0.1971928009426854,-0.2664273979463501,-0.13199594630579667,-0.10435872729218099,0.05999702360392397,0.4163776666394962,0.011580134487504641,0.036816451385017726,0.006824085286082896,0.03451779861299597,0.48963491677953147,0.40708861337801344,0.6507778829326315,0.216540553949813,0.0922207447072903,0.41070292025273103,0.5161227838320764,41,41,41,41,41,41,41,40,40,41,41,41,41
00002411,0.3279415701084242,0.28251233823977334,-0.2318913439357422,-0.3203524824576404,-0.2759569848884726,-0.3318555971729883,-0.18190767529228516,0.04926413517712031,-0.2227374146310388,0.09519397939451126,0.24663464918357172,-0.09086689837225505,0.2370819278371496,0.036332373092290295,0.07350626596484315,0.14459794276383967,0.041152942710801006,0.08073582900702021,0.034033087922478514,0.2550016356330248,0.7689731950245314,0.16713425495465564,0.5696913702666025,0.1355054693374417,0.5720671780728306,0.13557081962416664,41,41,41,41,41,41,41,38,40,38,38,41,41
00002415,0.3146862754143771,0.19250165017322635,-0.13436185382069327,-0.30675328896348186,-0.16339876332363978,-0.3138597582207797,-0.003994678560702918,0.010835172157496418,-0.2060514619718524,0.2660118768635271,0.3676394350423535,0.04963453342344977,0.2324752343065727,0.045081442977953426,0.22789069910203413,0.4022908627760457,0.0510863748631447,0.30735507539515755,0.04567906064895996,0.9802244835318231,0.9485218745049675,0.20209695285036522,0.10646983005550406,0.023161926046056092,0.7579472612565896,0.1435609434651731,41,41,41,41,41,41,41,38,40,38,38,41,41
00002418,0.27209388351947233,0.12038649077758785,-0.2264832244274011,-0.27290229107519626,-0.25497943372274545,-0.27745997888375035,-0.16622207212953694,0.10096347754033028,-0.1313375659691984,0.12470170644264388,0.11163153369387388,-0.1521280132884048,-0.16465587156807113,0.08524903908531675,0.4534089143118073,0.15446624942507087,0.08428873542008053,0.1076394609194895,0.0790311455922004,0.29895674780807496,0.5464192798872963,0.41919428032711675,0.4556957588136829,0.5046151205728802,0.3423600613450146,0.30359727547490645,41,41,41,41,41,41,41,38,40,38,38,41,41
00002423,0.2429362513822522,0.028138078511137945,-0.26158363462053413,-0.18528141786244642,-0.2930541210768844,-0.18657777860271893,0.24190289166857762,0.10238865087685253,-0.2123821712517292,0.25996842491950073,0.09835620660985608,-0.24959319756589507,-0.27671929791834876,0.12589899022873066,0.8613670784847376,0.09852210503674531,0.24614403315138572,0.06295766732814233,0.24279629834464408,0.12756752869389415,0.5407409624934228,0.18827557279539558,0.11496631782252589,0.556880054351752,0.11553939668371614,0.07986766986398047,41,41,41,41,41,41,41,38,40,38,38,41,41
00002424,0.2928497074859324,0.19805362564523757,-0.3437945647014399,-0.28218424643706935,-0.3686867799360171,-0.2586220993615515,0.13166987466379607,-0.04652260824804298,-0.0387883806023409,0.29918051763553816,0.46542594833422885,0.1696992665892379,-0.022613876958655247,0.06315009967101616,0.22055247584591142,0.027746479014691454,0.07385556637624123,0.017693262429628424,0.10710324577849178,0.4180081081319689,0.7815077690679837,0.8121684510133828,0.06804443889444224,0.003234421200115126,0.2888176055313968,0.8883919035666452,41,40,41,41,41,40,40,38,40,38,38,41,41
00002427,0.3033959743785253,0.22466394275751495,-0.3741411157741618,-0.2657112886070425,-0.40767077022874737,-0.27384231142029924,0.06037680815774871,0.0962353782715197,-0.08846956126390954,0.18311388206749593,0.24693857907043382,0.05812408338942443,-0.003953983085779071,0.053814173691502376,0.15789394623054154,0.015959845675819737,0.09313223140629874,0.008152877838556434,0.0831826896867163,0.7076702262254336,0.5654574494403533,0.5872301328168126,0.27114955911771205,0.1350089662345044,0.718120758083161,0.9804259060138725,41,41,41,41,41,41,41,38,40,38,38,41,41
00002428,0.3099871708976632,0.06988739053171128,-0.3785591136743499,-0.27705722383098896,-0.4059580367274944,-0.2770794690211216,0.1275802190763769,-0.08700502335124993,-0.039633839037887315,0.3024801356612685,0.12068177785689209,0.06581711452026887,0.03036460357290754,0.048565137352306186,0.6641503213626816,0.014663031696708947,0.0794851631607561,0.008451278283688368,0.07946003357047693,0.4266688034354547,0.6034780664485676,0.8081501878845111,0.06491684379427741,0.47046321257019175,0.6826527108348739,0.8505169332653859,41,41,41,41,41,41,41,38,40,38,38,41,41
00002434,0.21128140616439092,0.07246602932675106,-0.3751273026555069,-0.27171109081167855,-0.395850070066446,-0.27558117315664504,0.20299082668356133,-0.06606857718114235,-0.14737102704232752,0.10113805030662197,0.10327507753391882,0.1700495839223569,-0.14374340282789969,0.18482301092886233,0.6525286496846122,0.01566227167658765,0.08570671157945584,0.010410372861813084,0.0811665224431617,0.20306055002753143,0.6935071225889198,0.364158635348892,0.5457222122487035,0.5372234816635161,0.28780861610281483,0.3699261343822976,41,41,41,41,41,41,41,38,40,38,38,41,41
00002439,0.16129424555120336,0.19452384400713776,-0.3056979421322046,-0.2882472595254901,-0.3226544982666209,-0.29752258417132205,-0.06128470159285937,0.015389303732920315,-0.06642558797895556,0.1339134827617285,0.21522156585258367,-0.10335671018899287,-0.08639219947722328,0.31371191891212896,0.22294910497830248,0.0519315769335831,0.0676077650799442,0.039638671063077,0.05886626153048789,0.7034732407603742,0.9269345325052708,0.6838310913363018,0.4228178616613219,0.19440247875951527,0.5201818832547586,0.5912133266144757,41,41,41,41,41,41,41,38,40,38,38,41,41
00002440,0.23332416398360906,0.2227505784440107,-0.39419509353367266,-0.28192013301217955,-0.4141818421735413,-0.2882028627278858,0.13234024382412346,0.008067971475298752,-0.09082584100202418,0.10818197670456518,0.0969943670748756,0.11527160995224117,-0.058105550939347675,0.1420630217910056,0.16155828154536472,0.010765529466333652,0.07413769882689873,0.007099660192891808,0.06765194525700216,0.40947255715218567,0.9616575422148423,0.5772733278742181,0.5179536691060316,0.5623808494023366,0.47296067647904455,0.7182069448613402,41,41,41,41,41,41,41,38,40,38,38,41,41
00002442,0.270171909572864,0.287463098214105,-0.3837767944984136,-0.30162257128691455,-0.4009370712261857,-0.3119101055005396,0.08027041411688178,0.2895993397697171,0.006853138831783082,0.07547218964488778,0.14297903996383363,0.0801900566739605,0.32127097296583274,0.08756626385094911,0.06839146368030961,0.013247470596894854,0.05530150730646822,0.009380719916798437,0.04711419450283887,0.6178549735330358,0.07780171957437185,0.9665233378363849,0.652462684730922,0.3918033916154798,0.6182080191364581,0.04054320851314572,41,41,41,41,41,41,41,38,40,38,38,41,41
00002725,0.1601864378030769,-0.08203154404450964,-0.04909173972849806,0.0531576763336671,-0.07231625240669681,0.09285699995480319,0.12902363314891727,0.0686003998265785,0.23451830272678692,-0.06419571988057039,-0.16717257920581188,0.12364359142337568,-0.08767885044266432,0.3170912789149949,0.6101389627575889,0.7605160107813117,0.7413376343743115,0.6532015001577224,0.5636440233817719,0.43373450482919695,0.6740433761398407,0.1507050692576493,0.6900752375987952,0.2961627749800545,0.4411908339790105,0.585679130313848,41,41,41,41,41,41,39,40,39,41,41,41,41
00002737,0.04308893890801972,-0.06192200618957239,-0.019305287995252576,-0.25208184992499866,-0.03551991938168721,-0.1849181585744996,-0.003609305827384517,0.24410386106593843,0.03902115460854896,0.1036878498543451,-0.07450648129999263,0.07816787526130055,-0.017632064563234087,0.7917803927301122,0.7042607619060234,0.9058802251814619,0.11659853334284581,0.8277464971512825,0.25331911675651775,0.9828419713252119,0.13423990108594186,0.8135504021127543,0.5188387128588485,0.64338946617677,0.6316291358521254,0.9140059151820874,40,40,40,40,40,40,38,39,39,41,41,40,40
00002744,0.04986569006468422,-0.09795992724497588,-0.07276450781634537,-0.18118403618660645,-0.0806744130325273,-0.09510040791051298,0.047468181567192264,0.12915973529963728,0.041801882492598315,0.14441587054488866,0.033248289453393545,0.002848750358392587,-0.017589675768241178,0.7568540991389346,0.5423123218089843,0.6511885899153514,0.2569289035680614,0.6160813146640756,0.5542182018788917,0.7741462578423522,0.42701491053196744,0.800523569795244,0.3676676454799629,0.8365049650853786,0.9858966790319043,0.9130802417332468,41,41,41,41,41,41,39,40,39,41,41,41,41
00002750,0.09524403075325816,-0.03330898461299695,-0.32240617580979775,-0.30953149839867533,-0.3022558954206184,-0.22422402541814274,0.25295303418515347,0.13096204572034126,-0.016389471341611166,0.2195238478459727,-0.08612702907346706,0.12814361581775507,0.11995350902934435,0.5536172957685125,0.8362105636222071,0.039799799253808825,0.048914193095696404,0.054766612376940346,0.1587310391027901,0.12025968826262748,0.4205369797782629,0.9211155011841854,0.1678769792265974,0.5923567528154039,0.42461260574732335,0.4550468176780178,41,41,41,41,41,41,39,40,39,41,41,41,41
00002758,0.17655792904084247,-0.05880075447640475,-0.19354763748363485,-0.27808413391997167,-0.2521803671117885,-0.11260416268770254,0.18269197989095923,0.21117786966584107,-0.08914125691073851,0.09769888024167633,0.15015313489725343,0.03877697900681256,0.15248119659774456,0.2694789049512164,0.7149762083220872,0.22532536091285113,0.07833155538385521,0.11169187427747225,0.4833311145616992,0.2722743569552228,0.19085185193888124,0.5894376054693519,0.5433941110560179,0.34873630847983517,0.8097832297892508,0.3412273463916254,41,41,41,41,41,41,38,40,39,41,41,41,41
00002811,0.19931380177268582,0.2069615081972636,-0.40327189672499225,-0.4436796387168191,-0.41975581746040735,-0.49329523460069075,0.4840671346995146,-0.06542798614973476,-0.10234963913434625,0.17782747760476483,0.44293602579149977,0.4293675792910896,0.27031787843864047,0.2115394199398803,0.19417480444828164,0.008938158880709141,0.0036654793526751995,0.006293396060800599,0.0010487047517006851,0.0013425897206126992,0.7004331463206226,0.5242773275992432,0.2659952625072459,0.0037297569471825246,0.005088145687729947,0.08738858158033848,41,41,41,41,41,41,41,37,41,41,41,41,41
00002823,0.092117023327139,0.2665833085482308,-0.14749830911193165,-0.34857687529620923,-0.15644762024029235,-0.3964075247496602,0.022012229020679248,0.03328685454636796,-0.038720857112855674,0.36143937306990664,0.0233621723984751,0.12261567676292275,0.2539123227169451,0.5667692780611743,0.09202321245825011,0.3574212646529636,0.025514240642179973,0.3286651250732358,0.010293020712921234,0.8913433153015772,0.8449384558869418,0.8100534690411529,0.020239449016885624,0.8847231837901187,0.4450270506841148,0.10917098884941057,41,41,41,41,41,41,41,37,41,41,41,41,41
00002848,-0.06683989161882302,-0.1281766892502841,-0.25881307795167635,-0.3334470213803799,-0.208975138128614,-0.22162381081920376,0.14975357546977144,-0.08456386171579819,0.08983236197267755,0.13122342755743696,-0.12562519156819407,0.2600514419006473,-0.16107804000990958,0.6779856460181286,0.4244920726802536,0.10227198167184418,0.03313304352247373,0.18977498517737454,0.16374483930119219,0.35003511740015797,0.6187519524255934,0.5764684600266569,0.4134712173528916,0.4338470633605892,0.10058262492709379,0.31436965732394734,41,41,41,41,41,41,41,37,41,41,41,41,41
00003064,-0.3673479065417514,-0.19583013884730158,-0.021234554774760373,0.002136998143732711,0.10789519877656648,0.06673855765616338,-0.06959161446081984,-0.31441039464996756,-0.11374680367607172,-0.11919235586561451,-0.02244837641363449,0.132955278635003,-0.030731645997502156,0.01814218825601965,0.21979639776765747,0.8951603709814513,0.9894201223492354,0.5019240735524534,0.6784475200073634,0.6654883951283337,0.048168610200228966,0.47887432082465053,0.4822767797198194,0.895080842629926,0.40727995283806234,0.8487308415409965,41,41,41,41,41,41,41,40,41,37,37,41,41
00003078,-0.28364054526362853,-0.03276992663062692,-0.062268622667350795,-0.00977072577344844,0.03779274132722091,0.0019458749737540871,-0.019957365725147946,-0.1739268096798149,-0.15136420458853933,0.12356487285543705,-0.0826180547302362,0.12719289487790866,0.059477955224258104,0.07231502667728826,0.8388260278590705,0.6989345827641815,0.9516540684191668,0.8145256837921622,0.9903662910185616,0.901434218459715,0.2831206702989855,0.34481760716724685,0.4662354879157152,0.6268750852998144,0.42808562844799486,0.7118338446284126,41,41,41,41,41,41,41,40,41,37,37,41,41
00003079,-0.3236547338441577,-0.11789824315040215,-0.04391337488477979,-0.08802076593132778,0.07122518481869627,-0.025334275869798417,-0.14077574065209944,-0.13034454120828318,-0.07096003187497363,-0.1640429644983061,0.2970395411453285,0.10464604344382672,-0.2242686023534253,0.038995028753228564,0.4628650748287632,0.7851464150167808,0.5842123658685732,0.6581111106834994,0.875065980927923,0.3799916081671023,0.4227501733276968,0.6593064048579016,0.3319569924007798,0.07420508107328296,0.5149618059933178,0.158646069611457,41,41,41,41,41,41,41,40,41,37,37,41,41
00003086,-0.19587362802688674,0.04848952587536511,-0.12341843718377128,-0.06972944211557905,-0.04920042511476662,-0.08206653871285154,-0.019259048156662066,-0.15604903047053315,-0.12352221029305743,0.327105321409693,0.39148267219601574,0.09969897747794969,-0.17611213336317955,0.21969196937244492,0.763368935008389,0.4420295574228193,0.6648647431444699,0.7600014573242486,0.6099860585409684,0.9048670436155436,0.3362743529350805,0.44164288268266366,0.048137421931536147,0.01657169309446967,0.5351320775692832,0.2707092719695766,41,41,41,41,41,41,41,40,41,37,37,41,41
00003089,-0.05669503411059711,-0.06685703182384233,-0.061731160697609505,-0.04092644995007886,-0.01833823880720433,-0.01139829187073158,0.0291893511097161,-0.11795916376225124,-0.08343219060421757,-0.11030726893099338,0.44731088437470345,0.10364668770959042,0.14106117269044124,0.7247767164081534,0.6779075335053206,0.7014125324305394,0.7994497341976863,0.9093962082022368,0.943612783793435,0.856240832148515,0.46850164772638014,0.6040318639282665,0.5157365347109697,0.005506536997955974,0.5190055812090719,0.37901653359532234,41,41,41,41,41,41,41,40,41,37,37,41,41
00003695,-0.07047252454244207,-0.10738898978515032,-0.26886783942516057,0.05459933173556199,-0.2718254978652067,0.09742848809074374,0.32966764667251625,0.16602747105574295,-0.03950458489782333,0.07299426070127833,-0.23028413026143713,-0.13429940252373962,-0.14072015527590165,0.6615062410850884,0.503944212516282,0.08916610967231779,0.7345738169075066,0.0855697254099823,0.5445157141353639,0.0353031897849009,0.3058915567694955,0.8062816310065364,0.6544310127828207,0.1528444194208054,0.40251162605718466,0.3801816675662859,41,41,41,41,41,41,41,40,41,40,40,41,41
00003698,0.01811164843641401,-0.12334119321256944,-0.3123198442737231,-0.04001497502022075,-0.32420750480963273,0.06396591690579957,0.3213976402477266,-0.12030414195263445,-0.15275979950049667,0.09794604965895778,-0.1153712775304748,0.1506584143172149,-0.07838763790183577,0.9105111727880008,0.4423175013015898,0.046809601822105855,0.8038276025220998,0.03864300101386815,0.6911295860302259,0.040459701596189945,0.4596429221550066,0.3403354512887871,0.5476597782524577,0.47838234474804986,0.34709806480960953,0.626148978120538,41,41,41,41,41,41,41,40,41,40,40,41,41
00028119,0.089167263350302,-0.048134590217667764,-0.2229629484686302,-0.30689187809275514,-0.22003949629595343,-0.2373247601445996,0.12345155676144175,-0.11090237184401398,-0.13709422389474016,-0.33604598900843907,-0.40447863320180244,-0.2522853401020681,-0.17066681004367404,0.5793061030080516,0.7650518552068568,0.1611485492330435,0.050976208984576644,0.16685542777236084,0.13515898983481836,0.44190612850248767,0.5074200691030446,0.39270050570332743,0.03400319638440815,0.009633893568018836,0.11153783957307399,0.2860364376345835,41,41,41,41,41,41,41,38,41,40,40,41,41
00028129,-0.004900508187383273,-0.10948124103578895,-0.19674089296259437,-0.3352482755836069,-0.15655931433421297,-0.17639109478814483,0.0478953453775534,-0.05791814882618613,-0.17109352233546646,-0.2789817639606973,-0.2887527617032886,-0.2107126390716775,-0.13326611099741903,0.9757414109415949,0.4956213905400851,0.21761659129917993,0.032138035296252206,0.32831559995178267,0.26993892415115206,0.772167456495519,0.7297974907263873,0.2848154132582631,0.08128395726013611,0.0707572260377807,0.18603563199285414,0.4061743971210787,41,41,41,41,41,41,39,38,41,40,40,41,41
00028132,0.0971200779452722,-0.2304910342834664,-0.555117783353861,-0.23095999722723454,-0.5489246874352595,0.023580169354616657,0.5667125066419207,-0.02181415124106389,-0.0394376435054246,-0.17606732609272968,-0.0808240886058172,0.03671278175504,-0.33366822530002793,0.5457963661361468,0.14710737461658677,0.00016524421719681817,0.14626342939793877,0.0002021415578949491,0.883654838190536,0.00011208381766348883,0.8965705785103564,0.8066036313158634,0.27714543891077104,0.6200500238499446,0.8197368843708841,0.0330095034348075,41,41,41,41,41,41,41,38,41,40,40,41,41
00028143,0.12583913410824343,0.10583780987836564,-0.2798184645300346,-0.2909237879160416,-0.2851008166738006,-0.21116271419022334,0.1584271655697305,-0.15898031476971272,-0.1020356936217424,-0.3484476375322624,-0.25712904693402616,-0.0947798186323843,-0.02579950182708366,0.43305827948955405,0.5101601132210587,0.0764130231591874,0.06498615418925012,0.07079578122198844,0.18507559901341109,0.3225048777107216,0.34040529169314226,0.5255572843118853,0.02756196685040136,0.10921727818718942,0.5555606262250814,0.8727903649929659,41,41,41,41,41,41,41,38,41,40,40,41,41
00028150,0.17123407304669988,-0.06331403279459179,-0.20665018347864134,-0.34944814295095705,-0.23934683611680316,-0.15526494625824988,0.1881639041817153,-0.1456383245385848,-0.08433035395694158,-0.20213463765500123,-0.2287961063182965,-0.07395004329695608,-0.06559057446016418,0.2844139745187179,0.6941235937948848,0.1948614224874918,0.02512409026832799,0.13176566138297727,0.3323802884109471,0.23874229382243495,0.3829631410286828,0.6001296334514366,0.21099544261064593,0.15558887033031107,0.6458766876504115,0.6836880292934663,41,41,41,41,41,41,41,38,41,40,40,41,41
00028153,0.19572307673160744,0.06336252757466795,-0.23436992702882153,-0.1973537725562183,-0.2808312474053853,-0.14720061540291798,0.13099822193119662,-0.029832431009280486,-0.11245093212391917,-0.21309313624432524,-0.29778691485197284,-0.2843420422057398,-0.3231326182691125,0.2200536265212974,0.6939007057375783,0.14023368474456102,0.21615815499861712,0.07530982089467254,0.3584032249502799,0.4142802285692245,0.8588834289622358,0.48393042071054004,0.1867662658311728,0.06200818797698549,0.07158202946423978,0.03932993288085262,41,41,41,41,41,41,41,38,41,40,40,41,41
00028168,0.1415012394654638,-0.07238777881126651,-0.277066296192352,-0.31742063491798594,-0.2893084646733655,-0.18794501088412577,0.2506034978272594,-0.23511853870134009,-0.033802211847699916,-0.06573589112669503,-0.24078310559312965,-0.14574904573663325,-0.19301382395744854,0.37751610789272116,0.6528801446036689,0.07947491369125999,0.04314933834421519,0.06655850886887293,0.23929901959842279,0.11402518265546763,0.15532814359732927,0.8338189891261446,0.686945837749868,0.13447772813113046,0.36321463242363283,0.22663207915316966,41,41,41,41,41,41,41,38,41,40,40,41,41
00028169,0.27762736993907833,0.0392398640039167,-0.3073590244113034,-0.25390960317672207,-0.36407330153975614,-0.18004883305570865,0.2626917569306256,0.013207936223121138,-0.09548153233755795,-0.16625077989719714,-0.47406610041506775,-0.3667744974414269,-0.10751119281082312,0.07884304634183292,0.8075551706453559,0.050606277016573706,0.10917491299706582,0.01928070021828022,0.2599718186288775,0.09705217736388919,0.9372690946905998,0.5526242821525181,0.30523227320318547,0.0020001902321836245,0.018337362923598,0.5034561570990383,41,41,41,41,41,41,41,38,41,40,40,41,41
00033182,0.058668223611808734,-0.193100015789195,-0.2092160430123746,-0.2981849634687268,-0.22160833122862508,-0.10275185172589359,0.19440221775338756,-0.19381806722608147,0.01901567140856903,-0.18104545214842369,-0.2591327471097309,-0.11562105947262978,0.1728844847380377,0.715591726772521,0.2264207399532327,0.18925337015360516,0.05827825402878036,0.16377502680934897,0.5226397519961233,0.22324422085014228,0.4409335209444069,0.9060638522455375,0.26357014998975514,0.1063874000101246,0.47161087102548627,0.27972762870607676,41,41,41,41,41,41,41,18,41,40,40,41,41
00033204,-0.1897368920631621,-0.03994530136417519,-0.16789288845903,-0.2670828930009847,-0.13720891020550377,-0.22271925526055664,0.06719751848384202,-0.12497092523060797,0.01822270727369428,-0.2400002241418565,-0.3700263634030303,-0.2159427966667556,-0.19490613086688674,0.23476744212619882,0.8041624944655863,0.2940566797589831,0.09139245904990127,0.3923009030303109,0.16161877827119028,0.6763565348126073,0.621244678696507,0.9099646734161517,0.13578795211953923,0.018766243634749227,0.17509612545267358,0.22202326525176685,41,41,41,41,41,41,41,18,41,40,40,41,41
00033224,-0.1823352291539538,-0.08701439979418309,-0.3310896654869111,-0.2973193978674007,-0.2244269152088626,-0.24657251693692592,-0.1002342055266056,-0.22470792844002496,-0.012456471221406909,-0.3064859331626777,-0.3574202313440245,-0.023223766350656844,-0.07141852077232842,0.2538674829294205,0.588534207998202,0.03447337078892047,0.0590475795240374,0.15834457190661225,0.12015735442751874,0.5329315197353188,0.3550238531981161,0.938387568542091,0.05441782436869784,0.023560891829612463,0.8854015800005797,0.6572400922427459,41,41,41,41,41,41,41,19,41,40,40,41,41
00033237,-0.06619272585981306,-0.12247914328745063,-0.3595841399185349,-0.3586311634645305,-0.31705424697504847,-0.2607250793075065,0.16512943477521358,-0.09127659718449588,0.036236846528566645,-0.21585397274869164,-0.3525072177303603,-0.03231191378048228,-0.044073673241435865,0.6809373811581881,0.44553797007987983,0.020938475138625328,0.021305330005677758,0.04340425888458862,0.09967267788480833,0.30218932111443075,0.7101668030143601,0.8220358908394487,0.18098665338305314,0.025687099483617512,0.8410496141173663,0.7843807256703205,41,41,41,41,41,41,41,19,41,40,40,41,41
00033241,-0.1044851924299904,-0.21569754024830254,0.06755129383242926,0.21370024107561697,0.08058876269846743,0.2345956572208264,0.2782062521855825,0.01308311979907277,-0.03459604784110317,0.06340033105449594,-0.28294478754584107,-0.07175128737151483,-0.23462206089044493,0.5156116069210103,0.17559856273757096,0.6747463996090928,0.17972878512213217,0.6164571621588683,0.13984111359145543,0.07819524617680743,0.9576057453875592,0.8299729235998452,0.6975311627914434,0.07687635468699126,0.6557419576460042,0.13979524766255597,41,41,41,41,41,41,41,19,41,40,40,41,41
00033248,-0.0027541856535817674,-0.002081116241834246,-0.3591516080659557,-0.3360890633739486,-0.36856160905395674,-0.22958723901737227,0.17515965236817202,-0.17103820353304797,-0.11231341875027363,-0.006051252671901708,-0.3989100521979566,-0.14946402762705466,-0.15799642407450126,0.9863647963838862,0.9896967682051844,0.021104320438329258,0.03168208109024799,0.017734832125796254,0.14874392577463555,0.2733504366325508,0.4709133068734344,0.48446858432063483,0.970438608955213,0.010780009985796375,0.35097816265187654,0.3238391227349553,41,41,41,41,41,41,41,20,41,40,40,41,41
00033276,-0.016716408051180565,-0.3036064063945231,-0.3147616217378048,-0.27869912510618555,-0.2677671368898768,-0.054598234693453165,0.12046209081267406,-0.26274152223415986,-0.14037528010186995,-0.07894974114091197,-0.28060236570780156,-0.1652042136825402,-0.10149704674226132,0.917380270220107,0.05363983686888629,0.04502727991852636,0.0776469827295023,0.09053398755533455,0.7345789564605328,0.45312325921982183,0.2630707239359346,0.3876164536328885,0.6282115999607298,0.07945835372604067,0.30196737766719656,0.5277569211309033,41,41,41,41,41,41,41,20,40,40,40,41,41
00033277,-0.07188109146629552,-0.1232901992872085,-0.38189732361821604,-0.2744765098680314,-0.3905021431158034,-0.17504393639230303,0.25299126720788895,-0.3870728814611838,-0.23759298387728386,0.09576212215693808,-0.273064014033809,-0.04343402108109153,-0.14841576267515522,0.6551579322969912,0.44250764886012595,0.013743376111131182,0.08244288470565493,0.011595506318745112,0.27367245841396326,0.11050616016151972,0.09178758178004365,0.13470517797283707,0.5566658022335464,0.08822901011032902,0.7874373105749328,0.35440524213632163,41,41,41,41,41,41,41,20,41,40,40,41,41
00034285,-0.09610454044522818,-0.18090672994015203,-0.29916225567210625,-0.025479268918824297,-0.1938625331160162,0.09299489215449414,0.24513845518836708,0.06172638349053825,-0.15187970650577948,0.29208638650797875,0.2457900834090843,0.2539419702694752,0.29524215499236495,0.5500234318960819,0.2576700212879102,0.057419263236269905,0.8743566515353169,0.22455695934860537,0.5630625259308796,0.1223977254667567,0.7089284227024363,0.34315780211002384,0.06742223398911026,0.12631907172641402,0.1091282160062788,0.060926920893904044,41,41,41,41,41,41,41,39,41,40,40,41,41
00034310,-0.03880888072412362,-0.10514174351846207,-0.1789478879413405,0.00711223528361736,-0.1067645815235617,0.05843808149687739,0.3723402886968463,0.15024773113082163,-0.20534511955764986,0.028109832790401863,0.030846979517481138,0.16554361124377961,0.08694540375818677,0.8096296257225334,0.5129618665806925,0.26294571095721647,0.9647986442898501,0.5064417187971975,0.7166610071421301,0.01798192133842328,0.3547653968421637,0.19775832431884752,0.8632971129254247,0.8501305528841394,0.30096135789152,0.5888310307087657,41,41,41,41,41,41,40,40,41,40,40,41,41
00034312,-0.03156828506273549,-0.11396822986313762,-0.08194313199541847,-0.05474664955271548,-0.059890723650868075,0.009817728842368471,0.21638464276914068,0.30435133988086865,-0.11760840531690535,0.3234039901016432,-0.07907643670298838,0.29309722493487644,0.3737216154767574,0.8446624134542963,0.4780131647777267,0.6105253394364286,0.7338837487768488,0.7099208069273397,0.9514217711054946,0.17419355347935453,0.05620765168968519,0.4639733811017326,0.04179119080161189,0.6276585307762411,0.06291714942691702,0.01608786657184058,41,41,41,41,41,41,41,40,41,40,40,41,41
00034313,0.3857609285172488,0.2737505230760192,-0.20387566341650712,-0.5293625119442051,-0.3082553758215586,-0.5038979770328533,-0.0018810528510141372,0.4846977188086419,-0.14682004235836937,,,,,0.24130403424116517,0.41532567327777625,0.5476456668157613,0.09401766452703089,0.3563986490153296,0.11402120357041938,0.9956205330490888,0.1556685693021246,0.6856652307283628,,,,,11,11,11,11,11,11,11,10,10,0,0,11,11
00034332,-0.0721698809047226,-0.1253183439858549,-0.1524291789073836,-0.029028865127894724,-0.14350688150745045,0.02820178735047895,0.2134425521771008,0.014693613131005874,-0.22361945174593575,0.1089784544034266,0.15218174525190892,0.24972717896498453,0.12057142989202589,0.6538593142474698,0.4349797702461323,0.3413940304488742,0.8570230271226656,0.3707224581378327,0.8610562575992935,0.18026667104217234,0.9282963515869869,0.1598867062650724,0.5032515330307784,0.3485336587093459,0.1153377194596713,0.452710293747385,41,41,41,41,41,41,41,40,41,40,40,41,41
00034344,-0.17192515349298315,-0.09865705049025064,0.05886275845274834,-0.1205830286347076,0.1281478764840323,-0.04961449167140519,-0.09291699169496523,0.09640112659040029,-0.23498328290356027,-0.02691891615228381,-0.038683479379189284,0.2545437804248748,0.1906551201105178,0.2824454757037668,0.5394284827196214,0.7146883018691241,0.4526664981566972,0.42459707706454114,0.7580420625896458,0.5633910014089111,0.5540235352687729,0.1391688838821526,0.8690374209061065,0.8126673551241189,0.10826272789451112,0.23246806650222865,41,41,41,41,41,41,41,40,41,40,40,41,41
00034352,-0.15317705494505138,-0.07945881002351121,0.02402818262872023,-0.06334408796397838,0.09527451713228975,-0.013249248529950734,0.15905741829574735,0.273920958771647,-0.16554917868919333,0.07997626512326206,0.009164564530409355,0.33321936263911905,0.25558969484397215,0.33900237355379437,0.621424592919131,0.8814598834953986,0.6939854534912213,0.5534897827453586,0.934474547755091,0.320558855201369,0.08719580711220287,0.3009448731450848,0.6237362631523382,0.9552422749008976,0.03326058527468603,0.10677098679614917,41,41,41,41,41,41,41,40,41,40,40,41,41
00034363,0.14397168567187596,-0.010978162360208817,0.16025774743409624,0.06382305398347911,0.06921354871831523,0.05469863686899499,0.14760972690930296,0.02824942940219341,-0.06170626655987116,0.21503505123140657,0.20511973666688527,0.3491269716782406,0.259970236974435,0.3691585174733916,0.9456880127315791,0.3168730611630221,0.6917853392556562,0.6672002336768657,0.7341086277850035,0.35705416547812124,0.8626246942993053,0.7052447228751706,0.18268754249759714,0.20418950385869372,0.025267328127435672,0.10069274448094523,41,41,41,41,41,41,41,40,40,40,40,41,41
00034376,0.22074204754164167,-0.008581101155490746,0.2348663344853424,0.002679566290612916,0.11722568054420457,0.005323099085088893,0.1791128715640218,0.07288068696427297,0.01742782006409066,0.02716357553350452,0.13456812449386882,0.1570601826612619,0.2196271374517175,0.1654708386788189,0.9575346627492959,0.13937144628446305,0.9867341828321777,0.4654390489745323,0.9736501953770504,0.2624986228810476,0.6549351570369666,0.9149983973525802,0.8678575934569593,0.40774358529020127,0.32675107916610246,0.16767199156275372,41,41,41,41,41,41,41,40,40,40,40,41,41
00034382,0.15795744096023773,0.12312049088396683,-0.09311228145877715,-0.0035735921654522947,-0.11936939735244251,-0.05730157823201391,0.22555851989824227,-0.03985850660616283,-0.11885365217575954,0.23578944458206655,0.3325048345094455,0.301761939938478,0.5781074282272803,0.32396004530352007,0.4431407857066377,0.5625677093352974,0.9823087093471047,0.45726148625870405,0.7219491940539526,0.1562016264259933,0.8070832082449615,0.4651118426753196,0.14299779882142602,0.0360537515183449,0.055183441351036956,7.54442738556443e-05,41,41,41,41,41,41,41,40,40,40,40,41,41
00034390,0.016588314977903095,-0.11799137012866233,-0.2124397002531635,0.09188594357545112,-0.20984423537565716,0.14931077100698217,0.21439827341020934,0.10194530487757177,-0.13556204544437772,0.2134728762891736,0.05262913334399894,0.19095339395363253,0.04510481009251672,0.9180112073632437,0.4625092694280411,0.18237090693963556,0.567746865006574,0.18789796621754956,0.3514779387445492,0.17827750991573885,0.5313493087172177,0.398061796737668,0.18596364010212962,0.7470552780412736,0.23172446145831796,0.7794601673762956,41,41,41,41,41,41,41,40,41,40,40,41,41
00034391,0.15229683850789383,-0.09022903978936841,0.00029851827032445835,0.06662930934829388,-0.04898706296630513,0.10974272662264314,0.28282746143769355,-0.19365218458140948,-0.0186555899962203,0.1424249539395124,-0.10084122194137357,0.05716768162159352,0.2304898593307135,0.3418183241229177,0.5747790394903681,0.9985220511336123,0.6789455971534294,0.7610116823272565,0.494586201452415,0.07317199590474921,0.23118933082501367,0.9078349330388734,0.38065377790234056,0.5358284391906493,0.7225730665401833,0.14710949354353023,41,41,41,41,41,41,41,40,41,40,40,41,41
00034396,-0.08717195397539926,-0.10755674449174814,-0.2851227332175517,0.1562722324640205,-0.2810524910348143,0.19148483837240013,0.32404662692817904,0.17508794719975024,0.04402428328392158,0.3725364749001299,0.06894406063817747,0.2585835856905811,0.15692327440859996,0.5878566549926766,0.5032742938194779,0.07077317264841672,0.3292144349068085,0.07507049598806484,0.23040358108404532,0.0387451860757783,0.2798690507719891,0.784616622931461,0.01645423620493923,0.6684214625160184,0.10258742007296023,0.3271782651769565,41,41,41,41,41,41,41,40,41,41,41,41,41
00034399,0.09853009447069276,-0.14385659096457215,-0.0836818166505733,0.09422623246332362,-0.10592578890282509,0.15462316473409932,0.2895331325148728,-0.010708296980109382,-0.18192569484286633,-0.0868934254494755,0.038677862498073624,0.051202341187353305,-0.10996712310913685,0.5399531204860265,0.36954541237021055,0.6029462205928128,0.5578822789849144,0.5098065351521248,0.3344071984254255,0.06633803240449063,0.9477126452856753,0.254953767767352,0.5890546865717395,0.810260512282587,0.7505421716487604,0.4936987300005797,41,41,41,41,41,41,41,40,41,41,41,41,41
00034410,0.10332349260480647,0.3949174615173646,-0.5119905515242473,-0.7880843271903025,-0.5114502217205898,-0.7604111417296856,0.4866791833463921,0.03209363149775751,-0.20495012677175395,,,,,0.7624135367957461,0.22935085341977202,0.1073911723954028,0.003961851416652496,0.10782585396525585,0.006591576175331745,0.12899198253400285,0.9253690238945914,0.5700335654329343,,,,,11,11,11,11,11,11,11,11,10,0,0,11,11
00034411,-0.13009282979987308,-0.1996851146770224,-0.20996587299585281,0.15213666738029957,-0.19862860627802775,0.23364507337158696,0.29348652043772916,-0.02566103821656901,-0.20807061573559654,0.2694629920178293,0.018605618150747308,-0.04341211427191528,-0.0006874189833551191,0.4175417551258677,0.21067221845279815,0.1876363152882183,0.34233227871662253,0.21314619721150715,0.1414997972678662,0.06255214670311175,0.875107684980589,0.191742569601897,0.08843318739490154,0.9080807573785799,0.7875420485320868,0.9965966314094353,41,41,41,41,41,41,41,40,41,41,41,41,41
00034423,-0.04642141258303614,-0.021758612042161854,-0.18332695623712847,0.2583663705902344,-0.179183328098231,0.2521441584608875,0.37532208156225094,0.004654293215867491,-0.2412292378370369,0.12672284800236305,-0.04837256119945718,0.019260215389123325,0.3289965643649954,0.773189721266586,0.8925878809741901,0.251249779054878,0.10288666797171044,0.26230784697301285,0.11174504332100986,0.015604056678095406,0.9772609517091927,0.12866412383042186,0.42980858037683445,0.7639234023619013,0.9048613042314513,0.03570044930785342,41,41,41,41,41,41,41,40,41,41,41,41,41
00035412,0.05619237368566539,-0.2479941097202814,-0.26622875738477114,-0.17919514783590934,-0.25976294124981225,-0.05628597141179232,0.3191677569080874,0.08903895960961344,0.1537290315395229,0.13925755448910757,0.06300582690373614,0.15722284690672939,0.08991471721925808,0.7271227030337182,0.11796705281906886,0.09247288788142335,0.26227585155974253,0.10097427056340817,0.7266856822993772,0.07498568087866735,0.5898665563706956,0.33724383318132517,0.3914445155938354,0.6993248087494304,0.3262439811735715,0.5761175302514527,41,41,41,41,41,41,32,39,41,40,40,41,41
00035426,-0.019639273914219612,-0.14025611727995335,-0.16775523817454815,-0.21603050261256435,-0.145226136166429,-0.14096211987160534,0.08518418406342848,0.27443382199173477,-0.05680446008347721,0.12906826994394716,0.26075578141883854,-0.04180610207548524,0.058882716480260944,0.9029976945525205,0.3817705113873021,0.29445840438016946,0.17491669974386612,0.36495735150034886,0.3793547437142321,0.6429724552776104,0.09089171450616426,0.7242663381404761,0.4273451397021865,0.10413632942736527,0.795230446623953,0.7145956379666897,41,41,41,41,41,41,32,39,41,40,40,41,41
00035433,-0.05056453706170775,-0.16972574120374287,-0.11787992420733465,-0.2265500070668677,-0.1079818490169106,-0.08900541634658707,0.1305614975674584,-0.022864341667917322,-0.22827934113106865,0.1432563555557203,0.1470068414130077,0.14595232671572245,0.04270563324442409,0.7535520340750602,0.2887412730234442,0.46293508231966946,0.15434146678454355,0.5015786898915507,0.5799975750206761,0.4763158985471253,0.8901139482928795,0.15113580115398617,0.3778506937073408,0.3653583493896557,0.3625385039287743,0.790921752744563,41,41,41,41,41,41,32,39,41,40,40,41,41
00035459,-0.09154204315077231,-0.08253002338354998,-0.09808282083888334,-0.29156899471744635,-0.030693550702052267,-0.2238268800244885,-0.22701287106165807,-0.0703776801931022,0.190607599253265,0.055788463321976525,0.08599580218246616,-0.03026694572069185,-0.010824736841737652,0.569203176053913,0.6079624733058149,0.5418034033345027,0.06436639949612252,0.8489161852699487,0.15948951182529145,0.21149073230838822,0.6833691312810769,0.2325866874173107,0.7324146934225235,0.5977646798590309,0.8509922777610668,0.946445946804635,41,41,41,41,41,41,32,36,41,40,40,41,41
00035473,-0.18193006274885803,-0.07638133702974764,-0.31801861583275093,-0.2852264918408493,-0.1565112617841915,-0.22362563949172887,0.033150435377005225,-0.04351365588788662,-0.005415631222778973,0.0646722284752079,-0.017734802438259836,0.09167095201824339,-0.010318993102505017,0.25494216558869937,0.6350374040644255,0.04273589513642761,0.07066621498347392,0.3284659427343892,0.15987484725800302,0.8570618835208416,0.8039808043998801,0.9731923174759263,0.6917594556848582,0.9135067311569149,0.5686570864072433,0.9489446867556653,41,41,41,41,41,41,32,35,41,40,40,41,41
00035484,-0.1375306395792223,-0.09648665233078652,-0.16575109959305404,-0.28527121377472003,-0.07856071717984062,-0.21722304204434092,-0.2245516090444121,0.02297874038276123,-0.03979922494362531,0.1797164673852573,0.15523727530914372,0.025666094973601224,0.07520826222994846,0.3911811636080072,0.5484311151145084,0.30034739263959015,0.07062015350226204,0.6253846090499411,0.1724901178983649,0.21661830384898165,0.8910809440144918,0.8048647344072388,0.2671503836982305,0.33882526811993796,0.873442811442423,0.6402580458340231,41,41,41,41,41,41,32,38,41,40,40,41,41
00035486,-0.03939448326989351,0.03609904442874253,-0.2886957999012665,-0.2740862888056223,-0.19307341651012205,-0.25217946840135524,0.021879858613300676,0.10422181891371517,0.14690359454419752,0.10871729707298149,0.06096615990972605,0.05437716074763865,0.03659809232791315,0.8068112566294605,0.822701819412532,0.06716269120008815,0.08289747609905261,0.226485945988131,0.11169319371820852,0.9053856011589532,0.5452368280232182,0.3593845890217194,0.5042812215288244,0.7086238444152574,0.7356149027473616,0.8202907566040297,41,41,41,41,41,41,32,36,41,40,40,41,41
00035487,0.25032722127673396,-0.028813250787708262,-0.4050190294325583,-0.2527675195867935,-0.39898182180878516,-0.17417152919200873,0.3552155330586495,-0.007934911593008381,0.1592109712612482,0.05930109054963845,-0.09462972075245953,0.0479783594590905,-0.0475199832229765,0.11443775988449546,0.8580741253322968,0.00861882325233086,0.11083236985416717,0.009765652999132075,0.27610826710867103,0.04603675006944057,0.9633661206675566,0.3264515419002952,0.7162461564565025,0.5613626817506603,0.7657929586747926,0.7679685202166416,41,41,41,41,41,41,32,36,40,40,40,41,41
00035498,0.029173842502023158,-0.2852262961357404,-0.3472345983679165,-0.297260509335423,-0.2785689142314549,-0.09408453531999136,0.3111814542194311,-0.010081613264090874,-0.03625282361981831,0.1980365045349342,0.1671626761713566,0.0895221347368662,0.019308432228672123,0.856316413867781,0.07066641660251304,0.026125153507313103,0.059100213234466466,0.07779153382552566,0.5584772625026796,0.08298735379610223,0.9527763332292418,0.8219586895153634,0.22059318790349486,0.30254944531601363,0.5777912603583493,0.9046242219912878,41,41,41,41,41,41,32,37,41,40,40,41,41
00035509,0.2532252231090343,-0.12821030795435695,-0.47146448072462444,-0.1790006987852439,-0.45894252044018424,-0.08562254008186854,0.46764620775995497,-0.0010325739872055484,0.1291042407786789,0.09002129450547042,-0.0937080429778364,0.08061182984332556,0.04728295653737308,0.11016584722019743,0.4243695721195095,0.0018609716649249934,0.2628025442547319,0.0025435008695147447,0.5945348180592582,0.0069579269650091305,0.9950223387567904,0.421119532562405,0.5806644664960748,0.565199068922946,0.6163559302920659,0.7690941952462924,41,41,41,41,41,41,32,39,41,40,40,41,41
00035512,0.24919358211817474,-0.05751260370133316,-0.43751932651218517,-0.34763765333395,-0.4569642349488325,-0.2653565546913957,0.4673128380378839,-0.11037817085240081,0.03330791263405814,0.2674556686421313,0.09348256843673515,0.10026306420381075,0.05186772462786678,0.11614250530715732,0.7209663112557462,0.004228402214559014,0.02594044753089306,0.0026693761166930287,0.09358631306013049,0.007003691169155505,0.5216141573344201,0.8362157630577063,0.0952264878105797,0.5661394211960648,0.5328129941319845,0.7474060442423857,41,41,41,41,41,41,32,36,41,40,40,41,41
00035521,0.08029465629421778,-0.2274527091588545,-0.18628957966299978,-0.2035715474847241,-0.20635723601415035,-0.06256003791499332,0.1686343056830751,-0.33594470172354013,-0.03388464939609365,0.16950013710535106,0.28947749230496206,0.11904530112416886,0.3782214830068523,0.6177484836276516,0.1526619918629721,0.24353787328912846,0.20174353140988813,0.19550907105660756,0.6975923085440269,0.3562065220861566,0.0420685003511003,0.8334194070106204,0.29574153747230125,0.0700213748947328,0.4584928065317766,0.014758882530946857,41,41,41,41,41,41,32,37,41,40,40,41,41
00035522,0.2699527064180344,0.01557317019828052,-0.3785728590258312,-0.3168077518554801,-0.413664198353058,-0.21558714606085191,0.333778522158254,-0.24505247141868902,0.04306197441760014,0.14934591317170373,0.12638820357907368,0.060089381983478254,-0.12282064941197006,0.08783361725419192,0.9230131433988628,0.01465914068717026,0.04357644880826683,0.007178866368417616,0.17582505542961913,0.0619072137057253,0.14378781695805024,0.7892165911665455,0.3576941492047291,0.43708451941351434,0.709000719879956,0.44426062944385136,41,41,41,41,41,41,32,37,41,40,40,41,41
00035542,0.23387290026558333,0.04908021632629733,-0.3964943000873132,-0.27819923471375324,-0.4091436840715505,-0.25732588927218925,0.32231988775610054,-0.19647295183258556,-0.024903876393677842,0.10422775028690502,-0.048768973979597445,0.1842884233921655,0.06350492576699848,0.14110094264050146,0.7605705724477494,0.010274855390729523,0.07820307409715706,0.007903549304003332,0.10432935275993578,0.07199735344031324,0.2306135402795186,0.8771721307614311,0.5221478747550363,0.7650627162229887,0.2487292833997109,0.6932463729809661,41,41,41,41,41,41,32,39,41,40,40,41,41
00035550,-0.09596662248910998,-0.19770062238262112,-0.11269842546340773,-0.08202230447645781,-0.05098134364205123,0.053871345190088904,0.03784973018140629,-0.4167927283396942,-0.25723267640316666,0.254649295510738,0.35301178994330423,-0.0028784559032495986,-0.05232130468609122,0.5505986934375766,0.2153357782139037,0.4829626321117211,0.6101793364623566,0.7515846710077925,0.7379868762162225,0.8370523598730443,0.008302714633387174,0.10445934715275425,0.1127981600317794,0.025461648564167057,0.9857496306099373,0.7452704992565927,41,41,41,41,41,41,32,39,41,40,40,41,41
00035562,0.040164802274280306,-0.14729398866702306,-0.28077997067871896,-0.1866523015598054,-0.24269076411064183,-0.048855641255486415,0.2381096118373721,0.14755307938416617,-0.17689519473193022,0.14064197084202876,0.08707675764200863,0.12297606424008582,0.05618834155841805,0.8031075632391855,0.3580950523712445,0.0753653735738616,0.24260478918143472,0.12629388463296917,0.7616341315887546,0.18940859704415972,0.3700344683665679,0.26855052741581786,0.38670632107068736,0.5931512719585328,0.44367999467515407,0.7271415315116481,41,41,41,41,41,41,32,39,41,40,40,41,41
00035565,0.24504364707768778,0.12752880388052007,-0.2752870540157363,-0.34898939767652826,-0.30942200231907685,-0.3105276689561697,0.17586949307440586,-0.4804173478080707,0.017522236279674353,0.2916947582993507,0.16329430003255485,0.18038926445387268,0.15494490579240794,0.12254693769291487,0.42685672794092855,0.08150484153288048,0.025328891572671087,0.04899837042279709,0.04815371179866037,0.33563841382423454,0.001965414996642861,0.9134122327284756,0.06780746309286899,0.31403415625905806,0.25905678608518956,0.3333901028437016,41,41,41,41,41,41,32,39,41,40,40,41,41
00035582,0.0780706813879017,-0.14942289405611145,-0.2678445287952669,-0.12994295378936807,-0.26314716818705564,-0.015582053688953977,0.2649858819240969,-0.30474853125836043,-0.16787441947293996,0.21175904970004342,0.11078061573522698,0.1496382369838781,0.13445246627555543,0.6275497520942351,0.35111225839046833,0.09043728321443781,0.4180830578422511,0.09645298146902254,0.922969358687635,0.142731102874491,0.059243623576293473,0.2941105599344455,0.1896054816963277,0.4961751596847966,0.350410584762072,0.4019706748207856,41,41,41,41,41,41,32,39,41,40,40,41,41
00035588,-0.09622711428042768,-0.2276015187002645,-0.23354421465878833,0.04767640103455172,-0.1767076512718982,0.1439201577816276,0.2472247915702723,-0.23347849466881213,-0.28344176856611975,0.182664119352296,0.2754665383931973,0.35200666071180586,0.35162108690423266,0.5495124102456944,0.15238642005775038,0.14167663534122293,0.7672259260693327,0.2690665098086507,0.369331700349563,0.17251749717357778,0.15831412845235265,0.07252379933460532,0.25925263287078154,0.08535605064698819,0.024006969257704597,0.024172624188281356,41,41,41,41,41,41,32,38,41,40,40,41,41
00035598,0.02236949543968507,-0.18712718714586907,-0.24972790458222438,-0.19284119578338457,-0.23075219730121174,-0.03832120879992547,0.17566501912775193,-0.28381671161261685,-0.2178976637065475,0.19321421222236068,0.17296828437531286,0.25784293259491137,0.18744631170662804,0.8895905513567738,0.2413868254483033,0.11533662793964097,0.22705576355894008,0.1466369456331032,0.8119784909785284,0.33620952066483545,0.07995021108274623,0.1711281585110386,0.23226657452025737,0.2858233365259358,0.10361052612207525,0.24057067773423,41,41,41,41,41,41,32,39,41,40,40,41,41
00035613,0.13277680284655774,0.04141703540464153,-0.2633598293562096,0.12072332199652015,-0.2788035001960652,0.08678125770116059,0.3382052880514008,-0.05307176363447813,-0.11731708895746087,0.11757211551058959,0.1374771833183984,0.3019528844586617,0.27206824756868964,0.40791552660551306,0.7970959188071204,0.09617415376069013,0.4521369478520368,0.0775312645794609,0.5895374580325374,0.05832067568325301,0.7516604112764071,0.4650887702988341,0.46997248649473344,0.3975873273201288,0.05502201081024849,0.08527963035810841,41,41,41,41,41,41,32,38,41,40,40,41,41
00035626,0.0007434328388631548,-0.08835385070545482,-0.12727654479911127,-0.04322954738614285,-0.1282180020335502,-0.010972532100414403,0.11148801975681669,0.020798188382302813,-0.13507999503082896,0.2096774124912585,0.1635781976395889,0.19317508061172134,0.2192291791317109,0.9963193121171711,0.5827850657259387,0.4277794159595875,0.7884150567819364,0.4243415390602223,0.9457158258248216,0.543533531654229,0.8999913702287591,0.39975727556358415,0.1940963933079778,0.313182064989446,0.22623679387105364,0.16846276987787348,41,41,41,41,41,41,32,39,41,40,40,41,41
00035707,0.10161095095766706,-0.01106482695515439,-0.22734672947619852,-0.19944438041202772,-0.2445205478381735,-0.14116158049354327,0.13758917494051037,-0.0542544731037953,0.021856025482172983,0.14782729644303877,0.09184041855810018,0.2539195645740802,0.04998386234990795,0.5272914022569233,0.9452599036834172,0.15285847154893759,0.21123417125598304,0.12337266537706892,0.3786738789890758,0.4526899686120838,0.7463066214548113,0.892109817194699,0.3626589162305499,0.5730097288086315,0.10916053976868191,0.7562954313515794,41,41,41,41,41,41,32,38,41,40,40,41,41
00036103,-0.09311846513038442,-0.22728579931466789,-0.19378318094270622,-0.2698612397226844,-0.08338061626682587,-0.05237327237430413,0.06002259669590249,-0.034283273366026254,-0.17951929701223612,-0.020822193175397574,-0.09786199798306096,-0.003922823530167699,-0.07217266848480425,0.5625416496644177,0.15297151590344055,0.22475042301340425,0.08794536241797156,0.6042562698956585,0.7450259447883568,0.7093099908281639,0.8336579088853634,0.26139940622311464,0.8985218076425123,0.5480051044816603,0.9805801312209306,0.653846784054984,41,41,41,41,41,41,41,40,41,40,40,41,41
00036110,-0.03720911756653592,-0.34452162629247973,-0.1718996371418696,-0.2644300400912724,-0.16540282812636867,-0.10077171295857842,0.1683536514175612,0.10947469476701555,-0.15979090853859365,0.2359349672029289,-0.014420170982240965,-0.06217640814901734,0.3194703397361089,0.8173409179517159,0.02739703514053051,0.2825179992091452,0.09478035911913381,0.301378397185319,0.5307260265485788,0.2927145396813544,0.5012979030914442,0.31830337436845674,0.14274401923869331,0.9296273689251103,0.6993595164439731,0.041745553212826726,41,41,41,41,41,41,41,40,41,40,40,41,41
00036147,-0.10933900400040232,-0.23585586083757246,-0.2765579413756169,-0.2702639402654098,-0.1621799552686832,-0.034366446253988506,0.2194355140641154,0.18464521289544775,-0.12279293046487608,0.03336003056624699,-0.036684032666704794,-0.08297602552914461,0.1296169313779581,0.4961849557454712,0.13766439104737693,0.08005081961538776,0.08745420585020429,0.31102651241431273,0.831084924890133,0.16805242908580004,0.2540327447908133,0.44436423209171577,0.838077102432874,0.822190346097681,0.606017937631893,0.41926191373407684,41,41,41,41,41,41,41,40,41,40,40,41,41
00036164,-0.25121308592868996,-0.25481385497887366,-0.37418355695047373,-0.226106161951927,-0.18635172677896158,0.07088875713238946,0.29518546253116557,0.02472598554756146,-0.14440790217393043,0.16402130564738093,-0.03503711179155962,0.08296917573416271,0.20472593126992955,0.11311883648990027,0.10787602356702619,0.015946941767049413,0.1551721686151497,0.24337783116232806,0.6596278500636987,0.06097887176292743,0.8796246547850095,0.36769435891081753,0.3118550417698465,0.8300533169288512,0.6060477819906283,0.19914329852431656,41,41,41,41,41,41,41,40,41,40,40,41,41
00037170,0.03702777490786293,-0.12045499765560927,-0.34735414421298905,-0.2548031361061814,-0.27965034215217316,-0.07583808346290925,0.3245886689168426,-0.21022073075239117,0.3621929210524649,0.12788629475480973,0.07652846440797978,-0.12453160079259776,0.06134526894701899,0.8182161261187931,0.4531500565966184,0.026070256262965618,0.10789135125796502,0.07659737430975411,0.6374529471446349,0.04379380041951658,0.19895841307817672,0.02163781095539599,0.4316254035610638,0.6388195194099469,0.43789146088258846,0.7031935586542698,41,41,41,41,41,41,39,39,40,40,40,41,41
00037179,0.02081149780498092,-0.16511547818013506,-0.3434806126341707,-0.2085448457052786,-0.26708473326353144,-0.027839612386807065,0.3597658607451079,-0.138005505587873,0.3746023047121797,0.05974233213599788,-0.21357195723340844,-0.12071909553949381,-0.1242423408006621,0.8972378455510481,0.30223075576973774,0.027898509442584145,0.1907091991302878,0.09139014180379998,0.8628235005934929,0.02259869076270036,0.3957586642539514,0.01724201249537801,0.7142235716603222,0.18575462394347525,0.45215289608885295,0.4389646973962426,41,41,41,41,41,41,40,40,40,40,40,41,41
00037181,0.010418699047037901,-0.08149751503517667,-0.2266562849406522,-0.24088713238959494,-0.21412309797991042,-0.15430592672396848,0.22647750785023868,-0.17823109448149738,0.29409221628753107,0.15300646888296027,0.09633941653144568,-0.15657933564677728,-0.2500215378845967,0.9484520283212413,0.6124743519870022,0.15414303949986452,0.1292237014984876,0.17884862173241806,0.33541193858143337,0.1599364762045099,0.2711897365417582,0.06547619888172938,0.34589668934420476,0.5542784474866631,0.32825297160968886,0.11489556617815418,41,41,41,41,41,41,40,40,40,40,40,41,41
00037195,-0.019926241934264063,-0.11677784587686739,-0.3182911349263656,-0.2927705250174233,-0.2429463261948738,-0.1501587120474017,0.3562997247425329,-0.09520977339740619,0.3170300931802259,-0.03203029823583978,-0.1735962103456783,-0.2939480089077234,-0.13723148988864095,0.9015871811382664,0.46715719364135544,0.0425485462328603,0.06322476641832286,0.12588280350461478,0.34871820022688954,0.024032437064433847,0.5589544900756236,0.046234903911143245,0.8444505900544095,0.2840509469609637,0.06212163765627619,0.39222225634022,41,41,41,41,41,41,40,40,40,40,40,41,41
00037213,-0.0554907399306839,-0.14230782078395812,-0.003925642182951109,-0.17705376261467082,0.005259942849798328,-0.08987384644128951,-0.017668448334234088,-0.21801798108158166,0.2795978907326725,-0.22902368562460734,-0.240530357048856,-0.12104589481193843,-0.0039930058605377305,0.7304014364976594,0.37477518537226384,0.980566180180958,0.2681147743974844,0.9739627169438599,0.5762916755084575,0.9138291295432562,0.17654641665196122,0.08058608112692928,0.1551668232819743,0.1348996964106417,0.45092064404693044,0.9802327625469087,41,41,41,41,41,41,40,40,40,40,40,41,41
00037238,0.12210074680003474,0.01936243378075167,-0.3303615635478155,-0.29406660303043103,-0.28592276886594037,-0.23740573877386706,0.28860576548338046,0.03678596492246233,0.23045326390186416,-0.02535863133591794,0.03379305446938975,-0.14385646304819483,-0.02039924045228525,0.44695563787773884,0.904358706014349,0.034896231719921754,0.06201138597483288,0.06995176220261609,0.13502186140244166,0.07090721757697334,0.8217042407960429,0.15253472816571753,0.8765681051474782,0.836003771302521,0.36954584250029565,0.8992629388126756,41,41,41,41,41,41,40,40,40,40,40,41,41
00037250,0.12647492064568372,-0.13010075239742572,-0.3188364486484243,-0.3727385219771715,-0.2994343305121524,-0.20653167406068973,0.2666490444518203,-0.02074161870525209,0.29687460519610576,0.09518028435095593,-0.12788969369703174,-0.049565686006978846,-0.10205554870609196,0.4307189122682835,0.41751315236489756,0.04217566260051805,0.016391282957176234,0.0571819319197858,0.19512324086373548,0.09626703604092735,0.8989124645594215,0.06285064637856112,0.5590768028088913,0.4316130609491671,0.758272937370278,0.5254762896090739,41,41,41,41,41,41,40,40,40,40,40,41,41
00037254,0.09253742305686419,0.022646176929828156,-0.15047789487393703,-0.24130200594728266,-0.17473169954196732,-0.21664832796992223,0.21679017163508893,0.009098056746345992,0.3476445739098343,0.07178345088817548,0.3167954950028748,-0.11140263141554232,-0.2185763358274298,0.5649927612379982,0.8882334962546266,0.34768281334712026,0.12854533164005993,0.27454261376102557,0.1736565093689602,0.17905604066862804,0.9555667606467734,0.02794595342799472,0.6598134457248841,0.04640547159800594,0.488040839082502,0.1697658464912491,41,41,41,41,41,41,40,40,40,40,40,41,41
00037263,0.04389690172147247,0.006181194916029199,-0.17774889601617103,-0.34406366315755205,-0.15404141811319116,-0.24653009135471515,0.2170091679018836,-0.05508980390973781,0.2231831935416398,0.0110502397997238,-0.24769843540178121,0.08415884081936023,-0.18594860425512308,0.7852251129078748,0.9694044085174947,0.26621002147209827,0.027616715676099884,0.3362511033570648,0.12022318803246622,0.17860656005098352,0.735644501858918,0.16626430392343144,0.9460453861614877,0.12330888521329883,0.6008739558698122,0.2444172221810934,41,41,41,41,41,41,40,40,40,40,40,41,41
00037298,0.003773381078611037,-0.12806412822822247,-0.18226098269991975,-0.2720514757119526,-0.12293718459032597,-0.10827213391989952,0.11249239944129477,-0.07508917389117539,0.2654820851755504,0.0578877960377536,-0.20409819181877698,0.05314588514169549,-0.04517565446544484,0.9813198109638945,0.424902369511874,0.2540641906488367,0.08529964875854748,0.44382521121163865,0.5004225100337159,0.48950116519696446,0.64515919337711,0.09778784447827105,0.7227372986393796,0.2065011154376677,0.741393035183014,0.7791224090459657,41,41,41,41,41,41,40,40,40,40,40,41,41
00038274,0.06714085695414493,-0.2860845411858597,-0.1695149243969642,-0.13540091628469353,-0.19158754264558145,0.08614070668286154,0.231581809095013,,0.20702797999825,0.07353708549661397,0.011878359823051923,0.27680805989249285,-0.4487797175955624,0.6766145504263885,0.06978658522025377,0.28934946944082224,0.3986280600950895,0.23014890864804236,0.5922977505353049,0.15048003531787285,,0.19402842405644638,0.6520235514877115,0.9427855155721682,0.0797670590807913,0.003250122303288645,41,41,41,41,41,41,40,1,41,40,39,41,41
00038306,-0.1404804756265088,-0.2952733806463002,-0.12064235340861271,-0.16326811266949756,-0.03982250228667325,0.09231615882443069,0.041342821933950315,,0.06385822181329684,0.3002427106449241,0.1967785810643185,0.05656282864063454,-0.012304581894930097,0.38100183101369745,0.06089832191131495,0.4524425302287011,0.3077473117625481,0.8047528220095932,0.565927454478742,0.7974518797142557,,0.6916238952311858,0.059784927615222666,0.22359854967294385,0.7253934982622088,0.939137435777126,41,41,41,41,41,41,41,1,41,40,40,41,41
00038308,-0.183167252139363,-0.318104473328281,-0.2518863703519402,-0.1509211405130479,-0.15090471435584887,0.0675612732274779,0.20055609156254675,,0.07674314603630249,0.08796870472970328,-0.21939659233377404,0.10324699679311657,-0.24731705843521812,0.25167009731613316,0.042676798457531716,0.11212413592946509,0.34624810290216623,0.34630120682448134,0.6747010011627882,0.20864775686060255,,0.6334307095219134,0.5893563674513607,0.1737586591138281,0.5206272828832001,0.11900642700155473,41,41,41,41,41,41,41,1,41,40,40,41,41
00038315,0.035558684473112334,-0.22483386277059986,0.18978596821893062,0.20389464605088156,0.1811208431833553,0.2209378682232281,0.3638776659325276,,-0.01430828846257784,0.07265064741906929,0.20843689338402424,0.04128592907948208,0.3313962878314158,0.8253142887045914,0.15757147714883352,0.23464415831629892,0.20101337176443954,0.25709766547574625,0.16508639975647132,0.01935057565641052,,0.9292496860439039,0.6559567458240497,0.19680804454669545,0.7977247906359877,0.034296556259833945,41,41,41,41,41,41,41,1,41,40,40,41,41
00038328,-0.05456536391670231,-0.3371541208360118,-0.2813521548673024,-0.190333768401618,-0.26716714544043707,0.06034591086204967,0.14408062423605755,,0.07994425598466635,0.26831098681664783,0.24887692990525787,0.2580785265439689,-0.024217091585374537,0.7347329586737984,0.03338153521616916,0.07474729382068233,0.23943654106521692,0.09128641546065683,0.7114599786266236,0.3750837449947231,,0.6192884554063632,0.09413259161880627,0.12655687616222516,0.1032842453874057,0.8820845651378574,41,40,41,40,41,40,40,1,41,40,39,41,40
00038343,-0.06142844876465335,-0.260598954538086,-0.10639254712587995,-0.15443518802515976,-0.0987185570767381,0.07421573972738485,0.1463959090064419,,0.06751611580738388,0.01219243217508087,0.1180876302555314,0.03968418894863272,0.12366806320089471,0.7028095217878123,0.09984256495698136,0.5079327484009535,0.335002323454705,0.5391743988735285,0.6446885747645158,0.36106574628709354,,0.6749064411951302,0.9404779203470438,0.4680139979042943,0.8054178587993743,0.44109972682935694,41,41,41,41,41,41,41,1,41,40,40,41,41
00038359,-0.06168226296853316,-0.13999456824501127,-0.36682876962509847,-0.3092441401465355,-0.1983911296558786,-0.11151759854773997,0.2491849693009427,,0.12934018851456774,0.25587863615015694,0.21488728475683286,0.03509397956177811,-0.10531897562447923,0.7016381256864287,0.3826677649441044,0.018318814644427087,0.04913535452303591,0.21370504790849246,0.48758916787526446,0.12100156088311916,,0.42636381582577304,0.11101199161898948,0.18299565873002413,0.8275624786756711,0.5122477551765694,41,41,41,41,41,41,40,1,40,40,40,41,41
00038372,-0.08391230925293135,-0.2655299618553269,-0.3134319325609815,-0.2986040185226487,-0.13388697625575915,-0.035800165545943154,0.3282742141821176,,0.2673449623635924,0.30050384781195105,0.1606711085211497,0.013841799296002344,0.07771445608324992,0.6019445401162097,0.09336412829696934,0.04599091181178123,0.057908678049854924,0.40397129080030575,0.8241465726521251,0.03613214390308079,,0.0953687852031164,0.059552298836416884,0.3219765648665981,0.9315508009814166,0.629125613163774,41,41,41,41,41,41,41,1,40,40,40,41,41
00038441,-0.07551226761747971,-0.18741773291584968,-0.0860182634184872,-0.2780571547596998,-0.04435763630081001,-0.09473587491736175,0.21447532166576133,,-0.13413015598659275,0.11970769230567169,0.3386605497334981,-0.25259230213513034,0.0020999173291127403,0.6389034463389898,0.24064369054869128,0.5928260367745637,0.0783616947454473,0.7830248258189731,0.5557447534297264,0.17811783434908357,,0.40311025775654724,0.46188757870075975,0.032551424780072065,0.11108833531075302,0.9896036924468335,41,41,41,41,41,41,41,1,41,40,40,41,41
00038456,-0.11403003323247685,-0.3152862132172874,-0.2163780560796012,-0.20508313546662738,-0.14982642149001785,0.09581563731863037,0.18553774168736095,,0.1014824344403096,0.2631632127314671,0.37663029012170013,-0.2264312142807296,-0.10641469752771417,0.47777294852998725,0.04465163446037306,0.17420698374116927,0.19834349047500727,0.3497981043941808,0.5512287849629341,0.24547964674100126,,0.5278166551944038,0.10086445958245985,0.01660060534428018,0.15456348082173893,0.5078439126804585,41,41,41,41,41,41,41,1,41,40,40,41,41
00038457,0.1851353091076747,-0.09511631592405005,-0.04373247349818799,-0.2562945316246641,-0.14380670629849007,-0.11279630545725383,0.21746250659785352,,0.23948053559549262,0.4648903962261023,0.40992798424833704,-0.09416810286946756,-0.2037003931484546,0.24652328566498533,0.5541516289629392,0.786010757831597,0.10577457184349462,0.36971317663465236,0.4825801648220686,0.17200578618969617,,0.13154355187664196,0.0025081325647510876,0.008614878924601598,0.5581263281571991,0.20145213498159847,41,41,41,41,41,41,41,1,41,40,40,41,41
00038469,0.15852948858307392,-0.25925404824770026,-0.267709471400708,-0.14859296240393738,-0.35248525314003043,0.041190656062867134,0.28227050626404027,,0.2858387441538932,0.3345185253191007,0.004430376871566999,-0.1772873446761548,-0.20720828297449145,0.32855333695313466,0.10621789171429681,0.09490087600942211,0.3601505933069991,0.025696951125718806,0.8007637711164836,0.07761277700787585,,0.07003767686552731,0.03487564093903398,0.9783546548435802,0.27377694476061126,0.19951980027721097,40,40,40,40,40,40,40,1,41,40,40,40,40
00038495,0.17230437533814905,-0.1764783528871478,-0.28044073006469955,-0.20338256841293056,-0.26829854180857443,-0.023385497730161554,0.3002474332421014,,0.19726737205563155,0.33070149136728944,0.5174282863103384,0.007716021972300602,-0.05837985324609953,0.28136906711576315,0.2696982591566277,0.07573371350462861,0.20217145910558998,0.08987158276670895,0.884608862833573,0.056477330110664345,,0.21636334710800967,0.037136248400413914,0.0006282319098588723,0.9618123654206743,0.7169316304677749,41,41,41,41,41,41,41,1,41,40,40,41,41
00038647,-0.053069559127168354,0.021311834465977335,-0.24908776870688332,-0.16045479821679326,-0.19159959075279148,-0.08410773431999978,0.1743404411095414,,0.005505601880893154,0.1035589132208942,0.1878839790859994,0.10928708568841253,0.14838278474970648,0.7417516834175085,0.8947809535303136,0.11630259860118636,0.3162705496734363,0.230119045959534,0.6010958222578227,0.2756355503066834,,0.972747122714635,0.5248360518638387,0.2456512358700505,0.49639074595640054,0.35451338486171874,41,41,41,41,41,41,41,1,41,40,40,41,41
00038665,-0.07187981044386713,-0.0786343349050803,-0.06775268761394222,-0.11856596603323495,0.024289736281746424,0.018986723289345184,-0.00338558651584755,,0.031389805434803277,0.03872877608781691,0.18344442991205534,0.1535062690238208,0.05020438220877803,0.6551636949898242,0.6250596087159089,0.6738304356991563,0.4603171872452016,0.8801788550934766,0.9062062187289976,0.9832393078065702,,0.845529998059398,0.8124519176487893,0.25718818332096666,0.3379528522381495,0.7552532357060838,41,41,41,41,41,41,41,1,41,40,40,41,41
00038666,-0.037690635669376284,-0.02111095499977061,-0.07477194427685527,-0.05075385511523327,-0.0043897789030128,0.0015936546514823628,0.014293036403760869,,0.040806935488597124,0.31822033887616713,0.1891717689088464,0.10640328936864989,0.012551085419823985,0.8150180472623484,0.8957672524362598,0.6422042228953927,0.7526582450917311,0.9782689970078188,0.9921100156141685,0.9293249130741723,,0.8000234274474313,0.0453773091675061,0.24237093360703973,0.5078896649138485,0.9379204912007739,41,41,41,41,41,41,41,1,41,40,40,41,41
00038667,-0.03591188046037286,-0.006139403280625268,-0.24378628707737274,-0.09654746610988696,-0.15048339665579963,-0.016798822174760933,0.16966985862480868,,-0.024725573146598817,0.08874978944432158,-0.17902541203320851,0.025735135847640648,0.08120861279844889,0.8258747830025458,0.9700081716957674,0.12453874966958613,0.5481778970491622,0.35400244933797737,0.9180556699705487,0.2952510844009911,,0.8780448992584075,0.5860419982677483,0.2690246855219178,0.8731051462236492,0.6137393454845024,40,40,41,41,40,40,40,1,41,40,40,41,41
00038671,0.006390379682344882,-0.04252636694888419,0.042569847022433174,0.11007012869310698,0.014627826491474429,0.08556297688000529,0.053262311055594605,,0.0586146926430408,0.18871263235130978,0.16020423824717628,0.0035631368472110003,-0.06358919745361104,0.9683695015770056,0.791779940945564,0.7915717697079222,0.49329162503753016,0.9276737839575749,0.5947922063353258,0.7408460655580671,,0.7158403932213208,0.2435370522799776,0.32340321313548315,0.9823604609352821,0.6928592403448104,41,41,41,41,41,41,41,1,41,40,40,41,41
00038674,-0.11514700732578052,-0.11824235791579277,-0.06483878834282518,-0.12033966688275333,0.059365898665707496,0.012620809833063643,-0.051692145090793715,,-0.018679743834696092,0.03291444088960773,0.03720650937151586,0.09404156074737036,0.17109480635119612,0.4734424679862672,0.4615510639339065,0.6871278808211901,0.4535858875802715,0.7123534892569238,0.9375762991867409,0.748233209010523,,0.9077161171445118,0.8402117258776246,0.8196994006673766,0.5586577704368609,0.28481174420653854,41,41,41,41,41,41,41,1,41,40,40,41,41
00040617,-0.05237218780713938,-0.21637687011145654,-0.09828194213819819,-0.040338379607177025,-0.09703394238635138,-0.02873224624873879,0.28388036893996904,-0.027955773608222816,0.0922181993635029,0.0807159349153062,0.08873995249364405,0.19763915075322233,-0.039330797347116725,0.7450310483949957,0.17420940200948473,0.5409793024096194,0.8022735867082933,0.5461542943811325,0.858469076897668,0.07206377254575205,0.8658466214720516,0.5663414953169966,0.6205197565365855,0.5860836876465485,0.21548136855962768,0.8071176460789042,41,41,41,41,41,41,41,39,41,40,40,41,41
00040620,-0.03819200427517053,-0.04105085873664608,-0.06503828785869106,-0.04145984287962338,-0.06331398215247314,-0.04077751268434236,0.2281159514209627,0.0017783791875528405,-0.06301378728319046,0.2915293307229678,0.3014449155238805,-0.10225380232866722,-0.1077423192693903,0.8126010762886858,0.7988526576814434,0.6862144460568472,0.7968906134997273,0.6941238265656702,0.8001646786946299,0.15143657432889834,0.9914271897079532,0.6955041249592594,0.06797070870676304,0.058719940292157005,0.5246678916813672,0.5025337386604564,41,41,41,41,41,41,41,39,41,40,40,41,41
00040632,-0.04259867438807277,0.044006460014549546,-0.05328415837257767,-0.05434575032782702,-0.05133386441133377,-0.059530597231920564,0.11216617628981437,-0.04508956783492489,0.05089564293391012,0.11720259388629402,0.08250418472364313,-0.0673310541977402,-0.06300286160646171,0.7914337596819034,0.7847017554423639,0.7407434407500293,0.7357621286335966,0.7499219520669779,0.7115897699940723,0.49076947243062335,0.7851904124721043,0.751989059529251,0.4713790033975224,0.6127722383999546,0.6757486071085622,0.6955543796310414,41,41,41,41,41,41,40,39,41,40,40,41,41
00040636,-0.016874183210225848,-0.20806545329289644,-0.05983292258307209,-0.0313359514331413,-0.06022414438581483,-0.02047874024623968,0.2694164076051593,0.12939840095019114,0.028651096029026695,0.35057515419804547,0.3687543024182811,-0.13149957143851276,-0.15694577999473408,0.9166031993150917,0.1917538405486938,0.7101885892700001,0.8457918162962413,0.7083767992050224,0.8988723699481364,0.08849038660462144,0.4323889244148288,0.8588647728873567,0.02656575208929823,0.01920951546241282,0.4124804473884078,0.32710801852287413,41,41,41,41,41,41,41,39,41,40,40,41,41
00040714,-0.0073589010056978495,-0.026998017992832614,-0.12118695451971515,-0.1160120256200989,-0.11775679792075598,-0.10662969948033142,0.0037671809223660977,0.19689031770653845,0.04504216251310354,-0.329929866737928,-0.3126351340815209,-0.45637246888967764,-0.437765449431993,0.9635785964789192,0.8686559352483835,0.45038931950068717,0.47010312330683857,0.46340576768539826,0.5125503562722892,0.9839533408798238,0.3798172348559012,0.7797588799349264,0.03760747476607574,0.04951568170324523,0.0027080766041066733,0.004204545264036737,41,40,41,41,41,40,31,22,41,40,40,41,41
00040715,-0.034908696686502934,0.016833581650440403,-0.11983314023102787,-0.12303403361663237,-0.11438375494907045,-0.12041945218075682,0.10033859249201796,0.13691401547370402,0.050820927229349125,-0.16286318860897508,-0.2164887509650882,-0.37019788401761133,-0.4054950400298179,0.8284592361495706,0.9168031619780818,0.4555027224243045,0.44346352593233557,0.4763993306135254,0.4532843574883956,0.5912245094978605,0.5434724580846204,0.7523416674611937,0.31533089180216867,0.1796760135076962,0.01719785844793007,0.008533536724504414,41,41,41,41,41,41,31,22,41,40,40,41,41
00044527,0.19359955918928068,-0.12115792748982193,-0.09442707261604172,-0.030858468276542976,-0.11331776100814064,-0.024733195774935487,0.2804311123661817,0.0704321079866727,0.008761517394375938,0.2834229270953138,0.22944352193570305,-0.03287449166446641,0.06484256658144184,0.22519853862047215,0.4504986267178452,0.5570394631449295,0.848113875434942,0.48054523936340227,0.8780075846776274,0.07574417672536825,0.6743454856289451,0.9577825747649109,0.07635747109654455,0.15439042489339977,0.838318552393659,0.6871105775758038,41,41,41,41,41,41,41,38,39,40,40,41,41
00044528,0.2864361959790567,-0.14370245920670593,-0.48417873921322363,-0.2771139537426345,-0.5925647720136017,0.0030040647826705055,0.5756259323984733,0.24523457682712987,-0.08312408070051817,,,,,0.39313680061120415,0.673367145557381,0.13126488111581588,0.4093843798229776,0.054722819382445866,0.9930059816114799,0.06387882775612913,0.4673344802628228,0.8194172753107131,,,,,11,11,11,11,11,11,11,11,10,0,0,11,11
00044529,0.1449427105997667,-0.09969359780274333,-0.10127850729205545,-0.05280948491565724,-0.12089519007901205,-0.04632671664378259,0.26107470120819615,-0.32892203487363786,0.019872184998152347,-0.07235702900853594,0.15510706903163227,-0.21962464820033578,0.14911650244462005,0.36590402751896556,0.5351542181029799,0.5286506405127994,0.7429741502376672,0.4514886746785432,0.773640250485619,0.09920290368631768,0.04683589225712086,0.9031293003489586,0.6572615814225763,0.33923554366527486,0.1676769295844865,0.35211207872565387,41,41,41,41,41,41,41,37,40,40,40,41,41
00044531,-0.01609306249154871,-0.011339748412179612,-0.07488072472223767,-0.029182349814214546,-0.07366967726990001,-0.027498212362666318,0.2630225239241659,0.0654866447505353,0.06589793653820691,0.07427416567064143,-0.18525370599692673,0.058969713932939455,0.10366771159301212,0.9204510937453942,0.9439019373559807,0.6417187908585787,0.8562749530399023,0.6471313405043515,0.8644899760609109,0.09661669563771944,0.6960771326926019,0.6902050487030283,0.6487601239660927,0.25244365182903167,0.7141917613484349,0.5189203485826007,41,41,41,41,41,41,41,38,39,40,40,41,41
00044533,0.0322273976697077,-0.07965341740724732,-0.05214161909172457,-0.018216374992091916,-0.05739316608381128,-0.009711956002410671,0.2593843042375733,-0.0063917072586400555,-0.07782733587689675,0.06971240687231353,0.01721336540647618,0.04862052713343074,0.09493401136229616,0.8414600613705314,0.620567880642538,0.7461162707345075,0.9099958322689606,0.7215225556011715,0.9519445243658085,0.10149004828238352,0.9700503534838224,0.6376880789255883,0.6690590658028317,0.9160406304892614,0.7627480661400325,0.5549147745603203,41,41,41,41,41,41,41,37,39,40,40,41,41
00044575,0.10373494158511132,-0.05827940835482295,-0.10588519210932545,-0.01599525952447658,-0.12211118739559502,-0.00797983176324482,0.36825406067790484,-0.27411196264071036,0.08833698522782325,-0.09459117776267596,-0.1603823184914271,0.17955639535681298,0.01552244720211838,0.5186478390646068,0.7173985413526506,0.5099696739067912,0.920933010804919,0.4469164889898655,0.9605077433012718,0.01783731936411546,0.09584022777131826,0.59281377337217,0.5667874871982054,0.3293950970210826,0.26129922270728584,0.923263149836162,41,41,41,41,41,41,41,38,39,39,39,41,41
00044578,0.17610666061500066,-0.3324392763690762,-0.22074880718541226,-0.018948948828441836,-0.2527818002655677,0.01560836664885723,0.4143076791324827,-0.4001782883820472,0.01360520110717955,0.0462943277607198,-0.06564998045755982,0.12257109503898743,-0.24868631046194536,0.27072439934832443,0.036092646871773264,0.165457557239164,0.9063919974038418,0.1108115277392371,0.9238450824969269,0.007864275522283104,0.01279339837707435,0.933595454182825,0.7766719388488385,0.6873341785641495,0.4451938438200678,0.11691151115965963,41,40,41,41,41,40,40,38,40,40,40,41,41
00044594,0.05118907678352313,-0.20648824352292913,-0.10152094946026019,-0.030417490589562945,-0.11255305779820052,-0.005237302274449163,0.33048678348342386,-0.0944759942895299,0.08303932776708739,-0.06871593015662528,-0.08769572678387383,0.09503824699793742,-0.09863037566113131,0.7506047307539084,0.19521925234737997,0.5276592156395068,0.8502595302521233,0.48353094988528456,0.9740747522365889,0.034823206096529585,0.5726188252314472,0.6152612483392353,0.6776582204569471,0.5955117181041323,0.5544783730643298,0.5395386944111088,41,41,41,41,41,41,41,38,39,39,39,41,41
00044605,0.174929203667856,-0.19065501229042942,0.05263626502866949,-0.054693042302574206,0.0347721940571727,-0.027977805724522103,0.24810742664348934,-0.2033245855556135,0.10852940828728,0.13116125948321122,0.11557030780052373,0.19701467604552608,-0.1994117079213205,0.27399198983884276,0.2324683355945619,0.7437887082099659,0.7341348327150721,0.8291200378378534,0.8621491039710968,0.11779376509519188,0.22743872308786423,0.5166023790848238,0.4260906721235559,0.4835480820329471,0.2169642466569386,0.21131051976303042,41,41,41,41,41,41,41,37,38,39,39,41,41
00044677,-0.19278865740911377,-0.14263099198969356,-0.02445562824941544,-0.010791604445241503,-0.00291844081876925,-0.002342060476733125,0.10528389103852658,-0.18680011154932405,0.06530309000712631,-0.19716773344678507,0.12749201558507456,-0.2939422501615994,-0.258130492303323,0.22718481707111118,0.3736803114532844,0.8793665111087717,0.9466096295756553,0.9855516979710471,0.9884049628100705,0.5123890799733761,0.25484113363216754,0.6928641465138501,0.22266582116484618,0.4330584852261213,0.062126995270785905,0.1032123823047661,41,41,41,41,41,41,41,39,39,40,40,41,41
00044679,-0.16869992395326125,-0.19102664471186345,-0.013492269859548291,-0.00967457729286017,0.007524306398737975,0.0030274520330143954,0.11816959063858361,-0.05393778764410171,-0.014037511923106899,-0.033766290636595635,-0.05029587246641451,-0.007845258832789208,-0.33877028395325126,0.29170850008597343,0.23154209377339197,0.9332753340597943,0.9521292631521866,0.962760520880942,0.9850120769144568,0.46182876057085914,0.7443338671869956,0.931490331124863,0.8361318857609464,0.7579246470911071,0.96117323614384,0.030263531263806147,41,41,41,41,41,41,41,39,40,40,40,41,41
00044680,-0.004641396783878385,-0.06581990790230169,-0.013120035998413788,-0.015466910011032328,-0.013002145233767828,-0.010345053240346166,0.09632330846528923,-0.15943857462213376,0.022977800900304213,0.15545945764610192,0.07808936436816223,-0.2892564775267872,-0.13329884106136844,0.9773239423006255,0.6865661345601703,0.9359584797376271,0.924533276431682,0.9365327562853094,0.9494840049510248,0.5543449958315366,0.33899719312397136,0.888079617740427,0.3446489011592024,0.6365527428370334,0.07024513932077671,0.4122210492731132,40,40,40,40,40,40,40,38,40,39,39,40,40
00044690,-0.10808609232881135,-0.17773887287984622,-0.030629685477644737,-0.011009506715155756,-0.022479193791055348,-0.0014467254141888914,0.1496964951965521,-0.15747893060273457,0.03228574924116871,0.10047104785724661,0.18065529838129457,-0.17012246005594236,-0.4067742804855339,0.501163341396588,0.2662374223712237,0.8492269245488394,0.945533174953899,0.8890524703340065,0.99283742411667,0.3502209031107789,0.3383399490550609,0.8432254261042822,0.5373342651226249,0.26461789780313133,0.2875990045766413,0.008307918496588004,41,41,41,41,41,41,41,39,40,40,40,41,41
00044696,-0.18760393659379185,-0.30088193400572055,-0.07912154306016651,-0.01142046068416619,-0.06448048046918411,0.005849796614838973,0.20273709129001224,-0.05588640554876537,0.06306159400459671,-0.05361487538768371,0.1715973165166985,0.013222139260647053,0.3652558450897489,0.24636850639295707,0.06270698373188027,0.6274616746301697,0.9442405035974397,0.6926284935416216,0.9718057245458647,0.21578925154215348,0.7425087613496056,0.6990711609454924,0.745813590953558,0.2962394378236982,0.9354611340502986,0.020474128098495872,40,39,40,40,40,39,39,37,40,39,39,40,40
00044702,-0.16100454111884177,-0.10622999546043699,-0.026187303874419032,-0.018552193060282787,-0.009576673893220401,-0.013085783065408509,0.17269681774847206,-0.12223365944456499,-0.0019500571316453386,-0.14448812636375413,0.07564944523818076,0.030319423286217874,-0.17509864036889225,0.32096008881475163,0.5141413156932104,0.8725671547863747,0.9095363661421602,0.9532317895904044,0.9361253313911598,0.2865917968945709,0.4647325045085588,0.990471765981998,0.3801671826132749,0.6471559549305563,0.8526652634516284,0.27983921957346736,40,40,40,40,40,40,40,38,40,39,39,40,40
